order_date,stock_date,order_number,product_key,customer_key,territory_key,order_line_item,order_quantity
2015-01-01,2001-09-21,SO45080,332,14657,1,1,1
2015-01-01,2001-12-05,SO45079,312,29255,4,1,1
2015-01-01,2001-10-29,SO45082,350,11455,9,1,1
2015-01-01,2001-11-16,SO45081,338,26782,6,1,1
2015-01-02,2001-12-15,SO45083,312,14947,10,1,1
2015-01-02,2001-10-12,SO45084,310,29143,4,1,1
2015-01-02,2001-12-18,SO45086,314,18747,9,1,1
2015-01-02,2001-10-09,SO45085,312,18746,9,1,1
2015-01-03,2001-10-03,SO45093,312,18906,9,1,1
2015-01-03,2001-09-29,SO45090,310,29170,4,1,1
2015-01-03,2001-12-11,SO45088,345,11398,10,1,1
2015-01-03,2001-10-24,SO45092,313,18899,9,1,1
2015-01-03,2001-12-16,SO45089,351,25977,4,1,1
2015-01-03,2001-10-26,SO45091,314,18909,9,1,1
2015-01-03,2001-09-11,SO45087,350,11388,10,1,1
2015-01-03,2001-09-11,SO45094,310,22785,6,1,1
2015-01-04,2001-10-30,SO45096,312,12483,7,1,1
2015-01-04,2001-10-30,SO45097,313,29151,4,1,1
2015-01-04,2001-09-15,SO45098,310,29167,1,1,1
2015-01-04,2001-12-07,SO45095,344,11394,10,1,1
2015-01-04,2001-12-20,SO45099,312,29174,1,1,1
2015-01-05,2001-09-19,SO45101,313,22748,6,1,1
2015-01-05,2001-11-21,SO45100,326,19428,8,1,1
2015-01-05,2001-11-24,SO45102,310,29274,4,1,1
2015-01-06,2001-10-17,SO45104,310,29142,4,1,1
2015-01-06,2001-10-01,SO45108,310,22975,6,1,1
2015-01-06,2001-11-21,SO45105,312,22765,6,1,1
2015-01-06,2001-09-24,SO45103,310,29140,1,1,1
2015-01-06,2001-11-12,SO45106,348,19987,6,1,1
2015-01-06,2001-12-14,SO45107,312,29275,4,1,1
2015-01-07,2001-11-05,SO45109,311,14937,10,1,1
2015-01-07,2001-09-17,SO45112,324,20558,10,1,1
2015-01-07,2001-11-09,SO45111,326,25713,9,1,1
2015-01-07,2001-12-05,SO45110,311,18710,9,1,1
2015-01-08,2001-12-14,SO45119,314,18740,9,1,1
2015-01-08,2001-11-21,SO45117,342,14727,1,1,1
2015-01-08,2001-11-24,SO45116,311,29204,1,1,1
2015-01-08,2001-11-01,SO45114,310,29146,1,1,1
2015-01-08,2001-09-20,SO45115,348,25984,4,1,1
2015-01-08,2001-10-29,SO45118,314,18722,9,1,1
2015-01-08,2001-11-11,SO45113,313,29141,4,1,1
2015-01-08,2001-11-25,SO45120,344,11751,9,1,1
2015-01-09,2001-11-22,SO45124,313,18725,9,1,1
2015-01-09,2001-12-23,SO45122,314,29236,4,1,1
2015-01-09,2001-12-12,SO45123,311,22971,6,1,1
2015-01-09,2001-09-24,SO45121,310,29169,1,1,1
2015-01-10,2001-11-20,SO45129,350,11759,9,1,1
2015-01-10,2001-12-12,SO45127,313,29158,1,1,1
2015-01-10,2001-10-07,SO45128,310,18726,9,1,1
2015-01-10,2001-12-26,SO45126,311,12480,7,1,1
2015-01-11,2001-09-22,SO45136,312,19084,9,1,1
2015-01-11,2001-11-30,SO45130,313,14975,10,1,1
2015-01-11,2001-12-13,SO45134,314,22895,6,1,1
2015-01-11,2001-11-13,SO45138,349,11452,9,1,1
2015-01-11,2001-12-07,SO45132,350,25985,4,1,1
2015-01-11,2001-10-10,SO45137,310,18735,9,1,1
2015-01-11,2001-09-26,SO45133,314,29163,1,1,1
2015-01-11,2001-09-14,SO45131,344,25979,1,1,1
2015-01-11,2001-12-03,SO45135,310,29264,4,1,1
2015-01-12,2001-12-25,SO45141,312,29222,4,1,1
2015-01-12,2001-12-25,SO45143,310,29278,4,1,1
2015-01-12,2001-12-26,SO45142,311,22901,6,1,1
2015-01-12,2001-11-28,SO45145,314,18716,9,1,1
2015-01-12,2001-11-25,SO45144,311,19093,9,1,1
2015-01-12,2001-11-17,SO45140,312,12485,7,1,1
2015-01-12,2001-09-25,SO45139,314,12468,7,1,1
2015-01-13,2001-12-10,SO45148,342,14656,1,1,1
2015-01-13,2001-11-28,SO45147,312,29166,4,1,1
2015-01-13,2001-09-25,SO45146,310,14950,10,1,1
2015-01-14,2001-12-08,SO45149,314,14941,10,1,1
2015-01-14,2001-12-24,SO45154,313,18767,9,1,1
2015-01-14,2001-11-27,SO45151,314,29202,1,1,1
2015-01-14,2001-09-18,SO45150,346,25980,1,1,1
2015-01-14,2001-12-30,SO45157,344,11750,9,1,1
2015-01-14,2001-10-13,SO45156,344,11465,9,1,1
2015-01-14,2001-11-05,SO45155,312,18900,9,1,1
2015-01-14,2001-12-08,SO45153,310,19089,9,1,1
2015-01-14,2001-12-25,SO45152,310,29276,1,1,1
2015-01-15,2001-12-19,SO45162,312,18721,9,1,1
2015-01-15,2001-12-05,SO45158,344,28419,7,1,1
2015-01-15,2001-10-19,SO45163,328,25714,9,1,1
2015-01-15,2001-10-26,SO45159,349,11400,10,1,1
2015-01-15,2001-11-20,SO45161,349,25978,4,1,1
2015-01-15,2001-10-11,SO45160,310,14984,10,1,1
2015-01-15,2001-10-04,SO45164,349,11453,9,1,1
2015-01-16,2001-12-23,SO45167,311,18706,9,1,1
2015-01-16,2001-12-08,SO45169,314,18766,9,1,1
2015-01-16,2001-12-23,SO45171,345,11754,9,1,1
2015-01-16,2001-09-30,SO45170,351,11462,9,1,1
2015-01-16,2001-12-26,SO45166,312,19083,9,1,1
2015-01-16,2001-10-23,SO45168,312,18738,9,1,1
2015-01-16,2001-12-31,SO45165,313,22881,6,1,1
2015-01-17,2001-09-29,SO45172,334,18008,7,1,1
2015-01-17,2001-11-22,SO45176,313,29254,1,1,1
2015-01-17,2001-11-29,SO45174,313,29198,4,1,1
2015-01-17,2001-10-30,SO45179,351,11457,9,1,1
2015-01-17,2001-12-17,SO45178,347,11456,9,1,1
2015-01-17,2001-10-28,SO45177,314,18903,9,1,1
2015-01-17,2001-10-30,SO45173,314,29157,4,1,1
2015-01-17,2001-10-23,SO45175,313,29238,4,1,1
2015-01-18,2001-11-30,SO45180,311,15046,10,1,1
2015-01-18,2001-10-01,SO45184,320,25717,9,1,1
2015-01-18,2002-01-01,SO45183,334,25711,9,1,1
2015-01-18,2001-10-25,SO45181,310,14929,10,1,1
2015-01-18,2001-12-11,SO45185,310,14949,10,1,1
2015-01-18,2001-10-25,SO45182,312,18769,9,1,1
2015-01-19,2001-11-17,SO45186,313,14991,10,1,1
2015-01-19,2001-10-06,SO45191,328,14660,1,1,1
2015-01-19,2001-10-18,SO45187,310,15047,10,1,1
2015-01-19,2001-11-15,SO45188,311,14861,10,1,1
2015-01-19,2001-12-08,SO45190,313,18931,9,1,1
2015-01-19,2001-12-03,SO45189,310,29145,1,1,1
2015-01-20,2001-11-22,SO45196,311,18739,9,1,1
2015-01-20,2001-11-02,SO45195,313,18929,9,1,1
2015-01-20,2001-10-04,SO45193,310,22889,6,1,1
2015-01-20,2001-11-21,SO45194,313,29221,4,1,1
2015-01-20,2002-01-05,SO45192,314,14846,10,1,1
2015-01-20,2001-10-03,SO45197,314,18902,9,1,1
2015-01-21,2001-11-22,SO45201,312,29168,4,1,1
2015-01-21,2001-12-19,SO45199,346,29476,8,1,1
2015-01-21,2002-01-05,SO45200,311,29148,4,1,1
2015-01-21,2001-11-17,SO45204,345,11460,9,1,1
2015-01-21,2001-12-14,SO45203,314,18907,9,1,1
2015-01-21,2001-10-12,SO45202,314,19094,9,1,1
2015-01-21,2001-09-28,SO45198,313,14847,10,1,1
2015-01-22,2001-12-10,SO45213,349,11464,9,1,1
2015-01-22,2001-11-22,SO45207,312,29156,4,1,1
2015-01-22,2001-10-01,SO45211,311,18724,9,1,1
2015-01-22,2001-10-28,SO45212,314,18729,9,1,1
2015-01-22,2001-10-07,SO45208,344,19884,6,1,1
2015-01-22,2002-01-06,SO45209,314,29201,4,1,1
2015-01-22,2001-10-11,SO45210,311,29239,4,1,1
2015-01-22,2002-01-06,SO45206,313,12474,7,1,1
2015-01-22,2001-12-25,SO45205,344,28420,7,1,1
2015-01-23,2001-11-11,SO45215,312,29208,1,1,1
2015-01-23,2001-10-06,SO45214,310,12464,7,1,1
2015-01-23,2001-10-14,SO45216,313,29261,4,1,1
2015-01-24,2001-11-01,SO45217,314,29144,1,1,1
2015-01-24,2001-10-14,SO45219,313,22893,6,1,1
2015-01-24,2001-10-22,SO45222,330,14728,1,1,1
2015-01-24,2001-10-24,SO45221,314,22903,6,1,1
2015-01-24,2001-12-04,SO45220,312,29207,1,1,1
2015-01-24,2001-12-18,SO45223,312,18930,9,1,1
2015-01-24,2001-10-23,SO45224,311,18723,9,1,1
2015-01-24,2001-11-20,SO45218,345,25982,1,1,1
2015-01-25,2001-11-25,SO45228,314,18768,9,1,1
2015-01-25,2001-10-08,SO45226,342,14662,4,1,1
2015-01-25,2001-11-20,SO45225,338,14653,4,1,1
2015-01-25,2001-12-11,SO45227,322,14726,1,1,1
2015-01-26,2001-11-21,SO45232,310,18736,9,1,1
2015-01-26,2001-12-13,SO45233,344,11472,9,1,1
2015-01-26,2001-11-30,SO45231,314,18908,9,1,1
2015-01-26,2001-11-09,SO45229,349,11387,10,1,1
2015-01-27,2001-11-24,SO45236,312,18731,9,1,1
2015-01-27,2001-12-14,SO45234,328,18009,7,1,1
2015-01-27,2001-11-27,SO45235,314,29147,1,1,1
2015-01-27,2002-01-11,SO45237,314,18737,9,1,1
2015-01-27,2001-11-15,SO45238,346,11459,9,1,1
2015-01-28,2001-11-15,SO45242,311,29223,1,1,1
2015-01-28,2001-12-11,SO45240,310,29155,1,1,1
2015-01-28,2001-12-25,SO45241,311,29203,4,1,1
2015-01-28,2001-11-16,SO45244,350,11756,9,1,1
2015-01-28,2001-12-25,SO45243,334,25715,9,1,1
2015-01-29,2001-11-24,SO45245,310,18928,9,1,1
2015-01-29,2001-11-03,SO45246,310,18709,9,1,1
2015-01-29,2001-12-30,SO45247,334,25716,9,1,1
2015-01-29,2002-01-07,SO45248,344,11451,9,1,1
2015-01-30,2001-10-19,SO45254,314,29252,4,1,1
2015-01-30,2001-12-14,SO45258,340,25712,9,1,1
2015-01-30,2001-12-16,SO45253,314,29237,4,1,1
2015-01-30,2001-10-22,SO45256,336,14664,4,1,1
2015-01-30,2001-10-16,SO45255,314,29258,1,1,1
2015-01-30,2001-11-05,SO45250,310,14147,8,1,1
2015-01-30,2001-11-08,SO45251,334,19422,8,1,1
2015-01-30,2002-01-04,SO45249,310,14928,10,1,1
2015-01-30,2002-01-15,SO45257,314,18718,9,1,1
2015-01-30,2001-11-15,SO45252,312,22877,6,1,1
2015-01-31,2001-11-30,SO45262,313,29265,4,1,1
2015-01-31,2001-10-15,SO45259,314,29225,1,1,1
2015-01-31,2001-10-18,SO45264,349,11454,9,1,1
2015-01-31,2001-12-10,SO45261,312,29175,1,1,1
2015-01-31,2001-10-05,SO45263,340,14722,1,1,1
2015-01-31,2001-10-08,SO45265,350,11461,9,1,1
2015-01-31,2001-10-05,SO45260,310,29150,1,1,1
2015-02-01,2001-11-16,SO45345,313,15048,10,1,1
2015-02-01,2001-12-07,SO45349,312,19568,9,1,1
2015-02-01,2001-11-19,SO45347,342,14733,4,1,1
2015-02-01,2001-12-06,SO45348,311,19562,9,1,1
2015-02-01,2002-01-10,SO45350,311,19613,9,1,1
2015-02-02,2001-12-31,SO45354,340,19432,8,1,1
2015-02-02,2002-01-02,SO45352,313,15081,10,1,1
2015-02-02,2002-01-01,SO45356,313,19096,9,1,1
2015-02-02,2001-10-28,SO45353,310,28630,6,1,1
2015-02-02,2002-01-07,SO45355,312,28778,6,1,1
2015-02-02,2001-12-14,SO45351,313,12520,7,1,1
2015-02-03,2002-01-09,SO45358,312,23172,6,1,1
2015-02-03,2001-12-01,SO45357,351,28443,7,1,1
2015-02-03,2001-11-23,SO45361,312,23057,6,1,1
2015-02-03,2001-11-07,SO45360,313,28036,6,1,1
2015-02-03,2001-11-25,SO45362,313,19271,9,1,1
2015-02-03,2001-12-21,SO45359,313,11227,4,1,1
2015-02-03,2001-12-15,SO45363,312,19565,9,1,1
2015-02-04,2001-11-17,SO45364,311,14161,8,1,1
2015-02-04,2001-11-11,SO45366,330,18011,7,1,1
2015-02-04,2001-12-13,SO45365,313,15078,10,1,1
2015-02-04,2001-12-31,SO45369,314,19269,9,1,1
2015-02-04,2001-12-23,SO45370,312,19270,9,1,1
2015-02-04,2001-11-06,SO45368,328,14732,1,1,1
2015-02-04,2001-10-10,SO45367,328,20561,10,1,1
2015-02-05,2002-01-08,SO45375,313,19596,9,1,1
2015-02-05,2001-12-16,SO45376,344,11761,9,1,1
2015-02-05,2001-11-18,SO45371,310,15062,10,1,1
2015-02-05,2001-11-28,SO45372,348,28449,7,1,1
2015-02-05,2001-10-30,SO45374,312,22996,6,1,1
2015-02-05,2001-10-24,SO45373,349,25994,1,1,1
2015-02-06,2002-01-12,SO45384,338,26789,6,1,1
2015-02-06,2002-01-15,SO45380,324,18010,7,1,1
2015-02-06,2001-12-10,SO45377,313,15077,10,1,1
2015-02-06,2001-10-24,SO45381,344,19988,6,1,1
2015-02-06,2002-01-17,SO45382,313,11129,1,1,1
2015-02-06,2001-12-06,SO45378,310,28178,6,1,1
2015-02-06,2001-10-12,SO45383,332,14734,1,1,1
2015-02-06,2001-10-29,SO45385,334,14735,1,1,1
2015-02-06,2001-10-13,SO45379,313,28363,6,1,1
2015-02-06,2001-12-12,SO45386,312,19607,9,1,1
2015-02-07,2001-12-24,SO45388,350,25986,1,1,1
2015-02-07,2002-01-02,SO45390,310,19560,9,1,1
2015-02-07,2002-01-14,SO45392,344,11762,9,1,1
2015-02-07,2001-10-10,SO45391,313,19588,9,1,1
2015-02-07,2001-12-19,SO45387,310,11224,1,1,1
2015-02-07,2002-01-08,SO45389,310,11090,4,1,1
2015-02-08,2002-01-20,SO45394,348,11468,10,1,1
2015-02-08,2001-12-03,SO45395,313,29352,4,1,1
2015-02-08,2001-12-15,SO45393,312,14171,8,1,1
2015-02-08,2001-10-15,SO45396,312,19594,9,1,1
2015-02-09,2001-10-12,SO45397,313,15051,10,1,1
2015-02-09,2002-01-01,SO45398,312,15059,10,1,1
2015-02-10,2001-12-01,SO45400,313,14162,8,1,1
2015-02-10,2001-12-24,SO45406,351,25987,4,1,1
2015-02-10,2001-10-26,SO45401,310,15058,10,1,1
2015-02-10,2002-01-13,SO45405,312,23209,6,1,1
2015-02-10,2001-11-22,SO45409,312,19612,9,1,1
2015-02-10,2001-12-10,SO45402,344,11413,10,1,1
2015-02-10,2001-11-30,SO45404,310,11217,1,1,1
2015-02-10,2001-12-21,SO45407,314,29285,4,1,1
2015-02-10,2001-10-25,SO45408,314,29326,4,1,1
2015-02-11,2002-01-06,SO45419,314,19555,9,1,1
2015-02-11,2002-01-12,SO45412,310,23137,6,1,1
2015-02-11,2001-12-12,SO45417,310,28620,6,1,1
2015-02-11,2001-12-26,SO45410,310,14149,8,1,1
2015-02-11,2001-12-16,SO45416,310,28161,6,1,1
2015-02-11,2001-11-08,SO45411,313,28197,6,1,1
2015-02-11,2001-11-07,SO45414,330,18038,7,1,1
2015-02-11,2001-10-22,SO45413,312,11191,4,1,1
2015-02-11,2001-10-31,SO45418,311,19264,9,1,1
2015-02-11,2002-01-15,SO45421,313,19576,9,1,1
2015-02-11,2001-11-02,SO45415,312,28092,6,1,1
2015-02-11,2001-12-12,SO45420,313,19561,9,1,1
2015-02-12,2001-11-03,SO45424,311,28165,6,1,1
2015-02-12,2001-12-08,SO45423,348,19997,6,1,1
2015-02-12,2001-12-15,SO45422,310,28198,6,1,1
2015-02-13,2002-01-07,SO45428,346,11414,10,1,1
2015-02-13,2001-11-15,SO45427,349,29481,8,1,1
2015-02-13,2001-12-19,SO45425,310,15056,10,1,1
2015-02-13,2001-11-06,SO45431,311,28013,6,1,1
2015-02-13,2001-12-14,SO45429,310,28129,6,1,1
2015-02-13,2001-11-07,SO45430,312,28176,6,1,1
2015-02-14,2002-01-25,SO45433,310,12547,7,1,1
2015-02-14,2001-11-10,SO45439,326,25823,9,1,1
2015-02-14,2001-12-28,SO45435,336,20562,10,1,1
2015-02-14,2001-10-21,SO45436,312,28130,6,1,1
2015-02-14,2002-01-19,SO45437,312,28169,6,1,1
2015-02-14,2002-01-16,SO45434,311,11252,4,1,1
2015-02-14,2001-10-21,SO45438,310,29334,1,1,1
2015-02-14,2001-12-22,SO45432,312,14167,8,1,1
2015-02-15,2001-12-25,SO45444,310,19102,9,1,1
2015-02-15,2001-10-22,SO45440,312,14198,8,1,1
2015-02-15,2002-01-22,SO45441,312,11216,1,1,1
2015-02-15,2001-12-11,SO45443,313,29350,4,1,1
2015-02-15,2002-01-31,SO45442,314,29335,1,1,1
2015-02-15,2001-10-29,SO45445,310,19105,9,1,1
2015-02-16,2001-10-31,SO45447,313,19558,9,1,1
2015-02-16,2001-12-21,SO45446,345,25990,1,1,1
2015-02-16,2002-01-31,SO45448,324,25718,9,1,1
2015-02-17,2002-01-28,SO45450,312,28624,6,1,1
2015-02-17,2002-01-05,SO45452,314,19559,9,1,1
2015-02-17,2002-01-18,SO45451,311,29279,4,1,1
2015-02-17,2002-01-12,SO45449,310,14189,8,1,1
2015-02-18,2001-10-24,SO45453,311,12549,7,1,1
2015-02-18,2001-10-22,SO45454,312,23074,6,1,1
2015-02-19,2001-12-27,SO45458,311,19599,9,1,1
2015-02-19,2002-01-14,SO45459,310,19605,9,1,1
2015-02-19,2001-11-28,SO45457,313,27752,6,1,1
2015-02-19,2002-01-09,SO45455,310,14163,8,1,1
2015-02-19,2001-11-13,SO45456,312,23113,6,1,1
2015-02-20,2001-11-10,SO45461,311,28646,6,1,1
2015-02-20,2002-01-07,SO45464,314,19586,9,1,1
2015-02-20,2001-12-11,SO45465,342,25819,9,1,1
2015-02-20,2002-01-09,SO45462,310,28647,6,1,1
2015-02-20,2002-01-30,SO45463,312,11171,4,1,1
2015-02-21,2001-12-10,SO45466,311,19611,9,1,1
2015-02-22,2001-12-06,SO45475,313,19601,9,1,1
2015-02-22,2001-11-24,SO45470,312,28177,6,1,1
2015-02-22,2001-12-23,SO45474,310,19595,9,1,1
2015-02-22,2001-11-27,SO45467,345,11422,10,1,1
2015-02-22,2001-12-16,SO45471,313,29280,1,1,1
2015-02-22,2002-02-01,SO45469,350,19989,6,1,1
2015-02-22,2002-01-24,SO45468,311,23164,6,1,1
2015-02-22,2001-12-22,SO45472,313,19095,9,1,1
2015-02-22,2001-12-15,SO45473,310,19592,9,1,1
2015-02-22,2001-12-21,SO45476,314,19614,9,1,1
2015-02-23,2002-01-20,SO45477,313,14160,8,1,1
2015-02-23,2001-11-01,SO45478,313,29354,1,1,1
2015-02-23,2002-02-04,SO45480,313,19564,9,1,1
2015-02-23,2001-11-05,SO45481,313,19563,9,1,1
2015-02-23,2001-11-04,SO45479,313,19099,9,1,1
2015-02-24,2001-12-06,SO45483,314,14181,8,1,1
2015-02-24,2001-11-17,SO45482,310,12522,7,1,1
2015-02-24,2001-12-28,SO45486,324,14737,1,1,1
2015-02-24,2002-01-25,SO45490,313,22976,6,1,1
2015-02-24,2001-12-15,SO45485,312,11257,4,1,1
2015-02-24,2001-12-28,SO45484,313,23267,6,1,1
2015-02-24,2001-12-07,SO45488,311,19577,9,1,1
2015-02-24,2001-11-13,SO45487,313,19556,9,1,1
2015-02-24,2002-01-01,SO45489,310,19602,9,1,1
2015-02-25,2001-11-21,SO45492,330,19429,8,1,1
2015-02-25,2002-01-11,SO45491,311,27672,6,1,1
2015-02-25,2001-12-03,SO45494,310,19609,9,1,1
2015-02-25,2001-11-20,SO45495,342,25821,9,1,1
2015-02-25,2001-11-22,SO45493,320,14731,4,1,1
2015-02-26,2002-01-10,SO45499,314,28626,6,1,1
2015-02-26,2001-12-04,SO45505,313,19593,9,1,1
2015-02-26,2001-10-29,SO45506,311,19615,9,1,1
2015-02-26,2002-02-04,SO45501,350,25993,1,1,1
2015-02-26,2001-11-14,SO45497,311,28354,6,1,1
2015-02-26,2001-11-30,SO45503,314,22995,6,1,1
2015-02-26,2001-11-01,SO45504,340,14730,4,1,1
2015-02-26,2001-12-07,SO45498,312,28574,6,1,1
2015-02-26,2002-02-07,SO45496,314,29340,6,1,1
2015-02-26,2001-11-25,SO45507,314,19616,9,1,1
2015-02-26,2001-11-10,SO45502,314,28173,6,1,1
2015-02-27,2002-01-25,SO45510,310,22998,6,1,1
2015-02-27,2001-12-18,SO45508,310,12510,7,1,1
2015-02-27,2002-01-23,SO45509,310,14148,8,1,1
2015-02-28,2002-02-03,SO45515,310,19557,9,1,1
2015-02-28,2001-11-16,SO45513,348,25996,4,1,1
2015-02-28,2001-12-29,SO45512,312,11175,4,1,1
2015-02-28,2002-01-15,SO45511,311,12523,7,1,1
2015-02-28,2001-12-31,SO45514,314,28051,6,1,1
2015-03-01,2002-01-29,SO45580,310,14428,8,1,1
2015-03-01,2001-12-20,SO45585,351,11905,9,1,1
2015-03-01,2001-11-16,SO45583,311,11274,1,1,1
2015-03-01,2002-02-05,SO45582,312,28656,6,1,1
2015-03-01,2002-01-08,SO45584,336,25828,9,1,1
2015-03-01,2002-01-09,SO45581,313,11263,1,1,1
2015-03-02,2001-11-20,SO45589,314,19784,9,1,1
2015-03-02,2001-12-10,SO45588,313,11275,4,1,1
2015-03-02,2002-01-03,SO45586,311,12613,7,1,1
2015-03-02,2001-11-28,SO45587,310,11531,4,1,1
2015-03-02,2001-11-28,SO45592,345,11897,9,1,1
2015-03-02,2002-01-13,SO45590,311,19763,9,1,1
2015-03-02,2002-02-10,SO45591,326,25831,9,1,1
2015-03-03,2001-12-22,SO45594,312,11282,1,1,1
2015-03-03,2001-11-10,SO45599,312,19794,9,1,1
2015-03-03,2002-01-11,SO45598,340,14744,1,1,1
2015-03-03,2002-01-17,SO45600,313,19628,9,1,1
2015-03-03,2002-01-27,SO45596,332,20564,10,1,1
2015-03-03,2002-02-08,SO45593,310,15118,10,1,1
2015-03-03,2002-02-01,SO45601,348,11893,9,1,1
2015-03-03,2002-01-20,SO45595,314,11515,4,1,1
2015-03-04,2001-12-16,SO45605,311,11626,4,1,1
2015-03-04,2002-01-22,SO45606,312,19967,9,1,1
2015-03-04,2002-01-28,SO45608,349,11896,9,1,1
2015-03-04,2001-12-21,SO45603,312,11296,1,1,1
2015-03-04,2001-12-27,SO45607,330,25830,9,1,1
2015-03-04,2002-01-21,SO45609,311,14774,8,1,1
2015-03-04,2001-11-12,SO45602,312,12607,7,1,1
2015-03-04,2001-12-19,SO45604,314,11317,1,1,1
2015-03-05,2002-01-21,SO45612,312,14795,8,1,1
2015-03-05,2002-02-11,SO45611,310,11535,1,1,1
2015-03-05,2001-11-14,SO45610,310,11303,1,1,1
2015-03-06,2001-12-03,SO45616,314,14800,8,1,1
2015-03-06,2002-01-20,SO45619,311,19787,9,1,1
2015-03-06,2002-02-19,SO45613,314,11522,1,1,1
2015-03-06,2002-02-01,SO45621,346,11768,9,1,1
2015-03-06,2001-11-22,SO45617,311,15354,10,1,1
2015-03-06,2001-12-02,SO45618,311,12618,7,1,1
2015-03-06,2001-11-30,SO45615,342,18137,7,1,1
2015-03-06,2002-01-31,SO45614,312,23385,6,1,1
2015-03-06,2002-01-26,SO45620,314,19951,9,1,1
2015-03-07,2001-11-12,SO45630,351,11899,9,1,1
2015-03-07,2001-11-23,SO45628,314,19795,9,1,1
2015-03-07,2001-12-09,SO45625,314,11307,4,1,1
2015-03-07,2001-12-26,SO45624,313,11291,4,1,1
2015-03-07,2002-01-23,SO45623,311,14769,8,1,1
2015-03-07,2002-01-01,SO45629,347,11892,9,1,1
2015-03-07,2002-01-23,SO45627,324,18039,7,1,1
2015-03-07,2002-02-13,SO45622,344,28470,7,1,1
2015-03-07,2002-01-18,SO45626,310,11259,1,1,1
2015-03-08,2001-11-27,SO45632,314,14775,8,1,1
2015-03-08,2002-02-15,SO45631,350,11237,8,1,1
2015-03-08,2002-01-23,SO45633,351,26011,4,1,1
2015-03-08,2001-11-19,SO45634,314,19766,9,1,1
2015-03-09,2002-01-19,SO45637,314,11525,1,1,1
2015-03-09,2001-11-27,SO45638,324,14746,4,1,1
2015-03-09,2001-11-27,SO45639,311,19782,9,1,1
2015-03-09,2001-11-27,SO45640,311,19964,9,1,1
2015-03-09,2002-02-04,SO45635,313,23351,6,1,1
2015-03-09,2002-01-07,SO45636,311,11302,1,1,1
2015-03-10,2001-12-30,SO45642,313,11623,4,1,1
2015-03-10,2002-02-23,SO45641,311,23306,6,1,1
2015-03-11,2002-01-13,SO45645,351,11482,10,1,1
2015-03-11,2001-12-15,SO45644,350,28458,7,1,1
2015-03-11,2002-02-14,SO45643,310,14541,8,1,1
2015-03-11,2001-12-25,SO45647,347,25997,4,1,1
2015-03-11,2002-01-07,SO45646,312,11289,4,1,1
2015-03-11,2002-01-29,SO45648,312,19791,9,1,1
2015-03-12,2002-01-15,SO45649,310,11319,4,1,1
2015-03-12,2001-12-31,SO45653,347,11764,9,1,1
2015-03-12,2001-11-17,SO45650,312,28652,6,1,1
2015-03-12,2001-11-13,SO45652,334,25826,9,1,1
2015-03-12,2002-02-06,SO45651,311,19771,9,1,1
2015-03-13,2002-01-14,SO45660,312,19797,9,1,1
2015-03-13,2001-12-22,SO45659,349,26003,4,1,1
2015-03-13,2002-02-18,SO45662,350,11906,9,1,1
2015-03-13,2002-02-11,SO45655,312,11323,4,1,1
2015-03-13,2002-02-01,SO45661,342,25827,9,1,1
2015-03-13,2002-02-07,SO45654,348,28478,7,1,1
2015-03-13,2002-02-24,SO45658,312,11270,4,1,1
2015-03-13,2001-12-05,SO45656,313,11617,4,1,1
2015-03-13,2001-12-22,SO45663,347,11901,9,1,1
2015-03-13,2001-11-20,SO45657,311,11266,1,1,1
2015-03-14,2002-01-09,SO45665,346,26004,4,1,1
2015-03-14,2001-12-26,SO45667,314,19957,9,1,1
2015-03-14,2002-01-14,SO45666,326,14738,4,1,1
2015-03-14,2002-02-17,SO45664,312,14713,8,1,1
2015-03-15,2002-02-17,SO45670,310,11541,1,1,1
2015-03-15,2001-12-07,SO45673,312,19790,9,1,1
2015-03-15,2001-11-28,SO45677,348,11895,9,1,1
2015-03-15,2002-02-08,SO45669,314,11528,4,1,1
2015-03-15,2002-02-20,SO45668,312,11298,4,1,1
2015-03-15,2002-01-15,SO45674,314,19948,9,1,1
2015-03-15,2001-12-06,SO45676,349,11765,9,1,1
2015-03-15,2002-02-25,SO45671,312,11628,4,1,1
2015-03-15,2002-02-18,SO45672,340,19438,8,1,1
2015-03-15,2002-02-28,SO45675,340,25829,9,1,1
2015-03-16,2002-01-09,SO45679,314,11540,4,1,1
2015-03-16,2001-11-27,SO45681,314,19789,9,1,1
2015-03-16,2001-12-21,SO45680,310,23283,6,1,1
2015-03-16,2001-12-18,SO45678,313,11281,4,1,1
2015-03-16,2002-02-26,SO45682,312,19950,9,1,1
2015-03-17,2001-12-13,SO45685,322,18132,7,1,1
2015-03-17,2002-01-31,SO45691,344,11898,9,1,1
2015-03-17,2002-01-17,SO45684,345,11485,10,1,1
2015-03-17,2001-12-27,SO45687,344,26005,1,1,1
2015-03-17,2002-01-06,SO45688,320,14741,4,1,1
2015-03-17,2002-02-25,SO45690,310,19958,9,1,1
2015-03-17,2001-11-30,SO45683,311,14709,8,1,1
2015-03-17,2002-02-28,SO45686,346,25998,1,1,1
2015-03-17,2002-02-22,SO45689,312,19773,9,1,1
2015-03-18,2001-12-08,SO45698,326,14747,4,1,1
2015-03-18,2001-12-17,SO45699,336,14750,4,1,1
2015-03-18,2001-12-11,SO45694,312,15097,10,1,1
2015-03-18,2002-02-10,SO45697,314,11516,4,1,1
2015-03-18,2002-01-29,SO45696,314,11326,4,1,1
2015-03-18,2002-01-16,SO45695,311,11292,4,1,1
2015-03-18,2001-12-22,SO45693,313,15083,10,1,1
2015-03-18,2002-03-02,SO45692,313,14425,8,1,1
2015-03-19,2002-02-18,SO45702,320,18131,7,1,1
2015-03-19,2002-02-09,SO45703,310,19947,9,1,1
2015-03-19,2001-11-26,SO45700,310,11278,1,1,1
2015-03-19,2002-03-01,SO45701,311,11538,4,1,1
2015-03-20,2002-02-09,SO45706,313,11267,4,1,1
2015-03-20,2002-02-16,SO45710,310,19963,9,1,1
2015-03-20,2002-01-24,SO45705,311,23378,6,1,1
2015-03-20,2001-12-10,SO45707,345,11904,9,1,1
2015-03-20,2002-03-03,SO45711,313,19621,9,1,1
2015-03-20,2002-01-30,SO45712,346,11767,9,1,1
2015-03-20,2002-01-04,SO45708,313,19765,9,1,1
2015-03-20,2001-12-29,SO45704,312,14772,8,1,1
2015-03-20,2002-02-16,SO45709,313,19793,9,1,1
2015-03-21,2002-03-05,SO45714,312,11534,4,1,1
2015-03-21,2002-01-30,SO45713,314,15088,10,1,1
2015-03-21,2001-12-22,SO45715,310,19770,9,1,1
2015-03-21,2001-12-03,SO45716,310,19783,9,1,1
2015-03-22,2002-03-02,SO45721,345,11766,9,1,1
2015-03-22,2001-11-27,SO45717,310,11325,1,1,1
2015-03-22,2002-02-05,SO45719,350,20000,6,1,1
2015-03-22,2002-02-08,SO45718,311,11272,4,1,1
2015-03-22,2002-03-06,SO45722,351,11908,9,1,1
2015-03-22,2002-01-19,SO45720,313,19653,9,1,1
2015-03-23,2002-01-14,SO45723,311,11290,4,1,1
2015-03-23,2002-01-15,SO45726,313,12614,7,1,1
2015-03-23,2002-01-18,SO45724,312,12620,7,1,1
2015-03-23,2002-01-13,SO45727,350,11909,9,1,1
2015-03-23,2001-11-24,SO45725,312,14789,8,1,1
2015-03-24,2001-12-11,SO45738,346,11900,9,1,1
2015-03-24,2002-01-04,SO45735,314,19792,9,1,1
2015-03-24,2002-03-09,SO45732,311,11537,4,1,1
2015-03-24,2001-12-24,SO45734,314,11630,1,1,1
2015-03-24,2001-12-29,SO45731,310,11286,4,1,1
2015-03-24,2002-01-21,SO45737,311,19965,9,1,1
2015-03-24,2002-03-01,SO45739,348,11903,9,1,1
2015-03-24,2001-11-28,SO45728,313,14426,8,1,1
2015-03-24,2002-03-01,SO45736,310,19960,9,1,1
2015-03-24,2002-03-05,SO45730,350,28471,7,1,1
2015-03-24,2002-02-21,SO45729,313,15087,10,1,1
2015-03-24,2001-12-21,SO45733,311,11624,4,1,1
2015-03-25,2002-01-27,SO45742,312,19620,9,1,1
2015-03-25,2001-11-26,SO45744,351,11894,9,1,1
2015-03-25,2002-02-13,SO45741,314,19788,9,1,1
2015-03-25,2002-01-10,SO45740,314,19786,9,1,1
2015-03-25,2002-01-12,SO45743,313,19631,9,1,1
2015-03-26,2002-02-19,SO45753,311,19966,9,1,1
2015-03-26,2002-03-06,SO45751,340,14739,4,1,1
2015-03-26,2002-01-06,SO45752,314,19772,9,1,1
2015-03-26,2001-12-04,SO45747,314,11539,4,1,1
2015-03-26,2002-02-01,SO45745,312,15089,10,1,1
2015-03-26,2001-12-12,SO45750,345,26001,1,1,1
2015-03-26,2002-02-19,SO45749,311,14797,8,1,1
2015-03-26,2002-02-05,SO45748,332,18046,7,1,1
2015-03-26,2002-02-12,SO45746,312,23376,6,1,1
2015-03-27,2002-02-02,SO45754,311,11529,1,1,1
2015-03-27,2002-01-31,SO45755,314,11536,4,1,1
2015-03-27,2002-02-27,SO45756,313,11625,4,1,1
2015-03-28,2001-12-12,SO45760,311,11329,4,1,1
2015-03-28,2002-03-08,SO45762,312,12621,7,1,1
2015-03-28,2002-02-17,SO45764,310,19652,9,1,1
2015-03-28,2002-02-24,SO45761,314,11629,4,1,1
2015-03-28,2002-02-10,SO45758,312,15106,10,1,1
2015-03-28,2001-12-07,SO45763,314,19959,9,1,1
2015-03-28,2002-02-02,SO45759,313,11295,4,1,1
2015-03-28,2002-02-23,SO45757,312,12561,7,1,1
2015-03-29,2002-01-20,SO45769,314,11327,4,1,1
2015-03-29,2002-02-04,SO45766,312,11297,4,1,1
2015-03-29,2002-01-19,SO45767,310,11299,4,1,1
2015-03-29,2002-01-05,SO45765,350,11245,8,1,1
2015-03-29,2002-01-11,SO45770,311,19956,9,1,1
2015-03-29,2001-12-09,SO45768,310,11324,4,1,1
2015-03-30,2002-03-07,SO45771,314,11271,4,1,1
2015-03-30,2001-12-16,SO45773,311,19949,9,1,1
2015-03-30,2002-01-25,SO45772,313,19785,9,1,1
2015-03-30,2001-12-16,SO45774,312,11261,4,1,1
2015-03-31,2002-02-23,SO45775,314,14207,8,1,1
2015-03-31,2002-02-08,SO45776,313,23281,6,1,1
2015-03-31,2001-12-16,SO45778,351,26002,1,1,1
2015-03-31,2001-12-22,SO45777,346,11907,9,1,1
2015-04-01,2002-02-13,SO45818,328,14868,4,1,1
2015-04-01,2002-03-10,SO45819,312,20160,9,1,1
2015-04-01,2002-03-04,SO45817,311,14801,8,1,1
2015-04-01,2002-01-09,SO45820,340,25832,9,1,1
2015-04-01,2001-12-20,SO45816,313,11830,4,1,1
2015-04-02,2002-02-04,SO45821,346,26041,1,1,1
2015-04-02,2002-03-07,SO45822,312,20246,9,1,1
2015-04-02,2002-02-12,SO45823,311,20253,9,1,1
2015-04-03,2002-01-28,SO45828,330,14753,1,1,1
2015-04-03,2002-01-19,SO45829,310,20245,9,1,1
2015-04-03,2002-01-14,SO45825,314,23725,6,1,1
2015-04-03,2001-12-16,SO45830,314,20151,9,1,1
2015-04-03,2002-03-12,SO45832,351,11916,9,1,1
2015-04-03,2001-12-12,SO45827,312,15440,10,1,1
2015-04-03,2002-01-01,SO45826,310,23858,6,1,1
2015-04-03,2001-12-09,SO45824,312,11696,1,1,1
2015-04-03,2002-01-09,SO45831,313,20158,9,1,1
2015-04-04,2002-03-08,SO45837,348,26050,1,1,1
2015-04-04,2002-01-28,SO45838,311,20213,9,1,1
2015-04-04,2002-02-09,SO45833,313,11815,1,1,1
2015-04-04,2001-12-23,SO45834,312,11816,4,1,1
2015-04-04,2002-02-07,SO45836,311,14823,8,1,1
2015-04-04,2002-03-11,SO45839,349,11915,9,1,1
2015-04-04,2002-01-13,SO45835,313,11688,1,1,1
2015-04-05,2002-01-14,SO45844,312,11812,1,1,1
2015-04-05,2002-03-14,SO45842,314,11742,4,1,1
2015-04-05,2002-01-18,SO45841,311,12804,7,1,1
2015-04-05,2002-01-31,SO45843,312,11775,4,1,1
2015-04-06,2002-03-09,SO45848,340,14852,4,1,1
2015-04-06,2002-03-02,SO45845,311,23566,6,1,1
2015-04-06,2002-03-08,SO45847,345,26015,4,1,1
2015-04-06,2002-02-14,SO45846,314,23592,6,1,1
2015-04-06,2002-03-09,SO45849,312,20154,9,1,1
2015-04-07,2002-03-16,SO45852,340,18143,7,1,1
2015-04-07,2002-02-08,SO45854,312,15620,10,1,1
2015-04-07,2001-12-26,SO45858,350,11952,9,1,1
2015-04-07,2002-03-02,SO45855,338,14754,1,1,1
2015-04-07,2001-12-15,SO45851,312,11683,4,1,1
2015-04-07,2001-12-11,SO45853,313,15453,10,1,1
2015-04-07,2002-02-08,SO45856,311,20247,9,1,1
2015-04-07,2001-12-26,SO45850,310,11776,4,1,1
2015-04-07,2002-01-03,SO45857,351,11919,9,1,1
2015-04-08,2002-01-08,SO45861,311,12650,7,1,1
2015-04-08,2002-03-24,SO45860,312,23829,6,1,1
2015-04-08,2002-01-18,SO45859,314,12754,7,1,1
2015-04-09,2001-12-16,SO45862,312,14827,8,1,1
2015-04-09,2002-03-25,SO45864,311,19968,9,1,1
2015-04-09,2001-12-15,SO45866,310,15621,10,1,1
2015-04-09,2002-01-03,SO45865,312,20157,9,1,1
2015-04-09,2002-01-01,SO45863,314,11873,4,1,1
2015-04-10,2002-02-19,SO45867,312,11772,1,1,1
2015-04-10,2001-12-29,SO45868,310,14819,8,1,1
2015-04-10,2002-01-05,SO45871,326,25919,9,1,1
2015-04-10,2002-02-07,SO45869,310,14822,8,1,1
2015-04-10,2002-02-28,SO45870,349,26012,4,1,1
2015-04-11,2001-12-19,SO45873,314,11925,1,1,1
2015-04-11,2002-03-01,SO45874,351,20007,6,1,1
2015-04-11,2002-02-02,SO45876,314,19975,9,1,1
2015-04-11,2002-01-27,SO45875,310,20242,9,1,1
2015-04-11,2002-01-21,SO45872,347,11249,8,1,1
2015-04-11,2002-01-05,SO45877,351,11910,9,1,1
2015-04-12,2002-01-22,SO45889,350,11920,9,1,1
2015-04-12,2002-02-16,SO45882,312,11745,1,1,1
2015-04-12,2002-01-22,SO45886,348,26042,4,1,1
2015-04-12,2002-03-12,SO45879,338,19443,8,1,1
2015-04-12,2002-03-03,SO45881,310,23397,6,1,1
2015-04-12,2002-02-13,SO45887,330,14880,4,1,1
2015-04-12,2002-01-03,SO45883,313,11799,1,1,1
2015-04-12,2002-03-04,SO45884,313,11678,1,1,1
2015-04-12,2002-01-19,SO45885,313,12655,7,1,1
2015-04-12,2002-01-31,SO45880,313,11707,4,1,1
2015-04-12,2001-12-29,SO45878,310,12750,7,1,1
2015-04-13,2001-12-18,SO45893,313,23842,6,1,1
2015-04-13,2002-03-02,SO45890,349,11338,8,1,1
2015-04-13,2002-01-02,SO45891,346,11380,8,1,1
2015-04-13,2002-01-15,SO45892,312,20226,9,1,1
2015-04-14,2001-12-23,SO45895,311,11727,4,1,1
2015-04-14,2002-02-26,SO45896,311,12632,7,1,1
2015-04-14,2002-02-12,SO45894,332,19450,8,1,1
2015-04-15,2002-03-14,SO45898,310,23830,6,1,1
2015-04-15,2001-12-23,SO45904,311,20241,9,1,1
2015-04-15,2001-12-16,SO45906,312,20159,9,1,1
2015-04-15,2002-01-02,SO45902,314,15614,10,1,1
2015-04-15,2002-02-28,SO45900,312,11837,4,1,1
2015-04-15,2002-01-06,SO45901,312,11665,4,1,1
2015-04-15,2002-03-19,SO45909,349,11947,9,1,1
2015-04-15,2001-12-16,SO45908,347,11918,9,1,1
2015-04-15,2002-02-08,SO45903,310,15619,10,1,1
2015-04-15,2002-03-11,SO45897,313,11933,1,1,1
2015-04-15,2001-12-22,SO45899,310,11817,4,1,1
2015-04-15,2002-01-12,SO45905,311,20152,9,1,1
2015-04-15,2002-02-07,SO45907,310,20214,9,1,1
2015-04-16,2002-02-11,SO45911,314,11797,4,1,1
2015-04-16,2002-02-17,SO45915,347,11930,9,1,1
2015-04-16,2002-03-10,SO45910,311,11777,4,1,1
2015-04-16,2002-01-31,SO45913,344,26014,4,1,1
2015-04-16,2001-12-22,SO45916,346,11964,9,1,1
2015-04-16,2002-03-13,SO45912,312,23819,6,1,1
2015-04-16,2002-01-10,SO45914,349,11929,9,1,1
2015-04-17,2001-12-19,SO45923,313,11811,4,1,1
2015-04-17,2002-03-18,SO45921,312,11798,1,1,1
2015-04-17,2001-12-24,SO45917,346,11332,8,1,1
2015-04-17,2002-01-24,SO45925,347,11942,9,1,1
2015-04-17,2002-03-15,SO45919,312,11780,1,1,1
2015-04-17,2001-12-18,SO45922,314,23731,6,1,1
2015-04-17,2002-02-04,SO45920,311,23730,6,1,1
2015-04-17,2002-03-05,SO45924,310,14803,8,1,1
2015-04-17,2002-03-08,SO45918,313,11741,4,1,1
2015-04-18,2002-03-31,SO45929,310,11825,4,1,1
2015-04-18,2002-03-12,SO45926,311,23486,6,1,1
2015-04-18,2002-03-16,SO45927,312,11796,4,1,1
2015-04-18,2002-02-03,SO45930,328,18148,7,1,1
2015-04-18,2002-01-09,SO45928,313,11813,1,1,1
2015-04-18,2002-03-07,SO45932,310,20211,9,1,1
2015-04-18,2002-03-08,SO45931,310,20249,9,1,1
2015-04-19,2002-03-08,SO45934,313,11666,4,1,1
2015-04-19,2002-01-20,SO45936,349,26016,4,1,1
2015-04-19,2002-01-18,SO45935,326,19439,8,1,1
2015-04-19,2002-03-02,SO45933,313,11779,1,1,1
2015-04-20,2001-12-21,SO45938,311,11654,4,1,1
2015-04-20,2002-03-28,SO45942,312,20219,9,1,1
2015-04-20,2002-03-27,SO45940,313,20244,9,1,1
2015-04-20,2002-02-09,SO45947,351,11943,9,1,1
2015-04-20,2002-03-31,SO45939,334,14757,4,1,1
2015-04-20,2001-12-25,SO45943,310,20221,9,1,1
2015-04-20,2002-02-10,SO45941,310,19978,9,1,1
2015-04-20,2002-02-25,SO45946,350,11914,9,1,1
2015-04-20,2001-12-30,SO45937,312,14824,8,1,1
2015-04-20,2002-01-28,SO45945,324,25920,9,1,1
2015-04-20,2002-03-24,SO45944,312,20225,9,1,1
2015-04-21,2002-02-05,SO45948,342,14879,4,1,1
2015-04-21,2002-04-06,SO45950,312,19974,9,1,1
2015-04-21,2002-03-06,SO45951,348,11944,9,1,1
2015-04-21,2002-03-22,SO45952,347,11969,9,1,1
2015-04-21,2002-02-22,SO45949,310,19970,9,1,1
2015-04-22,2002-01-04,SO45954,314,11810,1,1,1
2015-04-22,2002-04-07,SO45955,344,26055,1,1,1
2015-04-22,2001-12-26,SO45956,312,19979,9,1,1
2015-04-22,2002-01-08,SO45953,314,23859,6,1,1
2015-04-23,2002-03-22,SO45963,310,20238,9,1,1
2015-04-23,2002-01-15,SO45966,345,11946,9,1,1
2015-04-23,2002-01-07,SO45965,320,25921,9,1,1
2015-04-23,2002-04-04,SO45958,311,11818,4,1,1
2015-04-23,2002-01-08,SO45959,311,11872,4,1,1
2015-04-23,2002-01-12,SO45961,312,12717,7,1,1
2015-04-23,2002-01-31,SO45964,310,20215,9,1,1
2015-04-23,2002-03-19,SO45960,314,11671,4,1,1
2015-04-23,2002-01-07,SO45957,312,11809,4,1,1
2015-04-23,2002-01-28,SO45962,310,20227,9,1,1
2015-04-24,2002-04-08,SO45968,311,11834,4,1,1
2015-04-24,2002-01-19,SO45969,310,20156,9,1,1
2015-04-24,2002-01-03,SO45967,326,19454,8,1,1
2015-04-25,2002-03-22,SO45971,345,11335,8,1,1
2015-04-25,2002-04-05,SO45973,313,11773,4,1,1
2015-04-25,2002-01-29,SO45972,324,19472,8,1,1
2015-04-25,2002-02-15,SO45976,314,20239,9,1,1
2015-04-25,2002-01-27,SO45978,350,11967,9,1,1
2015-04-25,2002-03-25,SO45975,324,14755,4,1,1
2015-04-25,2002-03-02,SO45977,313,20216,9,1,1
2015-04-25,2002-01-13,SO45974,347,26018,1,1,1
2015-04-26,2002-01-20,SO45980,312,15631,10,1,1
2015-04-26,2001-12-29,SO45982,310,19977,9,1,1
2015-04-26,2002-01-10,SO45981,310,12805,7,1,1
2015-04-26,2002-02-05,SO45979,311,15630,10,1,1
2015-04-27,2002-01-09,SO45991,351,11976,9,1,1
2015-04-27,2002-03-01,SO45984,313,11690,1,1,1
2015-04-27,2002-03-23,SO45986,314,11743,4,1,1
2015-04-27,2001-12-30,SO45989,311,12631,7,1,1
2015-04-27,2002-02-27,SO45988,314,11675,1,1,1
2015-04-27,2002-02-26,SO45985,314,11708,4,1,1
2015-04-27,2002-03-31,SO45990,314,12711,7,1,1
2015-04-27,2002-01-27,SO45983,314,14830,8,1,1
2015-04-27,2001-12-28,SO45987,310,11854,4,1,1
2015-04-28,2002-03-30,SO45995,310,23846,6,1,1
2015-04-28,2002-03-20,SO45998,342,25918,9,1,1
2015-04-28,2002-01-10,SO45997,324,14756,4,1,1
2015-04-28,2002-02-19,SO45994,311,11774,4,1,1
2015-04-28,2002-01-28,SO45993,313,11924,4,1,1
2015-04-28,2002-01-11,SO45992,334,19451,8,1,1
2015-04-28,2002-02-16,SO45996,312,11839,4,1,1
2015-04-29,2002-04-05,SO46004,311,11664,4,1,1
2015-04-29,2002-01-04,SO45999,311,23583,6,1,1
2015-04-29,2002-03-11,SO46006,313,20236,9,1,1
2015-04-29,2001-12-30,SO46003,312,11831,4,1,1
2015-04-29,2002-01-18,SO46000,310,11778,1,1,1
2015-04-29,2002-04-14,SO46002,310,11826,4,1,1
2015-04-29,2002-01-29,SO46005,312,12749,7,1,1
2015-04-29,2002-02-05,SO46001,310,23806,6,1,1
2015-04-29,2002-03-06,SO46008,348,11912,9,1,1
2015-04-29,2002-03-28,SO46009,344,11917,9,1,1
2015-04-29,2001-12-30,SO46007,312,20220,9,1,1
2015-04-30,2002-01-01,SO46013,311,11705,4,1,1
2015-04-30,2002-03-01,SO46011,351,11489,10,1,1
2015-04-30,2002-01-22,SO46021,314,19971,9,1,1
2015-04-30,2002-03-19,SO46010,348,11488,10,1,1
2015-04-30,2002-02-04,SO46015,313,23511,6,1,1
2015-04-30,2002-01-16,SO46014,313,23396,6,1,1
2015-04-30,2002-01-14,SO46017,314,11886,4,1,1
2015-04-30,2002-02-26,SO46022,346,11968,9,1,1
2015-04-30,2002-02-26,SO46016,312,11885,4,1,1
2015-04-30,2002-01-24,SO46020,313,20228,9,1,1
2015-04-30,2002-03-01,SO46018,312,11663,1,1,1
2015-04-30,2002-03-25,SO46019,340,14752,4,1,1
2015-04-30,2002-02-16,SO46012,330,19453,8,1,1
2015-05-01,2002-01-01,SO46110,311,12169,4,1,1
2015-05-01,2002-03-27,SO46118,314,20611,9,1,1
2015-05-01,2002-04-12,SO46114,313,12053,4,1,1
2015-05-01,2002-02-01,SO46117,310,20446,9,1,1
2015-05-01,2002-02-16,SO46112,312,11945,4,1,1
2015-05-01,2002-03-23,SO46108,310,12018,4,1,1
2015-05-01,2002-01-20,SO46111,311,11937,1,1,1
2015-05-01,2002-02-13,SO46116,332,14912,4,1,1
2015-05-01,2002-01-04,SO46113,310,11955,4,1,1
2015-05-01,2002-02-13,SO46115,312,12104,4,1,1
2015-05-01,2002-03-04,SO46109,312,12167,1,1,1
2015-05-01,2002-04-01,SO46119,326,25927,9,1,1
2015-05-02,2002-01-08,SO46123,312,12152,4,1,1
2015-05-02,2002-01-05,SO46120,313,12023,4,1,1
2015-05-02,2002-01-27,SO46121,312,12069,4,1,1
2015-05-02,2002-04-05,SO46124,311,20447,9,1,1
2015-05-02,2002-01-19,SO46122,313,24284,6,1,1
2015-05-03,2002-01-12,SO46125,310,11956,4,1,1
2015-05-03,2002-01-12,SO46127,334,14895,4,1,1
2015-05-03,2002-04-14,SO46129,313,20420,9,1,1
2015-05-03,2002-03-03,SO46128,314,14945,8,1,1
2015-05-04,2002-04-03,SO46133,312,12105,4,1,1
2015-05-04,2002-03-08,SO46130,311,12171,4,1,1
2015-05-04,2002-02-05,SO46139,347,11977,9,1,1
2015-05-04,2002-03-13,SO46135,313,20416,9,1,1
2015-05-04,2002-04-19,SO46137,313,20600,9,1,1
2015-05-04,2002-04-07,SO46138,311,13405,7,1,1
2015-05-04,2002-01-19,SO46140,350,11991,9,1,1
2015-05-04,2002-02-21,SO46134,312,20259,9,1,1
2015-05-04,2002-02-28,SO46136,312,20426,9,1,1
2015-05-04,2002-01-08,SO46131,312,11954,4,1,1
2015-05-04,2002-02-01,SO46132,314,23865,6,1,1
2015-05-05,2002-02-09,SO46142,311,24310,6,1,1
2015-05-05,2002-04-01,SO46143,347,26090,4,1,1
2015-05-05,2002-03-17,SO46144,350,26094,4,1,1
2015-05-06,2002-01-13,SO46146,345,11421,8,1,1
2015-05-06,2002-03-10,SO46151,351,26082,4,1,1
2015-05-06,2002-02-20,SO46154,349,11989,9,1,1
2015-05-06,2002-04-11,SO46148,310,12052,4,1,1
2015-05-06,2002-01-06,SO46153,324,25928,9,1,1
2015-05-06,2002-03-27,SO46150,336,20569,10,1,1
2015-05-06,2002-04-09,SO46147,320,19476,8,1,1
2015-05-06,2002-03-20,SO46149,311,12120,1,1,1
2015-05-07,2002-03-08,SO46155,310,12076,4,1,1
2015-05-07,2002-02-18,SO46157,345,26056,4,1,1
2015-05-07,2002-01-07,SO46158,320,25926,9,1,1
2015-05-07,2002-04-06,SO46156,314,12118,4,1,1
2015-05-07,2002-04-05,SO46159,351,11996,9,1,1
2015-05-08,2002-03-02,SO46162,313,12163,4,1,1
2015-05-08,2002-04-02,SO46163,312,12042,1,1,1
2015-05-08,2002-03-18,SO46169,313,12094,4,1,1
2015-05-08,2002-03-10,SO46168,334,25936,9,1,1
2015-05-08,2002-01-30,SO46165,310,12141,1,1,1
2015-05-08,2002-01-14,SO46167,347,11997,9,1,1
2015-05-08,2002-04-05,SO46166,313,15657,10,1,1
2015-05-08,2002-04-10,SO46164,312,12079,4,1,1
2015-05-08,2002-02-18,SO46161,311,12819,7,1,1
2015-05-08,2002-03-27,SO46160,351,11412,8,1,1
2015-05-09,2002-01-27,SO46172,310,12030,1,1,1
2015-05-09,2002-02-08,SO46175,349,12003,9,1,1
2015-05-09,2002-04-15,SO46170,312,12156,4,1,1
2015-05-09,2002-04-20,SO46174,311,20608,9,1,1
2015-05-09,2002-01-26,SO46171,310,24342,6,1,1
2015-05-09,2002-01-24,SO46173,311,20283,9,1,1
2015-05-10,2002-03-14,SO46176,349,11491,10,1,1
2015-05-10,2002-04-18,SO46177,312,12102,4,1,1
2015-05-10,2002-01-31,SO46178,334,25937,9,1,1
2015-05-11,2002-02-21,SO46180,310,12084,1,1,1
2015-05-11,2002-03-28,SO46179,313,11983,4,1,1
2015-05-11,2002-03-28,SO46181,348,12004,9,1,1
2015-05-11,2002-02-04,SO46182,346,11995,9,1,1
2015-05-12,2002-03-05,SO46183,351,28492,7,1,1
2015-05-12,2002-03-14,SO46190,312,15653,10,1,1
2015-05-12,2002-02-22,SO46185,314,15632,10,1,1
2015-05-12,2002-04-09,SO46187,313,24235,6,1,1
2015-05-12,2002-04-16,SO46189,312,20606,9,1,1
2015-05-12,2002-02-21,SO46191,310,14956,8,1,1
2015-05-12,2002-04-27,SO46188,310,20430,9,1,1
2015-05-12,2002-01-24,SO46186,310,12041,1,1,1
2015-05-13,2002-04-19,SO46202,320,25935,9,1,1
2015-05-13,2002-02-21,SO46197,347,26061,4,1,1
2015-05-13,2002-04-05,SO46200,310,20260,9,1,1
2015-05-13,2002-04-19,SO46195,314,12027,1,1,1
2015-05-13,2002-03-22,SO46199,314,20256,9,1,1
2015-05-13,2002-03-04,SO46201,314,20610,9,1,1
2015-05-13,2002-04-17,SO46203,346,11999,9,1,1
2015-05-13,2002-04-03,SO46204,348,11988,9,1,1
2015-05-13,2002-03-19,SO46194,313,11939,4,1,1
2015-05-13,2002-03-18,SO46196,310,12109,1,1,1
2015-05-13,2002-01-20,SO46192,314,12830,7,1,1
2015-05-13,2002-03-19,SO46198,344,26089,4,1,1
2015-05-13,2002-04-26,SO46193,342,18634,7,1,1
2015-05-14,2002-04-19,SO46209,312,12849,7,1,1
2015-05-14,2002-04-19,SO46207,348,26091,4,1,1
2015-05-14,2002-01-30,SO46208,311,20284,9,1,1
2015-05-14,2002-04-09,SO46206,348,20023,6,1,1
2015-05-14,2002-03-02,SO46210,313,12866,7,1,1
2015-05-14,2002-03-04,SO46205,313,12162,4,1,1
2015-05-15,2002-02-17,SO46213,314,12050,4,1,1
2015-05-15,2002-03-14,SO46216,314,20456,9,1,1
2015-05-15,2002-02-22,SO46215,310,20429,9,1,1
2015-05-15,2002-01-25,SO46212,312,12173,4,1,1
2015-05-15,2002-04-02,SO46211,328,18163,7,1,1
2015-05-15,2002-03-09,SO46217,314,20614,9,1,1
2015-05-15,2002-01-21,SO46214,311,12072,4,1,1
2015-05-16,2002-04-18,SO46219,313,24332,6,1,1
2015-05-16,2002-02-11,SO46224,328,14902,4,1,1
2015-05-16,2002-01-31,SO46218,313,12820,7,1,1
2015-05-16,2002-04-27,SO46227,351,11990,9,1,1
2015-05-16,2002-03-28,SO46226,313,13263,7,1,1
2015-05-16,2002-03-05,SO46222,336,14891,4,1,1
2015-05-16,2002-03-03,SO46225,313,20261,9,1,1
2015-05-16,2002-04-09,SO46228,349,11993,9,1,1
2015-05-16,2002-04-04,SO46223,326,14892,4,1,1
2015-05-16,2002-03-11,SO46220,313,24344,6,1,1
2015-05-16,2002-02-05,SO46221,314,23866,6,1,1
2015-05-17,2002-03-05,SO46229,344,11395,8,1,1
2015-05-17,2002-01-17,SO46234,312,12110,4,1,1
2015-05-17,2002-02-21,SO46232,311,12058,4,1,1
2015-05-17,2002-01-23,SO46230,344,11493,10,1,1
2015-05-17,2002-04-10,SO46231,310,12016,4,1,1
2015-05-17,2002-02-06,SO46233,314,23867,6,1,1
2015-05-17,2002-03-20,SO46236,350,12001,9,1,1
2015-05-17,2002-02-24,SO46235,312,12151,4,1,1
2015-05-17,2002-03-18,SO46237,312,12843,7,1,1
2015-05-18,2002-04-03,SO46240,314,23868,6,1,1
2015-05-18,2002-03-07,SO46242,314,20423,9,1,1
2015-05-18,2002-02-24,SO46244,310,13504,7,1,1
2015-05-18,2002-04-07,SO46245,314,14967,8,1,1
2015-05-18,2002-03-02,SO46239,312,14927,8,1,1
2015-05-18,2002-04-16,SO46238,311,14838,8,1,1
2015-05-18,2002-03-02,SO46243,311,20613,9,1,1
2015-05-18,2002-04-14,SO46241,345,20034,6,1,1
2015-05-19,2002-03-04,SO46248,324,14896,4,1,1
2015-05-19,2002-03-29,SO46249,347,12000,9,1,1
2015-05-19,2002-04-05,SO46250,313,14940,8,1,1
2015-05-19,2002-04-17,SO46251,350,11998,9,1,1
2015-05-19,2002-03-06,SO46247,334,14882,4,1,1
2015-05-19,2002-04-19,SO46246,314,12143,1,1,1
2015-05-20,2002-05-04,SO46256,314,15652,10,1,1
2015-05-20,2002-04-29,SO46254,310,12096,4,1,1
2015-05-20,2002-03-16,SO46252,313,14939,8,1,1
2015-05-20,2002-02-05,SO46255,312,20451,9,1,1
2015-05-20,2002-03-23,SO46253,311,12082,4,1,1
2015-05-20,2002-04-15,SO46257,346,11992,9,1,1
2015-05-21,2002-02-12,SO46262,313,20445,9,1,1
2015-05-21,2002-04-28,SO46258,313,12160,1,1,1
2015-05-21,2002-04-14,SO46260,310,12108,1,1,1
2015-05-21,2002-03-22,SO46261,348,26075,1,1,1
2015-05-21,2002-03-18,SO46263,310,12834,7,1,1
2015-05-21,2002-04-03,SO46259,313,12025,1,1,1
2015-05-22,2002-05-02,SO46264,350,28491,7,1,1
2015-05-22,2002-02-08,SO46267,314,20448,9,1,1
2015-05-22,2002-01-25,SO46265,312,11934,1,1,1
2015-05-22,2002-03-29,SO46268,311,20615,9,1,1
2015-05-22,2002-02-19,SO46266,314,20425,9,1,1
2015-05-23,2002-02-26,SO46272,311,12116,1,1,1
2015-05-23,2002-04-13,SO46276,311,20612,9,1,1
2015-05-23,2002-03-09,SO46271,313,12172,4,1,1
2015-05-23,2002-04-12,SO46275,313,20450,9,1,1
2015-05-23,2002-02-21,SO46274,350,26070,4,1,1
2015-05-23,2002-02-21,SO46270,312,24309,6,1,1
2015-05-23,2002-03-10,SO46273,351,26060,4,1,1
2015-05-24,2002-01-31,SO46277,322,19482,8,1,1
2015-05-24,2002-02-13,SO46281,347,26057,4,1,1
2015-05-24,2002-04-09,SO46278,326,19496,8,1,1
2015-05-24,2002-03-11,SO46282,345,26058,4,1,1
2015-05-24,2002-03-04,SO46279,312,12155,1,1,1
2015-05-24,2002-02-05,SO46285,346,12005,9,1,1
2015-05-24,2002-03-31,SO46280,311,12121,1,1,1
2015-05-24,2002-02-25,SO46283,351,26093,4,1,1
2015-05-25,2002-03-16,SO46289,313,12075,1,1,1
2015-05-25,2002-01-30,SO46286,338,18175,7,1,1
2015-05-25,2002-02-04,SO46290,351,26066,4,1,1
2015-05-25,2002-03-03,SO46288,311,12059,1,1,1
2015-05-25,2002-03-16,SO46292,313,20418,9,1,1
2015-05-25,2002-02-03,SO46291,313,20258,9,1,1
2015-05-25,2002-04-07,SO46293,311,14951,8,1,1
2015-05-25,2002-03-13,SO46287,312,12026,4,1,1
2015-05-25,2002-03-08,SO46294,345,11986,9,1,1
2015-05-26,2002-04-25,SO46299,314,20264,9,1,1
2015-05-26,2002-04-04,SO46300,314,20452,9,1,1
2015-05-26,2002-04-28,SO46297,313,12033,1,1,1
2015-05-26,2002-03-11,SO46298,314,12071,4,1,1
2015-05-26,2002-02-21,SO46296,314,12170,4,1,1
2015-05-27,2002-05-10,SO46304,350,12002,9,1,1
2015-05-27,2002-03-25,SO46305,311,14952,8,1,1
2015-05-27,2002-03-16,SO46302,310,12083,1,1,1
2015-05-27,2002-02-08,SO46301,313,12817,7,1,1
2015-05-27,2002-01-30,SO46303,340,25922,9,1,1
2015-05-28,2002-02-04,SO46308,310,20609,9,1,1
2015-05-28,2002-05-02,SO46309,350,11994,9,1,1
2015-05-28,2002-05-08,SO46307,314,20427,9,1,1
2015-05-28,2002-02-24,SO46310,336,25938,9,1,1
2015-05-28,2002-04-24,SO46306,311,12164,4,1,1
2015-05-29,2002-04-07,SO46311,314,12841,7,1,1
2015-05-30,2002-05-10,SO46316,351,26083,4,1,1
2015-05-30,2002-02-09,SO46314,312,12112,4,1,1
2015-05-30,2002-05-13,SO46318,312,20444,9,1,1
2015-05-30,2002-03-03,SO46315,311,12142,1,1,1
2015-05-30,2002-05-05,SO46313,313,12078,1,1,1
2015-05-30,2002-03-27,SO46312,314,12153,4,1,1
2015-05-30,2002-03-08,SO46317,334,14884,4,1,1
2015-05-31,2002-05-09,SO46319,311,12103,4,1,1
2015-05-31,2002-03-08,SO46321,330,14894,1,1,1
2015-05-31,2002-05-11,SO46320,351,26084,4,1,1
2015-06-01,2002-02-10,SO46393,314,15695,10,1,1
2015-06-01,2002-02-18,SO46391,312,20995,9,1,1
2015-06-01,2002-04-02,SO46390,313,12440,4,1,1
2015-06-01,2002-05-14,SO46392,313,13537,7,1,1
2015-06-02,2002-03-05,SO46396,311,12442,4,1,1
2015-06-02,2002-04-16,SO46405,310,20994,9,1,1
2015-06-02,2002-03-24,SO46395,346,11496,10,1,1
2015-06-02,2002-03-23,SO46398,311,20992,9,1,1
2015-06-02,2002-05-07,SO46399,314,20820,9,1,1
2015-06-02,2002-02-28,SO46402,313,20616,9,1,1
2015-06-02,2002-05-13,SO46397,328,27014,6,1,1
2015-06-02,2002-05-17,SO46400,314,20987,9,1,1
2015-06-02,2002-04-02,SO46401,310,20993,9,1,1
2015-06-02,2002-02-28,SO46403,314,14990,8,1,1
2015-06-02,2002-03-15,SO46394,314,15055,8,1,1
2015-06-02,2002-04-26,SO46404,312,15692,10,1,1
2015-06-03,2002-03-27,SO46407,342,27026,6,1,1
2015-06-03,2002-05-10,SO46406,312,12779,1,1,1
2015-06-03,2002-05-14,SO46408,351,12011,9,1,1
2015-06-04,2002-05-19,SO46413,346,20075,6,1,1
2015-06-04,2002-02-23,SO46414,338,15006,4,1,1
2015-06-04,2002-02-04,SO46411,314,24661,6,1,1
2015-06-04,2002-03-31,SO46415,310,20819,9,1,1
2015-06-04,2002-04-14,SO46412,311,24493,6,1,1
2015-06-04,2002-02-16,SO46409,313,15073,8,1,1
2015-06-05,2002-03-04,SO46418,312,20988,9,1,1
2015-06-05,2002-04-24,SO46419,344,12021,9,1,1
2015-06-05,2002-02-24,SO46420,313,13511,7,1,1
2015-06-05,2002-03-31,SO46416,313,12181,4,1,1
2015-06-05,2002-02-21,SO46421,336,25949,9,1,1
2015-06-05,2002-04-18,SO46417,314,12441,4,1,1
2015-06-06,2002-04-20,SO46426,344,26107,4,1,1
2015-06-06,2002-04-29,SO46428,311,20629,9,1,1
2015-06-06,2002-05-02,SO46424,312,12435,4,1,1
2015-06-06,2002-02-21,SO46427,350,20182,6,1,1
2015-06-06,2002-04-05,SO46425,313,24496,6,1,1
2015-06-06,2002-03-27,SO46422,311,12884,4,1,1
2015-06-06,2002-04-29,SO46423,313,12362,4,1,1
2015-06-07,2002-05-01,SO46432,342,15016,4,1,1
2015-06-07,2002-03-19,SO46429,345,11428,8,1,1
2015-06-07,2002-03-18,SO46436,347,12337,9,1,1
2015-06-07,2002-02-25,SO46433,312,20991,9,1,1
2015-06-07,2002-04-02,SO46434,313,20996,9,1,1
2015-06-07,2002-02-09,SO46431,310,12901,1,1,1
2015-06-07,2002-05-01,SO46430,314,13564,7,1,1
2015-06-07,2002-04-15,SO46435,348,12251,9,1,1
2015-06-08,2002-02-22,SO46442,314,14997,8,1,1
2015-06-08,2002-04-08,SO46441,312,15661,10,1,1
2015-06-08,2002-04-08,SO46438,313,12174,4,1,1
2015-06-08,2002-03-03,SO46439,313,20817,9,1,1
2015-06-08,2002-03-18,SO46443,314,15662,10,1,1
2015-06-08,2002-04-12,SO46440,312,20621,9,1,1
2015-06-08,2002-05-07,SO46437,313,15054,8,1,1
2015-06-08,2002-02-13,SO46444,351,12246,9,1,1
2015-06-09,2002-03-26,SO46445,312,12772,1,1,1
2015-06-09,2002-04-22,SO46448,344,12250,9,1,1
2015-06-09,2002-05-16,SO46446,312,12777,1,1,1
2015-06-09,2002-04-08,SO46447,312,20984,9,1,1
2015-06-09,2002-02-12,SO46449,345,12007,9,1,1
2015-06-10,2002-02-16,SO46456,346,12014,9,1,1
2015-06-10,2002-04-04,SO46451,310,12709,4,1,1
2015-06-10,2002-05-18,SO46453,313,20626,9,1,1
2015-06-10,2002-03-08,SO46450,314,12446,4,1,1
2015-06-10,2002-03-15,SO46452,349,26112,1,1,1
2015-06-10,2002-03-10,SO46455,314,15669,10,1,1
2015-06-10,2002-04-03,SO46454,310,20812,9,1,1
2015-06-10,2002-03-05,SO46457,324,25947,9,1,1
2015-06-11,2002-05-01,SO46460,312,12438,4,1,1
2015-06-11,2002-03-14,SO46461,311,20821,9,1,1
2015-06-11,2002-05-27,SO46459,313,12190,4,1,1
2015-06-11,2002-03-22,SO46462,345,12013,9,1,1
2015-06-11,2002-02-18,SO46458,310,12771,4,1,1
2015-06-12,2002-03-19,SO46468,311,24431,6,1,1
2015-06-12,2002-03-31,SO46472,344,12248,9,1,1
2015-06-12,2002-03-25,SO46467,314,12180,1,1,1
2015-06-12,2002-03-09,SO46463,348,11423,8,1,1
2015-06-12,2002-03-19,SO46464,310,12885,4,1,1
2015-06-12,2002-03-10,SO46473,311,14969,8,1,1
2015-06-12,2002-05-23,SO46466,311,12915,1,1,1
2015-06-12,2002-03-03,SO46470,322,14915,1,1,1
2015-06-12,2002-03-07,SO46465,311,12898,4,1,1
2015-06-12,2002-04-01,SO46469,332,19033,7,1,1
2015-06-12,2002-04-08,SO46471,310,14979,8,1,1
2015-06-12,2002-03-17,SO46474,342,25944,9,1,1
2015-06-13,2002-05-25,SO46477,346,12009,9,1,1
2015-06-13,2002-03-18,SO46476,350,26110,1,1,1
2015-06-13,2002-03-11,SO46475,322,20575,10,1,1
2015-06-13,2002-04-02,SO46478,326,25939,9,1,1
2015-06-14,2002-02-14,SO46482,346,12245,9,1,1
2015-06-14,2002-03-20,SO46480,347,26114,4,1,1
2015-06-14,2002-03-13,SO46479,310,12768,4,1,1
2015-06-14,2002-04-14,SO46481,313,20623,9,1,1
2015-06-15,2002-04-24,SO46485,313,12755,4,1,1
2015-06-15,2002-05-21,SO46487,338,14913,4,1,1
2015-06-15,2002-04-30,SO46484,312,12437,1,1,1
2015-06-15,2002-02-24,SO46488,312,20628,9,1,1
2015-06-15,2002-04-29,SO46486,332,19901,8,1,1
2015-06-15,2002-04-08,SO46483,312,12883,4,1,1
2015-06-16,2002-02-17,SO46489,313,24666,6,1,1
2015-06-16,2002-03-07,SO46490,313,12189,4,1,1
2015-06-17,2002-05-02,SO46491,314,24759,6,1,1
2015-06-17,2002-04-03,SO46495,311,20989,9,1,1
2015-06-17,2002-05-04,SO46493,328,15023,1,1,1
2015-06-17,2002-03-20,SO46494,313,20983,9,1,1
2015-06-17,2002-02-27,SO46492,312,12198,1,1,1
2015-06-17,2002-03-16,SO46496,312,20627,9,1,1
2015-06-18,2002-03-05,SO46504,342,15005,4,1,1
2015-06-18,2002-05-19,SO46503,310,12764,1,1,1
2015-06-18,2002-04-05,SO46499,310,12179,1,1,1
2015-06-18,2002-04-29,SO46501,328,19518,8,1,1
2015-06-18,2002-02-18,SO46500,314,12208,1,1,1
2015-06-18,2002-03-06,SO46506,349,12242,9,1,1
2015-06-18,2002-03-23,SO46498,313,12881,4,1,1
2015-06-18,2002-05-11,SO46497,310,13558,7,1,1
2015-06-18,2002-03-26,SO46505,347,12241,9,1,1
2015-06-18,2002-05-19,SO46507,320,25941,9,1,1
2015-06-18,2002-04-29,SO46502,328,19051,7,1,1
2015-06-19,2002-04-05,SO46519,310,15660,10,1,1
2015-06-19,2002-05-05,SO46516,351,26116,1,1,1
2015-06-19,2002-03-16,SO46513,313,24418,6,1,1
2015-06-19,2002-05-04,SO46514,342,19028,7,1,1
2015-06-19,2002-05-14,SO46517,313,20624,9,1,1
2015-06-19,2002-03-30,SO46510,311,24386,6,1,1
2015-06-19,2002-04-07,SO46515,340,19904,8,1,1
2015-06-19,2002-05-29,SO46509,310,12886,4,1,1
2015-06-19,2002-03-26,SO46520,312,24491,6,1,1
2015-06-19,2002-04-09,SO46518,314,20814,9,1,1
2015-06-19,2002-04-21,SO46512,311,12209,4,1,1
2015-06-19,2002-02-26,SO46511,313,24392,6,1,1
2015-06-19,2002-05-25,SO46508,349,28504,7,1,1
2015-06-20,2002-05-06,SO46523,313,12756,4,1,1
2015-06-20,2002-03-13,SO46521,310,12770,4,1,1
2015-06-20,2002-05-28,SO46525,314,20816,9,1,1
2015-06-20,2002-03-05,SO46522,312,12882,4,1,1
2015-06-20,2002-05-09,SO46527,334,25940,9,1,1
2015-06-20,2002-03-22,SO46526,347,12253,9,1,1
2015-06-20,2002-04-18,SO46524,351,26111,4,1,1
2015-06-21,2002-02-27,SO46536,311,13556,7,1,1
2015-06-21,2002-04-27,SO46532,338,19041,7,1,1
2015-06-21,2002-03-18,SO46530,313,24671,6,1,1
2015-06-21,2002-05-21,SO46533,348,26106,4,1,1
2015-06-21,2002-03-06,SO46529,314,12784,1,1,1
2015-06-21,2002-02-23,SO46528,311,15063,8,1,1
2015-06-21,2002-04-15,SO46531,310,12423,1,1,1
2015-06-21,2002-03-12,SO46535,310,20815,9,1,1
2015-06-21,2002-06-06,SO46534,312,20620,9,1,1
2015-06-22,2002-05-25,SO46541,310,20617,9,1,1
2015-06-22,2002-05-19,SO46537,344,11427,8,1,1
2015-06-22,2002-04-04,SO46538,310,12774,4,1,1
2015-06-22,2002-04-26,SO46539,314,12200,4,1,1
2015-06-22,2002-05-26,SO46540,314,20822,9,1,1
2015-06-23,2002-06-02,SO46552,328,15017,4,1,1
2015-06-23,2002-05-21,SO46551,330,14914,4,1,1
2015-06-23,2002-04-23,SO46553,312,20985,9,1,1
2015-06-23,2002-05-12,SO46542,347,11431,8,1,1
2015-06-23,2002-06-06,SO46556,326,25948,9,1,1
2015-06-23,2002-05-07,SO46543,345,11549,10,1,1
2015-06-23,2002-05-17,SO46546,310,12780,1,1,1
2015-06-23,2002-02-28,SO46544,311,12766,1,1,1
2015-06-23,2002-02-25,SO46545,310,24646,6,1,1
2015-06-23,2002-03-02,SO46555,351,12010,9,1,1
2015-06-23,2002-03-02,SO46554,313,20990,9,1,1
2015-06-23,2002-03-31,SO46548,310,12418,1,1,1
2015-06-23,2002-03-24,SO46550,350,26097,4,1,1
2015-06-23,2002-04-07,SO46549,313,12452,1,1,1
2015-06-23,2002-05-21,SO46547,313,12917,1,1,1
2015-06-24,2002-06-09,SO46563,320,25945,9,1,1
2015-06-24,2002-04-14,SO46558,314,12184,1,1,1
2015-06-24,2002-05-07,SO46562,311,14978,8,1,1
2015-06-24,2002-05-12,SO46559,310,12762,4,1,1
2015-06-24,2002-04-07,SO46560,344,26096,4,1,1
2015-06-24,2002-03-04,SO46561,312,20625,9,1,1
2015-06-24,2002-03-20,SO46557,310,12904,4,1,1
2015-06-25,2002-03-26,SO46568,312,12761,1,1,1
2015-06-25,2002-03-24,SO46567,313,12707,1,1,1
2015-06-25,2002-05-28,SO46566,311,12789,4,1,1
2015-06-25,2002-05-08,SO46565,311,12769,1,1,1
2015-06-26,2002-06-03,SO46570,313,13536,7,1,1
2015-06-26,2002-03-27,SO46569,312,12450,4,1,1
2015-06-26,2002-03-31,SO46571,313,15668,10,1,1
2015-06-26,2002-02-27,SO46574,348,12243,9,1,1
2015-06-26,2002-03-10,SO46575,351,12338,9,1,1
2015-06-26,2002-03-16,SO46573,314,13555,7,1,1
2015-06-26,2002-03-08,SO46572,314,13552,7,1,1
2015-06-27,2002-04-21,SO46576,310,24757,6,1,1
2015-06-27,2002-02-27,SO46581,314,12188,4,1,1
2015-06-27,2002-05-16,SO46577,311,12913,1,1,1
2015-06-27,2002-04-18,SO46579,311,12186,4,1,1
2015-06-27,2002-06-11,SO46578,314,12178,1,1,1
2015-06-27,2002-05-14,SO46583,310,20622,9,1,1
2015-06-27,2002-04-04,SO46584,348,12252,9,1,1
2015-06-27,2002-03-20,SO46580,310,12187,4,1,1
2015-06-27,2002-05-23,SO46582,314,12207,1,1,1
2015-06-28,2002-04-16,SO46589,326,25946,9,1,1
2015-06-28,2002-06-04,SO46588,351,20035,6,1,1
2015-06-28,2002-04-07,SO46586,313,12364,1,1,1
2015-06-28,2002-05-05,SO46587,314,12448,1,1,1
2015-06-28,2002-04-02,SO46585,314,15050,8,1,1
2015-06-29,2002-03-16,SO46593,314,12912,1,1,1
2015-06-29,2002-03-15,SO46592,313,24664,6,1,1
2015-06-29,2002-03-08,SO46595,312,15691,10,1,1
2015-06-29,2002-05-10,SO46596,349,12037,9,1,1
2015-06-29,2002-04-08,SO46594,314,20818,9,1,1
2015-06-29,2002-03-19,SO46597,348,12039,9,1,1
2015-06-29,2002-04-19,SO46591,310,12773,1,1,1
2015-06-29,2002-03-21,SO46590,312,24501,6,1,1
2015-06-30,2002-05-11,SO46603,345,12240,9,1,1
2015-06-30,2002-05-23,SO46601,345,26098,4,1,1
2015-06-30,2002-04-11,SO46598,311,15080,8,1,1
2015-06-30,2002-03-23,SO46600,334,19027,7,1,1
2015-06-30,2002-06-04,SO46599,310,12206,4,1,1
2015-06-30,2002-03-23,SO46602,312,20823,9,1,1
2015-07-01,2002-05-03,SO46677,371,15460,8,1,1
2015-07-01,2002-05-16,SO46679,373,13062,1,1,1
2015-07-01,2002-04-23,SO46683,354,12571,9,1,1
2015-07-01,2002-05-09,SO46681,362,12349,9,1,1
2015-07-01,2002-04-18,SO46676,385,18047,8,1,1
2015-07-01,2002-03-10,SO46682,358,12355,9,1,1
2015-07-01,2002-03-05,SO46680,371,21193,9,1,1
2015-07-01,2002-03-12,SO46678,330,19930,8,1,1
2015-07-02,2002-03-28,SO46685,377,12947,4,1,1
2015-07-02,2002-04-15,SO46684,381,18125,8,1,1
2015-07-02,2002-04-19,SO46686,324,20577,10,1,1
2015-07-03,2002-04-05,SO46687,379,15457,8,1,1
2015-07-03,2002-03-17,SO46695,358,20208,6,1,1
2015-07-03,2002-03-24,SO46692,369,13208,4,1,1
2015-07-03,2002-03-16,SO46697,371,21173,9,1,1
2015-07-03,2002-04-06,SO46693,373,13210,4,1,1
2015-07-03,2002-05-21,SO46694,373,13220,4,1,1
2015-07-03,2002-03-06,SO46689,369,13032,4,1,1
2015-07-03,2002-06-17,SO46699,328,25961,9,1,1
2015-07-03,2002-05-02,SO46698,377,21206,9,1,1
2015-07-03,2002-05-23,SO46696,370,21166,9,1,1
2015-07-03,2002-03-31,SO46690,368,13039,4,1,1
2015-07-03,2002-05-07,SO46688,369,12929,1,1,1
2015-07-03,2002-05-15,SO46691,368,13142,4,1,1
2015-07-04,2002-06-06,SO46708,377,21200,9,1,1
2015-07-04,2002-03-10,SO46706,352,20186,6,1,1
2015-07-04,2002-05-28,SO46705,370,13085,1,1,1
2015-07-04,2002-05-06,SO46701,375,15114,8,1,1
2015-07-04,2002-03-13,SO46707,336,15199,4,1,1
2015-07-04,2002-03-26,SO46703,336,20576,10,1,1
2015-07-04,2002-03-14,SO46700,381,16942,7,1,1
2015-07-04,2002-03-08,SO46704,370,13059,4,1,1
2015-07-04,2002-05-12,SO46702,369,15116,8,1,1
2015-07-05,2002-03-26,SO46716,375,25046,6,1,1
2015-07-05,2002-06-12,SO46709,387,19172,10,1,1
2015-07-05,2002-06-03,SO46718,360,12570,9,1,1
2015-07-05,2002-03-16,SO46710,356,11484,8,1,1
2015-07-05,2002-06-11,SO46711,369,13592,7,1,1
2015-07-05,2002-05-06,SO46712,373,13779,7,1,1
2015-07-05,2002-03-13,SO46714,368,13093,1,1,1
2015-07-05,2002-05-29,SO46713,371,24778,6,1,1
2015-07-05,2002-04-27,SO46715,375,24976,6,1,1
2015-07-05,2002-04-16,SO46717,368,25048,6,1,1
2015-07-06,2002-04-26,SO46720,371,13667,7,1,1
2015-07-06,2002-06-02,SO46723,368,12918,4,1,1
2015-07-06,2002-04-12,SO46726,373,20999,9,1,1
2015-07-06,2002-03-24,SO46727,370,21002,9,1,1
2015-07-06,2002-03-30,SO46719,362,11604,10,1,1
2015-07-06,2002-06-08,SO46728,358,12354,9,1,1
2015-07-06,2002-05-02,SO46722,385,17095,7,1,1
2015-07-06,2002-05-22,SO46729,320,26019,9,1,1
2015-07-06,2002-05-26,SO46721,370,16046,10,1,1
2015-07-06,2002-06-21,SO46725,369,21191,9,1,1
2015-07-07,2002-04-28,SO46730,379,15100,8,1,1
2015-07-07,2002-04-30,SO46733,375,24781,6,1,1
2015-07-07,2002-06-09,SO46734,375,13060,4,1,1
2015-07-07,2002-03-22,SO46732,385,13992,4,1,1
2015-07-07,2002-04-04,SO46735,371,13226,1,1,1
2015-07-07,2002-04-22,SO46736,360,12341,9,1,1
2015-07-07,2002-06-22,SO46731,371,15101,8,1,1
2015-07-07,2002-05-27,SO46738,362,12576,9,1,1
2015-07-07,2002-05-13,SO46737,354,12346,9,1,1
2015-07-08,2002-06-14,SO46743,373,21183,9,1,1
2015-07-08,2002-05-23,SO46741,370,28766,6,1,1
2015-07-08,2002-05-21,SO46739,373,15699,10,1,1
2015-07-08,2002-03-26,SO46740,379,12980,1,1,1
2015-07-08,2002-04-25,SO46742,358,20206,6,1,1
2015-07-08,2002-06-05,SO46744,370,21199,9,1,1
2015-07-09,2002-05-19,SO46746,368,13057,4,1,1
2015-07-09,2002-04-11,SO46749,354,12350,9,1,1
2015-07-09,2002-05-31,SO46745,369,13056,1,1,1
2015-07-09,2002-04-29,SO46748,360,26252,4,1,1
2015-07-09,2002-04-06,SO46747,360,26127,1,1,1
2015-07-10,2002-06-04,SO46754,320,25958,9,1,1
2015-07-10,2002-04-07,SO46755,342,26023,9,1,1
2015-07-10,2002-05-24,SO46752,342,19931,8,1,1
2015-07-10,2002-04-26,SO46750,377,16054,10,1,1
2015-07-10,2002-03-22,SO46751,377,12934,4,1,1
2015-07-10,2002-06-01,SO46753,379,21215,9,1,1
2015-07-10,2002-04-20,SO46756,383,13993,4,1,1
2015-07-11,2002-03-21,SO46765,332,15191,4,1,1
2015-07-11,2002-04-22,SO46768,338,26020,9,1,1
2015-07-11,2002-06-24,SO46760,387,13986,4,1,1
2015-07-11,2002-05-19,SO46761,324,19924,8,1,1
2015-07-11,2002-05-31,SO46759,373,16033,10,1,1
2015-07-11,2002-05-13,SO46767,362,12573,9,1,1
2015-07-11,2002-05-25,SO46757,354,26174,1,1,1
2015-07-11,2002-05-25,SO46762,368,13063,1,1,1
2015-07-11,2002-03-19,SO46764,360,26238,4,1,1
2015-07-11,2002-05-29,SO46758,387,18130,8,1,1
2015-07-11,2002-05-20,SO46766,369,21216,9,1,1
2015-07-11,2002-05-13,SO46763,375,13202,4,1,1
2015-07-12,2002-04-10,SO46771,377,13068,4,1,1
2015-07-12,2002-04-29,SO46770,370,15357,8,1,1
2015-07-12,2002-04-24,SO46773,371,13173,1,1,1
2015-07-12,2002-06-08,SO46774,375,13225,4,1,1
2015-07-12,2002-03-22,SO46772,375,13161,1,1,1
2015-07-12,2002-05-05,SO46776,360,12356,9,1,1
2015-07-12,2002-06-21,SO46769,377,15702,10,1,1
2015-07-13,2002-06-16,SO46777,356,11568,10,1,1
2015-07-13,2002-06-25,SO46778,352,11610,10,1,1
2015-07-13,2002-03-20,SO46786,354,26201,4,1,1
2015-07-13,2002-06-21,SO46787,332,15195,4,1,1
2015-07-13,2002-03-29,SO46785,373,13190,4,1,1
2015-07-13,2002-03-30,SO46779,377,15929,10,1,1
2015-07-13,2002-04-21,SO46782,371,12975,4,1,1
2015-07-13,2002-06-03,SO46784,375,13178,1,1,1
2015-07-13,2002-04-30,SO46780,379,12942,4,1,1
2015-07-13,2002-05-09,SO46781,379,12949,1,1,1
2015-07-13,2002-04-21,SO46788,358,12342,9,1,1
2015-07-13,2002-04-28,SO46783,336,19069,7,1,1
2015-07-14,2002-06-09,SO46798,368,21201,9,1,1
2015-07-14,2002-05-21,SO46791,369,13016,1,1,1
2015-07-14,2002-03-31,SO46795,362,26234,4,1,1
2015-07-14,2002-04-28,SO46793,375,13214,1,1,1
2015-07-14,2002-05-28,SO46790,379,12930,1,1,1
2015-07-14,2002-05-12,SO46792,373,13083,1,1,1
2015-07-14,2002-05-10,SO46797,371,21197,9,1,1
2015-07-14,2002-06-26,SO46794,373,24977,6,1,1
2015-07-14,2002-06-01,SO46796,360,26247,4,1,1
2015-07-15,2002-06-12,SO46801,368,25094,6,1,1
2015-07-15,2002-06-30,SO46800,370,13019,4,1,1
2015-07-15,2002-03-23,SO46802,336,15188,1,1,1
2015-07-15,2002-06-20,SO46799,371,13662,7,1,1
2015-07-16,2002-06-18,SO46807,354,12339,9,1,1
2015-07-16,2002-05-09,SO46803,379,13595,7,1,1
2015-07-16,2002-04-17,SO46804,322,19052,7,1,1
2015-07-16,2002-06-21,SO46805,373,13055,1,1,1
2015-07-16,2002-05-12,SO46806,370,21195,9,1,1
2015-07-16,2002-06-22,SO46808,360,12347,9,1,1
2015-07-17,2002-05-29,SO46812,371,13069,1,1,1
2015-07-17,2002-07-02,SO46816,370,13230,1,1,1
2015-07-17,2002-05-24,SO46819,368,21001,9,1,1
2015-07-17,2002-05-18,SO46813,379,13152,4,1,1
2015-07-17,2002-07-01,SO46809,371,13766,7,1,1
2015-07-17,2002-06-12,SO46818,369,21211,9,1,1
2015-07-17,2002-06-02,SO46817,356,26121,4,1,1
2015-07-17,2002-04-06,SO46815,375,25093,6,1,1
2015-07-17,2002-05-30,SO46811,369,12941,1,1,1
2015-07-17,2002-04-23,SO46814,371,13165,4,1,1
2015-07-17,2002-04-27,SO46810,370,15622,8,1,1
2015-07-18,2002-04-11,SO46821,377,24824,6,1,1
2015-07-18,2002-06-19,SO46825,354,12574,9,1,1
2015-07-18,2002-05-01,SO46820,352,28510,7,1,1
2015-07-18,2002-05-11,SO46826,360,12575,9,1,1
2015-07-18,2002-04-21,SO46822,324,15155,4,1,1
2015-07-18,2002-06-02,SO46824,385,24608,9,1,1
2015-07-18,2002-04-22,SO46823,322,15193,4,1,1
2015-07-19,2002-05-10,SO46827,373,13799,7,1,1
2015-07-19,2002-06-29,SO46831,369,13066,1,1,1
2015-07-19,2002-06-20,SO46834,379,12923,4,1,1
2015-07-19,2002-04-06,SO46829,369,24786,6,1,1
2015-07-19,2002-04-15,SO46832,352,20188,6,1,1
2015-07-19,2002-04-06,SO46830,336,19910,8,1,1
2015-07-19,2002-05-13,SO46828,385,13990,1,1,1
2015-07-20,2002-06-05,SO46837,381,14003,1,1,1
2015-07-20,2002-04-08,SO46836,377,13769,7,1,1
2015-07-20,2002-04-02,SO46843,375,21168,9,1,1
2015-07-20,2002-06-14,SO46841,371,13174,1,1,1
2015-07-20,2002-05-06,SO46844,358,12343,9,1,1
2015-07-20,2002-05-31,SO46842,320,15166,4,1,1
2015-07-20,2002-06-29,SO46840,369,13058,4,1,1
2015-07-20,2002-06-14,SO46835,371,13768,7,1,1
2015-07-20,2002-04-28,SO46839,375,24817,6,1,1
2015-07-21,2002-04-23,SO46846,373,13575,7,1,1
2015-07-21,2002-05-29,SO46851,360,20209,6,1,1
2015-07-21,2002-04-07,SO46849,370,24960,6,1,1
2015-07-21,2002-04-09,SO46852,332,15194,4,1,1
2015-07-21,2002-05-25,SO46845,358,11603,10,1,1
2015-07-21,2002-03-27,SO46847,371,13793,7,1,1
2015-07-21,2002-06-14,SO46854,375,20997,9,1,1
2015-07-21,2002-04-19,SO46850,370,13221,4,1,1
2015-07-21,2002-07-03,SO46853,368,21192,9,1,1
2015-07-21,2002-05-02,SO46848,371,16201,10,1,1
2015-07-22,2002-03-27,SO46861,377,21214,9,1,1
2015-07-22,2002-05-05,SO46857,371,13064,1,1,1
2015-07-22,2002-07-03,SO46855,379,15117,8,1,1
2015-07-22,2002-07-07,SO46859,370,13205,4,1,1
2015-07-22,2002-05-08,SO46860,371,21180,9,1,1
2015-07-22,2002-05-02,SO46858,370,13067,1,1,1
2015-07-22,2002-06-24,SO46856,370,12935,4,1,1
2015-07-23,2002-05-10,SO46862,362,11550,10,1,1
2015-07-23,2002-05-16,SO46865,375,15456,8,1,1
2015-07-23,2002-06-29,SO46864,373,16045,10,1,1
2015-07-23,2002-05-08,SO46868,369,13189,4,1,1
2015-07-23,2002-06-16,SO46863,362,11575,10,1,1
2015-07-23,2002-06-01,SO46867,377,13029,1,1,1
2015-07-23,2002-06-23,SO46866,369,12981,4,1,1
2015-07-24,2002-07-03,SO46874,381,24606,9,1,1
2015-07-24,2002-05-13,SO46870,368,13605,7,1,1
2015-07-24,2002-06-18,SO46873,377,21167,9,1,1
2015-07-24,2002-04-15,SO46871,370,13800,7,1,1
2015-07-24,2002-06-30,SO46869,379,13577,7,1,1
2015-07-25,2002-05-04,SO46876,375,15084,8,1,1
2015-07-25,2002-04-26,SO46881,354,12572,9,1,1
2015-07-25,2002-06-08,SO46879,379,13224,1,1,1
2015-07-25,2002-05-16,SO46883,352,26241,4,1,1
2015-07-25,2002-07-03,SO46875,362,11470,8,1,1
2015-07-25,2002-05-13,SO46878,369,25061,6,1,1
2015-07-25,2002-05-21,SO46877,370,12926,4,1,1
2015-07-25,2002-05-19,SO46880,334,15167,1,1,1
2015-07-25,2002-04-01,SO46882,342,25960,9,1,1
2015-07-26,2002-05-12,SO46885,373,15933,10,1,1
2015-07-26,2002-07-08,SO46886,377,28669,6,1,1
2015-07-26,2002-06-08,SO46888,324,26021,9,1,1
2015-07-26,2002-05-24,SO46887,362,12340,9,1,1
2015-07-26,2002-06-07,SO46884,368,13565,7,1,1
2015-07-27,2002-05-19,SO46895,354,26183,4,1,1
2015-07-27,2002-04-23,SO46892,370,13086,1,1,1
2015-07-27,2002-05-04,SO46898,369,21205,9,1,1
2015-07-27,2002-04-28,SO46897,368,21179,9,1,1
2015-07-27,2002-07-08,SO46891,324,20592,10,1,1
2015-07-27,2002-06-16,SO46896,332,15189,1,1,1
2015-07-27,2002-07-08,SO46889,383,19173,10,1,1
2015-07-27,2002-05-25,SO46894,356,26120,4,1,1
2015-07-27,2002-04-29,SO46893,369,28659,6,1,1
2015-07-27,2002-05-05,SO46890,368,12921,4,1,1
2015-07-28,2002-04-08,SO46899,381,13999,4,1,1
2015-07-28,2002-04-09,SO46902,375,21000,9,1,1
2015-07-28,2002-04-06,SO46903,354,12353,9,1,1
2015-07-28,2002-06-21,SO46901,375,21203,9,1,1
2015-07-28,2002-04-12,SO46900,375,21194,9,1,1
2015-07-29,2002-06-17,SO46908,370,21189,9,1,1
2015-07-29,2002-04-07,SO46909,379,20998,9,1,1
2015-07-29,2002-06-06,SO46905,375,16053,10,1,1
2015-07-29,2002-06-09,SO46907,368,13087,1,1,1
2015-07-29,2002-06-09,SO46904,387,17080,7,1,1
2015-07-29,2002-05-18,SO46906,368,12950,1,1,1
2015-07-30,2002-06-01,SO46910,330,20710,10,1,1
2015-07-30,2002-05-11,SO46914,356,26245,4,1,1
2015-07-30,2002-07-05,SO46919,362,11481,8,1,1
2015-07-30,2002-07-06,SO46915,362,26276,1,1,1
2015-07-30,2002-05-14,SO46916,328,15196,4,1,1
2015-07-30,2002-04-28,SO46918,342,26022,9,1,1
2015-07-30,2002-05-29,SO46913,375,13212,4,1,1
2015-07-30,2002-05-05,SO46911,377,24832,6,1,1
2015-07-30,2002-04-02,SO46912,377,13177,1,1,1
2015-07-30,2002-05-10,SO46917,371,21202,9,1,1
2015-07-31,2002-05-29,SO46924,375,13203,1,1,1
2015-07-31,2002-06-30,SO46920,362,11609,10,1,1
2015-07-31,2002-06-09,SO46921,371,15454,8,1,1
2015-07-31,2002-04-10,SO46927,362,12348,9,1,1
2015-07-31,2002-04-03,SO46923,369,13176,4,1,1
2015-07-31,2002-06-14,SO46928,356,12358,9,1,1
2015-07-31,2002-06-04,SO46922,368,13088,1,1,1
2015-07-31,2002-04-25,SO46926,377,21169,9,1,1
2015-07-31,2002-04-16,SO46925,373,21165,9,1,1
2015-08-01,2002-05-10,SO47074,362,26293,1,1,1
2015-08-01,2002-05-07,SO47069,383,14017,4,1,1
2015-08-01,2002-04-20,SO47068,370,13246,4,1,1
2015-08-01,2002-05-15,SO47071,369,15667,8,1,1
2015-08-01,2002-04-21,SO47075,360,12685,9,1,1
2015-08-01,2002-04-06,SO47073,369,25287,6,1,1
2015-08-01,2002-05-19,SO47070,387,14025,1,1,1
2015-08-01,2002-04-21,SO47072,340,20062,8,1,1
2015-08-01,2002-06-15,SO47076,362,12588,9,1,1
2015-08-02,2002-04-19,SO47084,370,21561,9,1,1
2015-08-02,2002-06-18,SO47082,322,15254,5,1,1
2015-08-02,2002-04-21,SO47081,340,15203,4,1,1
2015-08-02,2002-04-09,SO47079,375,13359,4,1,1
2015-08-02,2002-05-11,SO47078,375,13248,1,1,1
2015-08-02,2002-05-30,SO47080,360,26302,4,1,1
2015-08-02,2002-05-28,SO47077,369,16329,10,1,1
2015-08-02,2002-05-12,SO47083,328,15288,4,1,1
2015-08-03,2002-04-19,SO47085,379,16311,10,1,1
2015-08-03,2002-06-29,SO47090,377,21394,9,1,1
2015-08-03,2002-06-16,SO47089,340,15284,4,1,1
2015-08-03,2002-04-16,SO47088,369,13274,1,1,1
2015-08-03,2002-07-15,SO47087,377,13383,1,1,1
2015-08-04,2002-07-18,SO47095,370,25095,6,1,1
2015-08-04,2002-05-11,SO47092,369,28802,6,1,1
2015-08-04,2002-04-14,SO47099,324,26134,9,1,1
2015-08-04,2002-05-01,SO47097,370,21257,9,1,1
2015-08-04,2002-05-29,SO47094,377,15664,8,1,1
2015-08-04,2002-06-28,SO47093,369,13380,4,1,1
2015-08-04,2002-05-01,SO47098,360,12667,9,1,1
2015-08-04,2002-05-06,SO47091,354,28532,7,1,1
2015-08-05,2002-07-18,SO47105,371,13319,1,1,1
2015-08-05,2002-06-29,SO47101,371,16260,10,1,1
2015-08-05,2002-05-02,SO47106,369,25361,6,1,1
2015-08-05,2002-07-14,SO47102,370,13424,1,1,1
2015-08-05,2002-04-12,SO47100,360,11612,10,1,1
2015-08-05,2002-07-20,SO47103,368,13369,1,1,1
2015-08-05,2002-04-12,SO47104,379,13279,4,1,1
2015-08-06,2002-06-17,SO47112,356,20318,6,1,1
2015-08-06,2002-06-15,SO47115,370,21393,9,1,1
2015-08-06,2002-07-07,SO47107,352,11616,10,1,1
2015-08-06,2002-04-24,SO47113,342,15255,4,1,1
2015-08-06,2002-05-09,SO47109,375,28819,6,1,1
2015-08-06,2002-05-23,SO47118,362,28541,7,1,1
2015-08-06,2002-05-29,SO47117,354,12586,9,1,1
2015-08-06,2002-07-10,SO47111,369,25100,6,1,1
2015-08-06,2002-05-30,SO47108,369,13839,7,1,1
2015-08-06,2002-07-18,SO47110,370,28850,6,1,1
2015-08-06,2002-05-25,SO47114,373,21387,9,1,1
2015-08-06,2002-04-27,SO47116,387,24611,9,1,1
2015-08-07,2002-04-20,SO47127,371,21258,9,1,1
2015-08-07,2002-06-26,SO47126,371,13326,4,1,1
2015-08-07,2002-07-03,SO47120,381,14006,4,1,1
2015-08-07,2002-05-24,SO47129,352,12677,9,1,1
2015-08-07,2002-04-27,SO47119,368,16275,10,1,1
2015-08-07,2002-06-13,SO47122,371,13362,4,1,1
2015-08-07,2002-05-25,SO47128,368,21556,9,1,1
2015-08-07,2002-04-25,SO47121,375,28832,6,1,1
2015-08-07,2002-06-27,SO47123,371,25408,6,1,1
2015-08-07,2002-06-09,SO47125,375,13325,4,1,1
2015-08-07,2002-05-27,SO47124,371,13384,1,1,1
2015-08-08,2002-04-15,SO47131,371,13243,1,1,1
2015-08-08,2002-06-29,SO47133,379,13357,4,1,1
2015-08-08,2002-05-22,SO47130,375,16406,10,1,1
2015-08-08,2002-05-01,SO47132,375,13283,1,1,1
2015-08-08,2002-07-13,SO47134,354,26296,1,1,1
2015-08-08,2002-05-04,SO47136,379,21389,9,1,1
2015-08-08,2002-07-10,SO47135,342,27027,6,1,1
2015-08-08,2002-05-27,SO47137,371,13348,4,1,1
2015-08-09,2002-05-23,SO47142,369,21230,9,1,1
2015-08-09,2002-05-04,SO47144,342,26033,9,1,1
2015-08-09,2002-07-09,SO47139,375,13238,4,1,1
2015-08-09,2002-04-15,SO47145,338,26131,9,1,1
2015-08-09,2002-06-20,SO47141,371,21225,9,1,1
2015-08-09,2002-07-17,SO47140,356,26290,4,1,1
2015-08-09,2002-05-06,SO47143,362,12684,9,1,1
2015-08-09,2002-05-29,SO47138,379,16308,10,1,1
2015-08-10,2002-06-26,SO47148,377,21259,9,1,1
2015-08-10,2002-07-23,SO47147,375,13324,4,1,1
2015-08-10,2002-04-21,SO47149,360,12669,9,1,1
2015-08-10,2002-06-26,SO47146,389,18133,8,1,1
2015-08-11,2002-06-19,SO47151,370,25363,6,1,1
2015-08-11,2002-06-28,SO47152,360,28547,7,1,1
2015-08-11,2002-05-30,SO47150,370,15625,8,1,1
2015-08-11,2002-06-08,SO47154,334,26133,9,1,1
2015-08-11,2002-06-28,SO47153,320,26024,9,1,1
2015-08-12,2002-07-22,SO47163,362,12671,9,1,1
2015-08-12,2002-07-15,SO47162,371,21418,9,1,1
2015-08-12,2002-04-14,SO47159,362,26300,4,1,1
2015-08-12,2002-05-12,SO47161,375,21408,9,1,1
2015-08-12,2002-07-28,SO47155,370,13801,7,1,1
2015-08-12,2002-05-30,SO47158,360,26280,4,1,1
2015-08-12,2002-05-06,SO47160,369,21403,9,1,1
2015-08-12,2002-06-24,SO47157,369,25864,6,1,1
2015-08-12,2002-04-16,SO47156,373,28837,6,1,1
2015-08-13,2002-04-17,SO47174,354,12584,9,1,1
2015-08-13,2002-07-20,SO47170,377,21228,9,1,1
2015-08-13,2002-06-10,SO47166,368,15656,8,1,1
2015-08-13,2002-04-26,SO47171,373,21552,9,1,1
2015-08-13,2002-05-19,SO47168,377,13286,1,1,1
2015-08-13,2002-06-02,SO47173,356,12675,9,1,1
2015-08-13,2002-07-15,SO47169,352,26281,4,1,1
2015-08-13,2002-07-19,SO47175,368,13812,7,1,1
2015-08-13,2002-06-18,SO47167,375,13419,1,1,1
2015-08-13,2002-05-29,SO47165,370,15649,8,1,1
2015-08-13,2002-06-07,SO47172,352,12668,9,1,1
2015-08-13,2002-04-29,SO47164,360,12123,10,1,1
2015-08-14,2002-07-06,SO47180,370,13287,4,1,1
2015-08-14,2002-06-10,SO47184,379,21380,9,1,1
2015-08-14,2002-07-13,SO47178,383,14026,1,1,1
2015-08-14,2002-07-29,SO47185,356,12133,10,1,1
2015-08-14,2002-06-26,SO47181,368,13329,4,1,1
2015-08-14,2002-04-25,SO47182,354,26298,1,1,1
2015-08-14,2002-07-30,SO47179,377,28848,6,1,1
2015-08-14,2002-04-18,SO47183,334,15200,4,1,1
2015-08-14,2002-06-07,SO47177,381,14022,1,1,1
2015-08-14,2002-06-23,SO47176,358,11492,8,1,1
2015-08-15,2002-05-01,SO47186,371,13806,7,1,1
2015-08-15,2002-06-26,SO47189,373,28818,6,1,1
2015-08-15,2002-05-03,SO47196,362,26286,4,1,1
2015-08-15,2002-06-11,SO47188,389,19253,10,1,1
2015-08-15,2002-05-05,SO47195,371,13355,1,1,1
2015-08-15,2002-04-24,SO47193,328,20162,8,1,1
2015-08-15,2002-05-09,SO47192,371,16328,10,1,1
2015-08-15,2002-06-25,SO47187,385,18134,8,1,1
2015-08-15,2002-06-05,SO47194,377,13269,1,1,1
2015-08-15,2002-06-12,SO47191,379,13382,4,1,1
2015-08-15,2002-07-01,SO47190,369,25892,6,1,1
2015-08-15,2002-04-25,SO47197,377,21218,9,1,1
2015-08-16,2002-05-13,SO47198,370,14169,7,1,1
2015-08-16,2002-05-23,SO47201,356,26277,1,1,1
2015-08-16,2002-06-07,SO47202,356,26285,1,1,1
2015-08-16,2002-07-03,SO47199,322,20051,8,1,1
2015-08-16,2002-05-08,SO47200,373,13247,4,1,1
2015-08-17,2002-06-04,SO47212,360,12580,9,1,1
2015-08-17,2002-06-20,SO47209,370,21379,9,1,1
2015-08-17,2002-05-09,SO47206,332,15256,4,1,1
2015-08-17,2002-06-09,SO47207,336,27043,6,1,1
2015-08-17,2002-04-30,SO47211,362,12578,9,1,1
2015-08-17,2002-04-28,SO47205,352,26301,4,1,1
2015-08-17,2002-05-08,SO47210,389,24609,9,1,1
2015-08-17,2002-07-28,SO47208,369,21359,9,1,1
2015-08-17,2002-05-31,SO47203,370,25883,6,1,1
2015-08-17,2002-05-29,SO47204,377,25371,6,1,1
2015-08-18,2002-07-17,SO47214,389,19195,10,1,1
2015-08-18,2002-05-27,SO47219,362,12577,9,1,1
2015-08-18,2002-07-09,SO47217,375,21222,9,1,1
2015-08-18,2002-07-23,SO47213,377,16287,10,1,1
2015-08-18,2002-07-13,SO47215,368,28836,6,1,1
2015-08-18,2002-06-29,SO47220,358,12579,9,1,1
2015-08-18,2002-05-11,SO47218,369,21361,9,1,1
2015-08-18,2002-06-24,SO47216,360,26299,1,1,1
2015-08-19,2002-07-08,SO47224,369,15659,8,1,1
2015-08-19,2002-06-11,SO47228,375,13237,4,1,1
2015-08-19,2002-06-08,SO47223,370,25875,6,1,1
2015-08-19,2002-06-08,SO47226,368,13314,4,1,1
2015-08-19,2002-07-12,SO47227,375,25288,6,1,1
2015-08-19,2002-07-05,SO47231,362,11564,8,1,1
2015-08-19,2002-07-29,SO47221,370,13823,7,1,1
2015-08-19,2002-04-28,SO47230,371,21256,9,1,1
2015-08-19,2002-05-17,SO47225,375,13277,1,1,1
2015-08-19,2002-06-30,SO47222,381,26316,6,1,1
2015-08-19,2002-05-01,SO47229,358,26295,1,1,1
2015-08-20,2002-07-02,SO47238,370,16405,10,1,1
2015-08-20,2002-08-01,SO47236,385,14023,4,1,1
2015-08-20,2002-06-21,SO47233,379,16250,10,1,1
2015-08-20,2002-05-15,SO47243,338,20712,10,1,1
2015-08-20,2002-06-25,SO47240,381,24612,9,1,1
2015-08-20,2002-05-23,SO47235,375,16317,10,1,1
2015-08-20,2002-04-24,SO47234,389,19260,10,1,1
2015-08-20,2002-07-11,SO47242,362,28540,7,1,1
2015-08-20,2002-05-23,SO47237,368,28834,6,1,1
2015-08-20,2002-04-27,SO47241,368,21559,9,1,1
2015-08-20,2002-07-27,SO47239,371,21384,9,1,1
2015-08-20,2002-05-24,SO47232,373,15627,8,1,1
2015-08-21,2002-08-02,SO47250,379,21217,9,1,1
2015-08-21,2002-04-26,SO47251,377,21226,9,1,1
2015-08-21,2002-07-10,SO47245,375,16420,10,1,1
2015-08-21,2002-04-26,SO47249,377,13346,1,1,1
2015-08-21,2002-04-24,SO47246,342,20713,10,1,1
2015-08-21,2002-05-05,SO47253,356,12683,9,1,1
2015-08-21,2002-05-15,SO47252,352,12676,9,1,1
2015-08-21,2002-05-22,SO47248,375,13340,4,1,1
2015-08-21,2002-06-10,SO47244,385,19193,10,1,1
2015-08-21,2002-05-11,SO47247,371,13292,1,1,1
2015-08-22,2002-07-17,SO47257,368,14141,7,1,1
2015-08-22,2002-05-17,SO47258,377,13298,4,1,1
2015-08-22,2002-06-20,SO47255,358,11561,8,1,1
2015-08-22,2002-07-04,SO47261,362,26305,1,1,1
2015-08-22,2002-05-20,SO47262,379,21560,9,1,1
2015-08-22,2002-07-08,SO47259,375,13351,1,1,1
2015-08-22,2002-06-18,SO47254,332,15276,4,1,1
2015-08-22,2002-07-09,SO47256,373,16417,10,1,1
2015-08-22,2002-06-20,SO47260,375,13233,1,1,1
2015-08-22,2002-05-08,SO47263,358,12589,9,1,1
2015-08-23,2002-06-07,SO47266,377,21555,9,1,1
2015-08-23,2002-06-24,SO47267,352,12674,9,1,1
2015-08-23,2002-05-10,SO47265,375,13250,4,1,1
2015-08-23,2002-06-04,SO47264,368,16410,10,1,1
2015-08-23,2002-07-17,SO47268,375,21402,9,1,1
2015-08-24,2002-07-16,SO47271,381,18140,8,1,1
2015-08-24,2002-05-23,SO47277,371,21219,9,1,1
2015-08-24,2002-06-28,SO47269,362,28512,7,1,1
2015-08-24,2002-05-12,SO47272,371,29013,6,1,1
2015-08-24,2002-05-23,SO47279,362,12680,9,1,1
2015-08-24,2002-07-17,SO47275,338,19076,7,1,1
2015-08-24,2002-06-29,SO47270,360,28519,7,1,1
2015-08-24,2002-08-04,SO47273,368,13420,4,1,1
2015-08-24,2002-07-02,SO47278,379,21404,9,1,1
2015-08-24,2002-06-14,SO47276,342,15289,4,1,1
2015-08-25,2002-07-22,SO47285,373,29135,6,1,1
2015-08-25,2002-06-18,SO47287,375,13280,1,1,1
2015-08-25,2002-06-03,SO47283,373,15655,8,1,1
2015-08-25,2002-06-13,SO47282,381,19258,10,1,1
2015-08-25,2002-07-24,SO47280,352,11615,10,1,1
2015-08-25,2002-06-12,SO47284,368,13402,4,1,1
2015-08-25,2002-05-26,SO47289,360,26297,1,1,1
2015-08-25,2002-07-27,SO47281,389,17099,7,1,1
2015-08-25,2002-07-16,SO47286,328,19944,8,1,1
2015-08-25,2002-05-11,SO47288,373,13353,1,1,1
2015-08-25,2002-07-28,SO47290,368,21558,9,1,1
2015-08-26,2002-06-17,SO47300,336,20717,10,1,1
2015-08-26,2002-06-23,SO47297,377,13385,1,1,1
2015-08-26,2002-07-28,SO47293,385,19192,10,1,1
2015-08-26,2002-05-05,SO47296,385,14024,4,1,1
2015-08-26,2002-07-17,SO47294,383,18139,8,1,1
2015-08-26,2002-07-28,SO47298,371,13403,1,1,1
2015-08-26,2002-08-11,SO47299,369,13425,1,1,1
2015-08-26,2002-06-29,SO47291,371,16318,10,1,1
2015-08-26,2002-05-30,SO47301,358,26292,1,1,1
2015-08-26,2002-07-08,SO47295,387,14005,4,1,1
2015-08-26,2002-06-27,SO47303,322,26029,9,1,1
2015-08-26,2002-05-12,SO47292,379,13811,7,1,1
2015-08-26,2002-06-29,SO47302,360,12670,9,1,1
2015-08-27,2002-07-13,SO47309,377,13316,4,1,1
2015-08-27,2002-04-30,SO47313,373,21231,9,1,1
2015-08-27,2002-07-22,SO47314,362,12673,9,1,1
2015-08-27,2002-06-05,SO47310,354,26303,4,1,1
2015-08-27,2002-07-30,SO47307,334,20711,10,1,1
2015-08-27,2002-06-21,SO47311,332,15252,1,1,1
2015-08-27,2002-06-23,SO47305,369,25393,6,1,1
2015-08-27,2002-06-16,SO47312,332,15280,4,1,1
2015-08-27,2002-05-24,SO47304,379,16272,10,1,1
2015-08-27,2002-07-04,SO47308,326,20718,10,1,1
2015-08-27,2002-05-30,SO47306,369,28798,6,1,1
2015-08-28,2002-06-28,SO47316,369,13361,1,1,1
2015-08-28,2002-04-30,SO47318,375,13273,4,1,1
2015-08-28,2002-05-09,SO47321,373,13354,1,1,1
2015-08-28,2002-05-17,SO47320,377,13315,4,1,1
2015-08-28,2002-08-06,SO47322,342,15287,1,1,1
2015-08-28,2002-06-25,SO47315,379,13840,7,1,1
2015-08-28,2002-08-13,SO47319,370,13299,4,1,1
2015-08-28,2002-07-04,SO47317,379,14154,7,1,1
2015-08-29,2002-08-12,SO47328,360,12681,9,1,1
2015-08-29,2002-05-14,SO47326,379,13288,4,1,1
2015-08-29,2002-06-13,SO47325,373,13278,4,1,1
2015-08-29,2002-06-19,SO47324,377,13400,4,1,1
2015-08-29,2002-05-30,SO47327,377,13304,1,1,1
2015-08-29,2002-05-05,SO47323,362,28529,7,1,1
2015-08-30,2002-06-23,SO47332,356,20350,6,1,1
2015-08-30,2002-08-14,SO47331,332,20807,10,1,1
2015-08-30,2002-07-09,SO47330,369,16324,10,1,1
2015-08-30,2002-07-17,SO47334,369,21557,9,1,1
2015-08-30,2002-08-08,SO47335,356,12581,9,1,1
2015-08-30,2002-05-26,SO47333,368,21229,9,1,1
2015-08-30,2002-07-04,SO47336,338,26027,9,1,1
2015-08-30,2002-08-03,SO47329,379,13367,1,1,1
2015-08-31,2002-06-20,SO47347,320,26025,9,1,1
2015-08-31,2002-06-08,SO47343,379,21553,9,1,1
2015-08-31,2002-07-31,SO47342,360,26304,1,1,1
2015-08-31,2002-07-19,SO47348,330,26028,9,1,1
2015-08-31,2002-05-04,SO47338,373,16277,10,1,1
2015-08-31,2002-06-19,SO47339,371,15626,8,1,1
2015-08-31,2002-07-24,SO47340,369,13401,4,1,1
2015-08-31,2002-08-13,SO47346,360,12585,9,1,1
2015-08-31,2002-06-24,SO47341,368,25104,6,1,1
2015-08-31,2002-06-25,SO47337,354,28520,7,1,1
2015-08-31,2002-05-22,SO47344,354,12686,9,1,1
2015-08-31,2002-07-20,SO47345,356,12583,9,1,1
2015-09-01,2002-08-06,SO47461,356,26320,4,1,1
2015-09-01,2002-07-27,SO47460,320,19255,7,1,1
2015-09-02,2002-07-13,SO47462,375,15926,8,1,1
2015-09-02,2002-08-04,SO47465,340,15303,4,1,1
2015-09-02,2002-06-24,SO47468,328,26152,9,1,1
2015-09-02,2002-08-12,SO47467,371,13446,4,1,1
2015-09-02,2002-06-19,SO47466,381,24887,9,1,1
2015-09-02,2002-06-23,SO47464,370,16461,10,1,1
2015-09-02,2002-08-05,SO47463,373,14203,7,1,1
2015-09-03,2002-05-17,SO47474,379,21893,9,1,1
2015-09-03,2002-05-29,SO47471,370,14539,7,1,1
2015-09-03,2002-06-04,SO47473,369,21875,9,1,1
2015-09-03,2002-07-06,SO47472,379,13438,1,1,1
2015-09-03,2002-05-07,SO47469,383,19301,10,1,1
2015-09-03,2002-08-11,SO47470,358,28685,7,1,1
2015-09-03,2002-07-16,SO47475,369,21945,9,1,1
2015-09-03,2002-06-25,SO47476,352,12693,9,1,1
2015-09-04,2002-06-21,SO47482,370,21948,9,1,1
2015-09-04,2002-06-05,SO47478,324,20811,10,1,1
2015-09-04,2002-07-23,SO47480,371,21568,9,1,1
2015-09-04,2002-05-25,SO47479,330,20832,10,1,1
2015-09-04,2002-06-01,SO47481,373,21899,9,1,1
2015-09-04,2002-06-22,SO47477,352,28560,7,1,1
2015-09-05,2002-06-19,SO47485,371,14524,7,1,1
2015-09-05,2002-06-25,SO47486,377,14538,7,1,1
2015-09-05,2002-08-04,SO47483,379,14424,7,1,1
2015-09-06,2002-07-21,SO47489,368,21888,9,1,1
2015-09-06,2002-05-25,SO47490,371,21895,9,1,1
2015-09-06,2002-07-20,SO47487,377,16427,10,1,1
2015-09-06,2002-07-02,SO47488,379,13426,4,1,1
2015-09-07,2002-07-05,SO47492,334,19181,7,1,1
2015-09-07,2002-08-16,SO47491,369,15932,8,1,1
2015-09-08,2002-06-17,SO47498,324,27071,6,1,1
2015-09-08,2002-08-14,SO47493,358,28569,7,1,1
2015-09-08,2002-07-27,SO47494,373,15927,8,1,1
2015-09-08,2002-07-24,SO47501,360,12214,10,1,1
2015-09-08,2002-08-24,SO47495,368,16196,8,1,1
2015-09-08,2002-06-25,SO47500,369,21951,9,1,1
2015-09-08,2002-07-20,SO47499,377,21572,9,1,1
2015-09-08,2002-07-13,SO47497,370,14170,7,1,1
2015-09-08,2002-06-04,SO47496,371,16470,10,1,1
2015-09-09,2002-06-28,SO47505,352,26307,4,1,1
2015-09-09,2002-05-20,SO47507,332,15311,1,1,1
2015-09-09,2002-08-13,SO47503,383,19299,10,1,1
2015-09-09,2002-05-14,SO47506,354,26324,1,1,1
2015-09-09,2002-07-06,SO47504,360,11605,8,1,1
2015-09-09,2002-07-11,SO47508,370,21892,9,1,1
2015-09-09,2002-07-29,SO47509,368,21957,9,1,1
2015-09-09,2002-08-11,SO47510,352,12688,9,1,1
2015-09-09,2002-05-17,SO47502,383,19278,10,1,1
2015-09-10,2002-07-10,SO47517,342,15308,4,1,1
2015-09-10,2002-05-29,SO47511,375,14200,7,1,1
2015-09-10,2002-07-16,SO47513,368,15675,8,1,1
2015-09-10,2002-06-01,SO47516,362,26309,4,1,1
2015-09-10,2002-06-16,SO47512,373,16446,10,1,1
2015-09-10,2002-06-11,SO47518,373,21946,9,1,1
2015-09-10,2002-08-10,SO47519,336,26153,9,1,1
2015-09-10,2002-08-25,SO47515,354,26308,1,1,1
2015-09-10,2002-07-27,SO47514,377,15684,8,1,1
2015-09-11,2002-06-13,SO47527,360,28559,7,1,1
2015-09-11,2002-07-04,SO47521,369,16445,10,1,1
2015-09-11,2002-07-18,SO47524,370,21567,9,1,1
2015-09-11,2002-06-07,SO47523,371,13443,1,1,1
2015-09-11,2002-08-25,SO47522,387,14089,4,1,1
2015-09-11,2002-06-28,SO47526,354,12215,10,1,1
2015-09-11,2002-07-29,SO47520,389,19263,10,1,1
2015-09-11,2002-07-28,SO47525,379,21889,9,1,1
2015-09-12,2002-06-11,SO47530,328,15312,4,1,1
2015-09-12,2002-06-04,SO47531,338,15325,1,1,1
2015-09-12,2002-06-16,SO47529,377,13429,4,1,1
2015-09-12,2002-07-30,SO47533,371,21886,9,1,1
2015-09-12,2002-08-26,SO47528,352,11598,8,1,1
2015-09-12,2002-05-29,SO47534,328,26148,9,1,1
2015-09-12,2002-06-11,SO47532,383,24888,9,1,1
2015-09-13,2002-05-26,SO47536,387,14088,1,1,1
2015-09-13,2002-06-13,SO47542,373,21571,9,1,1
2015-09-13,2002-07-04,SO47539,328,20824,10,1,1
2015-09-13,2002-06-08,SO47541,340,15314,4,1,1
2015-09-13,2002-07-02,SO47537,371,13436,1,1,1
2015-09-13,2002-08-06,SO47543,377,21956,9,1,1
2015-09-13,2002-05-22,SO47544,358,12694,9,1,1
2015-09-13,2002-07-15,SO47538,379,13449,1,1,1
2015-09-13,2002-07-09,SO47535,385,14083,1,1,1
2015-09-13,2002-07-31,SO47545,354,28553,7,1,1
2015-09-13,2002-07-04,SO47540,362,26326,4,1,1
2015-09-14,2002-07-26,SO47549,342,19256,7,1,1
2015-09-14,2002-05-21,SO47552,368,21950,9,1,1
2015-09-14,2002-07-09,SO47548,330,20834,10,1,1
2015-09-14,2002-06-09,SO47551,371,21878,9,1,1
2015-09-14,2002-06-24,SO47550,336,15290,1,1,1
2015-09-14,2002-05-25,SO47554,362,12222,10,1,1
2015-09-14,2002-06-13,SO47546,360,28683,7,1,1
2015-09-14,2002-07-15,SO47553,354,12698,9,1,1
2015-09-14,2002-07-27,SO47555,368,15674,8,1,1
2015-09-15,2002-06-20,SO47559,362,12699,9,1,1
2015-09-15,2002-06-27,SO47557,377,13431,1,1,1
2015-09-15,2002-07-08,SO47558,370,25981,6,1,1
2015-09-15,2002-06-23,SO47556,379,14701,7,1,1
2015-09-16,2002-05-25,SO47564,356,12210,10,1,1
2015-09-16,2002-07-17,SO47562,377,21944,9,1,1
2015-09-16,2002-07-23,SO47561,320,15328,4,1,1
2015-09-16,2002-08-05,SO47563,368,21955,9,1,1
2015-09-16,2002-06-23,SO47560,324,27053,6,1,1
2015-09-17,2002-08-05,SO47567,379,21570,9,1,1
2015-09-17,2002-08-28,SO47569,379,21959,9,1,1
2015-09-17,2002-07-13,SO47565,377,15697,8,1,1
2015-09-17,2002-08-31,SO47568,375,21885,9,1,1
2015-09-17,2002-07-22,SO47566,389,24613,9,1,1
2015-09-18,2002-06-02,SO47572,368,29149,6,1,1
2015-09-18,2002-06-28,SO47574,332,20171,8,1,1
2015-09-18,2002-05-24,SO47576,377,21877,9,1,1
2015-09-18,2002-08-16,SO47577,370,21891,9,1,1
2015-09-18,2002-06-24,SO47571,377,14185,7,1,1
2015-09-18,2002-06-07,SO47578,352,12687,9,1,1
2015-09-18,2002-06-12,SO47570,352,28562,7,1,1
2015-09-18,2002-07-02,SO47575,362,26315,4,1,1
2015-09-18,2002-06-30,SO47573,369,13435,4,1,1
2015-09-19,2002-07-29,SO47587,371,21874,9,1,1
2015-09-19,2002-07-19,SO47584,340,19194,7,1,1
2015-09-19,2002-07-27,SO47580,389,14080,1,1,1
2015-09-19,2002-05-23,SO47585,328,15320,1,1,1
2015-09-19,2002-05-29,SO47586,326,15322,1,1,1
2015-09-19,2002-06-30,SO47579,371,16197,8,1,1
2015-09-19,2002-08-20,SO47582,373,13433,4,1,1
2015-09-19,2002-07-12,SO47583,379,13442,1,1,1
2015-09-19,2002-07-04,SO47581,375,29152,6,1,1
2015-09-20,2002-05-24,SO47589,383,14036,1,1,1
2015-09-20,2002-07-20,SO47594,342,26154,9,1,1
2015-09-20,2002-08-14,SO47591,360,26313,4,1,1
2015-09-20,2002-07-31,SO47590,356,26312,1,1,1
2015-09-20,2002-08-31,SO47593,324,26135,9,1,1
2015-09-20,2002-09-04,SO47592,385,24614,9,1,1
2015-09-20,2002-07-16,SO47588,379,16428,10,1,1
2015-09-21,2002-09-02,SO47599,362,26327,4,1,1
2015-09-21,2002-07-07,SO47595,369,14186,7,1,1
2015-09-21,2002-07-05,SO47598,358,26306,4,1,1
2015-09-21,2002-06-07,SO47597,373,25971,6,1,1
2015-09-21,2002-07-25,SO47596,373,16199,8,1,1
2015-09-22,2002-05-27,SO47600,389,17188,7,1,1
2015-09-22,2002-06-27,SO47603,379,21562,9,1,1
2015-09-22,2002-08-17,SO47602,322,19174,7,1,1
2015-09-22,2002-08-14,SO47604,375,21876,9,1,1
2015-09-22,2002-06-11,SO47601,379,14192,7,1,1
2015-09-23,2002-08-24,SO47605,389,17187,7,1,1
2015-09-23,2002-08-06,SO47609,334,15309,4,1,1
2015-09-23,2002-07-14,SO47611,330,26140,9,1,1
2015-09-23,2002-06-20,SO47610,338,27075,6,1,1
2015-09-23,2002-07-28,SO47608,352,26322,1,1,1
2015-09-23,2002-08-23,SO47607,389,14081,4,1,1
2015-09-23,2002-06-04,SO47606,375,15928,8,1,1
2015-09-24,2002-06-02,SO47620,352,12239,10,1,1
2015-09-24,2002-07-13,SO47614,330,15302,4,1,1
2015-09-24,2002-08-25,SO47615,342,15329,4,1,1
2015-09-24,2002-07-30,SO47617,377,21943,9,1,1
2015-09-24,2002-08-24,SO47618,379,21947,9,1,1
2015-09-24,2002-06-13,SO47612,369,16465,10,1,1
2015-09-24,2002-08-19,SO47616,371,21873,9,1,1
2015-09-24,2002-07-20,SO47613,387,14037,4,1,1
2015-09-24,2002-08-22,SO47619,356,12689,9,1,1
2015-09-25,2002-08-18,SO47623,369,21569,9,1,1
2015-09-25,2002-06-04,SO47624,371,21949,9,1,1
2015-09-25,2002-09-06,SO47622,338,20837,10,1,1
2015-09-25,2002-06-28,SO47625,377,21958,9,1,1
2015-09-25,2002-09-01,SO47626,320,26150,9,1,1
2015-09-25,2002-07-29,SO47621,385,14044,4,1,1
2015-09-26,2002-09-05,SO47630,354,26311,1,1,1
2015-09-26,2002-08-14,SO47633,371,21894,9,1,1
2015-09-26,2002-06-12,SO47627,370,16444,10,1,1
2015-09-26,2002-07-29,SO47635,354,12216,10,1,1
2015-09-26,2002-08-14,SO47634,356,11570,8,1,1
2015-09-26,2002-08-27,SO47632,342,27060,6,1,1
2015-09-26,2002-07-25,SO47636,330,26142,9,1,1
2015-09-26,2002-07-04,SO47629,370,15685,8,1,1
2015-09-26,2002-07-31,SO47631,352,26325,1,1,1
2015-09-26,2002-07-10,SO47628,369,16509,10,1,1
2015-09-27,2002-08-27,SO47639,328,15321,4,1,1
2015-09-27,2002-07-12,SO47637,371,13447,4,1,1
2015-09-27,2002-08-16,SO47638,362,26319,4,1,1
2015-09-28,2002-07-16,SO47640,354,26317,1,1,1
2015-09-28,2002-06-12,SO47641,320,27062,6,1,1
2015-09-29,2002-06-26,SO47648,356,12263,10,1,1
2015-09-29,2002-07-06,SO47647,368,21897,9,1,1
2015-09-29,2002-08-27,SO47644,375,15693,8,1,1
2015-09-29,2002-07-03,SO47645,375,14555,7,1,1
2015-09-29,2002-09-13,SO47646,352,20373,6,1,1
2015-09-29,2002-06-27,SO47643,389,19290,10,1,1
2015-09-29,2002-08-16,SO47642,383,17109,7,1,1
2015-09-30,2002-08-26,SO47651,377,25911,6,1,1
2015-09-30,2002-08-29,SO47654,387,24615,9,1,1
2015-09-30,2002-06-30,SO47656,368,21882,9,1,1
2015-09-30,2002-06-14,SO47649,377,16447,10,1,1
2015-09-30,2002-08-25,SO47655,385,24889,9,1,1
2015-09-30,2002-08-22,SO47653,324,20163,8,1,1
2015-09-30,2002-06-25,SO47657,326,26138,9,1,1
2015-09-30,2002-09-10,SO47652,332,20825,10,1,1
2015-09-30,2002-06-19,SO47650,370,16512,10,1,1
2015-10-01,2002-09-13,SO47738,326,26165,9,1,1
2015-10-01,2002-09-02,SO47736,358,12705,9,1,1
2015-10-01,2002-08-08,SO47733,375,13461,4,1,1
2015-10-01,2002-06-03,SO47737,356,13018,9,1,1
2015-10-01,2002-06-03,SO47735,342,27084,6,1,1
2015-10-01,2002-09-12,SO47732,369,13452,4,1,1
2015-10-01,2002-09-09,SO47734,332,15333,4,1,1
2015-10-01,2002-07-31,SO47731,362,12283,10,1,1
2015-10-02,2002-07-12,SO47743,362,12988,9,1,1
2015-10-02,2002-06-12,SO47744,360,12989,9,1,1
2015-10-02,2002-08-12,SO47741,336,15343,4,1,1
2015-10-02,2002-07-12,SO47739,328,20839,10,1,1
2015-10-02,2002-07-07,SO47742,375,22180,9,1,1
2015-10-02,2002-07-28,SO47745,360,12998,9,1,1
2015-10-02,2002-08-16,SO47740,324,15337,4,1,1
2015-10-02,2002-08-20,SO47746,358,13022,9,1,1
2015-10-03,2002-08-22,SO47747,371,16253,8,1,1
2015-10-03,2002-09-11,SO47749,371,22172,9,1,1
2015-10-03,2002-06-14,SO47751,369,21983,9,1,1
2015-10-03,2002-06-12,SO47750,369,21976,9,1,1
2015-10-03,2002-06-27,SO47748,352,26485,1,1,1
2015-10-03,2002-08-22,SO47753,360,13020,9,1,1
2015-10-03,2002-09-12,SO47752,377,21994,9,1,1
2015-10-04,2002-09-16,SO47755,387,17195,7,1,1
2015-10-04,2002-07-22,SO47758,371,16550,10,1,1
2015-10-04,2002-08-16,SO47760,371,13482,4,1,1
2015-10-04,2002-07-27,SO47756,354,12272,10,1,1
2015-10-04,2002-07-07,SO47759,375,14773,7,1,1
2015-10-04,2002-06-27,SO47757,379,16530,10,1,1
2015-10-05,2002-06-23,SO47763,379,22170,9,1,1
2015-10-05,2002-09-13,SO47762,352,26330,1,1,1
2015-10-05,2002-07-06,SO47761,324,20548,8,1,1
2015-10-06,2002-09-09,SO47766,358,26329,4,1,1
2015-10-06,2002-06-29,SO47768,371,21985,9,1,1
2015-10-06,2002-08-30,SO47767,381,24902,9,1,1
2015-10-06,2002-09-07,SO47765,360,26343,1,1,1
2015-10-06,2002-09-05,SO47764,356,28711,7,1,1
2015-10-06,2002-06-17,SO47769,360,12703,9,1,1
2015-10-06,2002-08-03,SO47770,342,26375,9,1,1
2015-10-07,2002-07-28,SO47773,324,15345,4,1,1
2015-10-07,2002-07-05,SO47775,369,21980,9,1,1
2015-10-07,2002-07-16,SO47776,352,13007,9,1,1
2015-10-07,2002-09-19,SO47774,332,15346,4,1,1
2015-10-07,2002-08-16,SO47771,377,22181,9,1,1
2015-10-07,2002-08-21,SO47772,369,22195,9,1,1
2015-10-08,2002-08-17,SO47781,379,25991,6,1,1
2015-10-08,2002-08-18,SO47778,354,12284,10,1,1
2015-10-08,2002-08-14,SO47782,377,22032,9,1,1
2015-10-08,2002-07-25,SO47780,381,14105,4,1,1
2015-10-08,2002-08-21,SO47783,371,22197,9,1,1
2015-10-08,2002-08-09,SO47784,356,13078,9,1,1
2015-10-08,2002-07-21,SO47779,375,16269,8,1,1
2015-10-09,2002-07-23,SO47785,356,28708,7,1,1
2015-10-09,2002-08-18,SO47786,370,14719,7,1,1
2015-10-09,2002-08-19,SO47787,368,16585,10,1,1
2015-10-10,2002-08-22,SO47789,375,13453,4,1,1
2015-10-10,2002-08-24,SO47790,371,22173,9,1,1
2015-10-10,2002-07-31,SO47788,379,16546,10,1,1
2015-10-10,2002-07-10,SO47791,358,13036,9,1,1
2015-10-11,2002-06-15,SO47792,369,16207,8,1,1
2015-10-11,2002-07-25,SO47797,371,21986,9,1,1
2015-10-11,2002-08-02,SO47795,379,22004,9,1,1
2015-10-11,2002-08-07,SO47794,354,20375,6,1,1
2015-10-11,2002-09-15,SO47796,371,21979,9,1,1
2015-10-11,2002-09-08,SO47798,354,13000,9,1,1
2015-10-11,2002-06-22,SO47793,368,14716,7,1,1
2015-10-12,2002-08-02,SO47799,360,12264,10,1,1
2015-10-12,2002-08-15,SO47810,332,26204,9,1,1
2015-10-12,2002-09-13,SO47800,373,14798,7,1,1
2015-10-12,2002-08-17,SO47803,379,22000,9,1,1
2015-10-12,2002-07-10,SO47805,379,22198,9,1,1
2015-10-12,2002-09-21,SO47806,340,15348,1,1,1
2015-10-12,2002-07-01,SO47809,338,26187,9,1,1
2015-10-12,2002-07-17,SO47804,370,22178,9,1,1
2015-10-12,2002-08-05,SO47801,328,20555,8,1,1
2015-10-12,2002-09-23,SO47807,379,16575,10,1,1
2015-10-12,2002-08-16,SO47808,342,26161,9,1,1
2015-10-13,2002-07-26,SO47818,324,15364,1,1,1
2015-10-13,2002-08-15,SO47813,383,14098,1,1,1
2015-10-13,2002-07-11,SO47814,360,26338,4,1,1
2015-10-13,2002-08-15,SO47812,377,16252,8,1,1
2015-10-13,2002-09-09,SO47822,354,13051,9,1,1
2015-10-13,2002-07-21,SO47819,375,21968,9,1,1
2015-10-13,2002-08-07,SO47823,336,26160,9,1,1
2015-10-13,2002-07-28,SO47815,371,22033,9,1,1
2015-10-13,2002-06-30,SO47817,371,22200,9,1,1
2015-10-13,2002-08-17,SO47816,369,22174,9,1,1
2015-10-13,2002-09-20,SO47820,352,13025,9,1,1
2015-10-13,2002-07-17,SO47811,352,12271,10,1,1
2015-10-13,2002-07-15,SO47821,352,13038,9,1,1
2015-10-14,2002-08-28,SO47824,368,16267,8,1,1
2015-10-14,2002-09-07,SO47826,370,22168,9,1,1
2015-10-14,2002-08-31,SO47827,370,22175,9,1,1
2015-10-14,2002-09-26,SO47828,368,21984,9,1,1
2015-10-14,2002-06-29,SO47829,352,12706,9,1,1
2015-10-14,2002-07-27,SO47825,320,20560,8,1,1
2015-10-15,2002-09-19,SO47832,369,13478,1,1,1
2015-10-15,2002-09-25,SO47830,383,19308,10,1,1
2015-10-15,2002-07-29,SO47834,375,22196,9,1,1
2015-10-15,2002-06-30,SO47835,383,24904,9,1,1
2015-10-15,2002-07-23,SO47831,362,12281,10,1,1
2015-10-15,2002-08-28,SO47833,373,22031,9,1,1
2015-10-16,2002-08-19,SO47844,371,21996,9,1,1
2015-10-16,2002-06-23,SO47841,362,26490,4,1,1
2015-10-16,2002-06-20,SO47837,356,12277,10,1,1
2015-10-16,2002-09-21,SO47839,320,20838,10,1,1
2015-10-16,2002-08-22,SO47842,322,15338,4,1,1
2015-10-16,2002-06-24,SO47840,334,20584,8,1,1
2015-10-16,2002-09-08,SO47843,332,15339,4,1,1
2015-10-16,2002-08-18,SO47836,356,28707,7,1,1
2015-10-16,2002-08-21,SO47838,371,13456,1,1,1
2015-10-17,2002-07-13,SO47847,368,16278,8,1,1
2015-10-17,2002-07-14,SO47849,322,15342,4,1,1
2015-10-17,2002-08-23,SO47845,369,16206,8,1,1
2015-10-17,2002-08-16,SO47848,358,26328,4,1,1
2015-10-17,2002-10-02,SO47846,368,14779,7,1,1
2015-10-17,2002-06-27,SO47850,320,15350,1,1,1
2015-10-18,2002-08-06,SO47852,354,26342,4,1,1
2015-10-18,2002-07-17,SO47855,354,12987,9,1,1
2015-10-18,2002-09-22,SO47856,362,12995,9,1,1
2015-10-18,2002-08-15,SO47854,320,15341,4,1,1
2015-10-18,2002-09-06,SO47857,360,13024,9,1,1
2015-10-18,2002-08-21,SO47851,358,26331,1,1,1
2015-10-18,2002-06-24,SO47853,362,26487,1,1,1
2015-10-19,2002-07-08,SO47869,326,26190,9,1,1
2015-10-19,2002-08-23,SO47858,385,19302,10,1,1
2015-10-19,2002-07-09,SO47860,352,26339,1,1,1
2015-10-19,2002-08-30,SO47862,379,22199,9,1,1
2015-10-19,2002-07-24,SO47865,352,12701,9,1,1
2015-10-19,2002-07-14,SO47867,360,12991,9,1,1
2015-10-19,2002-06-27,SO47868,354,13021,9,1,1
2015-10-19,2002-09-16,SO47866,352,12990,9,1,1
2015-10-19,2002-08-30,SO47861,356,20470,6,1,1
2015-10-19,2002-07-09,SO47864,373,21966,9,1,1
2015-10-20,2002-10-03,SO47871,371,14708,7,1,1
2015-10-20,2002-10-05,SO47877,322,20851,10,1,1
2015-10-20,2002-09-23,SO47870,383,19305,10,1,1
2015-10-20,2002-09-22,SO47874,373,13462,1,1,1
2015-10-20,2002-08-11,SO47873,383,26321,6,1,1
2015-10-20,2002-09-01,SO47875,375,25992,6,1,1
2015-10-20,2002-08-20,SO47872,379,14790,7,1,1
2015-10-20,2002-08-09,SO47876,338,20848,10,1,1
2015-10-20,2002-07-31,SO47878,358,12702,9,1,1
2015-10-21,2002-07-05,SO47886,358,13011,9,1,1
2015-10-21,2002-06-28,SO47885,385,24901,9,1,1
2015-10-21,2002-07-08,SO47888,354,13050,9,1,1
2015-10-21,2002-10-03,SO47881,379,16553,10,1,1
2015-10-21,2002-06-25,SO47879,387,18157,8,1,1
2015-10-21,2002-07-02,SO47880,360,28689,7,1,1
2015-10-21,2002-08-03,SO47887,356,13012,9,1,1
2015-10-21,2002-09-23,SO47883,352,26481,4,1,1
2015-10-21,2002-08-04,SO47882,375,13464,4,1,1
2015-10-22,2002-09-01,SO47895,332,15347,4,1,1
2015-10-22,2002-07-02,SO47890,370,16263,8,1,1
2015-10-22,2002-07-26,SO47893,371,25989,6,1,1
2015-10-22,2002-06-28,SO47892,389,26373,6,1,1
2015-10-22,2002-09-06,SO47889,377,16541,10,1,1
2015-10-22,2002-07-07,SO47894,358,26344,4,1,1
2015-10-22,2002-08-23,SO47891,373,16290,8,1,1
2015-10-23,2002-09-21,SO47902,360,13076,9,1,1
2015-10-23,2002-07-23,SO47899,358,12996,9,1,1
2015-10-23,2002-07-09,SO47901,354,13075,9,1,1
2015-10-23,2002-08-22,SO47900,362,13035,9,1,1
2015-10-23,2002-06-27,SO47897,377,16573,10,1,1
2015-10-23,2002-09-03,SO47898,322,19276,7,1,1
2015-10-23,2002-09-05,SO47896,389,17206,7,1,1
2015-10-24,2002-08-29,SO47911,358,13077,9,1,1
2015-10-24,2002-07-11,SO47910,352,13049,9,1,1
2015-10-24,2002-07-14,SO47904,377,16562,10,1,1
2015-10-24,2002-07-17,SO47907,369,21999,9,1,1
2015-10-24,2002-07-11,SO47903,368,14714,7,1,1
2015-10-24,2002-07-19,SO47905,373,29336,6,1,1
2015-10-24,2002-07-17,SO47909,356,12999,9,1,1
2015-10-24,2002-07-09,SO47908,362,20468,6,1,1
2015-10-24,2002-08-18,SO47906,338,27082,6,1,1
2015-10-25,2002-10-08,SO47917,358,13001,9,1,1
2015-10-25,2002-10-05,SO47913,368,29159,6,1,1
2015-10-25,2002-08-21,SO47915,360,26351,4,1,1
2015-10-25,2002-07-02,SO47914,334,20556,8,1,1
2015-10-25,2002-08-10,SO47912,360,28724,7,1,1
2015-10-25,2002-10-01,SO47916,383,24903,9,1,1
2015-10-25,2002-07-19,SO47918,362,13006,9,1,1
2015-10-26,2002-08-07,SO47923,358,26486,4,1,1
2015-10-26,2002-08-25,SO47925,385,24900,9,1,1
2015-10-26,2002-06-28,SO47926,360,13079,9,1,1
2015-10-26,2002-08-25,SO47927,330,26188,9,1,1
2015-10-26,2002-07-19,SO47919,381,17216,7,1,1
2015-10-26,2002-07-03,SO47922,379,13468,1,1,1
2015-10-26,2002-08-28,SO47924,377,22171,9,1,1
2015-10-26,2002-08-23,SO47921,379,14796,7,1,1
2015-10-26,2002-10-01,SO47920,358,12282,10,1,1
2015-10-27,2002-07-02,SO47929,368,29281,6,1,1
2015-10-27,2002-08-28,SO47930,377,21982,9,1,1
2015-10-27,2002-08-05,SO47928,377,29154,6,1,1
2015-10-28,2002-08-13,SO47935,375,22194,9,1,1
2015-10-28,2002-09-01,SO47933,373,16270,8,1,1
2015-10-28,2002-09-23,SO47932,373,16561,10,1,1
2015-10-28,2002-10-03,SO47931,370,16531,10,1,1
2015-10-28,2002-09-15,SO47934,385,14106,4,1,1
2015-10-28,2002-07-03,SO47936,324,26192,9,1,1
2015-10-29,2002-07-17,SO47940,354,12994,9,1,1
2015-10-29,2002-09-20,SO47941,356,13010,9,1,1
2015-10-29,2002-07-15,SO47942,336,26167,9,1,1
2015-10-29,2002-07-03,SO47937,320,20549,8,1,1
2015-10-29,2002-07-18,SO47938,371,21969,9,1,1
2015-10-29,2002-08-26,SO47939,371,21987,9,1,1
2015-10-30,2002-08-24,SO47947,387,14109,4,1,1
2015-10-30,2002-09-18,SO47945,370,14791,7,1,1
2015-10-30,2002-09-13,SO47946,369,14802,7,1,1
2015-10-30,2002-07-06,SO47944,362,28690,7,1,1
2015-10-30,2002-09-20,SO47943,385,17196,7,1,1
2015-10-30,2002-09-17,SO47950,356,26484,4,1,1
2015-10-30,2002-08-14,SO47954,322,26191,9,1,1
2015-10-30,2002-07-17,SO47949,377,13477,4,1,1
2015-10-30,2002-08-23,SO47951,356,12700,9,1,1
2015-10-30,2002-07-12,SO47952,369,22193,9,1,1
2015-10-30,2002-08-20,SO47948,369,13450,1,1,1
2015-10-30,2002-07-20,SO47953,369,21974,9,1,1
2015-10-31,2002-08-13,SO47955,377,16554,10,1,1
2015-10-31,2002-07-04,SO47956,369,16271,8,1,1
2015-10-31,2002-07-09,SO47957,389,14095,4,1,1
2015-10-31,2002-10-09,SO47959,326,26189,9,1,1
2015-10-31,2002-10-12,SO47958,328,15349,4,1,1
2015-11-01,2002-10-02,SO48093,377,16588,10,1,1
2015-11-01,2002-10-03,SO48097,369,22412,9,1,1
2015-11-01,2002-10-14,SO48096,328,15398,4,1,1
2015-11-01,2002-10-04,SO48094,370,13657,1,1,1
2015-11-01,2002-08-22,SO48098,377,22400,9,1,1
2015-11-01,2002-07-05,SO48095,332,20590,8,1,1
2015-11-02,2002-10-04,SO48099,360,12128,8,1,1
2015-11-02,2002-08-16,SO48100,356,26546,4,1,1
2015-11-02,2002-09-02,SO48101,369,22575,9,1,1
2015-11-02,2002-08-09,SO48102,379,22576,9,1,1
2015-11-03,2002-07-16,SO48107,370,22580,9,1,1
2015-11-03,2002-07-30,SO48103,377,16389,8,1,1
2015-11-03,2002-09-01,SO48108,389,24905,9,1,1
2015-11-03,2002-08-06,SO48104,322,20859,10,1,1
2015-11-03,2002-08-23,SO48106,360,20546,6,1,1
2015-11-03,2002-08-20,SO48105,356,26513,1,1,1
2015-11-04,2002-07-23,SO48109,369,13489,1,1,1
2015-11-05,2002-07-25,SO48115,320,26442,9,1,1
2015-11-05,2002-07-30,SO48111,383,14112,4,1,1
2015-11-05,2002-10-13,SO48114,320,26439,9,1,1
2015-11-05,2002-07-23,SO48110,371,16307,8,1,1
2015-11-05,2002-10-02,SO48113,334,20716,8,1,1
2015-11-05,2002-07-27,SO48112,371,13712,1,1,1
2015-11-06,2002-10-03,SO48124,326,26436,9,1,1
2015-11-06,2002-09-29,SO48121,369,22410,9,1,1
2015-11-06,2002-09-04,SO48117,377,14930,7,1,1
2015-11-06,2002-08-13,SO48123,360,13080,9,1,1
2015-11-06,2002-07-28,SO48118,377,16309,8,1,1
2015-11-06,2002-07-20,SO48122,369,22207,9,1,1
2015-11-06,2002-08-25,SO48116,381,19312,10,1,1
2015-11-06,2002-08-19,SO48120,324,15388,4,1,1
2015-11-07,2002-08-01,SO48129,377,22582,9,1,1
2015-11-07,2002-10-09,SO48128,352,26534,4,1,1
2015-11-07,2002-09-13,SO48127,342,20598,8,1,1
2015-11-07,2002-10-18,SO48125,389,14239,4,1,1
2015-11-07,2002-07-18,SO48126,387,14115,1,1,1
2015-11-08,2002-09-23,SO48133,377,22571,9,1,1
2015-11-08,2002-07-30,SO48131,360,20483,6,1,1
2015-11-08,2002-07-26,SO48136,354,13082,9,1,1
2015-11-08,2002-07-25,SO48132,352,26521,1,1,1
2015-11-08,2002-08-04,SO48134,371,22202,9,1,1
2015-11-08,2002-10-18,SO48135,383,24910,9,1,1
2015-11-08,2002-10-04,SO48130,368,16829,10,1,1
2015-11-09,2002-08-08,SO48138,373,14818,7,1,1
2015-11-09,2002-10-14,SO48140,330,15374,4,1,1
2015-11-09,2002-07-17,SO48139,370,22857,9,1,1
2015-11-09,2002-09-05,SO48137,352,12130,8,1,1
2015-11-10,2002-08-03,SO48142,362,12213,8,1,1
2015-11-10,2002-07-26,SO48147,377,22845,9,1,1
2015-11-10,2002-10-21,SO48146,371,22578,9,1,1
2015-11-10,2002-10-03,SO48143,326,20720,8,1,1
2015-11-10,2002-10-19,SO48145,362,26491,1,1,1
2015-11-10,2002-08-17,SO48144,370,16823,10,1,1
2015-11-10,2002-08-31,SO48141,354,12299,10,1,1
2015-11-11,2002-10-20,SO48149,371,16298,8,1,1
2015-11-11,2002-07-28,SO48154,377,22402,9,1,1
2015-11-11,2002-08-15,SO48155,371,22408,9,1,1
2015-11-11,2002-10-12,SO48151,332,19280,7,1,1
2015-11-11,2002-10-16,SO48152,352,26536,4,1,1
2015-11-11,2002-09-15,SO48148,362,11614,8,1,1
2015-11-11,2002-10-09,SO48157,371,22851,9,1,1
2015-11-11,2002-09-21,SO48150,369,16822,10,1,1
2015-11-11,2002-09-30,SO48158,328,26433,9,1,1
2015-11-11,2002-08-31,SO48156,377,22581,9,1,1
2015-11-11,2002-08-17,SO48153,362,26575,4,1,1
2015-11-12,2002-09-17,SO48161,371,16938,10,1,1
2015-11-12,2002-07-27,SO48164,328,26438,9,1,1
2015-11-12,2002-08-17,SO48162,369,13714,1,1,1
2015-11-12,2002-09-02,SO48163,375,22854,9,1,1
2015-11-12,2002-07-26,SO48160,371,14848,7,1,1
2015-11-12,2002-08-01,SO48159,389,19322,10,1,1
2015-11-13,2002-10-28,SO48165,373,16327,8,1,1
2015-11-13,2002-09-16,SO48167,362,26539,4,1,1
2015-11-13,2002-08-13,SO48166,368,13484,4,1,1
2015-11-13,2002-08-09,SO48168,373,22904,9,1,1
2015-11-14,2002-09-15,SO48171,370,16313,8,1,1
2015-11-14,2002-10-22,SO48170,354,11613,8,1,1
2015-11-14,2002-07-26,SO48169,377,13653,1,1,1
2015-11-14,2002-10-28,SO48173,375,13704,1,1,1
2015-11-14,2002-10-20,SO48172,369,13658,1,1,1
2015-11-15,2002-07-23,SO48176,336,15379,4,1,1
2015-11-15,2002-09-12,SO48175,354,26545,4,1,1
2015-11-16,2002-08-23,SO48181,370,13705,1,1,1
2015-11-16,2002-09-06,SO48178,352,12125,8,1,1
2015-11-16,2002-08-13,SO48177,385,17633,7,1,1
2015-11-16,2002-08-08,SO48180,379,16316,8,1,1
2015-11-16,2002-09-14,SO48179,369,16828,10,1,1
2015-11-16,2002-09-21,SO48184,381,24908,9,1,1
2015-11-16,2002-09-04,SO48182,360,26600,4,1,1
2015-11-16,2002-10-04,SO48183,373,22583,9,1,1
2015-11-17,2002-10-24,SO48189,324,15371,1,1,1
2015-11-17,2002-10-30,SO48186,379,16297,8,1,1
2015-11-17,2002-10-26,SO48188,377,22579,9,1,1
2015-11-17,2002-10-09,SO48190,322,26443,9,1,1
2015-11-17,2002-09-06,SO48187,334,20862,10,1,1
2015-11-17,2002-10-20,SO48185,360,12286,10,1,1
2015-11-18,2002-08-28,SO48195,371,22399,9,1,1
2015-11-18,2002-08-21,SO48196,326,26440,9,1,1
2015-11-18,2002-08-06,SO48194,369,22401,9,1,1
2015-11-18,2002-08-26,SO48192,377,13702,4,1,1
2015-11-18,2002-08-23,SO48191,330,19292,7,1,1
2015-11-18,2002-08-26,SO48197,322,26422,9,1,1
2015-11-18,2002-11-03,SO48193,352,26499,4,1,1
2015-11-19,2002-10-06,SO48198,389,18164,8,1,1
2015-11-19,2002-10-07,SO48199,373,16595,10,1,1
2015-11-19,2002-08-09,SO48201,356,26601,4,1,1
2015-11-19,2002-07-27,SO48200,358,26537,1,1,1
2015-11-20,2002-08-06,SO48204,334,26445,9,1,1
2015-11-20,2002-09-15,SO48207,373,22407,9,1,1
2015-11-20,2002-08-23,SO48209,320,15369,1,1,1
2015-11-20,2002-08-18,SO48210,354,13089,9,1,1
2015-11-20,2002-10-07,SO48203,360,12226,8,1,1
2015-11-20,2002-09-13,SO48202,356,12225,8,1,1
2015-11-20,2002-10-16,SO48208,370,22201,9,1,1
2015-11-20,2002-08-17,SO48205,362,26509,1,1,1
2015-11-20,2002-10-14,SO48206,352,26538,4,1,1
2015-11-21,2002-10-15,SO48214,368,16409,8,1,1
2015-11-21,2002-08-15,SO48212,362,12289,10,1,1
2015-11-21,2002-08-30,SO48211,385,17634,7,1,1
2015-11-21,2002-08-30,SO48216,324,20719,8,1,1
2015-11-21,2002-09-26,SO48217,324,15380,1,1,1
2015-11-21,2002-09-06,SO48213,358,12292,10,1,1
2015-11-21,2002-10-24,SO48215,387,26482,6,1,1
2015-11-22,2002-08-12,SO48218,368,16594,10,1,1
2015-11-22,2002-11-05,SO48220,375,22409,9,1,1
2015-11-22,2002-10-26,SO48219,354,26511,4,1,1
2015-11-22,2002-09-29,SO48221,336,15365,4,1,1
2015-11-23,2002-08-30,SO48222,381,14116,1,1,1
2015-11-23,2002-09-28,SO48223,383,14120,4,1,1
2015-11-23,2002-08-11,SO48225,371,22573,9,1,1
2015-11-23,2002-10-10,SO48224,354,26581,1,1,1
2015-11-23,2002-08-15,SO48226,326,26444,9,1,1
2015-11-24,2002-08-09,SO48234,373,22203,9,1,1
2015-11-24,2002-09-25,SO48235,320,15367,1,1,1
2015-11-24,2002-08-23,SO48233,371,22850,9,1,1
2015-11-24,2002-10-18,SO48236,338,26423,9,1,1
2015-11-24,2002-10-05,SO48231,362,26579,4,1,1
2015-11-24,2002-09-02,SO48229,354,26510,4,1,1
2015-11-24,2002-11-06,SO48232,330,15396,1,1,1
2015-11-24,2002-08-10,SO48228,368,16598,10,1,1
2015-11-24,2002-07-28,SO48227,368,14813,7,1,1
2015-11-24,2002-08-09,SO48230,360,26530,1,1,1
2015-11-25,2002-11-04,SO48243,371,22411,9,1,1
2015-11-25,2002-09-23,SO48242,356,26532,4,1,1
2015-11-25,2002-10-31,SO48237,379,14925,7,1,1
2015-11-25,2002-11-01,SO48244,371,22860,9,1,1
2015-11-25,2002-09-04,SO48241,360,26520,1,1,1
2015-11-25,2002-09-30,SO48239,373,13700,4,1,1
2015-11-25,2002-08-07,SO48238,368,16831,10,1,1
2015-11-25,2002-10-13,SO48240,322,20856,10,1,1
2015-11-26,2002-09-16,SO48250,370,22572,9,1,1
2015-11-26,2002-11-03,SO48247,373,16390,8,1,1
2015-11-26,2002-09-25,SO48246,354,12218,8,1,1
2015-11-26,2002-08-10,SO48249,336,15394,4,1,1
2015-11-26,2002-09-12,SO48245,354,12129,8,1,1
2015-11-26,2002-11-11,SO48248,328,20852,10,1,1
2015-11-27,2002-10-15,SO48256,385,14240,1,1,1
2015-11-27,2002-10-26,SO48255,385,26496,6,1,1
2015-11-27,2002-11-03,SO48259,326,27085,6,1,1
2015-11-27,2002-10-13,SO48261,328,27101,6,1,1
2015-11-27,2002-09-01,SO48254,383,14117,1,1,1
2015-11-27,2002-10-08,SO48252,320,20864,10,1,1
2015-11-27,2002-09-11,SO48262,385,24909,9,1,1
2015-11-27,2002-09-13,SO48257,320,19282,7,1,1
2015-11-27,2002-09-13,SO48253,369,14926,7,1,1
2015-11-27,2002-07-31,SO48251,389,17641,7,1,1
2015-11-27,2002-08-01,SO48258,324,19287,7,1,1
2015-11-27,2002-10-19,SO48264,328,26437,9,1,1
2015-11-27,2002-08-18,SO48263,328,26435,9,1,1
2015-11-27,2002-10-27,SO48260,322,27099,6,1,1
2015-11-28,2002-08-30,SO48266,370,13713,1,1,1
2015-11-28,2002-08-19,SO48265,369,16945,10,1,1
2015-11-28,2002-08-30,SO48269,324,20863,10,1,1
2015-11-28,2002-10-02,SO48267,326,27102,6,1,1
2015-11-28,2002-11-08,SO48268,370,22406,9,1,1
2015-11-28,2002-09-24,SO48270,360,13081,9,1,1
2015-11-29,2002-10-16,SO48272,371,14931,7,1,1
2015-11-29,2002-10-24,SO48271,356,28727,7,1,1
2015-11-29,2002-09-19,SO48274,370,22404,9,1,1
2015-11-29,2002-10-13,SO48273,369,16589,10,1,1
2015-11-29,2002-09-20,SO48275,387,24907,9,1,1
2015-11-29,2002-10-26,SO48276,324,26429,9,1,1
2015-11-30,2002-10-19,SO48277,360,12287,10,1,1
2015-11-30,2002-08-12,SO48284,377,22577,9,1,1
2015-11-30,2002-11-11,SO48281,371,13492,4,1,1
2015-11-30,2002-08-11,SO48279,381,14121,1,1,1
2015-11-30,2002-09-14,SO48280,377,13487,4,1,1
2015-11-30,2002-09-15,SO48282,362,26540,4,1,1
2015-11-30,2002-10-09,SO48283,322,15389,4,1,1
2015-11-30,2002-09-19,SO48285,322,15372,1,1,1
2015-11-30,2002-09-11,SO48278,368,16305,8,1,1
2015-12-01,2002-11-09,SO48406,326,15473,4,1,1
2015-12-01,2002-09-15,SO48405,356,12316,10,1,1
2015-12-01,2002-08-24,SO48409,370,22940,9,1,1
2015-12-01,2002-09-26,SO48402,379,17627,10,1,1
2015-12-01,2002-10-09,SO48410,358,26649,4,1,1
2015-12-01,2002-11-08,SO48408,379,22927,9,1,1
2015-12-01,2002-08-20,SO48401,375,16451,8,1,1
2015-12-01,2002-09-30,SO48403,383,14285,4,1,1
2015-12-01,2002-09-14,SO48407,375,22913,9,1,1
2015-12-01,2002-11-09,SO48404,377,13730,1,1,1
2015-12-01,2002-09-09,SO48400,326,20830,8,1,1
2015-12-02,2002-08-12,SO48419,338,26585,9,1,1
2015-12-02,2002-08-22,SO48413,383,14288,4,1,1
2015-12-02,2002-11-02,SO48418,352,13114,9,1,1
2015-12-02,2002-09-10,SO48415,356,26634,4,1,1
2015-12-02,2002-09-08,SO48412,342,19310,7,1,1
2015-12-02,2002-08-24,SO48416,320,15472,1,1,1
2015-12-02,2002-09-25,SO48411,371,17182,10,1,1
2015-12-02,2002-10-29,SO48414,369,13718,1,1,1
2015-12-02,2002-08-23,SO48417,368,22932,9,1,1
2015-12-03,2002-10-14,SO48424,377,15070,7,1,1
2015-12-03,2002-11-13,SO48433,379,23102,9,1,1
2015-12-03,2002-09-05,SO48435,377,22953,9,1,1
2015-12-03,2002-09-06,SO48423,340,19297,7,1,1
2015-12-03,2002-08-07,SO48426,383,14253,4,1,1
2015-12-03,2002-09-27,SO48430,360,26633,4,1,1
2015-12-03,2002-11-17,SO48427,389,14289,4,1,1
2015-12-03,2002-10-02,SO48425,379,16475,8,1,1
2015-12-03,2002-10-22,SO48420,377,14957,7,1,1
2015-12-03,2002-10-11,SO48434,377,22912,9,1,1
2015-12-03,2002-09-12,SO48432,377,23098,9,1,1
2015-12-03,2002-09-02,SO48421,387,19361,10,1,1
2015-12-03,2002-09-20,SO48428,371,13733,1,1,1
2015-12-03,2002-11-18,SO48429,352,12385,10,1,1
2015-12-03,2002-09-12,SO48422,379,16946,10,1,1
2015-12-03,2002-10-10,SO48431,354,26619,1,1,1
2015-12-04,2002-11-07,SO48437,324,15466,4,1,1
2015-12-04,2002-08-31,SO48438,362,13117,9,1,1
2015-12-04,2002-11-06,SO48436,389,14267,1,1,1
2015-12-05,2002-09-20,SO48444,362,26618,4,1,1
2015-12-05,2002-11-08,SO48449,370,22907,9,1,1
2015-12-05,2002-09-04,SO48442,377,13735,1,1,1
2015-12-05,2002-10-19,SO48447,326,15471,4,1,1
2015-12-05,2002-11-03,SO48439,389,17651,7,1,1
2015-12-05,2002-09-28,SO48440,336,19309,7,1,1
2015-12-05,2002-11-19,SO48446,338,27265,6,1,1
2015-12-05,2002-09-29,SO48445,342,15411,4,1,1
2015-12-05,2002-09-10,SO48441,389,26503,6,1,1
2015-12-05,2002-09-21,SO48448,375,22987,9,1,1
2015-12-05,2002-08-22,SO48451,358,13107,9,1,1
2015-12-05,2002-09-25,SO48450,362,26645,4,1,1
2015-12-05,2002-09-29,SO48443,352,12232,8,1,1
2015-12-06,2002-11-20,SO48454,358,12328,10,1,1
2015-12-06,2002-11-10,SO48453,385,17647,7,1,1
2015-12-06,2002-11-19,SO48455,360,12380,10,1,1
2015-12-06,2002-11-20,SO48452,368,14998,7,1,1
2015-12-06,2002-11-11,SO48456,360,20651,6,1,1
2015-12-07,2002-10-21,SO48468,336,15433,4,1,1
2015-12-07,2002-09-23,SO48473,352,26641,4,1,1
2015-12-07,2002-10-31,SO48472,373,22942,9,1,1
2015-12-07,2002-10-24,SO48465,356,26626,4,1,1
2015-12-07,2002-10-02,SO48458,371,17097,10,1,1
2015-12-07,2002-08-11,SO48459,379,14966,7,1,1
2015-12-07,2002-10-29,SO48467,332,15409,1,1,1
2015-12-07,2002-09-20,SO48462,328,20828,8,1,1
2015-12-07,2002-11-05,SO48470,379,23105,9,1,1
2015-12-07,2002-09-07,SO48464,375,13734,4,1,1
2015-12-07,2002-09-10,SO48463,371,17225,10,1,1
2015-12-07,2002-09-10,SO48469,377,22961,9,1,1
2015-12-07,2002-11-19,SO48474,328,26447,9,1,1
2015-12-07,2002-11-09,SO48461,389,18167,8,1,1
2015-12-07,2002-10-04,SO48466,332,15404,4,1,1
2015-12-07,2002-08-11,SO48471,375,22909,9,1,1
2015-12-07,2002-11-18,SO48460,371,17098,10,1,1
2015-12-08,2002-10-26,SO48483,381,24917,9,1,1
2015-12-08,2002-11-02,SO48484,352,13525,9,1,1
2015-12-08,2002-10-07,SO48476,385,26512,6,1,1
2015-12-08,2002-10-11,SO48475,370,17214,10,1,1
2015-12-08,2002-10-02,SO48480,352,26642,1,1,1
2015-12-08,2002-08-27,SO48478,371,22929,9,1,1
2015-12-08,2002-08-16,SO48477,352,26611,4,1,1
2015-12-08,2002-08-15,SO48482,387,24912,9,1,1
2015-12-08,2002-10-30,SO48485,334,26587,9,1,1
2015-12-08,2002-11-02,SO48481,358,20669,6,1,1
2015-12-08,2002-09-06,SO48479,373,22939,9,1,1
2015-12-09,2002-09-25,SO48486,342,20866,10,1,1
2015-12-09,2002-11-02,SO48487,334,20808,8,1,1
2015-12-09,2002-11-04,SO48489,369,22954,9,1,1
2015-12-09,2002-10-14,SO48488,354,12229,8,1,1
2015-12-09,2002-11-16,SO48490,381,24913,9,1,1
2015-12-09,2002-10-13,SO48491,358,13126,9,1,1
2015-12-09,2002-11-06,SO48492,330,26567,9,1,1
2015-12-10,2002-08-17,SO48498,387,24920,9,1,1
2015-12-10,2002-08-30,SO48499,358,13132,9,1,1
2015-12-10,2002-09-12,SO48502,334,26566,9,1,1
2015-12-10,2002-08-13,SO48497,360,26606,1,1,1
2015-12-10,2002-09-28,SO48500,358,13135,9,1,1
2015-12-10,2002-11-09,SO48501,383,19362,10,1,1
2015-12-10,2002-11-02,SO48495,360,26602,4,1,1
2015-12-10,2002-11-15,SO48496,362,26603,4,1,1
2015-12-10,2002-09-11,SO48494,385,14272,1,1,1
2015-12-11,2002-11-18,SO48509,354,28740,7,1,1
2015-12-11,2002-09-25,SO48513,320,15417,4,1,1
2015-12-11,2002-11-13,SO48516,354,13139,9,1,1
2015-12-11,2002-10-10,SO48508,377,13736,4,1,1
2015-12-11,2002-11-11,SO48503,370,15003,7,1,1
2015-12-11,2002-11-23,SO48510,354,26631,4,1,1
2015-12-11,2002-09-04,SO48514,338,15427,4,1,1
2015-12-11,2002-11-21,SO48511,362,26635,4,1,1
2015-12-11,2002-10-20,SO48507,389,14255,1,1,1
2015-12-11,2002-09-04,SO48505,371,15071,7,1,1
2015-12-11,2002-08-14,SO48512,352,20656,6,1,1
2015-12-11,2002-11-23,SO48504,340,20879,10,1,1
2015-12-11,2002-08-26,SO48506,379,15072,7,1,1
2015-12-12,2002-09-19,SO48532,362,13112,9,1,1
2015-12-12,2002-11-18,SO48518,381,19337,10,1,1
2015-12-12,2002-11-06,SO48519,381,18176,8,1,1
2015-12-12,2002-11-02,SO48526,375,13724,4,1,1
2015-12-12,2002-10-10,SO48523,377,17203,10,1,1
2015-12-12,2002-09-01,SO48528,379,22908,9,1,1
2015-12-12,2002-08-18,SO48522,370,15064,7,1,1
2015-12-12,2002-10-05,SO48530,352,13104,9,1,1
2015-12-12,2002-10-04,SO48527,352,26617,4,1,1
2015-12-12,2002-10-09,SO48524,377,15082,7,1,1
2015-12-12,2002-08-19,SO48521,371,16422,8,1,1
2015-12-12,2002-09-01,SO48533,328,26560,9,1,1
2015-12-12,2002-10-27,SO48517,368,16442,8,1,1
2015-12-12,2002-11-24,SO48529,360,26638,1,1,1
2015-12-12,2002-11-04,SO48520,377,16411,8,1,1
2015-12-12,2002-08-26,SO48531,360,13105,9,1,1
2015-12-12,2002-08-20,SO48525,385,14284,1,1,1
2015-12-13,2002-10-16,SO48534,371,16448,8,1,1
2015-12-13,2002-08-25,SO48536,387,14256,1,1,1
2015-12-13,2002-11-21,SO48542,360,26676,4,1,1
2015-12-13,2002-08-23,SO48545,360,12335,10,1,1
2015-12-13,2002-11-14,SO48544,354,13119,9,1,1
2015-12-13,2002-09-28,SO48538,379,22905,9,1,1
2015-12-13,2002-10-14,SO48535,338,19295,7,1,1
2015-12-13,2002-11-27,SO48539,377,22921,9,1,1
2015-12-13,2002-09-30,SO48537,362,12318,10,1,1
2015-12-13,2002-09-02,SO48540,377,22931,9,1,1
2015-12-13,2002-09-21,SO48541,368,22943,9,1,1
2015-12-13,2002-09-04,SO48543,387,24918,9,1,1
2015-12-14,2002-10-10,SO48547,385,19029,8,1,1
2015-12-14,2002-11-14,SO48553,370,13716,4,1,1
2015-12-14,2002-10-19,SO48557,370,22958,9,1,1
2015-12-14,2002-10-30,SO48559,354,13122,9,1,1
2015-12-14,2002-09-30,SO48550,326,19315,7,1,1
2015-12-14,2002-08-28,SO48551,330,20833,8,1,1
2015-12-14,2002-10-18,SO48558,360,26684,4,1,1
2015-12-14,2002-10-29,SO48561,340,26562,9,1,1
2015-12-14,2002-09-23,SO48549,375,14946,7,1,1
2015-12-14,2002-09-04,SO48560,326,26561,9,1,1
2015-12-14,2002-09-13,SO48554,362,26622,1,1,1
2015-12-14,2002-08-20,SO48556,377,22936,9,1,1
2015-12-14,2002-11-19,SO48548,370,16414,8,1,1
2015-12-14,2002-10-09,SO48546,377,14960,7,1,1
2015-12-14,2002-11-14,SO48555,324,15399,4,1,1
2015-12-14,2002-11-09,SO48552,381,14242,1,1,1
2015-12-15,2002-09-06,SO48564,375,17218,10,1,1
2015-12-15,2002-09-05,SO48563,340,20831,8,1,1
2015-12-15,2002-10-11,SO48562,375,17085,10,1,1
2015-12-15,2002-10-21,SO48565,358,26604,4,1,1
2015-12-15,2002-09-13,SO48566,375,22906,9,1,1
2015-12-16,2002-11-05,SO48571,377,13726,4,1,1
2015-12-16,2002-10-30,SO48569,324,20726,8,1,1
2015-12-16,2002-08-31,SO48573,328,15419,1,1,1
2015-12-16,2002-09-25,SO48567,377,14948,7,1,1
2015-12-16,2002-10-26,SO48576,362,13133,9,1,1
2015-12-16,2002-08-25,SO48568,326,19296,7,1,1
2015-12-16,2002-10-11,SO48570,389,26504,6,1,1
2015-12-16,2002-11-10,SO48575,360,13123,9,1,1
2015-12-16,2002-11-19,SO48574,320,15422,1,1,1
2015-12-16,2002-08-20,SO48577,334,26571,9,1,1
2015-12-16,2002-10-19,SO48572,362,28756,7,1,1
2015-12-17,2002-08-27,SO48586,354,13113,9,1,1
2015-12-17,2002-10-02,SO48585,389,24919,9,1,1
2015-12-17,2002-11-20,SO48579,379,13741,4,1,1
2015-12-17,2002-08-29,SO48578,377,17207,10,1,1
2015-12-17,2002-09-20,SO48581,352,26632,1,1,1
2015-12-17,2002-10-06,SO48580,358,12231,8,1,1
2015-12-17,2002-11-11,SO48583,377,23106,9,1,1
2015-12-17,2002-10-09,SO48588,338,26569,9,1,1
2015-12-17,2002-08-27,SO48587,322,26568,9,1,1
2015-12-17,2002-09-21,SO48582,342,15428,4,1,1
2015-12-17,2002-11-01,SO48584,379,22935,9,1,1
2015-12-18,2002-08-30,SO48596,373,23101,9,1,1
2015-12-18,2002-10-01,SO48598,352,13106,9,1,1
2015-12-18,2002-10-16,SO48593,362,12394,10,1,1
2015-12-18,2002-09-19,SO48597,352,26650,4,1,1
2015-12-18,2002-09-28,SO48589,387,17646,7,1,1
2015-12-18,2002-10-13,SO48591,358,28739,7,1,1
2015-12-18,2002-10-07,SO48594,362,26614,1,1,1
2015-12-18,2002-08-25,SO48590,352,28757,7,1,1
2015-12-18,2002-10-03,SO48592,354,12266,8,1,1
2015-12-18,2002-11-01,SO48595,375,23097,9,1,1
2015-12-19,2002-11-23,SO48604,354,26609,1,1,1
2015-12-19,2002-12-03,SO48611,360,13518,9,1,1
2015-12-19,2002-09-14,SO48607,377,22946,9,1,1
2015-12-19,2002-10-10,SO48612,352,13520,9,1,1
2015-12-19,2002-10-05,SO48605,358,26616,1,1,1
2015-12-19,2002-08-26,SO48601,362,28728,7,1,1
2015-12-19,2002-12-02,SO48608,358,26644,1,1,1
2015-12-19,2002-10-31,SO48599,377,15002,7,1,1
2015-12-19,2002-10-29,SO48603,356,28751,7,1,1
2015-12-19,2002-11-11,SO48609,356,26646,4,1,1
2015-12-19,2002-11-19,SO48600,385,18185,8,1,1
2015-12-19,2002-10-16,SO48606,368,22988,9,1,1
2015-12-19,2002-11-15,SO48602,352,12237,8,1,1
2015-12-19,2002-10-26,SO48610,358,13134,9,1,1
2015-12-20,2002-12-04,SO48618,332,27259,6,1,1
2015-12-20,2002-09-14,SO48625,336,26547,9,1,1
2015-12-20,2002-11-14,SO48622,356,13156,9,1,1
2015-12-20,2002-09-23,SO48624,362,13109,9,1,1
2015-12-20,2002-10-19,SO48623,356,13108,9,1,1
2015-12-20,2002-10-01,SO48613,375,14965,7,1,1
2015-12-20,2002-11-29,SO48626,334,26570,9,1,1
2015-12-20,2002-11-26,SO48620,360,20665,6,1,1
2015-12-20,2002-08-28,SO48615,383,19360,10,1,1
2015-12-20,2002-11-17,SO48621,360,13129,9,1,1
2015-12-20,2002-08-26,SO48616,373,13721,1,1,1
2015-12-20,2002-09-27,SO48617,371,13725,4,1,1
2015-12-20,2002-10-22,SO48614,375,14976,7,1,1
2015-12-20,2002-09-03,SO48619,369,22934,9,1,1
2015-12-21,2002-09-07,SO48628,352,12381,10,1,1
2015-12-21,2002-09-13,SO48629,389,24916,9,1,1
2015-12-21,2002-10-07,SO48627,362,28758,7,1,1
2015-12-22,2002-11-22,SO48636,324,15429,4,1,1
2015-12-22,2002-08-31,SO48630,358,26623,1,1,1
2015-12-22,2002-11-24,SO48635,358,28750,7,1,1
2015-12-22,2002-11-12,SO48637,336,15474,4,1,1
2015-12-22,2002-12-04,SO48641,354,13524,9,1,1
2015-12-22,2002-10-22,SO48633,338,20875,10,1,1
2015-12-22,2002-08-28,SO48639,358,20670,6,1,1
2015-12-22,2002-10-07,SO48638,334,15475,4,1,1
2015-12-22,2002-09-15,SO48631,375,17185,10,1,1
2015-12-22,2002-11-12,SO48632,379,17192,10,1,1
2015-12-22,2002-10-16,SO48634,362,12230,8,1,1
2015-12-22,2002-12-03,SO48640,356,26681,4,1,1
2015-12-23,2002-11-05,SO48649,338,15432,4,1,1
2015-12-23,2002-11-02,SO48653,360,20680,6,1,1
2015-12-23,2002-11-18,SO48650,373,22986,9,1,1
2015-12-23,2002-09-18,SO48652,368,22951,9,1,1
2015-12-23,2002-10-22,SO48643,342,20869,10,1,1
2015-12-23,2002-09-11,SO48644,387,14270,4,1,1
2015-12-23,2002-10-25,SO48651,377,22926,9,1,1
2015-12-23,2002-10-23,SO48647,354,26625,1,1,1
2015-12-23,2002-10-15,SO48646,370,13722,1,1,1
2015-12-23,2002-10-16,SO48642,371,15061,7,1,1
2015-12-23,2002-09-28,SO48648,354,26610,4,1,1
2015-12-23,2002-10-29,SO48645,387,14283,1,1,1
2015-12-24,2002-11-21,SO48656,336,20829,8,1,1
2015-12-24,2002-11-12,SO48661,332,15467,4,1,1
2015-12-24,2002-09-12,SO48657,373,15067,7,1,1
2015-12-24,2002-10-06,SO48659,362,28749,7,1,1
2015-12-24,2002-09-30,SO48662,369,22938,9,1,1
2015-12-24,2002-09-22,SO48654,375,17094,10,1,1
2015-12-24,2002-11-10,SO48655,385,18183,8,1,1
2015-12-24,2002-10-30,SO48660,356,26607,4,1,1
2015-12-24,2002-11-25,SO48664,354,13521,9,1,1
2015-12-24,2002-09-21,SO48663,362,13118,9,1,1
2015-12-24,2002-11-20,SO48665,334,20872,10,1,1
2015-12-24,2002-09-03,SO48666,360,13090,9,1,1
2015-12-25,2002-10-09,SO48673,360,13131,9,1,1
2015-12-25,2002-09-02,SO48674,334,26548,9,1,1
2015-12-25,2002-11-29,SO48669,328,19293,7,1,1
2015-12-25,2002-10-25,SO48667,389,19341,10,1,1
2015-12-25,2002-10-17,SO48671,360,12270,8,1,1
2015-12-25,2002-11-26,SO48670,377,13715,4,1,1
2015-12-25,2002-12-09,SO48672,379,22950,9,1,1
2015-12-25,2002-09-24,SO48668,389,18626,8,1,1
2015-12-26,2002-11-30,SO48679,352,26608,4,1,1
2015-12-26,2002-09-17,SO48682,354,13091,9,1,1
2015-12-26,2002-09-04,SO48680,340,27242,6,1,1
2015-12-26,2002-09-16,SO48676,370,13729,1,1,1
2015-12-26,2002-11-15,SO48675,379,15079,7,1,1
2015-12-26,2002-10-11,SO48678,362,26627,4,1,1
2015-12-26,2002-09-07,SO48677,358,12391,10,1,1
2015-12-26,2002-08-28,SO48681,352,13160,9,1,1
2015-12-27,2002-11-30,SO48687,352,12317,10,1,1
2015-12-27,2002-09-07,SO48684,379,16534,8,1,1
2015-12-27,2002-11-23,SO48690,360,13130,9,1,1
2015-12-27,2002-11-26,SO48683,385,17648,7,1,1
2015-12-27,2002-12-05,SO48689,385,24914,9,1,1
2015-12-27,2002-11-11,SO48691,338,26549,9,1,1
2015-12-27,2002-10-28,SO48688,373,22966,9,1,1
2015-12-27,2002-10-11,SO48686,371,25999,6,1,1
2015-12-27,2002-10-07,SO48685,369,13728,4,1,1
2015-12-28,2002-10-02,SO48692,381,18171,8,1,1
2015-12-28,2002-09-08,SO48694,362,12315,10,1,1
2015-12-28,2002-09-12,SO48701,360,13103,9,1,1
2015-12-28,2002-11-09,SO48696,368,23100,9,1,1
2015-12-28,2002-11-26,SO48699,362,13115,9,1,1
2015-12-28,2002-09-15,SO48695,362,26624,1,1,1
2015-12-28,2002-10-04,SO48693,370,25995,6,1,1
2015-12-28,2002-12-04,SO48698,362,26647,4,1,1
2015-12-28,2002-09-23,SO48697,371,22933,9,1,1
2015-12-28,2002-11-05,SO48700,360,13519,9,1,1
2015-12-29,2002-10-23,SO48708,377,16466,8,1,1
2015-12-29,2002-09-22,SO48712,338,27252,6,1,1
2015-12-29,2002-12-10,SO48707,326,19313,7,1,1
2015-12-29,2002-11-03,SO48713,334,27253,6,1,1
2015-12-29,2002-10-28,SO48709,381,14268,4,1,1
2015-12-29,2002-12-03,SO48714,377,23104,9,1,1
2015-12-29,2002-10-05,SO48704,369,16429,8,1,1
2015-12-29,2002-11-21,SO48702,377,17115,10,1,1
2015-12-29,2002-11-26,SO48711,326,15410,4,1,1
2015-12-29,2002-11-17,SO48715,375,23107,9,1,1
2015-12-29,2002-11-05,SO48706,387,19359,10,1,1
2015-12-29,2002-10-18,SO48705,373,14995,7,1,1
2015-12-29,2002-10-25,SO48703,369,15004,7,1,1
2015-12-29,2002-09-20,SO48710,354,12305,10,1,1
2015-12-30,2002-10-06,SO48716,377,17626,10,1,1
2015-12-30,2002-09-09,SO48721,368,22930,9,1,1
2015-12-30,2002-11-28,SO48722,369,22937,9,1,1
2015-12-30,2002-09-03,SO48719,368,23099,9,1,1
2015-12-30,2002-12-06,SO48720,371,22910,9,1,1
2015-12-30,2002-10-20,SO48717,352,28736,7,1,1
2015-12-30,2002-10-12,SO48718,356,12382,10,1,1
2015-12-31,2002-12-14,SO48727,360,13128,9,1,1
2015-12-31,2002-11-09,SO48725,377,17202,10,1,1
2015-12-31,2002-11-29,SO48728,354,13111,9,1,1
2015-12-31,2002-11-14,SO48729,324,26563,9,1,1
2015-12-31,2002-12-02,SO48724,340,20722,8,1,1
2015-12-31,2002-10-09,SO48723,369,14944,7,1,1
2015-12-31,2002-11-22,SO48726,383,24915,9,1,1
2016-01-01,2002-10-17,SO48797,385,14335,1,1,1
2016-01-01,2002-09-30,SO48802,383,24923,9,1,1
2016-01-01,2002-11-29,SO48801,326,15493,1,1,1
2016-01-01,2002-11-16,SO48799,352,26708,4,1,1
2016-01-01,2002-12-16,SO48798,369,23332,9,1,1
2016-01-01,2002-12-02,SO48800,342,15491,5,1,1
2016-01-01,2002-10-19,SO48795,375,16538,8,1,1
2016-01-01,2002-11-23,SO48796,375,15094,7,1,1
2016-01-02,2002-12-01,SO48804,356,12276,8,1,1
2016-01-02,2002-09-12,SO48814,360,13647,9,1,1
2016-01-02,2002-10-30,SO48812,356,13630,9,1,1
2016-01-02,2002-09-15,SO48803,383,19416,10,1,1
2016-01-02,2002-11-23,SO48809,369,23411,9,1,1
2016-01-02,2002-10-27,SO48807,324,20892,10,1,1
2016-01-02,2002-10-10,SO48805,330,19318,7,1,1
2016-01-02,2002-12-11,SO48808,368,16552,8,1,1
2016-01-02,2002-10-18,SO48813,362,13631,9,1,1
2016-01-02,2002-10-22,SO48810,369,23415,9,1,1
2016-01-02,2002-11-30,SO48806,340,20885,10,1,1
2016-01-02,2002-10-06,SO48811,334,15517,4,1,1
2016-01-03,2002-09-06,SO48819,352,13622,9,1,1
2016-01-03,2002-10-29,SO48817,373,26049,6,1,1
2016-01-03,2002-12-04,SO48820,358,13958,9,1,1
2016-01-03,2002-09-10,SO48815,377,17700,10,1,1
2016-01-03,2002-10-11,SO48818,332,15497,4,1,1
2016-01-03,2002-11-15,SO48821,379,23344,9,1,1
2016-01-03,2002-12-16,SO48816,356,12459,10,1,1
2016-01-04,2002-09-15,SO48827,360,26729,1,1,1
2016-01-04,2002-10-25,SO48825,373,23414,9,1,1
2016-01-04,2002-10-02,SO48829,368,23121,9,1,1
2016-01-04,2002-12-06,SO48822,379,17743,10,1,1
2016-01-04,2002-11-30,SO48824,369,23408,9,1,1
2016-01-04,2002-10-27,SO48828,369,23120,9,1,1
2016-01-04,2002-12-13,SO48823,369,16821,8,1,1
2016-01-04,2002-09-15,SO48826,369,23421,9,1,1
2016-01-05,2002-11-02,SO48835,360,21148,6,1,1
2016-01-05,2002-12-15,SO48832,373,23418,9,1,1
2016-01-05,2002-11-01,SO48831,326,20886,10,1,1
2016-01-05,2002-09-11,SO48836,360,13959,9,1,1
2016-01-05,2002-11-03,SO48834,352,26695,4,1,1
2016-01-05,2002-11-05,SO48833,373,23118,9,1,1
2016-01-05,2002-10-24,SO48830,371,17750,10,1,1
2016-01-06,2002-09-17,SO48838,373,23409,9,1,1
2016-01-06,2002-11-19,SO48837,371,23311,9,1,1
2016-01-07,2002-12-15,SO48841,381,17716,7,1,1
2016-01-07,2002-09-09,SO48845,362,13620,9,1,1
2016-01-07,2002-11-18,SO48843,324,15489,1,1,1
2016-01-07,2002-10-26,SO48839,368,16567,8,1,1
2016-01-07,2002-10-29,SO48847,383,14336,1,1,1
2016-01-07,2002-11-12,SO48844,338,15492,1,1,1
2016-01-07,2002-10-24,SO48846,360,13651,9,1,1
2016-01-07,2002-12-14,SO48840,369,17753,10,1,1
2016-01-07,2002-10-16,SO48842,352,12463,10,1,1
2016-01-08,2002-11-24,SO48855,354,13955,9,1,1
2016-01-08,2002-11-08,SO48857,342,26652,9,1,1
2016-01-08,2002-11-30,SO48852,324,15503,1,1,1
2016-01-08,2002-10-03,SO48851,354,26717,1,1,1
2016-01-08,2002-09-17,SO48853,336,15520,4,1,1
2016-01-08,2002-12-09,SO48856,358,13967,9,1,1
2016-01-08,2002-09-24,SO48849,360,28904,7,1,1
2016-01-08,2002-09-21,SO48854,354,13643,9,1,1
2016-01-08,2002-11-29,SO48850,352,29361,7,1,1
2016-01-08,2002-09-29,SO48848,383,19424,10,1,1
2016-01-09,2002-12-04,SO48862,352,26805,4,1,1
2016-01-09,2002-09-28,SO48858,368,15455,7,1,1
2016-01-09,2002-12-22,SO48864,356,13964,9,1,1
2016-01-09,2002-10-23,SO48860,375,13849,1,1,1
2016-01-09,2002-11-20,SO48863,352,26718,4,1,1
2016-01-09,2002-12-15,SO48865,381,24924,9,1,1
2016-01-09,2002-09-21,SO48859,373,16603,8,1,1
2016-01-09,2002-10-08,SO48861,352,26786,4,1,1
2016-01-09,2002-12-11,SO48866,362,13527,9,1,1
2016-01-10,2002-12-05,SO48871,360,20736,6,1,1
2016-01-10,2002-11-08,SO48869,371,23314,9,1,1
2016-01-10,2002-11-29,SO48868,338,19320,7,1,1
2016-01-10,2002-12-19,SO48870,371,23316,9,1,1
2016-01-10,2002-10-07,SO48876,334,26588,9,1,1
2016-01-10,2002-11-04,SO48872,334,15483,4,1,1
2016-01-10,2002-11-13,SO48867,373,15451,7,1,1
2016-01-10,2002-12-26,SO48877,328,26657,9,1,1
2016-01-10,2002-10-21,SO48875,381,24922,9,1,1
2016-01-10,2002-11-13,SO48874,360,13970,9,1,1
2016-01-11,2002-12-19,SO48883,356,13528,9,1,1
2016-01-11,2002-11-07,SO48884,389,24921,9,1,1
2016-01-11,2002-10-19,SO48881,371,23324,9,1,1
2016-01-11,2002-12-21,SO48880,368,13746,4,1,1
2016-01-11,2002-10-16,SO48879,362,12526,10,1,1
2016-01-11,2002-12-12,SO48878,375,17715,10,1,1
2016-01-11,2002-11-20,SO48882,362,26801,4,1,1
2016-01-12,2002-12-12,SO48888,328,15482,4,1,1
2016-01-12,2002-11-02,SO48890,358,13618,9,1,1
2016-01-12,2002-10-19,SO48891,360,13650,9,1,1
2016-01-12,2002-11-19,SO48889,362,26711,4,1,1
2016-01-12,2002-11-29,SO48887,356,26811,4,1,1
2016-01-12,2002-10-13,SO48886,352,12473,10,1,1
2016-01-12,2002-10-15,SO48885,371,17755,10,1,1
2016-01-13,2002-10-27,SO48899,373,23313,9,1,1
2016-01-13,2002-10-14,SO48902,358,13966,9,1,1
2016-01-13,2002-09-29,SO48898,373,13856,4,1,1
2016-01-13,2002-09-25,SO48896,373,17632,10,1,1
2016-01-13,2002-09-28,SO48903,342,26653,9,1,1
2016-01-13,2002-09-19,SO48901,352,13960,9,1,1
2016-01-13,2002-10-11,SO48893,377,17772,10,1,1
2016-01-13,2002-12-14,SO48900,358,26734,1,1,1
2016-01-13,2002-11-02,SO48895,383,19418,10,1,1
2016-01-13,2002-11-21,SO48894,383,19034,8,1,1
2016-01-13,2002-12-23,SO48892,389,17714,7,1,1
2016-01-13,2002-10-16,SO48897,377,16540,8,1,1
2016-01-14,2002-11-23,SO48905,362,26814,1,1,1
2016-01-14,2002-11-14,SO48904,362,12492,10,1,1
2016-01-14,2002-11-15,SO48906,356,26705,4,1,1
2016-01-14,2002-10-11,SO48908,362,13626,9,1,1
2016-01-14,2002-09-24,SO48907,362,26727,1,1,1
2016-01-14,2002-09-22,SO48909,352,13953,9,1,1
2016-01-15,2002-10-10,SO48916,358,13616,9,1,1
2016-01-15,2002-10-02,SO48913,369,23412,9,1,1
2016-01-15,2002-09-23,SO48919,326,26658,9,1,1
2016-01-15,2002-10-20,SO48918,362,13638,9,1,1
2016-01-15,2002-10-16,SO48914,356,26735,1,1,1
2016-01-15,2002-12-16,SO48911,334,20880,10,1,1
2016-01-15,2002-11-22,SO48915,334,15481,4,1,1
2016-01-15,2002-11-12,SO48917,356,13636,9,1,1
2016-01-15,2002-10-07,SO48912,328,20841,8,1,1
2016-01-15,2002-10-24,SO48910,377,16587,8,1,1
2016-01-16,2002-10-05,SO48920,354,12275,8,1,1
2016-01-16,2002-10-27,SO48924,368,26040,6,1,1
2016-01-16,2002-12-14,SO48926,373,23117,9,1,1
2016-01-16,2002-10-10,SO48925,324,15480,4,1,1
2016-01-16,2002-09-25,SO48922,368,15095,7,1,1
2016-01-16,2002-09-24,SO48923,383,14298,4,1,1
2016-01-16,2002-10-23,SO48929,352,13526,9,1,1
2016-01-16,2002-10-19,SO48930,371,15086,7,1,1
2016-01-16,2002-09-25,SO48921,360,12560,10,1,1
2016-01-16,2002-12-25,SO48928,332,15502,1,1,1
2016-01-16,2002-12-01,SO48927,362,26703,1,1,1
2016-01-17,2002-11-11,SO48933,362,26694,1,1,1
2016-01-17,2002-11-10,SO48934,354,26710,4,1,1
2016-01-17,2002-09-20,SO48931,387,19382,10,1,1
2016-01-17,2002-12-17,SO48936,352,13644,9,1,1
2016-01-17,2002-11-28,SO48932,385,14297,4,1,1
2016-01-17,2002-11-26,SO48937,352,13529,9,1,1
2016-01-17,2002-11-16,SO48935,330,15518,4,1,1
2016-01-18,2002-11-25,SO48943,352,13973,9,1,1
2016-01-18,2002-11-19,SO48938,373,17720,10,1,1
2016-01-18,2002-12-20,SO48942,362,26728,4,1,1
2016-01-18,2002-11-06,SO48944,383,25010,9,1,1
2016-01-18,2002-11-30,SO48940,324,20835,8,1,1
2016-01-18,2002-12-13,SO48939,369,15462,7,1,1
2016-01-18,2002-10-24,SO48941,369,26013,6,1,1
2016-01-19,2002-10-24,SO48949,334,26591,9,1,1
2016-01-19,2002-10-01,SO48946,358,26725,1,1,1
2016-01-19,2002-12-27,SO48947,352,13957,9,1,1
2016-01-19,2002-10-19,SO48945,370,17644,10,1,1
2016-01-19,2002-10-02,SO48948,354,13974,9,1,1
2016-01-20,2002-12-03,SO48951,352,29388,7,1,1
2016-01-20,2002-09-27,SO48955,358,13645,9,1,1
2016-01-20,2002-10-22,SO48952,368,15093,7,1,1
2016-01-20,2002-11-25,SO48950,358,12486,10,1,1
2016-01-20,2002-10-29,SO48956,356,13968,9,1,1
2016-01-20,2002-11-28,SO48953,370,23413,9,1,1
2016-01-20,2002-12-20,SO48954,362,26724,1,1,1
2016-01-21,2002-12-26,SO48961,358,13619,9,1,1
2016-01-21,2002-12-09,SO48960,354,26726,1,1,1
2016-01-21,2002-12-04,SO48959,375,23417,9,1,1
2016-01-21,2002-12-25,SO48962,362,13649,9,1,1
2016-01-21,2002-10-14,SO48957,332,20836,8,1,1
2016-01-21,2003-01-03,SO48958,377,23310,9,1,1
2016-01-21,2002-11-30,SO48963,383,25011,9,1,1
2016-01-22,2002-10-08,SO48973,336,26656,9,1,1
2016-01-22,2002-12-20,SO48968,371,13742,1,1,1
2016-01-22,2002-10-19,SO48966,373,17639,10,1,1
2016-01-22,2002-11-10,SO48967,387,14292,4,1,1
2016-01-22,2002-10-31,SO48970,385,26529,6,1,1
2016-01-22,2002-10-09,SO48971,362,13625,9,1,1
2016-01-22,2003-01-06,SO48972,360,13629,9,1,1
2016-01-22,2002-11-10,SO48969,379,23320,9,1,1
2016-01-22,2002-10-10,SO48965,389,19030,8,1,1
2016-01-22,2002-11-07,SO48964,371,16824,8,1,1
2016-01-23,2002-11-23,SO48984,354,13632,9,1,1
2016-01-23,2002-10-28,SO48975,387,17739,7,1,1
2016-01-23,2002-10-02,SO48986,324,26651,9,1,1
2016-01-23,2002-09-30,SO48974,375,17717,10,1,1
2016-01-23,2002-12-05,SO48978,387,14290,1,1,1
2016-01-23,2002-11-28,SO48983,332,15500,4,1,1
2016-01-23,2002-11-03,SO48987,320,26655,9,1,1
2016-01-23,2002-12-10,SO48976,354,12404,10,1,1
2016-01-23,2002-10-25,SO48982,322,15484,4,1,1
2016-01-23,2002-12-30,SO48979,375,13855,4,1,1
2016-01-23,2002-11-29,SO48985,360,13646,9,1,1
2016-01-23,2003-01-04,SO48981,368,23348,9,1,1
2016-01-23,2002-12-29,SO48977,320,20842,8,1,1
2016-01-23,2002-10-29,SO48980,369,23322,9,1,1
2016-01-24,2002-11-24,SO48992,379,13862,4,1,1
2016-01-24,2002-12-09,SO48993,377,23410,9,1,1
2016-01-24,2002-12-22,SO48988,370,16565,8,1,1
2016-01-24,2002-11-18,SO48990,362,12559,10,1,1
2016-01-24,2002-10-20,SO48994,324,15506,4,1,1
2016-01-24,2002-11-20,SO48991,354,12291,8,1,1
2016-01-24,2002-12-17,SO48989,360,29364,7,1,1
2016-01-25,2002-10-30,SO48998,332,26661,9,1,1
2016-01-25,2002-10-24,SO48995,354,28885,7,1,1
2016-01-25,2002-11-05,SO48997,369,13854,4,1,1
2016-01-25,2002-12-15,SO48996,387,14334,1,1,1
2016-01-26,2002-12-19,SO49002,371,23323,9,1,1
2016-01-26,2002-11-04,SO49005,362,26723,4,1,1
2016-01-26,2002-10-08,SO49000,360,12460,10,1,1
2016-01-26,2002-10-04,SO49006,360,13633,9,1,1
2016-01-26,2002-11-03,SO49008,330,26660,9,1,1
2016-01-26,2002-12-30,SO49004,370,23420,9,1,1
2016-01-26,2003-01-01,SO49001,356,29380,7,1,1
2016-01-26,2002-10-20,SO48999,377,15463,7,1,1
2016-01-26,2002-12-24,SO49003,369,23325,9,1,1
2016-01-27,2002-10-16,SO49011,358,26698,4,1,1
2016-01-27,2003-01-12,SO49009,332,20890,10,1,1
2016-01-27,2002-10-26,SO49010,369,23416,9,1,1
2016-01-28,2002-12-11,SO49013,370,13745,1,1,1
2016-01-28,2002-10-13,SO49015,352,13965,9,1,1
2016-01-28,2002-10-10,SO49016,358,13971,9,1,1
2016-01-28,2002-12-01,SO49014,368,23331,9,1,1
2016-01-28,2002-12-28,SO49012,368,16572,8,1,1
2016-01-29,2002-10-19,SO49021,371,13744,1,1,1
2016-01-29,2002-12-11,SO49019,371,17782,10,1,1
2016-01-29,2002-10-12,SO49017,375,17744,10,1,1
2016-01-29,2002-12-11,SO49018,371,17747,10,1,1
2016-01-29,2003-01-05,SO49022,377,23116,9,1,1
2016-01-29,2002-12-16,SO49023,328,26589,9,1,1
2016-01-29,2002-11-03,SO49024,340,26654,9,1,1
2016-01-29,2002-11-24,SO49020,385,19035,8,1,1
2016-01-30,2002-10-12,SO49028,360,13648,9,1,1
2016-01-30,2002-10-15,SO49025,332,19319,7,1,1
2016-01-30,2002-11-18,SO49030,375,23119,9,1,1
2016-01-30,2002-12-18,SO49027,324,15501,4,1,1
2016-01-30,2002-11-08,SO49026,370,16549,8,1,1
2016-01-30,2002-11-25,SO49029,383,25020,9,1,1
2016-01-31,2002-11-27,SO49033,375,13747,1,1,1
2016-01-31,2002-11-05,SO49035,375,23343,9,1,1
2016-01-31,2002-10-20,SO49037,356,20708,6,1,1
2016-01-31,2002-12-16,SO49036,360,26731,4,1,1
2016-01-31,2002-11-21,SO49034,368,23321,9,1,1
2016-01-31,2002-10-19,SO49038,360,21138,6,1,1
2016-01-31,2002-10-22,SO49032,368,15085,7,1,1
2016-01-31,2002-12-24,SO49031,362,29389,7,1,1
2016-02-01,2002-10-08,SO49177,354,27064,1,1,1
2016-02-01,2003-01-16,SO49178,387,14342,1,1,1
2016-02-01,2002-12-16,SO49172,368,13885,1,1,1
2016-02-01,2002-10-25,SO49179,381,14365,4,1,1
2016-02-01,2003-01-08,SO49174,354,14049,9,1,1
2016-02-01,2002-11-25,SO49173,352,14047,9,1,1
2016-02-01,2002-10-28,SO49175,370,23431,9,1,1
2016-02-01,2002-10-10,SO49171,375,13865,4,1,1
2016-02-01,2002-11-09,SO49180,332,26744,9,1,1
2016-02-01,2002-11-11,SO49176,356,27054,4,1,1
2016-02-02,2002-11-09,SO49183,370,16944,8,1,1
2016-02-02,2002-11-13,SO49182,369,16830,8,1,1
2016-02-02,2002-10-06,SO49186,370,23526,9,1,1
2016-02-02,2002-11-12,SO49185,362,14134,9,1,1
2016-02-02,2002-12-16,SO49181,375,17890,10,1,1
2016-02-02,2002-11-23,SO49188,358,26815,1,1,1
2016-02-02,2002-10-26,SO49187,379,23545,9,1,1
2016-02-02,2002-11-18,SO49189,340,15525,4,1,1
2016-02-02,2002-12-21,SO49184,362,14129,9,1,1
2016-02-02,2002-12-22,SO49190,383,25033,9,1,1
2016-02-03,2002-11-20,SO49195,320,20845,8,1,1
2016-02-03,2003-01-19,SO49191,387,19435,10,1,1
2016-02-03,2002-11-03,SO49194,334,20922,10,1,1
2016-02-03,2002-12-30,SO49192,387,19040,8,1,1
2016-02-03,2002-12-09,SO49199,336,26667,9,1,1
2016-02-03,2002-10-19,SO49196,354,12386,8,1,1
2016-02-03,2002-12-02,SO49198,342,26662,9,1,1
2016-02-03,2002-12-16,SO49197,360,29415,7,1,1
2016-02-03,2003-01-09,SO49193,360,29390,7,1,1
2016-02-04,2003-01-05,SO49206,375,23423,9,1,1
2016-02-04,2002-12-01,SO49208,375,23531,9,1,1
2016-02-04,2002-10-19,SO49213,387,25034,9,1,1
2016-02-04,2002-12-22,SO49202,375,17829,10,1,1
2016-02-04,2002-10-24,SO49200,368,17889,10,1,1
2016-02-04,2002-10-14,SO49214,379,23575,9,1,1
2016-02-04,2002-11-03,SO49209,371,23541,9,1,1
2016-02-04,2002-11-19,SO49201,370,17795,10,1,1
2016-02-04,2002-12-27,SO49207,369,23432,9,1,1
2016-02-04,2002-10-12,SO49215,324,15521,4,1,1
2016-02-04,2002-11-07,SO49203,330,19343,7,1,1
2016-02-04,2003-01-11,SO49204,352,14103,9,1,1
2016-02-04,2002-10-18,SO49212,387,14337,1,1,1
2016-02-04,2002-11-26,SO49211,354,27020,4,1,1
2016-02-04,2003-01-17,SO49216,326,26749,9,1,1
2016-02-04,2003-01-14,SO49205,358,14130,9,1,1
2016-02-04,2002-11-25,SO49210,356,21331,6,1,1
2016-02-05,2002-11-23,SO49220,352,14032,9,1,1
2016-02-05,2002-11-18,SO49221,379,23532,9,1,1
2016-02-05,2002-12-01,SO49218,379,26113,6,1,1
2016-02-05,2002-12-30,SO49222,352,27078,4,1,1
2016-02-05,2002-10-28,SO49223,360,27017,1,1,1
2016-02-05,2002-12-10,SO49219,362,12619,10,1,1
2016-02-05,2002-10-19,SO49217,377,15637,7,1,1
2016-02-05,2002-12-02,SO49224,358,27073,1,1,1
2016-02-06,2002-11-11,SO49226,370,17792,10,1,1
2016-02-06,2003-01-01,SO49233,324,15531,1,1,1
2016-02-06,2002-12-13,SO49228,360,29404,7,1,1
2016-02-06,2002-12-28,SO49229,356,12390,8,1,1
2016-02-06,2002-12-11,SO49235,320,15537,4,1,1
2016-02-06,2003-01-04,SO49236,389,25021,9,1,1
2016-02-06,2002-11-04,SO49225,375,17191,8,1,1
2016-02-06,2002-10-18,SO49232,320,15529,1,1,1
2016-02-06,2002-11-18,SO49238,379,23593,9,1,1
2016-02-06,2002-11-17,SO49237,385,25035,9,1,1
2016-02-06,2002-12-18,SO49231,362,27058,1,1,1
2016-02-06,2002-10-29,SO49227,369,13873,4,1,1
2016-02-06,2002-10-18,SO49234,328,15534,1,1,1
2016-02-06,2002-10-30,SO49230,358,21266,6,1,1
2016-02-07,2003-01-11,SO49245,389,25029,9,1,1
2016-02-07,2002-11-05,SO49246,373,23640,9,1,1
2016-02-07,2002-10-14,SO49244,362,21284,6,1,1
2016-02-07,2003-01-09,SO49240,352,14058,9,1,1
2016-02-07,2002-12-08,SO49243,358,27074,1,1,1
2016-02-07,2003-01-06,SO49239,354,14011,9,1,1
2016-02-07,2002-10-15,SO49242,368,23524,9,1,1
2016-02-07,2003-01-09,SO49241,354,14065,9,1,1
2016-02-08,2002-12-21,SO49257,320,26746,9,1,1
2016-02-08,2002-11-27,SO49252,352,12378,8,1,1
2016-02-08,2002-11-14,SO49254,358,14216,9,1,1
2016-02-08,2002-11-16,SO49253,360,14211,9,1,1
2016-02-08,2002-11-10,SO49248,387,17766,7,1,1
2016-02-08,2003-01-05,SO49250,342,19323,7,1,1
2016-02-08,2002-12-05,SO49255,326,15523,1,1,1
2016-02-08,2003-01-06,SO49247,369,17793,10,1,1
2016-02-08,2003-01-23,SO49256,354,13997,9,1,1
2016-02-08,2002-12-25,SO49251,377,13871,4,1,1
2016-02-08,2002-10-20,SO49249,385,17767,7,1,1
2016-02-09,2002-12-15,SO49260,362,12608,10,1,1
2016-02-09,2002-12-15,SO49262,332,19335,7,1,1
2016-02-09,2002-10-12,SO49264,356,14046,9,1,1
2016-02-09,2002-11-14,SO49263,342,20843,8,1,1
2016-02-09,2003-01-23,SO49261,360,12609,10,1,1
2016-02-09,2002-12-13,SO49268,356,27056,4,1,1
2016-02-09,2002-10-19,SO49265,356,14050,9,1,1
2016-02-09,2002-10-27,SO49266,362,14051,9,1,1
2016-02-09,2002-12-17,SO49258,368,17828,10,1,1
2016-02-09,2003-01-22,SO49259,360,29397,7,1,1
2016-02-10,2002-10-14,SO49272,362,14055,9,1,1
2016-02-10,2002-12-18,SO49275,368,23645,9,1,1
2016-02-10,2003-01-18,SO49269,373,13884,1,1,1
2016-02-10,2002-11-07,SO49271,354,12630,10,1,1
2016-02-10,2002-11-19,SO49270,352,29412,7,1,1
2016-02-11,2002-12-02,SO49278,358,14038,9,1,1
2016-02-11,2002-11-03,SO49277,352,12615,10,1,1
2016-02-11,2003-01-14,SO49279,362,14045,9,1,1
2016-02-11,2003-01-03,SO49276,379,17849,10,1,1
2016-02-12,2002-12-19,SO49286,352,27050,1,1,1
2016-02-12,2002-12-30,SO49288,354,13994,9,1,1
2016-02-12,2003-01-02,SO49283,352,14220,9,1,1
2016-02-12,2002-11-07,SO49287,356,14007,9,1,1
2016-02-12,2003-01-07,SO49282,362,14133,9,1,1
2016-02-12,2002-10-21,SO49285,356,27077,4,1,1
2016-02-12,2003-01-03,SO49280,368,17815,10,1,1
2016-02-12,2002-10-16,SO49289,330,26748,9,1,1
2016-02-12,2002-10-26,SO49281,342,19324,7,1,1
2016-02-12,2002-10-27,SO49284,375,23436,9,1,1
2016-02-13,2003-01-08,SO49291,387,19433,10,1,1
2016-02-13,2002-11-11,SO49295,362,12388,8,1,1
2016-02-13,2002-12-22,SO49293,358,12297,8,1,1
2016-02-13,2002-11-18,SO49290,369,16940,8,1,1
2016-02-13,2002-12-14,SO49298,356,14210,9,1,1
2016-02-13,2003-01-12,SO49292,389,19038,8,1,1
2016-02-13,2002-11-05,SO49297,358,14127,9,1,1
2016-02-13,2002-12-22,SO49299,377,23533,9,1,1
2016-02-13,2002-11-23,SO49300,383,14362,1,1,1
2016-02-13,2002-10-26,SO49296,356,14010,9,1,1
2016-02-14,2003-01-18,SO49302,371,15651,7,1,1
2016-02-14,2003-01-26,SO49311,334,26743,9,1,1
2016-02-14,2002-12-18,SO49303,377,17103,8,1,1
2016-02-14,2002-10-28,SO49308,352,14128,9,1,1
2016-02-14,2002-12-13,SO49307,358,14071,9,1,1
2016-02-14,2002-10-20,SO49304,381,19437,10,1,1
2016-02-14,2002-11-01,SO49301,377,15665,7,1,1
2016-02-14,2002-11-28,SO49309,381,14364,4,1,1
2016-02-14,2002-11-27,SO49310,336,15527,4,1,1
2016-02-14,2002-12-01,SO49305,371,13866,4,1,1
2016-02-15,2003-01-06,SO49322,328,26747,9,1,1
2016-02-15,2003-01-04,SO49318,332,27267,6,1,1
2016-02-15,2003-01-24,SO49317,381,14355,1,1,1
2016-02-15,2002-12-25,SO49320,373,23649,9,1,1
2016-02-15,2002-10-19,SO49313,358,14039,9,1,1
2016-02-15,2002-10-26,SO49319,387,25022,9,1,1
2016-02-15,2003-01-28,SO49316,379,23433,9,1,1
2016-02-15,2002-10-19,SO49314,362,14214,9,1,1
2016-02-15,2002-10-22,SO49315,362,14215,9,1,1
2016-02-15,2002-11-16,SO49321,356,27063,1,1,1
2016-02-15,2002-12-25,SO49312,369,17086,8,1,1
2016-02-16,2002-11-13,SO49325,356,14219,9,1,1
2016-02-16,2002-11-01,SO49326,360,21305,6,1,1
2016-02-16,2002-11-06,SO49324,352,12461,8,1,1
2016-02-16,2003-01-06,SO49323,362,12612,10,1,1
2016-02-17,2003-01-30,SO49338,369,23571,9,1,1
2016-02-17,2002-11-14,SO49334,360,14132,9,1,1
2016-02-17,2003-01-21,SO49328,373,17812,10,1,1
2016-02-17,2002-12-11,SO49327,369,17790,10,1,1
2016-02-17,2002-12-28,SO49331,358,12384,8,1,1
2016-02-17,2002-12-15,SO49337,362,27068,4,1,1
2016-02-17,2003-01-27,SO49335,375,23429,9,1,1
2016-02-17,2002-11-03,SO49330,354,12314,8,1,1
2016-02-17,2002-12-23,SO49333,354,14102,9,1,1
2016-02-17,2002-11-30,SO49332,352,14063,9,1,1
2016-02-17,2003-01-12,SO49329,387,17754,7,1,1
2016-02-17,2003-01-31,SO49336,377,23523,9,1,1
2016-02-18,2002-11-25,SO49349,360,27045,1,1,1
2016-02-18,2003-01-17,SO49351,328,26673,9,1,1
2016-02-18,2002-12-10,SO49350,330,15547,4,1,1
2016-02-18,2002-11-22,SO49347,369,23539,9,1,1
2016-02-18,2002-12-08,SO49348,369,23547,9,1,1
2016-02-18,2003-01-02,SO49341,381,17756,7,1,1
2016-02-18,2003-01-16,SO49342,356,12599,10,1,1
2016-02-18,2003-01-01,SO49346,362,14218,9,1,1
2016-02-18,2002-12-31,SO49343,356,14033,9,1,1
2016-02-18,2002-10-28,SO49345,362,14070,9,1,1
2016-02-18,2003-01-10,SO49339,368,17183,8,1,1
2016-02-18,2002-10-24,SO49340,375,15624,7,1,1
2016-02-18,2002-12-29,SO49344,352,14048,9,1,1
2016-02-19,2002-12-19,SO49354,373,13883,4,1,1
2016-02-19,2003-01-15,SO49353,324,20931,10,1,1
2016-02-19,2003-01-27,SO49356,369,23540,9,1,1
2016-02-19,2003-01-03,SO49358,356,27076,4,1,1
2016-02-19,2002-10-22,SO49360,358,27069,4,1,1
2016-02-19,2002-10-23,SO49357,377,23542,9,1,1
2016-02-19,2003-01-13,SO49361,373,15663,7,1,1
2016-02-19,2002-11-28,SO49352,375,17082,8,1,1
2016-02-19,2003-01-12,SO49355,362,14031,9,1,1
2016-02-19,2002-11-29,SO49359,385,14343,1,1,1
2016-02-20,2002-10-24,SO49370,379,23574,9,1,1
2016-02-20,2002-11-06,SO49371,328,26663,9,1,1
2016-02-20,2002-11-12,SO49366,377,23546,9,1,1
2016-02-20,2002-12-19,SO49364,379,23434,9,1,1
2016-02-20,2002-11-04,SO49365,368,23529,9,1,1
2016-02-20,2002-12-02,SO49368,324,15528,1,1,1
2016-02-20,2002-11-22,SO49363,360,14062,9,1,1
2016-02-20,2002-11-18,SO49362,358,12622,10,1,1
2016-02-20,2002-11-08,SO49369,342,15552,1,1,1
2016-02-20,2002-11-24,SO49367,362,27047,1,1,1
2016-02-21,2003-02-06,SO49380,336,15542,4,1,1
2016-02-21,2002-11-20,SO49372,369,15666,7,1,1
2016-02-21,2003-01-05,SO49378,360,27051,4,1,1
2016-02-21,2003-02-03,SO49373,383,17752,7,1,1
2016-02-21,2002-12-25,SO49381,332,15553,4,1,1
2016-02-21,2002-11-26,SO49379,360,27067,4,1,1
2016-02-21,2002-12-13,SO49382,383,25030,9,1,1
2016-02-21,2002-11-22,SO49374,332,20933,10,1,1
2016-02-21,2002-11-25,SO49384,354,29414,7,1,1
2016-02-21,2002-12-08,SO49383,383,25032,9,1,1
2016-02-21,2002-12-14,SO49375,354,12330,8,1,1
2016-02-21,2002-12-22,SO49377,371,23435,9,1,1
2016-02-21,2002-12-24,SO49376,354,14125,9,1,1
2016-02-22,2002-10-29,SO49391,379,13877,4,1,1
2016-02-22,2002-11-21,SO49393,375,23422,9,1,1
2016-02-22,2002-12-21,SO49388,356,12298,8,1,1
2016-02-22,2002-11-26,SO49394,379,23525,9,1,1
2016-02-22,2002-12-02,SO49395,369,23572,9,1,1
2016-02-22,2002-12-13,SO49387,369,17114,8,1,1
2016-02-22,2002-12-19,SO49389,334,20975,10,1,1
2016-02-22,2003-01-18,SO49390,334,19326,7,1,1
2016-02-22,2002-12-10,SO49392,362,14066,9,1,1
2016-02-22,2002-11-23,SO49385,375,17803,10,1,1
2016-02-22,2003-01-03,SO49386,373,17093,8,1,1
2016-02-23,2003-01-02,SO49396,370,23538,9,1,1
2016-02-23,2002-11-26,SO49397,320,15551,1,1,1
2016-02-23,2002-12-10,SO49398,330,26745,9,1,1
2016-02-24,2002-11-29,SO49405,360,21332,6,1,1
2016-02-24,2003-01-15,SO49407,389,14356,4,1,1
2016-02-24,2003-01-31,SO49401,369,17813,10,1,1
2016-02-24,2002-12-19,SO49409,358,13975,9,1,1
2016-02-24,2002-11-12,SO49408,322,15535,4,1,1
2016-02-24,2002-11-12,SO49402,352,12302,8,1,1
2016-02-24,2002-12-12,SO49404,377,23425,9,1,1
2016-02-24,2002-11-16,SO49399,338,15540,4,1,1
2016-02-24,2002-12-22,SO49403,362,12397,8,1,1
2016-02-24,2003-01-15,SO49400,373,17794,10,1,1
2016-02-24,2002-12-01,SO49406,354,27021,4,1,1
2016-02-25,2002-10-31,SO49419,368,23534,9,1,1
2016-02-25,2003-01-26,SO49423,330,26666,9,1,1
2016-02-25,2003-02-07,SO49424,342,26740,9,1,1
2016-02-25,2002-12-01,SO49410,369,17184,8,1,1
2016-02-25,2002-10-29,SO49417,362,12623,10,1,1
2016-02-25,2002-12-28,SO49421,379,23573,9,1,1
2016-02-25,2003-01-12,SO49422,370,23648,9,1,1
2016-02-25,2002-12-06,SO49418,352,14030,9,1,1
2016-02-25,2002-12-07,SO49415,370,17107,8,1,1
2016-02-25,2002-12-04,SO49412,373,16826,8,1,1
2016-02-25,2002-12-17,SO49413,369,17798,10,1,1
2016-02-25,2003-01-18,SO49414,368,17096,8,1,1
2016-02-25,2003-01-13,SO49420,389,14354,4,1,1
2016-02-25,2003-01-22,SO49411,368,15676,7,1,1
2016-02-25,2002-11-07,SO49416,340,20917,10,1,1
2016-02-26,2003-02-11,SO49429,360,14012,9,1,1
2016-02-26,2003-01-25,SO49428,368,13870,1,1,1
2016-02-26,2003-01-04,SO49430,326,15538,4,1,1
2016-02-26,2002-11-07,SO49426,322,20921,10,1,1
2016-02-26,2002-11-11,SO49425,369,15623,7,1,1
2016-02-26,2002-12-03,SO49431,332,15548,4,1,1
2016-02-26,2002-12-27,SO49427,338,19338,7,1,1
2016-02-27,2002-12-29,SO49434,381,14357,4,1,1
2016-02-27,2002-12-29,SO49433,373,23544,9,1,1
2016-02-27,2002-12-31,SO49432,373,17841,10,1,1
2016-02-28,2002-12-06,SO49441,358,27044,4,1,1
2016-02-28,2003-02-11,SO49440,360,14101,9,1,1
2016-02-28,2002-11-09,SO49435,377,17181,8,1,1
2016-02-28,2002-12-21,SO49438,356,14020,9,1,1
2016-02-28,2002-12-28,SO49436,322,20847,8,1,1
2016-02-28,2003-01-04,SO49442,334,15532,4,1,1
2016-02-28,2003-01-16,SO49437,330,19336,7,1,1
2016-02-28,2002-11-30,SO49439,356,14064,9,1,1
2016-03-01,2003-02-08,SO49549,381,19440,10,1,1
2016-03-01,2003-02-03,SO49553,354,14302,9,1,1
2016-03-01,2003-02-04,SO49551,332,21040,10,1,1
2016-03-01,2003-01-08,SO49552,358,12647,10,1,1
2016-03-01,2002-12-05,SO49554,336,15739,4,1,1
2016-03-01,2003-01-12,SO49556,338,26752,9,1,1
2016-03-01,2002-11-14,SO49555,387,25036,9,1,1
2016-03-01,2003-02-12,SO49557,334,26753,9,1,1
2016-03-02,2002-11-06,SO49558,332,19366,7,1,1
2016-03-02,2003-01-01,SO49565,356,21501,6,1,1
2016-03-02,2002-11-29,SO49567,356,12634,10,1,1
2016-03-02,2003-01-18,SO49562,354,14234,9,1,1
2016-03-02,2002-12-05,SO49563,354,27087,4,1,1
2016-03-02,2002-12-11,SO49566,332,15565,1,1,1
2016-03-02,2002-12-25,SO49559,369,26115,6,1,1
2016-03-02,2002-11-15,SO49560,375,13892,1,1,1
2016-03-02,2003-01-28,SO49561,358,14681,9,1,1
2016-03-02,2003-02-02,SO49568,375,24003,9,1,1
2016-03-03,2003-01-28,SO49572,352,27107,4,1,1
2016-03-03,2002-11-30,SO49573,371,24009,9,1,1
2016-03-03,2003-01-25,SO49574,320,26764,9,1,1
2016-03-03,2002-11-09,SO49569,371,16262,7,1,1
2016-03-03,2003-02-02,SO49571,358,14345,9,1,1
2016-03-03,2002-12-09,SO49570,358,14316,9,1,1
2016-03-04,2003-01-16,SO49580,358,14225,9,1,1
2016-03-04,2003-02-17,SO49578,389,19057,8,1,1
2016-03-04,2003-01-17,SO49576,379,17761,8,1,1
2016-03-04,2003-01-29,SO49577,377,17762,8,1,1
2016-03-04,2003-01-29,SO49575,370,15923,7,1,1
2016-03-04,2002-12-26,SO49579,358,14322,9,1,1
2016-03-05,2002-11-16,SO49590,360,21348,6,1,1
2016-03-05,2003-01-14,SO49593,326,15561,1,1,1
2016-03-05,2003-01-13,SO49597,368,24001,9,1,1
2016-03-05,2002-11-29,SO49596,379,23653,9,1,1
2016-03-05,2002-11-22,SO49582,377,17220,8,1,1
2016-03-05,2003-02-05,SO49592,326,15558,1,1,1
2016-03-05,2003-01-07,SO49581,369,17937,10,1,1
2016-03-05,2003-01-24,SO49588,354,14226,9,1,1
2016-03-05,2003-02-15,SO49594,379,24005,9,1,1
2016-03-05,2002-11-14,SO49586,352,12500,8,1,1
2016-03-05,2003-01-27,SO49591,352,27092,4,1,1
2016-03-05,2002-11-26,SO49595,383,25107,9,1,1
2016-03-05,2002-12-07,SO49589,362,14263,9,1,1
2016-03-05,2003-01-31,SO49585,362,12644,10,1,1
2016-03-05,2002-11-18,SO49584,368,13894,1,1,1
2016-03-05,2002-12-23,SO49587,356,14301,9,1,1
2016-03-05,2003-02-07,SO49583,377,16203,7,1,1
2016-03-06,2002-11-13,SO49600,381,14381,1,1,1
2016-03-06,2003-02-14,SO49602,330,15737,1,1,1
2016-03-06,2002-11-23,SO49598,375,15710,7,1,1
2016-03-06,2002-12-29,SO49601,389,14382,4,1,1
2016-03-06,2002-12-24,SO49599,368,15921,7,1,1
2016-03-06,2003-02-09,SO49603,368,23655,9,1,1
2016-03-07,2002-12-18,SO49609,387,14367,1,1,1
2016-03-07,2002-12-02,SO49606,336,21034,10,1,1
2016-03-07,2002-11-19,SO49612,338,21039,10,1,1
2016-03-07,2003-01-20,SO49608,356,14262,9,1,1
2016-03-07,2002-11-15,SO49607,352,12475,8,1,1
2016-03-07,2003-01-30,SO49605,381,19065,8,1,1
2016-03-07,2003-01-30,SO49604,370,17221,8,1,1
2016-03-07,2003-01-28,SO49610,358,27105,4,1,1
2016-03-07,2002-12-25,SO49611,342,15554,4,1,1
2016-03-08,2002-12-22,SO49621,352,14348,9,1,1
2016-03-08,2002-12-22,SO49614,342,20982,10,1,1
2016-03-08,2003-02-01,SO49626,377,23998,9,1,1
2016-03-08,2003-01-02,SO49618,352,14306,9,1,1
2016-03-08,2003-02-02,SO49625,381,25053,9,1,1
2016-03-08,2003-01-29,SO49613,375,16052,7,1,1
2016-03-08,2002-12-29,SO49619,362,14324,9,1,1
2016-03-08,2003-01-19,SO49620,356,14326,9,1,1
2016-03-08,2003-01-08,SO49622,352,14668,9,1,1
2016-03-08,2002-12-17,SO49615,326,21020,10,1,1
2016-03-08,2002-11-20,SO49616,352,12479,8,1,1
2016-03-08,2003-01-30,SO49624,381,25051,9,1,1
2016-03-08,2002-12-23,SO49617,358,29479,7,1,1
2016-03-08,2003-01-09,SO49623,356,27088,1,1,1
2016-03-09,2003-01-14,SO49631,354,14260,9,1,1
2016-03-09,2002-12-11,SO49627,358,14230,9,1,1
2016-03-09,2003-01-27,SO49630,375,23651,9,1,1
2016-03-09,2003-02-14,SO49629,324,15557,4,1,1
2016-03-09,2003-02-10,SO49628,362,27104,4,1,1
2016-03-10,2003-01-08,SO49636,369,23665,9,1,1
2016-03-10,2003-01-14,SO49633,373,26202,6,1,1
2016-03-10,2002-11-13,SO49635,356,27097,1,1,1
2016-03-10,2002-12-27,SO49632,334,20860,8,1,1
2016-03-10,2002-12-11,SO49634,360,14279,9,1,1
2016-03-11,2003-01-09,SO49639,328,19386,7,1,1
2016-03-11,2002-12-15,SO49644,326,26768,9,1,1
2016-03-11,2002-12-18,SO49642,356,14299,9,1,1
2016-03-11,2003-02-09,SO49637,377,17943,10,1,1
2016-03-11,2003-01-18,SO49640,362,12462,8,1,1
2016-03-11,2002-12-29,SO49641,358,14276,9,1,1
2016-03-11,2003-02-03,SO49638,385,19067,8,1,1
2016-03-11,2002-12-09,SO49643,375,24006,9,1,1
2016-03-12,2002-12-05,SO49663,338,26767,9,1,1
2016-03-12,2002-12-03,SO49661,370,23995,9,1,1
2016-03-12,2003-02-25,SO49646,379,15688,7,1,1
2016-03-12,2003-01-12,SO49660,371,23660,9,1,1
2016-03-12,2003-01-19,SO49652,362,14855,9,1,1
2016-03-12,2002-12-30,SO49662,330,26763,9,1,1
2016-03-12,2002-11-18,SO49648,383,19455,10,1,1
2016-03-12,2003-01-12,SO49657,340,15750,4,1,1
2016-03-12,2002-11-16,SO49656,362,27083,1,1,1
2016-03-12,2003-02-13,SO49650,360,12637,10,1,1
2016-03-12,2002-12-22,SO49651,352,14670,9,1,1
2016-03-12,2002-11-25,SO49649,326,21027,10,1,1
2016-03-12,2002-11-27,SO49659,352,21354,6,1,1
2016-03-12,2003-02-02,SO49655,356,27079,4,1,1
2016-03-12,2003-02-20,SO49647,368,17742,8,1,1
2016-03-12,2002-11-15,SO49645,370,15678,7,1,1
2016-03-12,2002-12-07,SO49654,358,14224,9,1,1
2016-03-12,2003-02-24,SO49653,352,15014,9,1,1
2016-03-12,2002-11-24,SO49658,336,15763,1,1,1
2016-03-13,2002-11-15,SO49666,362,14287,9,1,1
2016-03-13,2002-12-23,SO49665,360,29483,7,1,1
2016-03-13,2003-01-05,SO49669,352,27080,4,1,1
2016-03-13,2003-02-08,SO49664,368,17896,10,1,1
2016-03-13,2002-11-25,SO49670,377,23996,9,1,1
2016-03-13,2003-02-05,SO49667,354,14673,9,1,1
2016-03-14,2003-01-28,SO49673,324,21011,10,1,1
2016-03-14,2003-01-27,SO49671,373,17199,8,1,1
2016-03-14,2003-02-20,SO49672,379,16259,7,1,1
2016-03-14,2002-11-16,SO49678,358,27081,4,1,1
2016-03-14,2002-11-23,SO49676,356,12658,10,1,1
2016-03-14,2003-02-11,SO49679,328,26760,9,1,1
2016-03-14,2003-02-03,SO49675,360,11241,7,1,1
2016-03-14,2003-02-04,SO49677,358,14666,9,1,1
2016-03-14,2003-01-07,SO49674,369,13887,4,1,1
2016-03-15,2003-02-04,SO49680,370,17969,10,1,1
2016-03-15,2002-12-30,SO49681,379,13890,1,1,1
2016-03-15,2002-11-30,SO49682,356,21352,6,1,1
2016-03-15,2002-12-28,SO49683,356,27108,4,1,1
2016-03-15,2002-12-22,SO49684,370,24000,9,1,1
2016-03-16,2003-01-08,SO49691,373,23662,9,1,1
2016-03-16,2002-11-28,SO49685,373,17959,10,1,1
2016-03-16,2003-01-20,SO49686,377,16051,7,1,1
2016-03-16,2002-12-23,SO49687,371,16205,7,1,1
2016-03-16,2002-11-22,SO49690,375,24008,9,1,1
2016-03-16,2003-01-19,SO49688,362,12653,10,1,1
2016-03-16,2002-11-28,SO49689,381,14377,1,1,1
2016-03-17,2002-12-01,SO49698,354,21336,6,1,1
2016-03-17,2003-02-08,SO49696,356,14323,9,1,1
2016-03-17,2002-12-22,SO49695,362,12499,8,1,1
2016-03-17,2002-11-21,SO49697,358,14238,9,1,1
2016-03-17,2002-12-21,SO49692,375,17960,10,1,1
2016-03-17,2003-01-15,SO49694,368,17968,10,1,1
2016-03-17,2003-01-14,SO49700,375,23664,9,1,1
2016-03-17,2003-01-17,SO49699,381,25037,9,1,1
2016-03-18,2003-01-20,SO49713,354,21400,6,1,1
2016-03-18,2002-11-23,SO49704,377,17962,10,1,1
2016-03-18,2002-12-26,SO49709,352,14300,9,1,1
2016-03-18,2003-02-05,SO49706,383,17770,7,1,1
2016-03-18,2003-01-17,SO49702,375,15687,7,1,1
2016-03-18,2003-02-17,SO49710,362,14308,9,1,1
2016-03-18,2002-12-06,SO49711,362,14676,9,1,1
2016-03-18,2002-12-20,SO49714,375,23663,9,1,1
2016-03-18,2003-01-31,SO49703,373,15924,7,1,1
2016-03-18,2003-01-28,SO49707,371,13889,1,1,1
2016-03-18,2003-02-18,SO49712,360,27095,4,1,1
2016-03-18,2002-12-29,SO49705,370,15925,7,1,1
2016-03-18,2002-11-19,SO49715,324,26761,9,1,1
2016-03-18,2003-01-24,SO49701,368,17933,10,1,1
2016-03-18,2002-12-05,SO49708,352,12487,8,1,1
2016-03-19,2002-12-15,SO49720,358,12640,10,1,1
2016-03-19,2003-01-12,SO49723,387,14366,1,1,1
2016-03-19,2003-02-24,SO49718,387,19196,8,1,1
2016-03-19,2003-01-09,SO49727,324,26774,9,1,1
2016-03-19,2003-01-30,SO49721,356,12645,10,1,1
2016-03-19,2002-11-30,SO49724,356,27106,4,1,1
2016-03-19,2003-03-02,SO49716,377,17722,8,1,1
2016-03-19,2003-01-19,SO49726,381,25057,9,1,1
2016-03-19,2003-03-01,SO49719,326,20854,8,1,1
2016-03-19,2002-11-27,SO49722,352,14264,9,1,1
2016-03-19,2003-01-12,SO49717,368,16204,7,1,1
2016-03-20,2002-12-30,SO49733,360,14259,9,1,1
2016-03-20,2002-12-30,SO49731,360,29450,7,1,1
2016-03-20,2002-12-25,SO49736,330,15555,4,1,1
2016-03-20,2003-01-27,SO49734,362,27086,1,1,1
2016-03-20,2002-11-24,SO49732,356,14523,9,1,1
2016-03-20,2002-12-14,SO49738,340,26751,9,1,1
2016-03-20,2003-01-03,SO49737,385,25106,9,1,1
2016-03-20,2003-01-30,SO49735,342,15569,1,1,1
2016-03-20,2003-01-02,SO49730,338,21036,10,1,1
2016-03-20,2003-02-04,SO49729,387,19046,8,1,1
2016-03-20,2003-01-05,SO49728,368,17635,8,1,1
2016-03-21,2002-12-28,SO49741,389,14378,4,1,1
2016-03-21,2003-01-08,SO49739,377,13895,1,1,1
2016-03-21,2003-01-01,SO49740,354,14310,9,1,1
2016-03-21,2003-01-14,SO49743,368,23993,9,1,1
2016-03-21,2003-01-18,SO49742,330,27285,6,1,1
2016-03-22,2003-01-26,SO49749,326,26754,9,1,1
2016-03-22,2002-12-10,SO49746,358,29482,7,1,1
2016-03-22,2003-02-12,SO49744,389,19188,8,1,1
2016-03-22,2003-01-09,SO49750,328,26757,9,1,1
2016-03-22,2002-12-11,SO49748,389,14380,1,1,1
2016-03-22,2002-12-06,SO49747,356,12495,8,1,1
2016-03-22,2003-01-09,SO49745,387,19448,10,1,1
2016-03-23,2002-11-29,SO49753,358,14275,9,1,1
2016-03-23,2003-01-22,SO49755,362,14305,9,1,1
2016-03-23,2003-02-13,SO49754,360,14303,9,1,1
2016-03-23,2002-12-06,SO49751,368,17966,10,1,1
2016-03-23,2002-12-28,SO49752,360,11242,7,1,1
2016-03-23,2003-02-20,SO49756,371,23658,9,1,1
2016-03-24,2002-12-21,SO49758,330,19381,7,1,1
2016-03-24,2003-02-17,SO49760,358,21423,6,1,1
2016-03-24,2002-12-10,SO49761,338,27270,6,1,1
2016-03-24,2002-12-14,SO49759,389,14379,4,1,1
2016-03-24,2002-12-07,SO49757,379,17965,10,1,1
2016-03-25,2003-01-20,SO49764,356,14236,9,1,1
2016-03-25,2002-12-22,SO49762,368,17948,10,1,1
2016-03-25,2003-02-28,SO49763,356,14277,9,1,1
2016-03-25,2003-01-30,SO49765,354,27094,4,1,1
2016-03-26,2003-02-08,SO49772,379,23661,9,1,1
2016-03-26,2003-02-18,SO49766,328,19419,7,1,1
2016-03-26,2003-02-13,SO49771,342,15570,4,1,1
2016-03-26,2003-01-28,SO49768,360,27103,1,1,1
2016-03-26,2002-12-27,SO49770,342,27298,6,1,1
2016-03-26,2002-12-29,SO49769,356,27091,1,1,1
2016-03-26,2003-03-01,SO49773,342,26750,9,1,1
2016-03-26,2002-12-15,SO49767,356,14347,9,1,1
2016-03-27,2003-02-11,SO49776,330,27297,6,1,1
2016-03-27,2003-01-29,SO49775,352,14235,9,1,1
2016-03-27,2002-12-28,SO49774,358,12648,10,1,1
2016-03-28,2002-12-02,SO49788,368,23992,9,1,1
2016-03-28,2003-01-06,SO49778,369,17198,8,1,1
2016-03-28,2003-03-02,SO49784,362,14325,9,1,1
2016-03-28,2003-02-09,SO49790,328,26758,9,1,1
2016-03-28,2003-01-11,SO49786,362,27090,4,1,1
2016-03-28,2003-02-07,SO49779,369,17209,8,1,1
2016-03-28,2003-01-19,SO49781,362,12484,8,1,1
2016-03-28,2002-12-29,SO49787,368,23656,9,1,1
2016-03-28,2003-02-11,SO49783,342,20861,8,1,1
2016-03-28,2003-02-25,SO49785,358,14667,9,1,1
2016-03-28,2003-01-12,SO49780,373,17958,10,1,1
2016-03-28,2003-02-22,SO49782,324,21018,10,1,1
2016-03-28,2002-12-07,SO49789,373,24002,9,1,1
2016-03-29,2003-03-04,SO49797,328,15568,4,1,1
2016-03-29,2003-02-04,SO49795,354,27093,4,1,1
2016-03-29,2002-12-04,SO49794,352,21349,6,1,1
2016-03-29,2003-02-22,SO49800,375,24004,9,1,1
2016-03-29,2002-12-05,SO49798,375,24159,9,1,1
2016-03-29,2003-01-21,SO49793,352,14671,9,1,1
2016-03-29,2003-03-13,SO49791,370,16261,7,1,1
2016-03-29,2003-02-15,SO49796,336,15562,1,1,1
2016-03-29,2003-02-01,SO49792,342,21012,10,1,1
2016-03-29,2002-12-28,SO49799,375,23994,9,1,1
2016-03-30,2003-01-22,SO49809,368,24160,9,1,1
2016-03-30,2002-12-01,SO49801,375,15920,7,1,1
2016-03-30,2003-01-07,SO49807,356,14346,9,1,1
2016-03-30,2003-02-21,SO49804,377,26200,6,1,1
2016-03-30,2003-02-07,SO49806,362,14304,9,1,1
2016-03-30,2002-12-24,SO49805,360,14286,9,1,1
2016-03-30,2002-12-22,SO49803,370,15931,7,1,1
2016-03-30,2002-12-20,SO49808,354,14672,9,1,1
2016-03-30,2003-02-28,SO49810,389,25052,9,1,1
2016-03-30,2003-01-01,SO49802,370,17629,8,1,1
2016-03-31,2003-02-15,SO49812,368,15677,7,1,1
2016-03-31,2003-01-24,SO49817,354,27096,1,1,1
2016-03-31,2002-12-23,SO49816,387,14374,4,1,1
2016-03-31,2002-12-23,SO49819,368,23659,9,1,1
2016-03-31,2003-01-22,SO49813,379,15700,7,1,1
2016-03-31,2003-01-17,SO49820,371,23999,9,1,1
2016-03-31,2003-02-23,SO49815,362,27089,1,1,1
2016-03-31,2003-02-17,SO49818,377,23652,9,1,1
2016-03-31,2003-02-10,SO49811,375,17892,10,1,1
2016-03-31,2003-01-20,SO49814,356,11336,7,1,1
2016-04-01,2003-01-19,SO49899,368,17873,8,1,1
2016-04-01,2002-12-08,SO49900,379,16286,7,1,1
2016-04-01,2003-02-20,SO49902,352,12501,8,1,1
2016-04-01,2003-03-13,SO49905,385,25120,9,1,1
2016-04-01,2003-01-18,SO49896,375,16388,7,1,1
2016-04-01,2003-02-19,SO49895,373,17789,8,1,1
2016-04-01,2003-01-14,SO49897,371,16392,7,1,1
2016-04-01,2002-12-30,SO49898,370,17824,8,1,1
2016-04-01,2002-12-12,SO49904,340,15882,1,1,1
2016-04-01,2003-03-03,SO49903,328,15851,1,1,1
2016-04-01,2003-01-04,SO49901,330,19427,7,1,1
2016-04-02,2003-02-18,SO49916,356,15145,9,1,1
2016-04-02,2003-02-08,SO49906,360,27193,4,1,1
2016-04-02,2003-03-15,SO49910,371,13903,4,1,1
2016-04-02,2003-01-01,SO49909,368,17981,10,1,1
2016-04-02,2002-12-23,SO49918,385,25108,9,1,1
2016-04-02,2003-03-08,SO49917,379,24177,9,1,1
2016-04-02,2003-02-07,SO49908,358,27199,1,1,1
2016-04-02,2002-12-12,SO49912,356,15185,9,1,1
2016-04-02,2003-01-16,SO49914,356,15207,9,1,1
2016-04-02,2003-03-02,SO49915,354,15143,9,1,1
2016-04-02,2002-12-06,SO49911,358,12857,10,1,1
2016-04-02,2003-03-16,SO49913,358,15192,9,1,1
2016-04-02,2003-03-03,SO49907,360,21589,6,1,1
2016-04-03,2003-01-18,SO49921,379,13911,1,1,1
2016-04-03,2003-02-17,SO49922,360,15171,9,1,1
2016-04-03,2003-02-22,SO49919,371,17796,8,1,1
2016-04-03,2003-01-13,SO49920,387,19477,10,1,1
2016-04-03,2003-02-03,SO49923,326,27338,9,1,1
2016-04-04,2003-02-28,SO49928,320,19442,7,1,1
2016-04-04,2003-03-08,SO49929,360,11346,7,1,1
2016-04-04,2003-01-22,SO49931,330,15860,1,1,1
2016-04-04,2002-12-05,SO49924,362,21595,6,1,1
2016-04-04,2003-03-15,SO49935,320,26916,9,1,1
2016-04-04,2003-01-01,SO49934,379,24266,9,1,1
2016-04-04,2003-02-14,SO49932,383,14418,1,1,1
2016-04-04,2003-02-08,SO49930,360,12854,10,1,1
2016-04-04,2003-01-20,SO49927,387,17775,7,1,1
2016-04-04,2003-03-05,SO49925,377,16391,7,1,1
2016-04-04,2003-03-14,SO49926,370,16400,7,1,1
2016-04-04,2002-12-25,SO49933,352,15169,9,1,1
2016-04-05,2002-12-16,SO49942,385,14400,4,1,1
2016-04-05,2003-02-25,SO49945,389,25119,9,1,1
2016-04-05,2003-03-18,SO49943,383,14417,1,1,1
2016-04-05,2003-03-18,SO49940,354,12859,10,1,1
2016-04-05,2003-01-07,SO49939,360,11379,7,1,1
2016-04-05,2003-01-25,SO49937,358,27251,4,1,1
2016-04-05,2002-12-27,SO49936,360,27201,1,1,1
2016-04-05,2003-01-16,SO49938,385,19274,8,1,1
2016-04-05,2003-02-25,SO49944,354,15210,9,1,1
2016-04-05,2003-02-01,SO49941,356,15022,9,1,1
2016-04-06,2003-02-21,SO49949,387,14411,1,1,1
2016-04-06,2003-01-26,SO49947,385,19471,10,1,1
2016-04-06,2003-02-13,SO49950,371,24163,9,1,1
2016-04-06,2003-03-15,SO49948,362,15015,9,1,1
2016-04-06,2003-01-31,SO49946,371,18021,10,1,1
2016-04-07,2003-02-20,SO49953,360,15213,9,1,1
2016-04-07,2002-12-24,SO49959,368,24241,9,1,1
2016-04-07,2003-03-18,SO49961,326,26921,9,1,1
2016-04-07,2003-02-04,SO49954,360,15144,9,1,1
2016-04-07,2003-03-13,SO49957,387,25114,9,1,1
2016-04-07,2003-01-04,SO49960,375,24249,9,1,1
2016-04-07,2003-03-12,SO49958,368,24167,9,1,1
2016-04-07,2003-01-30,SO49955,360,15152,9,1,1
2016-04-07,2003-02-06,SO49952,332,15840,1,1,1
2016-04-07,2003-01-27,SO49956,387,25112,9,1,1
2016-04-07,2003-02-24,SO49951,360,27231,4,1,1
2016-04-08,2003-02-06,SO49968,354,15029,9,1,1
2016-04-08,2003-03-09,SO49964,377,16394,7,1,1
2016-04-08,2003-01-30,SO49962,358,27226,1,1,1
2016-04-08,2003-03-24,SO49971,358,15208,9,1,1
2016-04-08,2002-12-24,SO49974,371,24248,9,1,1
2016-04-08,2003-02-22,SO49970,326,15769,4,1,1
2016-04-08,2002-12-24,SO49972,356,15211,9,1,1
2016-04-08,2003-01-27,SO49973,379,24173,9,1,1
2016-04-08,2003-01-28,SO49965,340,21071,10,1,1
2016-04-08,2002-12-16,SO49963,370,17847,8,1,1
2016-04-08,2003-03-22,SO49967,354,12521,8,1,1
2016-04-08,2002-12-16,SO49966,352,12856,10,1,1
2016-04-08,2003-01-06,SO49969,326,15768,4,1,1
2016-04-09,2003-02-12,SO49982,383,14406,4,1,1
2016-04-09,2003-03-18,SO49978,352,12546,8,1,1
2016-04-09,2003-03-07,SO49976,375,13906,1,1,1
2016-04-09,2003-03-14,SO49977,377,13910,1,1,1
2016-04-09,2003-01-18,SO49983,356,15179,9,1,1
2016-04-09,2003-03-13,SO49975,370,16291,7,1,1
2016-04-09,2003-01-05,SO49981,362,15032,9,1,1
2016-04-09,2003-03-25,SO49979,352,12855,10,1,1
2016-04-09,2003-01-14,SO49984,383,25115,9,1,1
2016-04-09,2003-03-22,SO49980,358,15027,9,1,1
2016-04-10,2003-02-01,SO49986,362,21582,6,1,1
2016-04-10,2002-12-19,SO49987,362,15204,9,1,1
2016-04-10,2003-02-05,SO49985,360,11339,7,1,1
2016-04-10,2002-12-27,SO49988,362,15120,9,1,1
2016-04-10,2003-03-10,SO49990,356,15180,9,1,1
2016-04-10,2003-03-08,SO49989,358,15130,9,1,1
2016-04-11,2003-02-26,SO49994,379,17799,8,1,1
2016-04-11,2002-12-18,SO49992,358,27240,1,1,1
2016-04-11,2003-01-29,SO49997,356,12736,8,1,1
2016-04-11,2003-02-25,SO49996,362,12735,8,1,1
2016-04-11,2003-02-28,SO49991,356,27211,1,1,1
2016-04-11,2002-12-27,SO49995,330,21060,10,1,1
2016-04-11,2003-03-24,SO50002,368,24170,9,1,1
2016-04-11,2002-12-19,SO49993,369,17781,8,1,1
2016-04-11,2003-01-23,SO49999,385,14392,1,1,1
2016-04-11,2002-12-17,SO49998,362,12808,10,1,1
2016-04-11,2003-01-24,SO50001,352,15183,9,1,1
2016-04-11,2003-01-20,SO50000,352,27116,1,1,1
2016-04-12,2003-01-06,SO50008,356,15122,9,1,1
2016-04-12,2003-03-02,SO50004,354,27228,1,1,1
2016-04-12,2003-02-07,SO50006,332,20896,8,1,1
2016-04-12,2003-02-23,SO50009,389,25111,9,1,1
2016-04-12,2003-01-05,SO50005,371,17848,8,1,1
2016-04-12,2003-03-07,SO50010,369,24171,9,1,1
2016-04-12,2003-01-23,SO50007,354,15181,9,1,1
2016-04-13,2003-02-23,SO50015,381,19254,8,1,1
2016-04-13,2003-01-17,SO50022,358,12712,8,1,1
2016-04-13,2003-01-14,SO50023,340,15780,4,1,1
2016-04-13,2003-01-24,SO50021,362,12839,10,1,1
2016-04-13,2003-02-23,SO50018,320,20876,8,1,1
2016-04-13,2003-03-13,SO50016,332,20870,8,1,1
2016-04-13,2002-12-30,SO50013,379,17979,10,1,1
2016-04-13,2003-02-21,SO50025,387,14386,4,1,1
2016-04-13,2003-01-24,SO50027,371,24272,9,1,1
2016-04-13,2003-03-11,SO50020,362,12738,8,1,1
2016-04-13,2002-12-22,SO50019,375,26235,6,1,1
2016-04-13,2003-03-29,SO50014,369,17833,8,1,1
2016-04-13,2003-03-13,SO50028,379,24273,9,1,1
2016-04-13,2003-01-18,SO50011,358,27232,1,1,1
2016-04-13,2003-02-08,SO50024,328,27406,6,1,1
2016-04-13,2003-03-05,SO50026,356,15205,9,1,1
2016-04-13,2003-02-05,SO50017,326,21056,10,1,1
2016-04-13,2003-01-08,SO50012,358,27255,1,1,1
2016-04-14,2003-02-13,SO50033,356,12713,8,1,1
2016-04-14,2002-12-24,SO50030,352,27234,1,1,1
2016-04-14,2003-01-01,SO50032,369,13896,1,1,1
2016-04-14,2003-02-14,SO50031,342,19421,7,1,1
2016-04-14,2003-01-05,SO50034,354,15129,9,1,1
2016-04-14,2002-12-23,SO50035,373,24270,9,1,1
2016-04-14,2002-12-31,SO50029,356,27195,4,1,1
2016-04-15,2003-02-10,SO50045,326,26924,9,1,1
2016-04-15,2003-03-21,SO50044,368,24162,9,1,1
2016-04-15,2002-12-19,SO50040,354,15043,9,1,1
2016-04-15,2003-02-09,SO50037,379,16289,7,1,1
2016-04-15,2003-01-10,SO50041,340,15841,4,1,1
2016-04-15,2003-01-22,SO50038,379,17784,8,1,1
2016-04-15,2003-02-12,SO50039,369,18000,10,1,1
2016-04-15,2003-02-03,SO50036,356,27212,4,1,1
2016-04-15,2003-03-27,SO50042,326,15770,4,1,1
2016-04-16,2003-03-07,SO50047,375,16408,7,1,1
2016-04-16,2003-01-28,SO50048,389,19197,8,1,1
2016-04-16,2003-01-31,SO50050,356,15035,9,1,1
2016-04-16,2003-02-13,SO50052,352,27206,4,1,1
2016-04-16,2003-02-19,SO50049,354,12745,10,1,1
2016-04-16,2003-03-24,SO50046,370,16404,7,1,1
2016-04-16,2002-12-19,SO50051,356,15127,9,1,1
2016-04-17,2003-02-02,SO50066,377,24242,9,1,1
2016-04-17,2003-01-25,SO50056,324,15842,1,1,1
2016-04-17,2003-01-05,SO50055,383,19479,10,1,1
2016-04-17,2002-12-21,SO50062,373,24172,9,1,1
2016-04-17,2003-01-24,SO50060,362,15151,9,1,1
2016-04-17,2003-02-18,SO50067,340,26923,9,1,1
2016-04-17,2003-03-06,SO50063,371,24175,9,1,1
2016-04-17,2003-02-11,SO50054,369,16412,7,1,1
2016-04-17,2003-02-26,SO50064,377,24271,9,1,1
2016-04-17,2003-01-17,SO50068,338,26797,9,1,1
2016-04-17,2002-12-25,SO50058,381,14414,4,1,1
2016-04-17,2003-03-13,SO50057,322,15834,1,1,1
2016-04-17,2003-01-23,SO50061,377,24166,9,1,1
2016-04-17,2003-02-06,SO50053,371,17811,8,1,1
2016-04-17,2003-03-07,SO50065,358,15044,9,1,1
2016-04-17,2003-01-11,SO50059,385,14415,4,1,1
2016-04-18,2003-03-09,SO50069,371,17972,10,1,1
2016-04-18,2003-02-23,SO50077,368,24244,9,1,1
2016-04-18,2003-02-21,SO50072,362,15036,9,1,1
2016-04-18,2003-02-17,SO50071,362,12853,10,1,1
2016-04-18,2003-03-03,SO50079,379,24252,9,1,1
2016-04-18,2002-12-28,SO50070,358,12624,8,1,1
2016-04-18,2003-01-27,SO50078,370,24251,9,1,1
2016-04-18,2002-12-27,SO50074,356,27117,1,1,1
2016-04-18,2003-02-01,SO50075,356,15170,9,1,1
2016-04-18,2003-01-25,SO50076,379,24169,9,1,1
2016-04-18,2003-02-10,SO50073,338,15862,4,1,1
2016-04-19,2003-03-22,SO50084,362,12548,8,1,1
2016-04-19,2002-12-21,SO50083,332,19446,7,1,1
2016-04-19,2003-01-16,SO50082,324,20874,8,1,1
2016-04-19,2003-03-06,SO50081,340,19434,7,1,1
2016-04-19,2003-02-04,SO50086,368,24174,9,1,1
2016-04-19,2003-02-09,SO50080,354,27239,4,1,1
2016-04-19,2003-04-03,SO50085,373,24164,9,1,1
2016-04-20,2003-02-25,SO50093,320,15781,4,1,1
2016-04-20,2002-12-23,SO50087,358,21613,6,1,1
2016-04-20,2003-01-24,SO50095,362,15178,9,1,1
2016-04-20,2003-01-01,SO50091,334,19436,7,1,1
2016-04-20,2003-03-04,SO50089,389,17778,7,1,1
2016-04-20,2002-12-26,SO50090,326,19423,7,1,1
2016-04-20,2003-01-09,SO50094,352,15184,9,1,1
2016-04-20,2003-01-03,SO50092,354,11378,7,1,1
2016-04-20,2002-12-29,SO50088,379,16393,7,1,1
2016-04-21,2003-02-03,SO50096,377,17978,10,1,1
2016-04-21,2002-12-30,SO50098,330,15843,1,1,1
2016-04-21,2003-02-18,SO50100,385,14385,1,1,1
2016-04-21,2003-03-14,SO50099,320,15852,4,1,1
2016-04-21,2003-01-06,SO50097,322,19447,7,1,1
2016-04-22,2003-01-12,SO50103,322,15827,1,1,1
2016-04-22,2003-03-13,SO50101,369,16310,7,1,1
2016-04-22,2003-01-15,SO50104,385,14394,1,1,1
2016-04-22,2003-01-09,SO50106,342,27299,9,1,1
2016-04-22,2003-03-01,SO50105,389,25113,9,1,1
2016-04-22,2002-12-24,SO50102,370,13898,1,1,1
2016-04-23,2003-01-26,SO50111,377,24250,9,1,1
2016-04-23,2003-02-06,SO50110,324,19441,7,1,1
2016-04-23,2003-03-19,SO50108,373,17974,10,1,1
2016-04-23,2003-03-25,SO50109,373,16268,7,1,1
2016-04-23,2003-01-27,SO50112,328,26917,9,1,1
2016-04-23,2003-01-16,SO50107,360,27254,1,1,1
2016-04-24,2002-12-28,SO50124,352,27114,4,1,1
2016-04-24,2003-03-22,SO50121,354,15042,9,1,1
2016-04-24,2003-03-12,SO50114,356,27256,1,1,1
2016-04-24,2003-02-23,SO50116,377,17825,8,1,1
2016-04-24,2002-12-25,SO50126,356,15135,9,1,1
2016-04-24,2003-03-31,SO50125,358,15209,9,1,1
2016-04-24,2003-03-26,SO50118,320,21044,10,1,1
2016-04-24,2003-01-12,SO50120,352,15040,9,1,1
2016-04-24,2002-12-30,SO50123,330,15778,1,1,1
2016-04-24,2003-02-23,SO50127,370,24176,9,1,1
2016-04-24,2003-02-28,SO50122,340,15844,4,1,1
2016-04-24,2003-02-01,SO50119,377,13907,1,1,1
2016-04-24,2003-02-16,SO50113,358,27235,1,1,1
2016-04-24,2003-02-28,SO50115,373,17764,8,1,1
2016-04-25,2003-03-28,SO50131,326,19426,7,1,1
2016-04-25,2003-03-12,SO50130,383,19284,8,1,1
2016-04-25,2003-03-14,SO50139,352,15182,9,1,1
2016-04-25,2003-01-05,SO50128,352,27227,4,1,1
2016-04-25,2003-03-27,SO50137,340,15865,4,1,1
2016-04-25,2003-02-09,SO50135,354,15037,9,1,1
2016-04-25,2003-03-21,SO50132,336,21053,10,1,1
2016-04-25,2003-01-09,SO50142,322,26920,9,1,1
2016-04-25,2003-01-26,SO50129,379,17990,10,1,1
2016-04-25,2003-02-10,SO50140,368,24161,9,1,1
2016-04-25,2003-02-04,SO50136,320,15845,1,1,1
2016-04-25,2003-02-10,SO50138,389,14413,4,1,1
2016-04-25,2003-01-10,SO50133,362,11345,7,1,1
2016-04-25,2003-03-15,SO50141,369,24179,9,1,1
2016-04-25,2003-04-09,SO50134,354,15028,9,1,1
2016-04-26,2003-04-10,SO50145,387,19283,8,1,1
2016-04-26,2003-04-01,SO50146,377,13897,1,1,1
2016-04-26,2003-03-17,SO50151,334,26967,9,1,1
2016-04-26,2003-01-06,SO50143,360,27205,4,1,1
2016-04-26,2003-01-05,SO50144,389,19459,10,1,1
2016-04-26,2003-01-14,SO50148,328,15771,1,1,1
2016-04-26,2003-02-05,SO50149,354,15134,9,1,1
2016-04-26,2003-01-28,SO50150,338,26919,9,1,1
2016-04-26,2003-02-14,SO50147,320,27429,6,1,1
2016-04-27,2003-03-03,SO50157,356,15121,9,1,1
2016-04-27,2003-02-04,SO50156,358,15038,9,1,1
2016-04-27,2003-03-15,SO50161,377,24247,9,1,1
2016-04-27,2003-02-22,SO50153,334,21092,10,1,1
2016-04-27,2003-02-04,SO50160,320,15873,4,1,1
2016-04-27,2003-03-28,SO50155,356,15030,9,1,1
2016-04-27,2003-01-20,SO50162,320,26918,9,1,1
2016-04-27,2003-03-22,SO50152,371,17768,8,1,1
2016-04-27,2003-02-14,SO50154,373,13904,4,1,1
2016-04-27,2003-02-05,SO50158,352,15133,9,1,1
2016-04-28,2003-02-02,SO50170,371,24257,9,1,1
2016-04-28,2003-04-05,SO50167,371,13905,4,1,1
2016-04-28,2003-02-14,SO50168,356,15033,9,1,1
2016-04-28,2003-01-18,SO50166,385,19467,10,1,1
2016-04-28,2003-02-20,SO50169,356,15041,9,1,1
2016-04-28,2003-04-12,SO50164,377,17765,8,1,1
2016-04-28,2003-03-15,SO50165,379,17977,10,1,1
2016-04-28,2003-02-05,SO50163,354,27250,1,1,1
2016-04-29,2003-02-08,SO50173,385,25121,9,1,1
2016-04-29,2003-03-07,SO50175,371,24178,9,1,1
2016-04-29,2003-03-16,SO50172,383,17773,7,1,1
2016-04-29,2003-02-05,SO50171,375,16288,7,1,1
2016-04-29,2003-01-18,SO50177,322,26795,9,1,1
2016-04-29,2003-03-01,SO50174,373,24168,9,1,1
2016-04-29,2003-01-07,SO50176,371,16273,7,1,1
2016-04-30,2003-01-05,SO50180,369,17777,8,1,1
2016-04-30,2003-01-18,SO50185,360,12657,8,1,1
2016-04-30,2003-04-01,SO50183,328,20912,8,1,1
2016-04-30,2003-01-12,SO50187,360,15150,9,1,1
2016-04-30,2003-01-25,SO50181,385,19257,8,1,1
2016-04-30,2003-02-13,SO50182,324,21067,10,1,1
2016-04-30,2003-04-14,SO50184,360,11340,7,1,1
2016-04-30,2003-01-05,SO50179,377,17769,8,1,1
2016-04-30,2003-04-14,SO50186,385,14412,1,1,1
2016-04-30,2003-02-14,SO50178,354,27257,4,1,1
2016-04-30,2003-01-01,SO50188,328,26922,9,1,1
2016-05-01,2003-01-12,SO50331,328,15915,4,1,1
2016-05-01,2003-03-01,SO50334,360,15595,9,1,1
2016-05-01,2003-03-25,SO50325,356,27291,1,1,1
2016-05-01,2003-04-01,SO50335,356,15648,9,1,1
2016-05-01,2003-01-23,SO50324,377,18158,10,1,1
2016-05-01,2003-02-24,SO50328,356,11401,7,1,1
2016-05-01,2003-02-06,SO50327,342,21130,10,1,1
2016-05-01,2003-01-09,SO50326,354,21620,6,1,1
2016-05-01,2003-03-29,SO50323,356,27447,4,1,1
2016-05-01,2003-03-03,SO50329,354,11403,7,1,1
2016-05-01,2003-01-14,SO50330,322,15892,1,1,1
2016-05-01,2003-04-13,SO50333,352,15580,9,1,1
2016-05-01,2003-02-28,SO50332,385,25222,9,1,1
2016-05-02,2003-01-23,SO50339,379,18026,10,1,1
2016-05-02,2003-04-02,SO50346,354,15575,9,1,1
2016-05-02,2003-01-11,SO50341,356,27289,4,1,1
2016-05-02,2003-02-25,SO50340,379,16424,7,1,1
2016-05-02,2003-04-04,SO50336,362,27449,4,1,1
2016-05-02,2003-04-05,SO50344,336,15937,1,1,1
2016-05-02,2003-03-05,SO50338,377,17946,8,1,1
2016-05-02,2003-01-30,SO50337,358,21652,6,1,1
2016-05-02,2003-04-10,SO50343,377,26310,6,1,1
2016-05-02,2003-02-24,SO50342,360,27425,4,1,1
2016-05-02,2003-03-27,SO50345,354,15225,9,1,1
2016-05-03,2003-02-13,SO50349,381,19314,8,1,1
2016-05-03,2003-04-02,SO50352,334,15948,4,1,1
2016-05-03,2003-02-19,SO50358,332,27339,9,1,1
2016-05-03,2003-04-18,SO50354,381,14456,1,1,1
2016-05-03,2003-01-05,SO50348,381,19311,8,1,1
2016-05-03,2003-03-16,SO50350,342,21103,10,1,1
2016-05-03,2003-02-03,SO50351,336,15885,1,1,1
2016-05-03,2003-03-04,SO50347,356,27405,4,1,1
2016-05-03,2003-02-09,SO50353,385,14440,4,1,1
2016-05-03,2003-02-27,SO50356,354,15600,9,1,1
2016-05-03,2003-04-17,SO50357,352,15643,9,1,1
2016-05-03,2003-03-12,SO50361,387,19510,10,1,1
2016-05-03,2003-03-31,SO50355,352,15268,9,1,1
2016-05-03,2003-03-04,SO50359,370,24274,9,1,1
2016-05-03,2003-03-05,SO50360,368,24301,9,1,1
2016-05-04,2003-04-16,SO50363,358,27263,4,1,1
2016-05-04,2003-04-17,SO50366,369,26294,6,1,1
2016-05-04,2003-03-04,SO50369,352,15642,9,1,1
2016-05-04,2003-01-26,SO50370,377,17941,8,1,1
2016-05-04,2003-02-18,SO50367,381,26572,6,1,1
2016-05-04,2003-02-27,SO50362,362,27292,1,1,1
2016-05-04,2003-04-02,SO50364,324,21106,10,1,1
2016-05-04,2003-03-31,SO50368,362,15265,9,1,1
2016-05-04,2003-01-17,SO50365,370,13925,4,1,1
2016-05-05,2003-01-17,SO50374,383,17787,7,1,1
2016-05-05,2003-03-21,SO50373,358,27260,4,1,1
2016-05-05,2003-02-07,SO50375,381,17830,7,1,1
2016-05-05,2003-02-20,SO50384,340,27371,9,1,1
2016-05-05,2003-02-06,SO50382,360,15591,9,1,1
2016-05-05,2003-01-11,SO50383,326,27353,9,1,1
2016-05-05,2003-03-08,SO50371,373,16431,7,1,1
2016-05-05,2003-01-21,SO50380,356,11420,7,1,1
2016-05-05,2003-04-16,SO50376,385,17831,7,1,1
2016-05-05,2003-02-14,SO50381,356,15436,9,1,1
2016-05-05,2003-01-25,SO50379,358,13251,10,1,1
2016-05-05,2003-01-18,SO50378,320,19473,7,1,1
2016-05-05,2003-03-25,SO50372,358,27440,1,1,1
2016-05-05,2003-01-30,SO50377,332,20913,8,1,1
2016-05-06,2003-03-13,SO50395,383,14439,1,1,1
2016-05-06,2003-02-20,SO50390,352,13253,10,1,1
2016-05-06,2003-03-31,SO50385,356,27258,4,1,1
2016-05-06,2003-04-07,SO50387,354,27407,1,1,1
2016-05-06,2003-03-04,SO50398,360,15645,9,1,1
2016-05-06,2003-03-11,SO50397,360,15588,9,1,1
2016-05-06,2003-03-14,SO50396,362,15439,9,1,1
2016-05-06,2003-03-25,SO50399,379,24457,9,1,1
2016-05-06,2003-03-27,SO50389,362,12813,8,1,1
2016-05-06,2003-04-19,SO50394,332,27557,6,1,1
2016-05-06,2003-02-02,SO50388,352,27266,4,1,1
2016-05-06,2003-03-14,SO50392,328,15902,1,1,1
2016-05-06,2003-04-20,SO50393,334,15918,1,1,1
2016-05-06,2003-03-08,SO50386,373,17942,8,1,1
2016-05-06,2003-01-12,SO50391,336,15901,1,1,1
2016-05-07,2003-01-11,SO50400,368,18173,10,1,1
2016-05-07,2003-02-20,SO50406,360,15229,9,1,1
2016-05-07,2003-04-22,SO50407,371,24302,9,1,1
2016-05-07,2003-04-03,SO50408,373,24368,9,1,1
2016-05-07,2003-03-03,SO50404,358,11382,7,1,1
2016-05-07,2003-03-24,SO50402,362,21622,6,1,1
2016-05-07,2003-03-16,SO50401,371,18127,10,1,1
2016-05-07,2003-03-28,SO50403,320,20914,8,1,1
2016-05-07,2003-04-07,SO50405,387,14451,4,1,1
2016-05-08,2003-02-11,SO50410,377,18135,10,1,1
2016-05-08,2003-01-30,SO50423,370,24360,9,1,1
2016-05-08,2003-01-15,SO50411,379,18141,10,1,1
2016-05-08,2003-02-11,SO50422,352,15223,9,1,1
2016-05-08,2003-03-25,SO50418,330,15897,4,1,1
2016-05-08,2003-04-19,SO50415,322,20970,8,1,1
2016-05-08,2003-04-12,SO50414,387,19285,8,1,1
2016-05-08,2003-02-02,SO50419,387,14453,1,1,1
2016-05-08,2003-02-04,SO50417,358,11417,7,1,1
2016-05-08,2003-01-31,SO50412,358,27268,4,1,1
2016-05-08,2003-01-08,SO50416,362,11406,7,1,1
2016-05-08,2003-02-23,SO50413,354,27273,4,1,1
2016-05-08,2003-01-10,SO50420,387,25215,9,1,1
2016-05-08,2003-03-14,SO50409,371,18177,10,1,1
2016-05-08,2003-04-06,SO50421,358,15724,9,1,1
2016-05-09,2003-01-27,SO50426,354,21642,6,1,1
2016-05-09,2003-04-23,SO50427,334,15944,1,1,1
2016-05-09,2003-04-01,SO50428,381,14421,1,1,1
2016-05-09,2003-03-13,SO50429,387,14433,4,1,1
2016-05-09,2003-01-26,SO50431,370,24371,9,1,1
2016-05-09,2003-04-07,SO50424,377,16433,7,1,1
2016-05-09,2003-01-24,SO50425,360,27421,2,1,1
2016-05-09,2003-03-19,SO50430,387,25126,9,1,1
2016-05-10,2003-01-30,SO50434,375,13912,4,1,1
2016-05-10,2003-01-19,SO50437,358,15647,9,1,1
2016-05-10,2003-03-08,SO50436,385,25133,9,1,1
2016-05-10,2003-03-19,SO50435,356,12873,10,1,1
2016-05-10,2003-03-13,SO50433,326,21008,8,1,1
2016-05-10,2003-04-12,SO50432,377,17940,8,1,1
2016-05-11,2003-02-10,SO50438,371,17929,8,1,1
2016-05-11,2003-02-02,SO50448,358,15219,9,1,1
2016-05-11,2003-01-26,SO50445,387,26615,6,1,1
2016-05-11,2003-01-28,SO50439,360,21618,6,1,1
2016-05-11,2003-03-01,SO50447,362,15726,9,1,1
2016-05-11,2003-04-11,SO50440,381,19502,10,1,1
2016-05-11,2003-01-20,SO50444,389,14438,1,1,1
2016-05-11,2003-04-07,SO50449,352,15435,9,1,1
2016-05-11,2003-04-26,SO50443,362,11416,7,1,1
2016-05-11,2003-01-11,SO50442,352,11402,7,1,1
2016-05-11,2003-02-09,SO50441,322,21104,10,1,1
2016-05-12,2003-04-20,SO50458,354,15438,9,1,1
2016-05-12,2003-03-06,SO50450,368,16416,7,1,1
2016-05-12,2003-02-14,SO50460,330,27352,9,1,1
2016-05-12,2003-03-19,SO50451,360,27272,1,1,1
2016-05-12,2003-04-14,SO50459,369,24458,9,1,1
2016-05-12,2003-04-04,SO50457,358,15227,9,1,1
2016-05-12,2003-01-29,SO50462,371,24364,9,1,1
2016-05-12,2003-02-13,SO50454,389,19493,10,1,1
2016-05-12,2003-03-29,SO50456,360,15723,9,1,1
2016-05-12,2003-01-12,SO50455,336,19480,7,1,1
2016-05-12,2003-02-18,SO50453,381,17779,7,1,1
2016-05-12,2003-02-22,SO50452,360,27280,4,1,1
2016-05-12,2003-01-24,SO50461,340,27355,9,1,1
2016-05-13,2003-03-21,SO50469,320,27348,9,1,1
2016-05-13,2003-02-01,SO50466,330,21105,10,1,1
2016-05-13,2003-04-20,SO50463,370,18166,10,1,1
2016-05-13,2003-02-11,SO50468,332,27346,9,1,1
2016-05-13,2003-02-08,SO50471,352,12807,8,1,1
2016-05-13,2003-04-08,SO50464,381,19499,10,1,1
2016-05-13,2003-03-18,SO50465,381,19294,8,1,1
2016-05-13,2003-03-04,SO50470,338,27370,9,1,1
2016-05-13,2003-02-20,SO50467,356,15221,9,1,1
2016-05-14,2003-03-12,SO50477,356,13252,10,1,1
2016-05-14,2003-04-13,SO50482,324,27354,9,1,1
2016-05-14,2003-04-25,SO50472,358,27288,4,1,1
2016-05-14,2003-04-20,SO50483,352,15578,9,1,1
2016-05-14,2003-04-04,SO50481,354,15262,9,1,1
2016-05-14,2003-04-04,SO50479,385,14449,1,1,1
2016-05-14,2003-04-18,SO50473,381,17827,7,1,1
2016-05-14,2003-01-18,SO50476,340,20980,8,1,1
2016-05-14,2003-01-20,SO50480,383,25138,9,1,1
2016-05-14,2003-02-14,SO50475,381,19911,10,1,1
2016-05-14,2003-03-02,SO50474,362,27269,1,1,1
2016-05-14,2003-03-08,SO50478,338,15893,1,1,1
2016-05-15,2003-04-02,SO50489,362,15717,9,1,1
2016-05-15,2003-02-11,SO50487,383,25213,9,1,1
2016-05-15,2003-01-22,SO50488,389,25218,9,1,1
2016-05-15,2003-03-19,SO50484,375,18028,10,1,1
2016-05-15,2003-01-28,SO50486,381,14448,1,1,1
2016-05-15,2003-02-27,SO50490,352,15226,9,1,1
2016-05-15,2003-02-18,SO50492,370,24362,9,1,1
2016-05-15,2003-04-20,SO50491,356,15644,9,1,1
2016-05-16,2003-03-18,SO50497,389,14419,1,1,1
2016-05-16,2003-02-23,SO50496,381,14452,1,1,1
2016-05-16,2003-02-23,SO50499,352,15214,9,1,1
2016-05-16,2003-03-24,SO50493,362,27453,4,1,1
2016-05-16,2003-02-14,SO50494,379,16432,7,1,1
2016-05-16,2003-03-04,SO50495,324,19475,7,1,1
2016-05-16,2003-03-19,SO50498,389,14434,4,1,1
2016-05-16,2003-03-27,SO50500,354,15425,9,1,1
2016-05-17,2003-04-27,SO50507,332,27366,9,1,1
2016-05-17,2003-04-14,SO50501,377,18625,10,1,1
2016-05-17,2003-02-09,SO50508,373,24361,9,1,1
2016-05-17,2003-03-14,SO50506,334,27342,9,1,1
2016-05-17,2003-02-13,SO50503,389,19286,8,1,1
2016-05-17,2003-04-07,SO50504,356,12874,10,1,1
2016-05-17,2003-03-07,SO50502,375,16425,7,1,1
2016-05-17,2003-02-27,SO50505,360,11410,7,1,1
2016-05-18,2003-03-21,SO50509,370,16415,7,1,1
2016-05-18,2003-02-20,SO50510,377,24365,9,1,1
2016-05-19,2003-04-05,SO50515,358,15215,9,1,1
2016-05-19,2003-02-11,SO50511,369,18621,10,1,1
2016-05-19,2003-02-27,SO50517,352,27423,4,1,1
2016-05-19,2003-02-10,SO50516,360,15646,9,1,1
2016-05-19,2003-03-14,SO50514,340,15904,4,1,1
2016-05-19,2003-02-15,SO50513,362,12825,8,1,1
2016-05-19,2003-02-28,SO50512,356,27418,4,1,1
2016-05-20,2003-02-17,SO50522,389,17780,7,1,1
2016-05-20,2003-04-28,SO50526,320,27340,9,1,1
2016-05-20,2003-03-18,SO50520,356,27264,1,1,1
2016-05-20,2003-02-15,SO50523,360,12860,10,1,1
2016-05-20,2003-03-21,SO50521,356,27279,1,1,1
2016-05-20,2003-03-08,SO50524,320,15914,1,1,1
2016-05-20,2003-05-05,SO50525,387,14447,1,1,1
2016-05-20,2003-03-08,SO50519,371,17934,8,1,1
2016-05-20,2003-02-26,SO50527,377,24377,9,1,1
2016-05-21,2003-04-14,SO50532,371,13915,4,1,1
2016-05-21,2003-03-11,SO50528,371,18160,10,1,1
2016-05-21,2003-04-02,SO50534,356,12826,8,1,1
2016-05-21,2003-04-30,SO50536,369,24462,9,1,1
2016-05-21,2003-03-06,SO50531,330,19452,7,1,1
2016-05-21,2003-04-29,SO50533,358,11409,7,1,1
2016-05-21,2003-03-06,SO50537,332,27341,9,1,1
2016-05-21,2003-05-04,SO50530,387,19912,10,1,1
2016-05-21,2003-03-16,SO50535,379,24460,9,1,1
2016-05-21,2003-03-16,SO50529,358,27295,1,1,1
2016-05-22,2003-02-05,SO50544,362,15722,9,1,1
2016-05-22,2003-04-10,SO50540,389,19506,10,1,1
2016-05-22,2003-04-14,SO50547,371,24381,9,1,1
2016-05-22,2003-03-31,SO50543,381,25221,9,1,1
2016-05-22,2003-03-08,SO50545,354,15587,9,1,1
2016-05-22,2003-02-21,SO50549,324,27365,9,1,1
2016-05-22,2003-01-23,SO50539,358,27261,1,1,1
2016-05-22,2003-02-10,SO50541,362,12806,8,1,1
2016-05-22,2003-04-25,SO50548,371,24461,9,1,1
2016-05-22,2003-04-18,SO50542,385,14442,4,1,1
2016-05-22,2003-03-29,SO50546,354,15597,9,1,1
2016-05-22,2003-01-30,SO50538,358,21614,6,1,1
2016-05-23,2003-01-28,SO50554,320,21015,8,1,1
2016-05-23,2003-04-15,SO50552,375,16430,7,1,1
2016-05-23,2003-02-19,SO50556,377,13927,4,1,1
2016-05-23,2003-04-29,SO50559,360,15228,9,1,1
2016-05-23,2003-04-14,SO50561,379,24459,9,1,1
2016-05-23,2003-03-05,SO50550,356,27448,4,1,1
2016-05-23,2003-04-13,SO50551,373,18168,10,1,1
2016-05-23,2003-01-27,SO50557,360,12861,10,1,1
2016-05-23,2003-04-24,SO50560,362,15716,9,1,1
2016-05-23,2003-03-05,SO50553,387,19500,10,1,1
2016-05-23,2003-02-08,SO50555,328,21006,8,1,1
2016-05-23,2003-02-13,SO50558,360,12816,8,1,1
2016-05-24,2003-02-01,SO50563,379,18633,10,1,1
2016-05-24,2003-04-23,SO50565,362,27439,4,1,1
2016-05-24,2003-02-19,SO50569,334,20930,8,1,1
2016-05-24,2003-01-29,SO50570,377,13939,4,1,1
2016-05-24,2003-01-26,SO50572,328,15899,4,1,1
2016-05-24,2003-05-04,SO50568,340,21093,10,1,1
2016-05-24,2003-04-04,SO50571,342,15890,4,1,1
2016-05-24,2003-04-25,SO50562,373,17945,8,1,1
2016-05-24,2003-03-23,SO50574,360,15267,9,1,1
2016-05-24,2003-01-25,SO50564,360,27424,4,1,1
2016-05-24,2003-05-06,SO50575,324,27359,9,1,1
2016-05-24,2003-04-03,SO50576,369,24300,9,1,1
2016-05-24,2003-05-07,SO50573,328,15934,1,1,1
2016-05-24,2003-04-13,SO50567,352,27286,3,1,1
2016-05-24,2003-03-13,SO50577,371,24372,9,1,1
2016-05-25,2003-04-13,SO50581,326,15909,4,1,1
2016-05-25,2003-03-14,SO50582,389,26582,6,1,1
2016-05-25,2003-04-22,SO50578,379,18126,10,1,1
2016-05-25,2003-02-13,SO50579,387,17834,7,1,1
2016-05-25,2003-04-06,SO50584,358,15585,9,1,1
2016-05-25,2003-04-11,SO50583,354,15725,9,1,1
2016-05-25,2003-04-01,SO50580,379,24305,9,1,1
2016-05-26,2003-05-06,SO50591,360,11425,7,1,1
2016-05-26,2003-03-22,SO50593,352,15266,9,1,1
2016-05-26,2003-03-07,SO50587,360,27262,1,1,1
2016-05-26,2003-04-10,SO50585,352,27452,4,1,1
2016-05-26,2003-03-18,SO50589,358,27276,4,1,1
2016-05-26,2003-02-01,SO50592,332,27560,6,1,1
2016-05-26,2003-04-20,SO50586,369,17898,8,1,1
2016-05-26,2003-04-12,SO50588,362,27274,4,1,1
2016-05-26,2003-04-06,SO50594,360,15601,9,1,1
2016-05-26,2003-04-19,SO50590,354,27287,4,1,1
2016-05-27,2003-02-19,SO50598,354,27271,1,1,1
2016-05-27,2003-01-30,SO50603,360,15576,9,1,1
2016-05-27,2003-02-27,SO50604,373,24282,9,1,1
2016-05-27,2003-02-23,SO50599,342,20923,8,1,1
2016-05-27,2003-05-10,SO50596,362,27416,1,1,1
2016-05-27,2003-04-16,SO50602,362,15719,9,1,1
2016-05-27,2003-03-25,SO50601,354,12742,8,1,1
2016-05-27,2003-03-12,SO50595,371,17928,8,1,1
2016-05-27,2003-02-26,SO50597,362,21629,6,1,1
2016-05-27,2003-02-02,SO50600,326,19458,7,1,1
2016-05-28,2003-04-24,SO50605,354,27450,1,1,1
2016-05-28,2003-03-23,SO50606,354,27294,4,1,1
2016-05-28,2003-04-24,SO50614,342,27469,9,1,1
2016-05-28,2003-03-09,SO50610,338,15941,4,1,1
2016-05-28,2003-03-20,SO50615,373,24304,9,1,1
2016-05-28,2003-02-14,SO50607,326,20979,8,1,1
2016-05-28,2003-02-24,SO50613,360,15596,9,1,1
2016-05-28,2003-03-11,SO50612,358,15590,9,1,1
2016-05-28,2003-03-31,SO50609,320,15886,4,1,1
2016-05-28,2003-02-01,SO50616,369,24366,9,1,1
2016-05-28,2003-02-18,SO50611,362,15220,9,1,1
2016-05-28,2003-05-05,SO50608,373,26279,6,1,1
2016-05-29,2003-05-12,SO50618,360,27431,1,1,1
2016-05-29,2003-05-04,SO50620,356,27281,5,1,1
2016-05-29,2003-04-02,SO50621,340,19474,7,1,1
2016-05-29,2003-04-09,SO50619,354,27277,4,1,1
2016-05-29,2003-02-25,SO50623,320,27545,6,1,1
2016-05-29,2003-04-06,SO50624,371,24281,9,1,1
2016-05-29,2003-03-18,SO50625,369,24367,9,1,1
2016-05-29,2003-03-28,SO50622,342,27536,6,1,1
2016-05-30,2003-03-28,SO50638,371,24283,9,1,1
2016-05-30,2003-02-26,SO50633,387,14420,1,1,1
2016-05-30,2003-02-14,SO50632,332,15908,4,1,1
2016-05-30,2003-04-25,SO50636,354,15589,9,1,1
2016-05-30,2003-02-08,SO50630,383,19289,8,1,1
2016-05-30,2003-05-11,SO50629,377,16426,7,1,1
2016-05-30,2003-02-13,SO50627,370,18627,10,1,1
2016-05-30,2003-03-23,SO50631,383,19511,10,1,1
2016-05-30,2003-04-05,SO50637,328,27356,9,1,1
2016-05-30,2003-04-25,SO50639,369,24303,9,1,1
2016-05-30,2003-02-18,SO50626,373,18620,10,1,1
2016-05-30,2003-02-05,SO50628,368,17902,8,1,1
2016-05-30,2003-04-08,SO50640,369,24307,9,1,1
2016-05-30,2003-01-30,SO50635,356,15586,9,1,1
2016-05-30,2003-05-02,SO50634,362,15218,9,1,1
2016-05-31,2003-04-18,SO50652,326,15903,4,1,1
2016-05-31,2003-02-27,SO50644,362,27275,4,1,1
2016-05-31,2003-02-17,SO50649,371,13938,4,1,1
2016-05-31,2003-03-04,SO50656,336,27362,9,1,1
2016-05-31,2003-02-19,SO50651,334,15888,1,1,1
2016-05-31,2003-04-22,SO50657,369,24378,9,1,1
2016-05-31,2003-03-10,SO50641,354,27455,1,1,1
2016-05-31,2003-04-01,SO50645,387,19288,8,1,1
2016-05-31,2003-04-23,SO50650,358,12747,8,1,1
2016-05-31,2003-04-03,SO50655,358,15582,9,1,1
2016-05-31,2003-04-22,SO50653,334,27550,6,1,1
2016-05-31,2003-02-21,SO50643,352,27427,4,1,1
2016-05-31,2003-05-01,SO50646,383,19298,8,1,1
2016-05-31,2003-05-08,SO50647,338,20945,8,1,1
2016-05-31,2003-03-31,SO50654,389,25214,9,1,1
2016-05-31,2003-02-04,SO50648,369,13917,4,1,1
2016-06-01,2003-05-02,SO50766,369,13977,1,1,1
2016-06-01,2003-04-27,SO50774,330,27487,9,1,1
2016-06-01,2003-04-01,SO50769,368,24484,9,1,1
2016-06-01,2003-02-14,SO50761,387,19321,8,1,1
2016-06-01,2003-04-03,SO50760,354,27549,1,1,1
2016-06-01,2003-02-11,SO50772,369,24476,9,1,1
2016-06-01,2003-02-15,SO50765,338,21669,10,1,1
2016-06-01,2003-02-04,SO50767,389,14486,4,1,1
2016-06-01,2003-05-07,SO50773,330,19903,7,1,1
2016-06-01,2003-05-16,SO50768,360,16176,9,1,1
2016-06-01,2003-04-01,SO50762,377,17963,8,1,1
2016-06-01,2003-03-06,SO50763,373,16513,7,1,1
2016-06-01,2003-05-14,SO50770,379,24465,9,1,1
2016-06-01,2003-04-08,SO50764,336,21534,10,1,1
2016-06-01,2003-05-14,SO50771,370,24468,9,1,1
2016-06-02,2003-04-20,SO50787,358,15800,9,1,1
2016-06-02,2003-05-08,SO50783,358,11588,7,1,1
2016-06-02,2003-03-21,SO50785,356,15785,9,1,1
2016-06-02,2003-03-23,SO50781,360,13561,10,1,1
2016-06-02,2003-02-07,SO50786,356,15797,9,1,1
2016-06-02,2003-04-28,SO50777,354,11439,7,1,1
2016-06-02,2003-04-15,SO50775,358,27553,4,1,1
2016-06-02,2003-02-27,SO50784,383,14498,4,1,1
2016-06-02,2003-05-03,SO50782,360,11587,7,1,1
2016-06-02,2003-03-02,SO50780,320,19945,7,1,1
2016-06-02,2003-04-13,SO50776,381,19940,10,1,1
2016-06-02,2003-04-02,SO50779,334,21508,10,1,1
2016-06-02,2003-02-26,SO50778,356,11578,7,1,1
2016-06-03,2003-02-19,SO50792,322,15972,4,1,1
2016-06-03,2003-04-09,SO50788,354,27575,4,1,1
2016-06-03,2003-05-15,SO50795,324,27489,9,1,1
2016-06-03,2003-05-02,SO50789,352,13553,10,1,1
2016-06-03,2003-02-25,SO50790,320,21509,10,1,1
2016-06-03,2003-03-18,SO50796,342,27490,9,1,1
2016-06-03,2003-03-17,SO50791,340,15969,1,1,1
2016-06-03,2003-03-23,SO50794,328,27488,9,1,1
2016-06-04,2003-03-20,SO50804,379,24466,9,1,1
2016-06-04,2003-02-24,SO50802,385,14494,1,1,1
2016-06-04,2003-02-27,SO50797,373,17964,8,1,1
2016-06-04,2003-04-02,SO50800,362,11590,7,1,1
2016-06-04,2003-02-11,SO50805,385,14471,4,1,1
2016-06-04,2003-04-12,SO50799,328,21016,8,1,1
2016-06-04,2003-03-15,SO50801,334,15989,4,1,1
2016-06-04,2003-03-26,SO50798,387,17900,7,1,1
2016-06-05,2003-05-05,SO50811,336,27493,9,1,1
2016-06-05,2003-05-05,SO50808,352,11546,7,1,1
2016-06-05,2003-04-20,SO50813,360,13255,8,1,1
2016-06-05,2003-04-26,SO50812,324,27498,9,1,1
2016-06-05,2003-04-16,SO50807,360,11433,7,1,1
2016-06-05,2003-03-29,SO50806,368,17980,8,1,1
2016-06-05,2003-05-20,SO50810,324,27483,9,1,1
2016-06-06,2003-04-08,SO50824,340,27499,9,1,1
2016-06-06,2003-05-03,SO50819,354,15792,9,1,1
2016-06-06,2003-02-08,SO50822,358,16031,9,1,1
2016-06-06,2003-05-17,SO50815,354,21658,6,1,1
2016-06-06,2003-03-12,SO50821,356,16025,9,1,1
2016-06-06,2003-04-19,SO50814,356,27547,4,1,1
2016-06-06,2003-02-17,SO50820,360,15808,9,1,1
2016-06-06,2003-02-12,SO50823,373,24601,9,1,1
2016-06-06,2003-05-14,SO50816,387,17944,7,1,1
2016-06-06,2003-03-23,SO50817,379,17989,8,1,1
2016-06-06,2003-05-14,SO50818,377,18019,8,1,1
2016-06-07,2003-03-31,SO50830,332,27613,6,1,1
2016-06-07,2003-04-19,SO50831,324,15961,4,1,1
2016-06-07,2003-05-20,SO50833,354,15754,9,1,1
2016-06-07,2003-04-03,SO50834,369,24598,9,1,1
2016-06-07,2003-03-25,SO50828,358,13551,10,1,1
2016-06-07,2003-03-20,SO50827,389,19917,10,1,1
2016-06-07,2003-02-28,SO50832,381,14477,4,1,1
2016-06-07,2003-03-01,SO50825,352,27570,1,1,1
2016-06-07,2003-03-24,SO50835,373,24474,9,1,1
2016-06-07,2003-02-20,SO50829,342,21540,10,1,1
2016-06-07,2003-05-16,SO50826,379,16476,7,1,1
2016-06-08,2003-04-04,SO50837,352,27537,4,1,1
2016-06-08,2003-03-11,SO50844,326,19503,7,1,1
2016-06-08,2003-05-07,SO50849,358,16026,9,1,1
2016-06-08,2003-02-22,SO50846,368,13979,1,1,1
2016-06-08,2003-04-13,SO50848,334,15986,4,1,1
2016-06-08,2003-05-15,SO50842,356,11479,7,1,1
2016-06-08,2003-04-28,SO50840,371,16436,7,1,1
2016-06-08,2003-04-30,SO50851,369,24596,9,1,1
2016-06-08,2003-05-21,SO50838,352,27573,4,1,1
2016-06-08,2003-02-24,SO50836,358,27535,4,1,1
2016-06-08,2003-03-05,SO50850,360,16155,9,1,1
2016-06-08,2003-04-22,SO50839,389,19918,10,1,1
2016-06-08,2003-03-03,SO50847,324,15953,4,1,1
2016-06-08,2003-03-28,SO50841,379,19032,10,1,1
2016-06-08,2003-05-18,SO50845,375,13947,1,1,1
2016-06-08,2003-02-16,SO50852,362,15831,9,1,1
2016-06-08,2003-02-13,SO50843,362,12852,8,1,1
2016-06-09,2003-05-11,SO50854,358,27551,1,1,1
2016-06-09,2003-02-27,SO50855,358,27558,1,1,1
2016-06-09,2003-02-27,SO50859,368,24502,9,1,1
2016-06-09,2003-02-19,SO50853,356,27542,1,1,1
2016-06-09,2003-03-12,SO50856,381,17949,7,1,1
2016-06-09,2003-04-29,SO50858,356,16163,9,1,1
2016-06-10,2003-03-15,SO50869,381,25225,9,1,1
2016-06-10,2003-02-25,SO50871,352,16027,9,1,1
2016-06-10,2003-04-16,SO50861,356,27534,4,1,1
2016-06-10,2003-02-15,SO50865,362,11582,7,1,1
2016-06-10,2003-05-14,SO50866,332,15991,1,1,1
2016-06-10,2003-04-02,SO50864,356,13411,10,1,1
2016-06-10,2003-04-02,SO50873,377,24463,9,1,1
2016-06-10,2003-04-12,SO50872,379,24597,9,1,1
2016-06-10,2003-03-02,SO50870,352,15764,9,1,1
2016-06-10,2003-02-15,SO50868,383,14473,4,1,1
2016-06-10,2003-04-15,SO50860,352,27504,1,1,1
2016-06-10,2003-05-01,SO50862,356,27541,4,1,1
2016-06-10,2003-03-04,SO50863,356,27552,4,1,1
2016-06-10,2003-03-09,SO50867,342,15964,4,1,1
2016-06-11,2003-03-31,SO50879,356,15752,9,1,1
2016-06-11,2003-04-24,SO50877,352,12863,8,1,1
2016-06-11,2003-02-20,SO50882,342,27473,9,1,1
2016-06-11,2003-04-03,SO50874,368,16570,7,1,1
2016-06-11,2003-05-12,SO50881,368,24480,9,1,1
2016-06-11,2003-04-28,SO50878,358,15733,9,1,1
2016-06-11,2003-04-01,SO50875,362,12829,8,1,1
2016-06-11,2003-04-29,SO50876,356,12827,8,1,1
2016-06-11,2003-04-08,SO50880,379,24467,9,1,1
2016-06-11,2003-04-25,SO50883,375,18045,8,1,1
2016-06-12,2003-03-24,SO50890,368,13984,4,1,1
2016-06-12,2003-04-30,SO50889,352,11572,7,1,1
2016-06-12,2003-05-23,SO50886,370,19048,10,1,1
2016-06-12,2003-03-01,SO50893,352,16028,9,1,1
2016-06-12,2003-04-28,SO50894,358,16160,9,1,1
2016-06-12,2003-04-20,SO50887,375,16596,7,1,1
2016-06-12,2003-03-27,SO50885,354,27572,4,1,1
2016-06-12,2003-04-06,SO50884,362,27543,4,1,1
2016-06-12,2003-03-06,SO50888,381,19916,10,1,1
2016-06-12,2003-03-01,SO50891,338,15976,1,1,1
2016-06-12,2003-03-08,SO50892,360,15753,9,1,1
2016-06-13,2003-02-28,SO50904,379,24590,9,1,1
2016-06-13,2003-03-07,SO50897,352,11432,7,1,1
2016-06-13,2003-05-13,SO50895,360,27555,4,1,1
2016-06-13,2003-05-28,SO50902,368,24506,9,1,1
2016-06-13,2003-05-02,SO50903,370,24586,9,1,1
2016-06-13,2003-05-01,SO50896,354,27569,4,1,1
2016-06-13,2003-04-27,SO50900,385,25235,9,1,1
2016-06-13,2003-04-30,SO50898,371,13948,4,1,1
2016-06-13,2003-04-02,SO50901,352,15833,9,1,1
2016-06-14,2003-04-05,SO50908,358,13254,10,1,1
2016-06-14,2003-03-31,SO50905,352,27576,1,1,1
2016-06-14,2003-03-18,SO50915,332,27492,9,1,1
2016-06-14,2003-02-16,SO50913,368,24481,9,1,1
2016-06-14,2003-02-17,SO50906,379,17947,8,1,1
2016-06-14,2003-05-16,SO50907,385,17894,7,1,1
2016-06-14,2003-05-07,SO50914,342,27484,9,1,1
2016-06-14,2003-03-31,SO50911,356,12867,8,1,1
2016-06-14,2003-02-26,SO50912,381,25231,9,1,1
2016-06-14,2003-02-23,SO50909,356,13554,10,1,1
2016-06-14,2003-05-16,SO50910,342,21035,8,1,1
2016-06-15,2003-04-28,SO50916,354,27531,1,1,1
2016-06-15,2003-05-29,SO50919,379,18027,8,1,1
2016-06-15,2003-05-03,SO50922,340,21037,8,1,1
2016-06-15,2003-03-10,SO50925,356,15790,9,1,1
2016-06-15,2003-03-31,SO50927,370,24504,9,1,1
2016-06-15,2003-05-08,SO50921,334,21517,10,1,1
2016-06-15,2003-03-14,SO50918,368,16547,7,1,1
2016-06-15,2003-02-22,SO50928,371,24592,9,1,1
2016-06-15,2003-05-10,SO50920,356,11571,7,1,1
2016-06-15,2003-05-25,SO50917,379,16533,7,1,1
2016-06-15,2003-04-04,SO50923,332,15984,4,1,1
2016-06-15,2003-05-18,SO50924,356,15732,9,1,1
2016-06-15,2003-05-20,SO50929,389,25242,9,1,1
2016-06-15,2003-04-25,SO50926,354,15799,9,1,1
2016-06-16,2003-03-23,SO50934,352,13256,8,1,1
2016-06-16,2003-03-18,SO50930,381,17950,7,1,1
2016-06-16,2003-05-12,SO50931,379,16569,7,1,1
2016-06-16,2003-02-22,SO50935,320,15980,1,1,1
2016-06-16,2003-04-02,SO50932,383,17885,7,1,1
2016-06-16,2003-03-17,SO50933,340,19922,7,1,1
2016-06-16,2003-04-28,SO50936,370,24605,9,1,1
2016-06-17,2003-05-02,SO50938,379,17983,8,1,1
2016-06-17,2003-05-11,SO50939,389,17897,7,1,1
2016-06-17,2003-02-18,SO50944,360,16169,9,1,1
2016-06-17,2003-03-27,SO50937,356,27508,4,1,1
2016-06-17,2003-05-27,SO50945,371,24478,9,1,1
2016-06-17,2003-04-17,SO50942,354,11429,7,1,1
2016-06-17,2003-04-13,SO50941,336,19517,7,1,1
2016-06-17,2003-05-09,SO50943,358,15784,9,1,1
2016-06-17,2003-03-15,SO50946,383,25243,9,1,1
2016-06-18,2003-06-03,SO50953,387,14464,4,1,1
2016-06-18,2003-03-07,SO50954,358,16161,9,1,1
2016-06-18,2003-05-26,SO50949,369,19070,10,1,1
2016-06-18,2003-04-09,SO50948,370,19037,10,1,1
2016-06-18,2003-04-16,SO50950,354,11576,7,1,1
2016-06-18,2003-04-25,SO50952,336,15994,1,1,1
2016-06-18,2003-03-19,SO50951,356,13557,10,1,1
2016-06-18,2003-04-19,SO50947,352,27527,4,1,1
2016-06-19,2003-04-07,SO50964,356,12858,8,1,1
2016-06-19,2003-04-30,SO50957,383,17932,7,1,1
2016-06-19,2003-06-03,SO50962,377,16937,7,1,1
2016-06-19,2003-04-03,SO50961,368,16580,7,1,1
2016-06-19,2003-03-02,SO50968,328,15968,4,1,1
2016-06-19,2003-04-27,SO50965,328,15952,1,1,1
2016-06-19,2003-03-10,SO50967,320,15965,4,1,1
2016-06-19,2003-03-16,SO50956,354,27554,4,1,1
2016-06-19,2003-03-31,SO50959,379,16560,7,1,1
2016-06-19,2003-05-03,SO50963,362,13404,10,1,1
2016-06-19,2003-05-10,SO50966,320,15954,4,1,1
2016-06-19,2003-02-20,SO50960,375,17986,8,1,1
2016-06-19,2003-03-11,SO50955,354,27468,4,1,1
2016-06-20,2003-05-04,SO50972,381,25229,9,1,1
2016-06-20,2003-03-27,SO50975,356,15788,9,1,1
2016-06-20,2003-04-07,SO50977,356,16157,9,1,1
2016-06-20,2003-05-07,SO50969,356,27460,4,1,1
2016-06-20,2003-04-04,SO50974,381,14470,4,1,1
2016-06-20,2003-02-25,SO50978,369,24503,9,1,1
2016-06-20,2003-04-01,SO50970,362,27574,4,1,1
2016-06-20,2003-03-05,SO50971,336,21545,10,1,1
2016-06-20,2003-03-28,SO50976,360,15793,9,1,1
2016-06-20,2003-03-03,SO50973,340,27602,6,1,1
2016-06-21,2003-02-27,SO50988,362,16164,9,1,1
2016-06-21,2003-05-26,SO50986,383,14485,4,1,1
2016-06-21,2003-04-07,SO50990,377,24505,9,1,1
2016-06-21,2003-03-13,SO50991,377,24585,9,1,1
2016-06-21,2003-05-21,SO50980,354,27540,4,1,1
2016-06-21,2003-03-01,SO50984,336,19902,7,1,1
2016-06-21,2003-03-29,SO50979,362,27459,4,1,1
2016-06-21,2003-04-13,SO50983,320,21516,10,1,1
2016-06-21,2003-05-24,SO50982,370,19073,10,1,1
2016-06-21,2003-05-03,SO50985,381,14481,1,1,1
2016-06-21,2003-03-08,SO50993,338,27472,9,1,1
2016-06-21,2003-04-07,SO50987,387,14495,4,1,1
2016-06-21,2003-03-14,SO50994,332,27485,9,1,1
2016-06-21,2003-05-23,SO50989,371,24482,9,1,1
2016-06-21,2003-05-15,SO50992,336,27471,9,1,1
2016-06-22,2003-05-08,SO50997,369,17984,8,1,1
2016-06-22,2003-02-26,SO50999,328,19504,7,1,1
2016-06-22,2003-04-09,SO50995,360,27523,1,1,1
2016-06-22,2003-03-29,SO50996,356,27544,4,1,1
2016-06-22,2003-03-20,SO51000,342,27470,9,1,1
2016-06-22,2003-04-10,SO50998,381,19316,8,1,1
2016-06-23,2003-03-21,SO51009,354,16029,9,1,1
2016-06-23,2003-03-02,SO51006,389,14461,1,1,1
2016-06-23,2003-05-25,SO51002,379,17976,8,1,1
2016-06-23,2003-05-18,SO51005,340,15990,4,1,1
2016-06-23,2003-03-01,SO51001,358,27467,4,1,1
2016-06-23,2003-03-09,SO51007,387,25234,9,1,1
2016-06-23,2003-03-12,SO51008,356,15830,9,1,1
2016-06-23,2003-05-07,SO51003,371,18005,8,1,1
2016-06-23,2003-06-03,SO51004,369,13978,1,1,1
2016-06-24,2003-03-10,SO51012,354,12846,8,1,1
2016-06-24,2003-05-02,SO51011,369,16551,7,1,1
2016-06-24,2003-05-24,SO51010,358,27546,4,1,1
2016-06-24,2003-05-30,SO51013,358,11577,7,1,1
2016-06-24,2003-05-21,SO51014,352,11583,7,1,1
2016-06-24,2003-04-23,SO51018,352,15751,9,1,1
2016-06-24,2003-03-10,SO51016,330,19899,7,1,1
2016-06-24,2003-05-29,SO51020,354,16159,9,1,1
2016-06-24,2003-04-13,SO51017,328,15987,1,1,1
2016-06-24,2003-04-23,SO51015,385,17891,7,1,1
2016-06-25,2003-05-13,SO51026,389,25228,9,1,1
2016-06-25,2003-03-04,SO51022,356,11483,7,1,1
2016-06-25,2003-04-06,SO51027,358,15765,9,1,1
2016-06-25,2003-04-22,SO51029,377,24475,9,1,1
2016-06-25,2003-03-06,SO51024,322,21029,8,1,1
2016-06-25,2003-03-08,SO51023,360,13517,10,1,1
2016-06-25,2003-03-29,SO51025,381,25226,9,1,1
2016-06-25,2003-04-19,SO51028,373,24587,9,1,1
2016-06-25,2003-02-26,SO51021,369,16532,7,1,1
2016-06-26,2003-05-18,SO51031,360,13562,10,1,1
2016-06-26,2003-04-09,SO51037,322,21668,10,1,1
2016-06-26,2003-04-07,SO51030,362,27524,1,1,1
2016-06-26,2003-03-11,SO51034,373,24485,9,1,1
2016-06-26,2003-03-05,SO51032,328,15949,4,1,1
2016-06-26,2003-05-20,SO51035,340,27486,9,1,1
2016-06-26,2003-03-13,SO51036,383,25240,9,1,1
2016-06-26,2003-03-09,SO51033,358,16339,9,1,1
2016-06-27,2003-05-13,SO51040,368,19036,10,1,1
2016-06-27,2003-05-10,SO51042,371,16566,7,1,1
2016-06-27,2003-04-28,SO51039,373,17952,8,1,1
2016-06-27,2003-05-11,SO51049,362,15802,9,1,1
2016-06-27,2003-04-26,SO51041,373,16559,7,1,1
2016-06-27,2003-05-01,SO51044,368,17985,8,1,1
2016-06-27,2003-04-22,SO51047,358,15755,9,1,1
2016-06-27,2003-03-03,SO51043,369,19049,10,1,1
2016-06-27,2003-03-08,SO51048,354,15757,9,1,1
2016-06-27,2003-04-29,SO51038,362,27559,1,1,1
2016-06-27,2003-05-08,SO51046,371,13976,1,1,1
2016-06-27,2003-05-23,SO51050,356,15832,9,1,1
2016-06-27,2003-04-29,SO51045,362,12833,8,1,1
2016-06-28,2003-03-10,SO51059,352,15734,9,1,1
2016-06-28,2003-03-10,SO51054,354,11547,7,1,1
2016-06-28,2003-05-27,SO51053,352,11480,7,1,1
2016-06-28,2003-03-14,SO51057,328,15985,4,1,1
2016-06-28,2003-06-08,SO51056,375,13949,4,1,1
2016-06-28,2003-03-01,SO51060,352,15756,9,1,1
2016-06-28,2003-03-02,SO51063,326,27500,9,1,1
2016-06-28,2003-04-21,SO51061,370,24604,9,1,1
2016-06-28,2003-05-31,SO51051,356,27568,1,1,1
2016-06-28,2003-05-30,SO51058,385,14472,4,1,1
2016-06-28,2003-03-09,SO51052,368,17998,8,1,1
2016-06-28,2003-04-26,SO51062,340,27494,9,1,1
2016-06-28,2003-03-22,SO51055,340,19943,7,1,1
2016-06-29,2003-03-26,SO51066,358,27556,1,1,1
2016-06-29,2003-06-13,SO51064,358,27521,4,1,1
2016-06-29,2003-05-06,SO51067,338,15992,4,1,1
2016-06-29,2003-03-29,SO51068,360,15801,9,1,1
2016-06-29,2003-06-09,SO51069,358,16180,9,1,1
2016-06-29,2003-04-21,SO51065,360,27539,4,1,1
2016-06-29,2003-04-09,SO51070,373,24477,9,1,1
2016-06-30,2003-04-01,SO51074,362,13407,10,1,1
2016-06-30,2003-04-19,SO51079,360,16156,9,1,1
2016-06-30,2003-04-02,SO51075,354,12850,8,1,1
2016-06-30,2003-03-22,SO51076,328,15959,1,1,1
2016-06-30,2003-03-03,SO51078,358,15786,9,1,1
2016-06-30,2003-06-05,SO51077,354,15729,9,1,1
2016-06-30,2003-03-30,SO51080,373,24602,9,1,1
2016-06-30,2003-05-31,SO51072,352,27571,4,1,1
2016-06-30,2003-05-07,SO51073,371,19058,10,1,1
2016-06-30,2003-03-23,SO51071,360,21655,6,1,1
2016-07-01,2003-04-11,SO51176,379,18239,9,1,1
2016-07-01,2003-03-08,SO51176,479,18239,9,2,1
2016-07-01,2003-03-17,SO51188,606,12657,8,1,1
2016-07-01,2003-04-06,SO51179,529,22430,7,3,2
2016-07-01,2003-04-10,SO51179,377,22430,7,1,1
2016-07-01,2003-04-27,SO51179,486,22430,7,4,1
2016-07-01,2003-04-06,SO51179,540,22430,7,2,1
2016-07-01,2003-04-06,SO51185,541,27767,8,2,3
2016-07-01,2003-03-08,SO51185,530,27767,8,3,1
2016-07-01,2003-04-30,SO51185,571,27767,8,1,1
2016-07-01,2003-03-04,SO51177,215,27873,9,2,1
2016-07-01,2003-04-01,SO51177,577,27873,9,1,1
2016-07-01,2003-06-05,SO51180,479,16313,8,2,2
2016-07-01,2003-04-25,SO51180,214,16313,8,4,1
2016-07-01,2003-04-03,SO51180,229,16313,8,5,1
2016-07-01,2003-04-04,SO51180,373,16313,8,1,1
2016-07-01,2003-03-13,SO51180,477,16313,8,3,1
2016-07-01,2003-06-13,SO51187,538,22261,4,2,2
2016-07-01,2003-04-20,SO51187,606,22261,4,1,1
2016-07-01,2003-05-13,SO51186,573,24339,4,1,1
2016-07-01,2003-06-14,SO51181,529,12132,7,2,2
2016-07-01,2003-03-08,SO51181,214,12132,7,4,1
2016-07-01,2003-05-07,SO51181,371,12132,7,1,1
2016-07-01,2003-05-25,SO51181,540,12132,7,3,1
2016-07-01,2003-04-04,SO51182,232,22998,6,2,1
2016-07-01,2003-05-06,SO51182,581,22998,6,1,1
2016-07-01,2003-03-26,SO51178,477,11245,8,3,2
2016-07-01,2003-06-02,SO51178,478,11245,8,2,2
2016-07-01,2003-05-02,SO51178,352,11245,8,1,1
2016-07-01,2003-03-15,SO51183,232,20662,1,2,1
2016-07-01,2003-06-10,SO51183,581,20662,1,1,1
2016-07-01,2003-05-22,SO51184,528,11263,1,3,2
2016-07-01,2003-03-15,SO51184,220,11263,1,4,1
2016-07-01,2003-05-24,SO51184,352,11263,1,1,1
2016-07-01,2003-03-07,SO51184,537,11263,1,2,1
2016-07-02,2003-04-17,SO51194,485,11089,4,2,2
2016-07-02,2003-03-10,SO51194,215,11089,4,3,1
2016-07-02,2003-04-14,SO51194,362,11089,4,1,1
2016-07-02,2003-05-02,SO51196,477,18906,9,3,2
2016-07-02,2003-05-20,SO51196,479,18906,9,2,2
2016-07-02,2003-04-28,SO51196,220,18906,9,4,1
2016-07-02,2003-04-06,SO51196,232,18906,9,5,1
2016-07-02,2003-04-22,SO51196,604,18906,9,1,1
2016-07-02,2003-03-27,SO51202,489,26864,8,2,1
2016-07-02,2003-04-10,SO51202,578,26864,8,1,1
2016-07-02,2003-03-06,SO51191,477,12390,8,3,2
2016-07-02,2003-05-24,SO51191,478,12390,8,2,2
2016-07-02,2003-06-11,SO51191,214,12390,8,4,1
2016-07-02,2003-04-20,SO51191,362,12390,8,1,1
2016-07-02,2003-04-20,SO51190,529,20824,10,2,3
2016-07-02,2003-03-10,SO51190,539,20824,10,3,2
2016-07-02,2003-05-08,SO51190,580,20824,10,1,1
2016-07-02,2003-06-10,SO51199,223,21440,4,3,2
2016-07-02,2003-03-26,SO51199,477,21440,4,4,2
2016-07-02,2003-03-12,SO51199,479,21440,4,2,2
2016-07-02,2003-05-20,SO51199,606,21440,4,1,1
2016-07-02,2003-04-20,SO51201,220,27820,10,2,1
2016-07-02,2003-05-06,SO51201,573,27820,10,1,1
2016-07-02,2003-05-10,SO51193,485,11020,6,2,2
2016-07-02,2003-03-31,SO51193,362,11020,6,1,1
2016-07-02,2003-03-12,SO51197,223,11448,9,4,2
2016-07-02,2003-04-26,SO51197,477,11448,9,3,2
2016-07-02,2003-03-27,SO51197,478,11448,9,2,2
2016-07-02,2003-06-09,SO51197,362,11448,9,1,1
2016-07-02,2003-03-04,SO51192,214,11241,7,2,1
2016-07-02,2003-03-10,SO51192,362,11241,7,1,1
2016-07-02,2003-06-09,SO51195,528,14066,9,2,2
2016-07-02,2003-03-10,SO51195,536,14066,9,3,1
2016-07-02,2003-03-17,SO51195,588,14066,9,1,1
2016-07-02,2003-03-08,SO51189,466,16688,9,3,2
2016-07-02,2003-03-09,SO51189,215,16688,9,2,1
2016-07-02,2003-06-06,SO51189,375,16688,9,1,1
2016-07-03,2003-03-15,SO51217,480,11449,9,4,3
2016-07-03,2003-03-08,SO51217,528,11449,9,2,2
2016-07-03,2003-05-16,SO51217,352,11449,9,1,1
2016-07-03,2003-05-09,SO51217,537,11449,9,3,1
2016-07-03,2003-06-06,SO51205,478,11240,10,2,3
2016-07-03,2003-03-29,SO51205,477,11240,10,3,2
2016-07-03,2003-03-25,SO51205,220,11240,10,4,1
2016-07-03,2003-05-08,SO51205,354,11240,10,1,1
2016-07-03,2003-03-15,SO51216,477,11117,9,4,2
2016-07-03,2003-04-24,SO51216,478,11117,9,3,2
2016-07-03,2003-06-05,SO51216,485,11117,9,2,2
2016-07-03,2003-05-31,SO51216,223,11117,9,5,1
2016-07-03,2003-03-20,SO51216,354,11117,9,1,1
2016-07-03,2003-05-02,SO51208,220,23234,8,2,1
2016-07-03,2003-03-10,SO51208,371,23234,8,1,1
2016-07-03,2003-05-18,SO51211,482,13841,10,2,2
2016-07-03,2003-05-21,SO51211,565,13841,10,1,1
2016-07-03,2003-04-26,SO51222,538,25641,10,2,1
2016-07-03,2003-06-06,SO51222,605,25641,10,1,1
2016-07-03,2003-05-25,SO51218,596,11943,9,1,1
2016-07-03,2003-03-14,SO51207,477,11338,8,3,2
2016-07-03,2003-04-07,SO51207,478,11338,8,2,2
2016-07-03,2003-03-20,SO51207,214,11338,8,4,1
2016-07-03,2003-05-29,SO51207,356,11338,8,1,1
2016-07-03,2003-06-03,SO51206,477,11400,10,3,3
2016-07-03,2003-03-17,SO51206,223,11400,10,4,2
2016-07-03,2003-05-09,SO51206,478,11400,10,2,2
2016-07-03,2003-05-14,SO51206,360,11400,10,1,1
2016-07-03,2003-03-16,SO51219,462,25086,4,4,2
2016-07-03,2003-04-25,SO51219,530,25086,4,2,2
2016-07-03,2003-05-04,SO51219,541,25086,4,3,2
2016-07-03,2003-03-12,SO51219,215,25086,4,5,1
2016-07-03,2003-04-25,SO51219,560,25086,4,1,1
2016-07-03,2003-05-25,SO51220,479,21575,4,2,2
2016-07-03,2003-03-20,SO51220,604,21575,4,1,1
2016-07-03,2003-05-10,SO51215,360,11108,9,1,1
2016-07-03,2003-03-08,SO51215,537,11108,9,2,1
2016-07-03,2003-04-11,SO51209,215,13059,4,3,1
2016-07-03,2003-04-23,SO51209,464,13059,4,4,1
2016-07-03,2003-04-19,SO51209,485,13059,4,2,1
2016-07-03,2003-05-29,SO51209,593,13059,4,1,1
2016-07-03,2003-04-15,SO51223,477,26826,8,3,2
2016-07-03,2003-03-25,SO51223,479,26826,8,2,2
2016-07-03,2003-03-11,SO51223,482,26826,8,4,2
2016-07-03,2003-04-18,SO51223,577,26826,8,1,1
2016-07-03,2003-03-23,SO51203,477,18208,9,3,2
2016-07-03,2003-05-25,SO51203,479,18208,9,2,2
2016-07-03,2003-04-02,SO51203,371,18208,9,1,1
2016-07-03,2003-03-19,SO51204,373,13519,9,1,1
2016-07-03,2003-06-08,SO51213,220,28202,9,2,1
2016-07-03,2003-06-08,SO51213,576,28202,9,1,1
2016-07-03,2003-06-08,SO51212,529,24604,9,3,2
2016-07-03,2003-06-10,SO51212,539,24604,9,2,2
2016-07-03,2003-04-05,SO51212,214,24604,9,4,1
2016-07-03,2003-03-24,SO51212,383,24604,9,1,1
2016-07-03,2003-03-06,SO51212,488,24604,9,5,1
2016-07-03,2003-03-30,SO51214,477,19765,9,3,2
2016-07-03,2003-05-08,SO51214,479,19765,9,2,2
2016-07-03,2003-05-26,SO51214,584,19765,9,1,1
2016-07-03,2003-05-15,SO51210,220,11261,4,2,1
2016-07-03,2003-03-24,SO51210,360,11261,4,1,1
2016-07-03,2003-04-03,SO51221,223,12130,8,2,2
2016-07-03,2003-06-09,SO51221,389,12130,8,1,1
2016-07-03,2003-06-15,SO51221,490,12130,8,3,1
2016-07-04,2003-05-17,SO51241,480,21600,4,3,2
2016-07-04,2003-06-05,SO51241,538,21600,4,2,1
2016-07-04,2003-04-25,SO51241,606,21600,4,1,1
2016-07-04,2003-05-25,SO51227,529,25793,8,2,2
2016-07-04,2003-06-09,SO51227,377,25793,8,1,1
2016-07-04,2003-05-18,SO51227,540,25793,8,3,1
2016-07-04,2003-04-27,SO51225,223,20982,10,3,2
2016-07-04,2003-03-19,SO51225,490,20982,10,2,1
2016-07-04,2003-04-15,SO51225,581,20982,10,1,1
2016-07-04,2003-06-01,SO51239,352,11076,9,1,1
2016-07-04,2003-06-02,SO51239,487,11076,9,2,1
2016-07-04,2003-04-19,SO51245,223,12124,7,3,2
2016-07-04,2003-03-30,SO51245,220,12124,7,2,1
2016-07-04,2003-05-25,SO51245,562,12124,7,1,1
2016-07-04,2003-05-17,SO51235,360,11105,9,1,1
2016-07-04,2003-03-26,SO51233,583,18467,9,1,1
2016-07-04,2003-04-29,SO51226,379,22822,10,1,1
2016-07-04,2003-05-09,SO51226,540,22822,10,2,1
2016-07-04,2003-04-18,SO51232,214,11615,10,2,1
2016-07-04,2003-04-30,SO51232,571,11615,10,1,1
2016-07-04,2003-05-30,SO51231,480,11257,4,2,3
2016-07-04,2003-06-14,SO51231,362,11257,4,1,1
2016-07-04,2003-05-18,SO51243,529,25609,10,3,2
2016-07-04,2003-05-16,SO51243,538,25609,10,2,2
2016-07-04,2003-04-08,SO51243,605,25609,10,1,1
2016-07-04,2003-06-19,SO51242,220,19225,4,2,1
2016-07-04,2003-06-02,SO51242,387,19225,4,1,1
2016-07-04,2003-04-26,SO51242,471,19225,4,3,1
2016-07-04,2003-06-06,SO51236,358,11106,9,1,1
2016-07-04,2003-05-19,SO51228,223,11402,7,5,2
2016-07-04,2003-05-07,SO51228,478,11402,7,3,2
2016-07-04,2003-05-17,SO51228,354,11402,7,1,1
2016-07-04,2003-06-09,SO51228,477,11402,7,2,1
2016-07-04,2003-04-20,SO51228,487,11402,7,4,1
2016-07-04,2003-05-16,SO51246,477,25625,8,3,2
2016-07-04,2003-04-04,SO51246,479,25625,8,2,2
2016-07-04,2003-05-05,SO51246,214,25625,8,4,1
2016-07-04,2003-06-13,SO51246,574,25625,8,1,1
2016-07-04,2003-06-04,SO51240,220,23859,6,2,1
2016-07-04,2003-05-05,SO51240,584,23859,6,1,1
2016-07-04,2003-05-31,SO51234,214,28204,9,2,1
2016-07-04,2003-04-13,SO51234,562,28204,9,1,1
2016-07-04,2003-04-27,SO51224,352,11345,7,1,1
2016-07-04,2003-05-09,SO51224,537,11345,7,2,1
2016-07-04,2003-04-16,SO51238,358,11002,9,1,1
2016-07-04,2003-03-06,SO51230,478,11292,4,4,3
2016-07-04,2003-04-24,SO51230,485,11292,4,2,3
2016-07-04,2003-04-15,SO51230,477,11292,4,3,2
2016-07-04,2003-05-02,SO51230,358,11292,4,1,1
2016-07-04,2003-03-14,SO51229,377,20038,4,1,1
2016-07-04,2003-04-29,SO51237,477,11061,9,3,2
2016-07-04,2003-06-09,SO51237,478,11061,9,2,2
2016-07-04,2003-06-14,SO51237,214,11061,9,4,1
2016-07-04,2003-05-01,SO51237,356,11061,9,1,1
2016-07-04,2003-05-22,SO51244,538,29355,8,2,3
2016-07-04,2003-03-30,SO51244,480,29355,8,4,2
2016-07-04,2003-06-06,SO51244,529,29355,8,3,2
2016-07-04,2003-05-06,SO51244,604,29355,8,1,1
2016-07-05,2003-04-30,SO51260,477,25618,8,3,2
2016-07-05,2003-04-28,SO51260,479,25618,8,2,2
2016-07-05,2003-03-31,SO51260,575,25618,8,1,1
2016-07-05,2003-05-17,SO51254,529,20180,4,2,2
2016-07-05,2003-03-24,SO51254,371,20180,4,1,1
2016-07-05,2003-04-27,SO51254,484,20180,4,4,1
2016-07-05,2003-06-04,SO51254,540,20180,4,3,1
2016-07-05,2003-05-10,SO51248,377,12307,7,1,1
2016-07-05,2003-05-21,SO51257,381,19167,4,1,1
2016-07-05,2003-05-08,SO51247,477,11249,8,2,2
2016-07-05,2003-04-29,SO51247,478,11249,8,3,2
2016-07-05,2003-04-15,SO51247,360,11249,8,1,1
2016-07-05,2003-03-07,SO51250,477,19360,10,3,2
2016-07-05,2003-04-15,SO51250,479,19360,10,2,2
2016-07-05,2003-05-17,SO51250,375,19360,10,1,1
2016-07-05,2003-03-28,SO51250,489,19360,10,4,1
2016-07-05,2003-05-22,SO51255,462,23105,9,3,2
2016-07-05,2003-03-16,SO51255,215,23105,9,2,1
2016-07-05,2003-05-15,SO51255,385,23105,9,1,1
2016-07-05,2003-05-31,SO51252,480,15551,1,3,2
2016-07-05,2003-04-28,SO51252,535,15551,1,2,2
2016-07-05,2003-04-13,SO51252,592,15551,1,1,1
2016-07-05,2003-04-12,SO51251,373,11433,7,1,1
2016-07-05,2003-05-14,SO51259,479,11433,7,2,2
2016-07-05,2003-03-21,SO51259,214,11433,7,4,1
2016-07-05,2003-03-21,SO51259,223,11433,7,5,1
2016-07-05,2003-05-14,SO51259,477,11433,7,3,1
2016-07-05,2003-06-05,SO51259,573,11433,7,1,1
2016-07-05,2003-05-29,SO51249,477,11334,10,3,2
2016-07-05,2003-05-21,SO51249,478,11334,10,2,2
2016-07-05,2003-06-09,SO51249,352,11334,10,1,1
2016-07-05,2003-04-15,SO51253,484,22785,6,2,2
2016-07-05,2003-06-07,SO51253,377,22785,6,1,1
2016-07-05,2003-03-10,SO51258,214,18544,6,2,1
2016-07-05,2003-06-05,SO51258,385,18544,6,1,1
2016-07-05,2003-03-19,SO51256,485,11017,9,2,2
2016-07-05,2003-03-31,SO51256,362,11017,9,1,1
2016-07-05,2003-04-16,SO51261,488,12271,10,2,1
2016-07-05,2003-04-02,SO51261,578,12271,10,1,1
2016-07-06,2003-03-12,SO51264,485,11282,1,4,2
2016-07-06,2003-03-17,SO51264,528,11282,1,2,2
2016-07-06,2003-03-10,SO51264,360,11282,1,1,1
2016-07-06,2003-06-07,SO51264,473,11282,1,5,1
2016-07-06,2003-05-24,SO51264,537,11282,1,3,1
2016-07-06,2003-06-03,SO51265,223,11264,1,4,2
2016-07-06,2003-03-16,SO51265,485,11264,1,2,2
2016-07-06,2003-05-12,SO51265,226,11264,1,3,1
2016-07-06,2003-04-18,SO51265,362,11264,1,1,1
2016-07-06,2003-05-15,SO51267,485,11456,9,2,3
2016-07-06,2003-04-06,SO51267,464,11456,9,6,2
2016-07-06,2003-06-02,SO51267,477,11456,9,4,2
2016-07-06,2003-05-28,SO51267,478,11456,9,3,2
2016-07-06,2003-06-14,SO51267,214,11456,9,5,1
2016-07-06,2003-06-18,SO51267,362,11456,9,1,1
2016-07-06,2003-05-05,SO51266,564,28136,9,1,1
2016-07-06,2003-04-14,SO51262,477,11340,7,3,2
2016-07-06,2003-04-15,SO51262,478,11340,7,2,2
2016-07-06,2003-04-01,SO51262,358,11340,7,1,1
2016-07-06,2003-04-09,SO51262,491,11340,7,4,1
2016-07-06,2003-04-24,SO51263,528,21534,10,2,2
2016-07-06,2003-04-27,SO51263,536,21534,10,3,2
2016-07-06,2003-05-17,SO51263,215,21534,10,4,1
2016-07-06,2003-05-25,SO51263,588,21534,10,1,1
2016-07-07,2003-06-21,SO51271,215,16944,8,2,1
2016-07-07,2003-04-08,SO51271,232,16944,8,3,1
2016-07-07,2003-06-19,SO51271,462,16944,8,4,1
2016-07-07,2003-05-12,SO51271,582,16944,8,1,1
2016-07-07,2003-04-22,SO51276,485,11136,6,2,2
2016-07-07,2003-06-16,SO51276,358,11136,6,1,1
2016-07-07,2003-05-30,SO51276,472,11136,6,3,1
2016-07-07,2003-03-20,SO51273,377,19341,10,1,1
2016-07-07,2003-03-28,SO51273,487,19341,10,2,1
2016-07-07,2003-03-12,SO51275,220,11265,1,3,1
2016-07-07,2003-05-10,SO51275,358,11265,1,1,1
2016-07-07,2003-04-22,SO51275,485,11265,1,2,1
2016-07-07,2003-04-12,SO51269,480,16693,9,4,2
2016-07-07,2003-04-05,SO51269,529,16693,9,3,2
2016-07-07,2003-05-26,SO51269,373,16693,9,1,1
2016-07-07,2003-03-17,SO51269,540,16693,9,2,1
2016-07-07,2003-04-17,SO51283,538,24386,6,2,2
2016-07-07,2003-03-10,SO51283,529,24386,6,3,1
2016-07-07,2003-04-15,SO51283,604,24386,6,1,1
2016-07-07,2003-06-03,SO51278,220,27766,8,2,1
2016-07-07,2003-04-21,SO51278,232,27766,8,3,1
2016-07-07,2003-04-01,SO51278,565,27766,8,1,1
2016-07-07,2003-03-30,SO51280,489,18468,9,2,1
2016-07-07,2003-05-10,SO51280,582,18468,9,1,1
2016-07-07,2003-03-24,SO51277,215,11278,1,2,1
2016-07-07,2003-06-04,SO51277,362,11278,1,1,1
2016-07-07,2003-03-31,SO51279,215,20716,8,2,1
2016-07-07,2003-06-20,SO51279,569,20716,8,1,1
2016-07-07,2003-03-13,SO51268,484,18212,9,2,2
2016-07-07,2003-03-17,SO51268,375,18212,9,1,1
2016-07-07,2003-05-07,SO51274,529,25779,8,2,2
2016-07-07,2003-04-19,SO51274,371,25779,8,1,1
2016-07-07,2003-05-08,SO51274,540,25779,8,3,1
2016-07-07,2003-03-11,SO51272,371,19418,10,1,1
2016-07-07,2003-05-17,SO51272,540,19418,10,2,1
2016-07-07,2003-05-09,SO51270,220,11341,10,2,1
2016-07-07,2003-05-03,SO51270,223,11341,10,3,1
2016-07-07,2003-05-10,SO51270,358,11341,10,1,1
2016-07-07,2003-03-14,SO51282,477,11008,9,2,2
2016-07-07,2003-06-12,SO51282,478,11008,9,3,2
2016-07-07,2003-04-21,SO51282,480,11008,9,4,2
2016-07-07,2003-04-13,SO51282,360,11008,9,1,1
2016-07-07,2003-05-17,SO51284,232,22667,10,2,1
2016-07-07,2003-04-08,SO51284,385,22667,10,1,1
2016-07-07,2003-03-24,SO51281,581,18697,9,1,1
2016-07-08,2003-06-01,SO51296,220,19417,8,2,1
2016-07-08,2003-04-04,SO51296,381,19417,8,1,1
2016-07-08,2003-05-07,SO51299,220,14775,8,2,1
2016-07-08,2003-05-31,SO51299,574,14775,8,1,1
2016-07-08,2003-06-18,SO51286,480,16311,10,4,2
2016-07-08,2003-06-22,SO51286,528,16311,10,3,2
2016-07-08,2003-05-18,SO51286,536,16311,10,2,2
2016-07-08,2003-06-08,SO51286,588,16311,10,1,1
2016-07-08,2003-04-09,SO51288,480,11335,8,3,2
2016-07-08,2003-04-18,SO51288,485,11335,8,2,2
2016-07-08,2003-06-14,SO51288,356,11335,8,1,1
2016-07-08,2003-04-13,SO51297,529,29356,8,3,2
2016-07-08,2003-05-17,SO51297,538,29356,8,2,2
2016-07-08,2003-05-29,SO51297,471,29356,8,4,1
2016-07-08,2003-04-17,SO51297,606,29356,8,1,1
2016-07-08,2003-06-15,SO51294,480,17512,9,3,2
2016-07-08,2003-04-04,SO51294,535,17512,9,2,2
2016-07-08,2003-04-12,SO51294,591,17512,9,1,1
2016-07-08,2003-05-28,SO51295,220,24425,1,2,1
2016-07-08,2003-03-15,SO51295,573,24425,1,1,1
2016-07-08,2003-03-20,SO51298,477,27949,10,3,2
2016-07-08,2003-05-04,SO51298,479,27949,10,2,2
2016-07-08,2003-06-04,SO51298,605,27949,10,1,1
2016-07-08,2003-06-19,SO51291,478,11447,9,2,3
2016-07-08,2003-06-20,SO51291,477,11447,9,3,2
2016-07-08,2003-05-22,SO51291,362,11447,9,1,1
2016-07-08,2003-05-07,SO51293,352,11060,9,1,1
2016-07-08,2003-04-20,SO51290,478,11445,9,2,2
2016-07-08,2003-05-12,SO51290,358,11445,9,1,1
2016-07-08,2003-03-10,SO51289,480,11084,1,2,2
2016-07-08,2003-04-22,SO51289,356,11084,1,1,1
2016-07-08,2003-03-27,SO51292,354,11058,9,1,1
2016-07-08,2003-04-08,SO51292,487,11058,9,2,1
2016-07-08,2003-04-03,SO51285,478,12397,8,2,2
2016-07-08,2003-03-23,SO51285,352,12397,8,1,1
2016-07-08,2003-05-13,SO51287,223,24883,8,3,2
2016-07-08,2003-03-27,SO51287,220,24883,8,2,1
2016-07-08,2003-04-10,SO51287,373,24883,8,1,1
2016-07-09,2003-03-13,SO51314,477,26666,9,3,2
2016-07-09,2003-06-23,SO51314,479,26666,9,2,2
2016-07-09,2003-06-23,SO51314,605,26666,9,1,1
2016-07-09,2003-04-15,SO51316,466,19320,7,3,3
2016-07-09,2003-03-12,SO51316,387,19320,7,1,1
2016-07-09,2003-05-03,SO51316,489,19320,7,2,1
2016-07-09,2003-05-09,SO51311,223,22940,9,3,2
2016-07-09,2003-05-03,SO51311,491,22940,9,2,1
2016-07-09,2003-05-13,SO51311,580,22940,9,1,1
2016-07-09,2003-03-30,SO51318,462,22432,8,4,2
2016-07-09,2003-05-14,SO51318,479,22432,8,2,2
2016-07-09,2003-05-27,SO51318,477,22432,8,3,1
2016-07-09,2003-05-25,SO51318,604,22432,8,1,1
2016-07-09,2003-04-18,SO51315,223,11003,9,4,2
2016-07-09,2003-06-21,SO51315,360,11003,9,1,1
2016-07-09,2003-06-17,SO51315,477,11003,9,3,1
2016-07-09,2003-06-09,SO51315,478,11003,9,2,1
2016-07-09,2003-04-29,SO51302,488,16569,7,2,1
2016-07-09,2003-04-30,SO51302,580,16569,7,1,1
2016-07-09,2003-06-09,SO51306,480,11333,10,3,2
2016-07-09,2003-04-27,SO51306,485,11333,10,2,2
2016-07-09,2003-03-29,SO51306,354,11333,10,1,1
2016-07-09,2003-04-25,SO51317,479,26994,7,2,3
2016-07-09,2003-04-17,SO51317,477,26994,7,3,2
2016-07-09,2003-05-27,SO51317,381,26994,7,1,1
2016-07-09,2003-03-29,SO51309,477,15553,4,3,2
2016-07-09,2003-04-04,SO51309,478,15553,4,2,2
2016-07-09,2003-05-15,SO51309,214,15553,4,4,1
2016-07-09,2003-06-24,SO51309,599,15553,4,1,1
2016-07-09,2003-05-08,SO51310,352,11328,6,1,1
2016-07-09,2003-03-24,SO51320,541,24061,7,2,2
2016-07-09,2003-05-31,SO51320,561,24061,7,1,1
2016-07-09,2003-03-18,SO51305,352,11242,7,1,1
2016-07-09,2003-05-18,SO51312,477,28207,9,3,3
2016-07-09,2003-06-21,SO51312,479,28207,9,2,2
2016-07-09,2003-03-23,SO51312,471,28207,9,4,1
2016-07-09,2003-04-25,SO51312,574,28207,9,1,1
2016-07-09,2003-04-25,SO51301,223,14050,9,2,2
2016-07-09,2003-04-20,SO51301,578,14050,9,1,1
2016-07-09,2003-03-15,SO51308,477,18958,4,2,2
2016-07-09,2003-03-20,SO51308,478,18958,4,3,2
2016-07-09,2003-04-18,SO51308,480,18958,4,4,2
2016-07-09,2003-05-08,SO51308,484,18958,4,5,2
2016-07-09,2003-04-25,SO51308,598,18958,4,1,1
2016-07-09,2003-06-10,SO51300,375,16702,9,1,1
2016-07-09,2003-03-26,SO51304,223,17644,10,2,2
2016-07-09,2003-03-21,SO51304,592,17644,10,1,1
2016-07-09,2003-05-12,SO51307,478,11336,7,2,3
2016-07-09,2003-03-24,SO51307,477,11336,7,3,2
2016-07-09,2003-04-16,SO51307,215,11336,7,4,1
2016-07-09,2003-04-08,SO51307,354,11336,7,1,1
2016-07-09,2003-05-06,SO51303,478,13774,8,2,2
2016-07-09,2003-05-05,SO51303,215,13774,8,3,1
2016-07-09,2003-05-21,SO51303,587,13774,8,1,1
2016-07-09,2003-05-08,SO51319,477,28758,7,3,2
2016-07-09,2003-06-19,SO51319,479,28758,7,2,2
2016-07-09,2003-06-24,SO51319,606,28758,7,1,1
2016-07-09,2003-04-29,SO51313,564,28203,9,1,1
2016-07-10,2003-03-23,SO51325,215,11083,4,4,1
2016-07-10,2003-04-02,SO51325,352,11083,4,1,1
2016-07-10,2003-03-23,SO51325,528,11083,4,2,1
2016-07-10,2003-05-23,SO51325,537,11083,4,3,1
2016-07-10,2003-05-09,SO51334,381,19335,7,1,1
2016-07-10,2003-04-14,SO51334,490,19335,7,2,1
2016-07-10,2003-03-19,SO51323,220,11332,8,2,1
2016-07-10,2003-03-12,SO51323,352,11332,8,1,1
2016-07-10,2003-04-12,SO51329,477,26312,1,3,2
2016-07-10,2003-04-09,SO51329,479,26312,1,2,2
2016-07-10,2003-03-19,SO51329,490,26312,1,4,1
2016-07-10,2003-03-22,SO51329,571,26312,1,1,1
2016-07-10,2003-05-14,SO51322,484,12296,7,2,2
2016-07-10,2003-03-15,SO51322,373,12296,7,1,1
2016-07-10,2003-05-24,SO51331,223,24403,4,1,2
2016-07-10,2003-05-18,SO51331,564,24403,4,2,1
2016-07-10,2003-05-17,SO51324,352,11155,4,1,1
2016-07-10,2003-05-13,SO51335,538,21004,7,2,1
2016-07-10,2003-06-10,SO51335,604,21004,7,1,1
2016-07-10,2003-06-11,SO51326,220,25723,7,2,1
2016-07-10,2003-04-11,SO51326,571,25723,7,1,1
2016-07-10,2003-03-21,SO51328,604,26655,9,1,1
2016-07-10,2003-06-23,SO51327,479,27745,9,4,3
2016-07-10,2003-05-26,SO51327,477,27745,9,2,2
2016-07-10,2003-04-27,SO51327,472,27745,9,3,1
2016-07-10,2003-06-14,SO51327,604,27745,9,1,1
2016-07-10,2003-06-25,SO51330,220,28298,4,2,1
2016-07-10,2003-03-31,SO51330,578,28298,4,1,1
2016-07-10,2003-05-29,SO51321,479,18246,9,2,3
2016-07-10,2003-03-23,SO51321,375,18246,9,1,1
2016-07-10,2003-03-17,SO51333,529,22631,10,2,2
2016-07-10,2003-03-25,SO51333,539,22631,10,3,2
2016-07-10,2003-05-11,SO51333,385,22631,10,1,1
2016-07-10,2003-03-22,SO51332,605,21439,1,1,1
2016-07-11,2003-06-25,SO51352,481,11093,9,4,3
2016-07-11,2003-06-13,SO51352,485,11093,9,2,2
2016-07-11,2003-06-25,SO51352,220,11093,9,3,1
2016-07-11,2003-04-04,SO51352,362,11093,9,1,1
2016-07-11,2003-04-27,SO51351,220,11446,9,2,1
2016-07-11,2003-06-21,SO51351,354,11446,9,1,1
2016-07-11,2003-03-21,SO51337,377,18220,9,1,1
2016-07-11,2003-04-16,SO51336,529,18243,9,3,2
2016-07-11,2003-05-04,SO51336,375,18243,9,1,1
2016-07-11,2003-03-28,SO51336,540,18243,9,2,1
2016-07-11,2003-04-22,SO51355,538,22260,1,2,3
2016-07-11,2003-04-13,SO51355,480,22260,1,3,1
2016-07-11,2003-04-26,SO51355,584,22260,1,1,1
2016-07-11,2003-06-17,SO51345,477,11267,4,3,3
2016-07-11,2003-04-11,SO51345,478,11267,4,2,2
2016-07-11,2003-05-04,SO51345,360,11267,4,1,1
2016-07-11,2003-06-11,SO51345,487,11267,4,4,1
2016-07-11,2003-04-30,SO51350,358,11054,9,1,1
2016-07-11,2003-04-16,SO51350,487,11054,9,2,1
2016-07-11,2003-05-20,SO51350,488,11054,9,3,1
2016-07-11,2003-05-05,SO51353,223,25092,4,4,2
2016-07-11,2003-04-17,SO51353,530,25092,4,3,2
2016-07-11,2003-06-22,SO51353,541,25092,4,2,2
2016-07-11,2003-06-09,SO51353,579,25092,4,1,1
2016-07-11,2003-05-19,SO51343,479,11439,7,2,3
2016-07-11,2003-06-03,SO51343,477,11439,7,3,2
2016-07-11,2003-06-25,SO51343,375,11439,7,1,1
2016-07-11,2003-06-09,SO51348,360,11167,1,1,1
2016-07-11,2003-04-26,SO51348,537,11167,1,2,1
2016-07-11,2003-04-22,SO51340,232,13789,8,2,1
2016-07-11,2003-05-30,SO51340,589,13789,8,1,1
2016-07-11,2003-05-26,SO51339,478,12462,8,2,3
2016-07-11,2003-06-24,SO51339,477,12462,8,4,2
2016-07-11,2003-04-13,SO51339,358,12462,8,1,1
2016-07-11,2003-04-01,SO51339,472,12462,8,3,1
2016-07-11,2003-04-30,SO51354,362,11454,9,1,1
2016-07-11,2003-05-19,SO51356,477,19393,4,3,2
2016-07-11,2003-05-28,SO51356,381,19393,4,1,1
2016-07-11,2003-03-22,SO51356,479,19393,4,2,1
2016-07-11,2003-06-10,SO51358,480,17833,8,4,2
2016-07-11,2003-03-28,SO51358,530,17833,8,3,2
2016-07-11,2003-06-05,SO51358,541,17833,8,2,2
2016-07-11,2003-06-04,SO51358,579,17833,8,1,1
2016-07-11,2003-04-12,SO51357,491,22415,8,3,1
2016-07-11,2003-04-06,SO51357,538,22415,8,2,1
2016-07-11,2003-04-19,SO51357,606,22415,8,1,1
2016-07-11,2003-04-12,SO51341,480,12301,7,4,2
2016-07-11,2003-05-17,SO51341,529,12301,7,2,2
2016-07-11,2003-06-11,SO51341,377,12301,7,1,1
2016-07-11,2003-05-11,SO51341,540,12301,7,3,1
2016-07-11,2003-04-16,SO51347,485,11062,1,2,2
2016-07-11,2003-06-22,SO51347,220,11062,1,3,1
2016-07-11,2003-04-22,SO51347,360,11062,1,1,1
2016-07-11,2003-05-27,SO51346,485,11270,4,2,2
2016-07-11,2003-04-06,SO51346,215,11270,4,3,1
2016-07-11,2003-05-21,SO51346,362,11270,4,1,1
2016-07-11,2003-04-19,SO51346,490,11270,4,4,1
2016-07-11,2003-04-24,SO51342,215,19359,10,2,1
2016-07-11,2003-04-21,SO51342,379,19359,10,1,1
2016-07-11,2003-04-15,SO51344,539,16793,4,2,3
2016-07-11,2003-04-30,SO51344,223,16793,4,4,2
2016-07-11,2003-04-11,SO51344,529,16793,4,3,2
2016-07-11,2003-06-07,SO51344,235,16793,4,5,1
2016-07-11,2003-03-22,SO51344,581,16793,4,1,1
2016-07-11,2003-06-05,SO51338,381,16339,9,1,1
2016-07-11,2003-04-10,SO51349,480,23310,9,4,3
2016-07-11,2003-04-22,SO51349,539,23310,9,2,3
2016-07-11,2003-06-09,SO51349,529,23310,9,3,2
2016-07-11,2003-05-09,SO51349,383,23310,9,1,1
2016-07-12,2003-04-18,SO51359,223,18240,9,5,2
2016-07-12,2003-04-15,SO51359,477,18240,9,3,2
2016-07-12,2003-04-21,SO51359,479,18240,9,2,2
2016-07-12,2003-05-13,SO51359,371,18240,9,1,1
2016-07-12,2003-03-28,SO51359,491,18240,9,4,1
2016-07-12,2003-05-04,SO51372,539,26995,7,2,2
2016-07-12,2003-05-01,SO51372,389,26995,7,1,1
2016-07-12,2003-05-25,SO51370,477,24417,4,4,2
2016-07-12,2003-06-01,SO51370,479,24417,4,5,2
2016-07-12,2003-06-09,SO51370,530,24417,4,3,2
2016-07-12,2003-03-18,SO51370,541,24417,4,2,2
2016-07-12,2003-05-17,SO51370,220,24417,4,6,1
2016-07-12,2003-06-15,SO51370,575,24417,4,1,1
2016-07-12,2003-05-17,SO51371,223,22259,1,4,2
2016-07-12,2003-06-05,SO51371,477,22259,1,3,2
2016-07-12,2003-04-12,SO51371,479,22259,1,2,2
2016-07-12,2003-03-23,SO51371,606,22259,1,1,1
2016-07-12,2003-04-26,SO51373,220,22414,8,2,1
2016-07-12,2003-05-03,SO51373,584,22414,8,1,1
2016-07-12,2003-05-15,SO51362,480,16797,1,4,2
2016-07-12,2003-05-16,SO51362,539,16797,1,3,2
2016-07-12,2003-04-23,SO51362,529,16797,1,2,1
2016-07-12,2003-06-10,SO51362,581,16797,1,1,1
2016-07-12,2003-06-09,SO51364,590,13741,4,1,1
2016-07-12,2003-04-16,SO51369,477,24434,1,3,2
2016-07-12,2003-04-21,SO51369,479,24434,1,2,1
2016-07-12,2003-04-15,SO51369,573,24434,1,1,1
2016-07-12,2003-05-08,SO51360,477,11388,10,3,2
2016-07-12,2003-03-27,SO51360,478,11388,10,2,2
2016-07-12,2003-06-22,SO51360,484,11388,10,4,2
2016-07-12,2003-05-26,SO51360,356,11388,10,1,1
2016-07-12,2003-04-23,SO51365,358,11156,4,1,1
2016-07-12,2003-03-31,SO51365,487,11156,4,4,1
2016-07-12,2003-04-04,SO51365,528,11156,4,2,1
2016-07-12,2003-05-05,SO51365,537,11156,4,3,1
2016-07-12,2003-04-14,SO51361,375,25795,8,1,1
2016-07-12,2003-05-31,SO51361,480,25795,8,4,1
2016-07-12,2003-06-24,SO51361,529,25795,8,3,1
2016-07-12,2003-05-24,SO51361,540,25795,8,2,1
2016-07-12,2003-06-25,SO51363,477,15557,4,3,2
2016-07-12,2003-05-08,SO51363,478,15557,4,2,1
2016-07-12,2003-04-09,SO51363,596,15557,4,1,1
2016-07-12,2003-04-13,SO51366,583,14007,9,1,1
2016-07-12,2003-06-20,SO51368,220,19763,9,2,1
2016-07-12,2003-04-28,SO51368,605,19763,9,1,1
2016-07-12,2003-04-12,SO51367,481,19270,9,2,2
2016-07-12,2003-03-27,SO51367,604,19270,9,1,1
2016-07-13,2003-05-27,SO51379,528,13745,1,3,2
2016-07-13,2003-05-20,SO51379,536,13745,1,2,2
2016-07-13,2003-06-05,SO51379,220,13745,1,4,1
2016-07-13,2003-04-19,SO51379,587,13745,1,1,1
2016-07-13,2003-04-20,SO51375,214,18209,9,2,1
2016-07-13,2003-06-03,SO51375,379,18209,9,1,1
2016-07-13,2003-06-22,SO51386,485,11072,9,2,2
2016-07-13,2003-04-17,SO51386,354,11072,9,1,1
2016-07-13,2003-06-16,SO51386,490,11072,9,3,1
2016-07-13,2003-03-25,SO51384,464,11103,9,5,2
2016-07-13,2003-04-13,SO51384,477,11103,9,2,2
2016-07-13,2003-06-09,SO51384,478,11103,9,3,2
2016-07-13,2003-06-09,SO51384,358,11103,9,1,1
2016-07-13,2003-05-31,SO51384,491,11103,9,4,1
2016-07-13,2003-04-15,SO51390,466,25611,10,2,2
2016-07-13,2003-06-08,SO51390,584,25611,10,1,1
2016-07-13,2003-04-11,SO51378,232,21501,6,2,1
2016-07-13,2003-04-18,SO51378,597,21501,6,1,1
2016-07-13,2003-05-07,SO51389,223,19428,8,2,2
2016-07-13,2003-05-13,SO51389,232,19428,8,3,1
2016-07-13,2003-06-25,SO51389,383,19428,8,1,1
2016-07-13,2003-06-05,SO51387,478,11942,9,2,3
2016-07-13,2003-06-07,SO51387,477,11942,9,3,2
2016-07-13,2003-05-07,SO51387,220,11942,9,4,1
2016-07-13,2003-05-13,SO51387,591,11942,9,1,1
2016-07-13,2003-04-27,SO51382,360,11152,1,1,1
2016-07-13,2003-05-04,SO51381,362,11129,1,1,1
2016-07-13,2003-06-16,SO51377,214,14047,9,2,1
2016-07-13,2003-04-09,SO51377,579,14047,9,1,1
2016-07-13,2003-06-06,SO51374,214,18205,9,2,1
2016-07-13,2003-06-21,SO51374,371,18205,9,1,1
2016-07-13,2003-05-23,SO51383,215,25722,7,2,1
2016-07-13,2003-05-01,SO51383,586,25722,7,1,1
2016-07-13,2003-03-23,SO51388,354,11455,9,1,1
2016-07-13,2003-04-14,SO51380,528,11295,4,2,2
2016-07-13,2003-03-17,SO51380,352,11295,4,1,1
2016-07-13,2003-06-11,SO51380,483,11295,4,4,1
2016-07-13,2003-04-04,SO51380,537,11295,4,3,1
2016-07-13,2003-04-18,SO51376,371,18218,9,1,1
2016-07-13,2003-06-26,SO51385,480,11070,9,4,2
2016-07-13,2003-03-27,SO51385,484,11070,9,5,2
2016-07-13,2003-05-01,SO51385,528,11070,9,2,2
2016-07-13,2003-03-28,SO51385,360,11070,9,1,1
2016-07-13,2003-06-18,SO51385,537,11070,9,3,1
2016-07-14,2003-06-15,SO51403,214,21465,4,2,1
2016-07-14,2003-05-10,SO51403,605,21465,4,1,1
2016-07-14,2003-06-16,SO51400,214,28672,4,2,1
2016-07-14,2003-05-10,SO51400,565,28672,4,1,1
2016-07-14,2003-04-26,SO51393,214,16394,7,2,1
2016-07-14,2003-05-20,SO51393,375,16394,7,1,1
2016-07-14,2003-05-26,SO51394,379,19416,10,1,1
2016-07-14,2003-06-06,SO51394,540,19416,10,2,1
2016-07-14,2003-06-08,SO51404,479,21469,4,3,2
2016-07-14,2003-06-09,SO51404,214,21469,4,4,1
2016-07-14,2003-03-24,SO51404,477,21469,4,2,1
2016-07-14,2003-05-22,SO51404,584,21469,4,1,1
2016-07-14,2003-05-04,SO51395,373,20181,4,1,1
2016-07-14,2003-04-29,SO51406,223,22613,10,3,2
2016-07-14,2003-05-01,SO51406,389,22613,10,1,1
2016-07-14,2003-03-26,SO51406,489,22613,10,2,1
2016-07-14,2003-05-27,SO51401,226,28667,1,2,1
2016-07-14,2003-04-07,SO51401,566,28667,1,1,1
2016-07-14,2003-04-08,SO51405,538,21438,4,2,1
2016-07-14,2003-04-22,SO51405,584,21438,4,1,1
2016-07-14,2003-06-16,SO51397,480,11835,6,3,3
2016-07-14,2003-04-18,SO51397,485,11835,6,2,2
2016-07-14,2003-05-30,SO51397,358,11835,6,1,1
2016-07-14,2003-06-26,SO51392,477,16388,7,2,3
2016-07-14,2003-06-11,SO51392,479,16388,7,3,2
2016-07-14,2003-03-27,SO51392,220,16388,7,4,1
2016-07-14,2003-06-17,SO51392,371,16388,7,1,1
2016-07-14,2003-04-24,SO51402,223,22109,6,2,3
2016-07-14,2003-06-27,SO51402,573,22109,6,1,1
2016-07-14,2003-06-23,SO51391,529,19437,10,3,2
2016-07-14,2003-05-31,SO51391,373,19437,10,1,1
2016-07-14,2003-04-18,SO51391,540,19437,10,2,1
2016-07-14,2003-04-18,SO51399,528,11191,4,3,2
2016-07-14,2003-05-01,SO51399,352,11191,4,1,1
2016-07-14,2003-06-01,SO51399,537,11191,4,2,1
2016-07-14,2003-06-08,SO51398,354,11154,1,1,1
2016-07-14,2003-06-08,SO51396,473,13849,1,3,1
2016-07-14,2003-03-29,SO51396,475,13849,1,2,1
2016-07-14,2003-06-04,SO51396,588,13849,1,1,1
2016-07-15,2003-05-10,SO51415,462,21349,6,4,2
2016-07-15,2003-05-05,SO51415,476,21349,6,2,1
2016-07-15,2003-05-19,SO51415,491,21349,6,3,1
2016-07-15,2003-06-13,SO51415,589,21349,6,1,1
2016-07-15,2003-04-30,SO51408,484,11247,10,4,2
2016-07-15,2003-04-29,SO51408,362,11247,10,1,1
2016-07-15,2003-03-22,SO51408,480,11247,10,3,1
2016-07-15,2003-04-23,SO51408,537,11247,10,2,1
2016-07-15,2003-04-26,SO51414,232,16231,1,3,1
2016-07-15,2003-05-15,SO51414,379,16231,1,1,1
2016-07-15,2003-03-17,SO51414,540,16231,1,2,1
2016-07-15,2003-05-10,SO51418,477,26658,9,2,2
2016-07-15,2003-05-01,SO51418,479,26658,9,3,2
2016-07-15,2003-06-07,SO51418,488,26658,9,4,1
2016-07-15,2003-03-29,SO51418,584,26658,9,1,1
2016-07-15,2003-06-22,SO51416,215,11550,10,2,1
2016-07-15,2003-06-01,SO51416,585,11550,10,1,1
2016-07-15,2003-06-21,SO51423,480,29042,6,4,2
2016-07-15,2003-05-02,SO51423,530,29042,6,3,2
2016-07-15,2003-06-23,SO51423,541,29042,6,2,2
2016-07-15,2003-05-25,SO51423,561,29042,6,1,1
2016-07-15,2003-04-29,SO51421,360,11010,9,1,1
2016-07-15,2003-03-21,SO51412,371,22312,7,1,1
2016-07-15,2003-06-02,SO51412,480,22312,7,3,1
2016-07-15,2003-06-13,SO51412,540,22312,7,2,1
2016-07-15,2003-06-12,SO51409,485,11417,7,2,2
2016-07-15,2003-05-08,SO51409,352,11417,7,1,1
2016-07-15,2003-04-29,SO51409,483,11417,7,3,1
2016-07-15,2003-06-13,SO51411,223,11239,10,5,2
2016-07-15,2003-04-05,SO51411,477,11239,10,3,2
2016-07-15,2003-03-25,SO51411,478,11239,10,2,2
2016-07-15,2003-04-19,SO51411,220,11239,10,4,1
2016-07-15,2003-03-31,SO51411,362,11239,10,1,1
2016-07-15,2003-05-18,SO51419,538,18903,9,2,2
2016-07-15,2003-04-21,SO51419,529,18903,9,3,1
2016-07-15,2003-06-22,SO51419,604,18903,9,1,1
2016-07-15,2003-06-30,SO51417,477,11281,4,2,2
2016-07-15,2003-05-09,SO51417,478,11281,4,3,2
2016-07-15,2003-05-04,SO51417,484,11281,4,4,2
2016-07-15,2003-05-21,SO51417,354,11281,4,1,1
2016-07-15,2003-06-28,SO51425,383,19171,4,1,1
2016-07-15,2003-03-20,SO51425,489,19171,4,2,1
2016-07-15,2003-05-17,SO51413,478,15549,6,2,2
2016-07-15,2003-03-25,SO51413,592,15549,6,1,1
2016-07-15,2003-04-24,SO51407,529,18214,9,2,3
2016-07-15,2003-03-28,SO51407,214,18214,9,4,1
2016-07-15,2003-06-14,SO51407,375,18214,9,1,1
2016-07-15,2003-03-26,SO51407,540,18214,9,3,1
2016-07-15,2003-04-23,SO51420,485,11109,9,4,2
2016-07-15,2003-03-28,SO51420,528,11109,9,2,2
2016-07-15,2003-06-28,SO51420,362,11109,9,1,1
2016-07-15,2003-04-23,SO51420,483,11109,9,5,1
2016-07-15,2003-05-21,SO51420,537,11109,9,3,1
2016-07-15,2003-03-29,SO51410,485,14945,8,2,2
2016-07-15,2003-05-06,SO51410,483,14945,8,3,1
2016-07-15,2003-06-25,SO51410,600,14945,8,1,1
2016-07-15,2003-05-28,SO51424,464,21331,6,3,2
2016-07-15,2003-04-26,SO51424,220,21331,6,2,1
2016-07-15,2003-04-06,SO51424,606,21331,6,1,1
2016-07-16,2003-05-29,SO51433,220,26307,4,2,1
2016-07-16,2003-03-22,SO51433,566,26307,4,1,1
2016-07-16,2003-05-05,SO51431,477,11063,1,2,3
2016-07-16,2003-04-04,SO51431,223,11063,1,5,2
2016-07-16,2003-06-09,SO51431,478,11063,1,3,2
2016-07-16,2003-03-18,SO51431,362,11063,1,1,1
2016-07-16,2003-04-02,SO51431,490,11063,1,4,1
2016-07-16,2003-04-27,SO51438,381,19212,1,1,1
2016-07-16,2003-06-07,SO51438,491,19212,1,2,1
2016-07-16,2003-06-19,SO51432,485,11092,9,2,2
2016-07-16,2003-03-19,SO51432,352,11092,9,1,1
2016-07-16,2003-05-29,SO51426,214,18217,9,2,1
2016-07-16,2003-06-24,SO51426,377,18217,9,1,1
2016-07-16,2003-04-20,SO51430,485,11275,4,2,3
2016-07-16,2003-06-26,SO51430,220,11275,4,3,1
2016-07-16,2003-06-04,SO51430,356,11275,4,1,1
2016-07-16,2003-04-05,SO51436,214,16218,1,2,1
2016-07-16,2003-04-04,SO51436,605,16218,1,1,1
2016-07-16,2003-06-01,SO51439,462,21017,7,3,2
2016-07-16,2003-05-22,SO51439,477,21017,7,2,1
2016-07-16,2003-04-17,SO51439,479,21017,7,4,1
2016-07-16,2003-06-29,SO51439,605,21017,7,1,1
2016-07-16,2003-05-09,SO51429,360,11316,6,1,1
2016-07-16,2003-06-08,SO51429,487,11316,6,2,1
2016-07-16,2003-04-25,SO51437,477,21488,4,3,2
2016-07-16,2003-03-30,SO51437,479,21488,4,2,2
2016-07-16,2003-06-13,SO51437,214,21488,4,4,1
2016-07-16,2003-05-03,SO51437,235,21488,4,5,1
2016-07-16,2003-04-05,SO51437,604,21488,4,1,1
2016-07-16,2003-05-26,SO51428,466,12308,7,3,2
2016-07-16,2003-06-30,SO51428,377,12308,7,1,1
2016-07-16,2003-06-04,SO51428,540,12308,7,2,1
2016-07-16,2003-06-24,SO51435,223,24413,4,4,2
2016-07-16,2003-03-20,SO51435,477,24413,4,2,2
2016-07-16,2003-06-11,SO51435,479,24413,4,3,2
2016-07-16,2003-05-21,SO51435,576,24413,4,1,1
2016-07-16,2003-03-30,SO51434,578,23688,4,1,1
2016-07-16,2003-03-27,SO51427,214,11243,10,3,1
2016-07-16,2003-05-27,SO51427,360,11243,10,1,1
2016-07-16,2003-06-12,SO51427,537,11243,10,2,1
2016-07-17,2003-04-01,SO51443,528,11739,6,3,2
2016-07-17,2003-06-12,SO51443,352,11739,6,1,1
2016-07-17,2003-06-06,SO51443,537,11739,6,2,1
2016-07-17,2003-06-14,SO51453,529,25605,10,2,2
2016-07-17,2003-05-20,SO51453,538,25605,10,3,2
2016-07-17,2003-06-06,SO51453,220,25605,10,4,1
2016-07-17,2003-06-18,SO51453,605,25605,10,1,1
2016-07-17,2003-04-30,SO51447,485,11107,9,2,3
2016-07-17,2003-04-21,SO51447,215,11107,9,3,1
2016-07-17,2003-03-27,SO51447,352,11107,9,1,1
2016-07-17,2003-06-24,SO51441,484,12124,7,2,2
2016-07-17,2003-06-03,SO51441,377,12124,7,1,1
2016-07-17,2003-06-01,SO51442,529,20834,10,2,2
2016-07-17,2003-03-25,SO51442,539,20834,10,3,2
2016-07-17,2003-06-26,SO51442,488,20834,10,4,1
2016-07-17,2003-03-25,SO51442,582,20834,10,1,1
2016-07-17,2003-06-02,SO51446,215,24606,9,2,1
2016-07-17,2003-05-23,SO51446,383,24606,9,1,1
2016-07-17,2003-05-01,SO51454,477,14198,8,3,2
2016-07-17,2003-04-30,SO51454,214,14198,8,4,1
2016-07-17,2003-05-12,SO51454,479,14198,8,2,1
2016-07-17,2003-03-26,SO51454,574,14198,8,1,1
2016-07-17,2003-04-23,SO51448,528,11080,9,3,2
2016-07-17,2003-04-18,SO51448,356,11080,9,1,1
2016-07-17,2003-03-23,SO51448,537,11080,9,2,1
2016-07-17,2003-04-13,SO51455,235,26831,8,2,1
2016-07-17,2003-06-11,SO51455,579,26831,8,1,1
2016-07-17,2003-06-01,SO51450,362,11452,9,1,1
2016-07-17,2003-06-28,SO51450,483,11452,9,2,1
2016-07-17,2003-05-17,SO51452,477,22254,1,3,3
2016-07-17,2003-04-10,SO51452,479,22254,1,2,2
2016-07-17,2003-04-11,SO51452,606,22254,1,1,1
2016-07-17,2003-05-03,SO51444,485,11272,4,2,2
2016-07-17,2003-03-19,SO51444,352,11272,4,1,1
2016-07-17,2003-05-16,SO51444,487,11272,4,3,1
2016-07-17,2003-06-16,SO51440,373,18244,9,1,1
2016-07-17,2003-06-18,SO51451,385,19159,4,1,1
2016-07-17,2003-05-18,SO51449,214,25088,4,2,1
2016-07-17,2003-06-19,SO51449,560,25088,4,1,1
2016-07-18,2003-05-28,SO51460,358,11041,4,1,1
2016-07-18,2003-06-22,SO51460,471,11041,4,3,1
2016-07-18,2003-05-05,SO51460,485,11041,4,2,1
2016-07-18,2003-04-08,SO51457,484,22828,10,2,3
2016-07-18,2003-06-01,SO51457,379,22828,10,1,1
2016-07-18,2003-06-08,SO51463,381,21300,4,1,1
2016-07-18,2003-05-01,SO51458,223,16803,1,3,2
2016-07-18,2003-06-17,SO51458,226,16803,1,2,1
2016-07-18,2003-05-06,SO51458,582,16803,1,1,1
2016-07-18,2003-04-27,SO51462,539,22932,9,2,2
2016-07-18,2003-05-20,SO51462,580,22932,9,1,1
2016-07-18,2003-04-14,SO51464,220,27819,10,2,1
2016-07-18,2003-06-05,SO51464,564,27819,10,1,1
2016-07-18,2003-03-30,SO51461,220,14146,10,2,1
2016-07-18,2003-04-05,SO51461,235,14146,10,3,1
2016-07-18,2003-05-30,SO51461,586,14146,10,1,1
2016-07-18,2003-03-29,SO51459,480,16807,4,3,2
2016-07-18,2003-04-02,SO51459,539,16807,4,2,2
2016-07-18,2003-05-03,SO51459,580,16807,4,1,1
2016-07-18,2003-05-27,SO51456,484,23607,10,2,2
2016-07-18,2003-06-06,SO51456,377,23607,10,1,1
2016-07-19,2003-05-18,SO51466,539,16804,1,2,3
2016-07-19,2003-05-10,SO51466,480,16804,1,3,2
2016-07-19,2003-05-03,SO51466,583,16804,1,1,1
2016-07-19,2003-06-22,SO51474,235,19202,1,2,1
2016-07-19,2003-05-13,SO51474,387,19202,1,1,1
2016-07-19,2003-04-07,SO51477,541,12264,10,2,2
2016-07-19,2003-05-23,SO51477,560,12264,10,1,1
2016-07-19,2003-04-29,SO51469,480,11168,4,5,3
2016-07-19,2003-03-25,SO51469,485,11168,4,4,3
2016-07-19,2003-05-04,SO51469,528,11168,4,2,2
2016-07-19,2003-04-20,SO51469,362,11168,4,1,1
2016-07-19,2003-05-09,SO51469,537,11168,4,3,1
2016-07-19,2003-04-17,SO51467,479,16805,1,2,3
2016-07-19,2003-06-28,SO51467,477,16805,1,3,2
2016-07-19,2003-04-18,SO51467,489,16805,1,4,1
2016-07-19,2003-04-27,SO51467,581,16805,1,1,1
2016-07-19,2003-06-26,SO51471,605,18899,9,1,1
2016-07-19,2003-07-01,SO51472,480,26654,9,3,2
2016-07-19,2003-03-26,SO51472,538,26654,9,2,2
2016-07-19,2003-06-02,SO51472,606,26654,9,1,1
2016-07-19,2003-05-14,SO51476,223,28694,10,2,3
2016-07-19,2003-04-10,SO51476,561,28694,10,1,1
2016-07-19,2003-04-24,SO51470,215,26657,9,2,1
2016-07-19,2003-04-26,SO51470,584,26657,9,1,1
2016-07-19,2003-05-01,SO51473,477,18907,9,3,3
2016-07-19,2003-06-23,SO51473,215,18907,9,4,1
2016-07-19,2003-05-25,SO51473,479,18907,9,2,1
2016-07-19,2003-04-13,SO51473,605,18907,9,1,1
2016-07-19,2003-03-30,SO51475,477,22436,8,3,2
2016-07-19,2003-05-16,SO51475,479,22436,8,2,2
2016-07-19,2003-06-22,SO51475,489,22436,8,4,1
2016-07-19,2003-05-31,SO51475,604,22436,8,1,1
2016-07-19,2003-06-17,SO51465,220,16794,1,2,1
2016-07-19,2003-03-26,SO51465,232,16794,1,3,1
2016-07-19,2003-04-14,SO51465,581,16794,1,1,1
2016-07-19,2003-06-19,SO51468,358,11259,1,1,1
2016-07-19,2003-04-22,SO51468,483,11259,1,2,1
2016-07-20,2003-05-17,SO51499,385,22668,10,1,1
2016-07-20,2003-05-07,SO51499,491,22668,10,2,1
2016-07-20,2003-04-08,SO51494,223,26311,1,2,2
2016-07-20,2003-05-20,SO51494,585,26311,1,1,1
2016-07-20,2003-04-14,SO51484,215,19433,10,2,1
2016-07-20,2003-07-05,SO51484,371,19433,10,1,1
2016-07-20,2003-03-30,SO51492,485,11018,9,2,2
2016-07-20,2003-04-11,SO51492,352,11018,9,1,1
2016-07-20,2003-05-16,SO51480,223,16937,7,2,2
2016-07-20,2003-06-02,SO51480,220,16937,7,3,1
2016-07-20,2003-05-04,SO51480,580,16937,7,1,1
2016-07-20,2003-06-29,SO51500,477,21014,7,2,2
2016-07-20,2003-05-05,SO51500,479,21014,7,3,2
2016-07-20,2003-05-21,SO51500,488,21014,7,4,1
2016-07-20,2003-03-22,SO51500,604,21014,7,1,1
2016-07-20,2003-06-08,SO51482,215,11484,8,3,1
2016-07-20,2003-04-10,SO51482,358,11484,8,1,1
2016-07-20,2003-06-16,SO51482,537,11484,8,2,1
2016-07-20,2003-05-14,SO51493,485,11001,9,2,3
2016-07-20,2003-07-05,SO51493,223,11001,9,6,2
2016-07-20,2003-04-03,SO51493,477,11001,9,3,2
2016-07-20,2003-05-01,SO51493,352,11001,9,1,1
2016-07-20,2003-04-07,SO51493,478,11001,9,4,1
2016-07-20,2003-05-19,SO51493,491,11001,9,5,1
2016-07-20,2003-06-23,SO51491,362,11075,9,1,1
2016-07-20,2003-06-09,SO51487,477,15555,4,3,3
2016-07-20,2003-04-02,SO51487,478,15555,4,2,3
2016-07-20,2003-03-23,SO51487,223,15555,4,4,2
2016-07-20,2003-03-28,SO51487,595,15555,4,1,1
2016-07-20,2003-06-05,SO51496,479,21487,4,2,2
2016-07-20,2003-06-27,SO51496,606,21487,4,1,1
2016-07-20,2003-06-30,SO51490,485,11171,4,2,3
2016-07-20,2003-06-05,SO51490,478,11171,4,3,2
2016-07-20,2003-07-03,SO51490,358,11171,4,1,1
2016-07-20,2003-04-09,SO51490,487,11171,4,4,1
2016-07-20,2003-06-15,SO51488,477,20036,4,3,2
2016-07-20,2003-06-30,SO51488,479,20036,4,2,2
2016-07-20,2003-05-12,SO51488,480,20036,4,4,2
2016-07-20,2003-04-03,SO51488,373,20036,4,1,1
2016-07-20,2003-06-08,SO51488,486,20036,4,5,1
2016-07-20,2003-04-27,SO51485,373,16316,8,1,1
2016-07-20,2003-03-31,SO51485,480,16316,8,3,1
2016-07-20,2003-05-09,SO51485,540,16316,8,2,1
2016-07-20,2003-04-12,SO51483,529,23606,10,2,2
2016-07-20,2003-04-05,SO51483,377,23606,10,1,1
2016-07-20,2003-05-20,SO51483,472,23606,10,3,1
2016-07-20,2003-04-23,SO51483,540,23606,10,4,1
2016-07-20,2003-04-16,SO51486,529,16798,4,2,3
2016-07-20,2003-04-07,SO51486,539,16798,4,3,3
2016-07-20,2003-04-24,SO51486,220,16798,4,4,1
2016-07-20,2003-05-19,SO51486,582,16798,4,1,1
2016-07-20,2003-04-16,SO51479,477,16687,9,3,2
2016-07-20,2003-06-23,SO51479,479,16687,9,2,2
2016-07-20,2003-05-11,SO51479,215,16687,9,4,1
2016-07-20,2003-04-23,SO51479,371,16687,9,1,1
2016-07-20,2003-05-13,SO51497,480,19170,1,4,2
2016-07-20,2003-06-01,SO51497,529,19170,1,3,2
2016-07-20,2003-06-22,SO51497,539,19170,1,2,2
2016-07-20,2003-06-15,SO51497,389,19170,1,1,1
2016-07-20,2003-04-21,SO51495,223,29043,6,3,2
2016-07-20,2003-05-10,SO51495,489,29043,6,2,1
2016-07-20,2003-05-19,SO51495,574,29043,6,1,1
2016-07-20,2003-05-15,SO51489,485,11289,4,2,3
2016-07-20,2003-03-28,SO51489,480,11289,4,3,2
2016-07-20,2003-06-23,SO51489,484,11289,4,4,2
2016-07-20,2003-03-24,SO51489,358,11289,4,1,1
2016-07-20,2003-05-31,SO51498,215,19198,4,2,1
2016-07-20,2003-03-26,SO51498,387,19198,4,1,1
2016-07-20,2003-05-05,SO51501,220,26862,8,2,1
2016-07-20,2003-05-08,SO51501,577,26862,8,1,1
2016-07-20,2003-04-13,SO51481,485,17098,10,2,2
2016-07-20,2003-06-23,SO51481,594,17098,10,1,1
2016-07-21,2003-06-20,SO51505,215,11053,4,2,1
2016-07-21,2003-05-12,SO51505,362,11053,4,1,1
2016-07-21,2003-06-03,SO51510,215,12315,10,2,1
2016-07-21,2003-06-09,SO51510,575,12315,10,1,1
2016-07-21,2003-06-13,SO51506,530,11616,10,3,3
2016-07-21,2003-05-13,SO51506,484,11616,10,4,2
2016-07-21,2003-05-16,SO51506,541,11616,10,2,2
2016-07-21,2003-04-21,SO51506,585,11616,10,1,1
2016-07-21,2003-06-19,SO51502,478,19475,7,3,3
2016-07-21,2003-05-14,SO51502,477,19475,7,4,2
2016-07-21,2003-04-08,SO51502,485,19475,7,2,2
2016-07-21,2003-06-28,SO51502,214,19475,7,5,1
2016-07-21,2003-06-05,SO51502,596,19475,7,1,1
2016-07-21,2003-05-24,SO51504,215,16792,4,2,1
2016-07-21,2003-06-08,SO51504,580,16792,4,1,1
2016-07-21,2003-04-11,SO51503,474,13662,7,2,1
2016-07-21,2003-05-19,SO51503,587,13662,7,1,1
2016-07-21,2003-05-25,SO51508,214,22273,4,2,1
2016-07-21,2003-05-06,SO51508,606,22273,4,1,1
2016-07-21,2003-05-26,SO51507,484,16662,9,2,3
2016-07-21,2003-06-21,SO51507,590,16662,9,1,1
2016-07-22,2003-06-09,SO51525,383,27799,10,1,1
2016-07-22,2003-05-14,SO51525,488,27799,10,2,1
2016-07-22,2003-06-17,SO51520,485,11015,4,2,2
2016-07-22,2003-05-22,SO51520,352,11015,4,1,1
2016-07-22,2003-05-12,SO51520,486,11015,4,3,1
2016-07-22,2003-06-09,SO51516,352,11237,8,1,1
2016-07-22,2003-04-22,SO51523,479,24427,4,2,2
2016-07-22,2003-06-10,SO51523,480,24427,4,4,2
2016-07-22,2003-04-03,SO51523,477,24427,4,3,1
2016-07-22,2003-05-19,SO51523,574,24427,4,1,1
2016-07-22,2003-05-06,SO51521,566,28671,1,1,1
2016-07-22,2003-06-14,SO51514,223,17700,10,2,1
2016-07-22,2003-05-03,SO51514,229,17700,10,3,1
2016-07-22,2003-06-01,SO51514,591,17700,10,1,1
2016-07-22,2003-05-02,SO51522,485,11000,9,2,2
2016-07-22,2003-04-12,SO51522,352,11000,9,1,1
2016-07-22,2003-05-13,SO51513,539,16570,7,2,2
2016-07-22,2003-07-02,SO51513,235,16570,7,3,1
2016-07-22,2003-06-22,SO51513,582,16570,7,1,1
2016-07-22,2003-05-26,SO51527,215,20977,7,2,1
2016-07-22,2003-05-11,SO51527,584,20977,7,1,1
2016-07-22,2003-04-19,SO51512,223,11403,7,4,2
2016-07-22,2003-03-24,SO51512,478,11403,7,2,2
2016-07-22,2003-05-27,SO51512,352,11403,7,1,1
2016-07-22,2003-04-21,SO51512,477,11403,7,3,1
2016-07-22,2003-05-18,SO51512,489,11403,7,5,1
2016-07-22,2003-04-25,SO51519,476,14078,6,2,1
2016-07-22,2003-06-25,SO51519,590,14078,6,1,1
2016-07-22,2003-05-14,SO51515,373,16391,7,1,1
2016-07-22,2003-06-11,SO51518,479,16132,6,3,2
2016-07-22,2003-06-03,SO51518,480,16132,6,4,2
2016-07-22,2003-07-01,SO51518,379,16132,6,1,1
2016-07-22,2003-04-22,SO51518,477,16132,6,2,1
2016-07-22,2003-07-01,SO51517,477,20039,1,3,2
2016-07-22,2003-04-29,SO51517,479,20039,1,2,2
2016-07-22,2003-05-05,SO51517,377,20039,1,1,1
2016-07-22,2003-04-01,SO51524,479,21470,4,2,3
2016-07-22,2003-04-22,SO51524,223,21470,4,4,2
2016-07-22,2003-04-26,SO51524,477,21470,4,3,2
2016-07-22,2003-04-01,SO51524,604,21470,4,1,1
2016-07-22,2003-06-27,SO51526,215,22614,10,2,1
2016-07-22,2003-04-24,SO51526,389,22614,10,1,1
2016-07-22,2003-06-04,SO51511,529,18241,9,2,2
2016-07-22,2003-05-08,SO51511,373,18241,9,1,1
2016-07-22,2003-03-24,SO51511,540,18241,9,3,1
2016-07-23,2003-06-04,SO51540,215,19213,4,2,1
2016-07-23,2003-07-05,SO51540,383,19213,4,1,1
2016-07-23,2003-05-09,SO51529,223,18222,9,3,2
2016-07-23,2003-03-31,SO51529,477,18222,9,4,2
2016-07-23,2003-04-13,SO51529,479,18222,9,2,2
2016-07-23,2003-04-06,SO51529,375,18222,9,1,1
2016-07-23,2003-04-22,SO51532,214,22808,10,2,1
2016-07-23,2003-05-29,SO51532,375,22808,10,1,1
2016-07-23,2003-06-30,SO51528,479,18219,9,2,3
2016-07-23,2003-04-18,SO51528,377,18219,9,1,1
2016-07-23,2003-05-09,SO51528,484,18219,9,3,1
2016-07-23,2003-04-01,SO51536,220,18698,9,2,1
2016-07-23,2003-06-16,SO51536,580,18698,9,1,1
2016-07-23,2003-07-05,SO51534,485,11158,4,2,2
2016-07-23,2003-06-20,SO51534,352,11158,4,1,1
2016-07-23,2003-05-06,SO51534,489,11158,4,3,1
2016-07-23,2003-06-19,SO51533,362,11291,4,1,1
2016-07-23,2003-04-04,SO51531,352,11337,10,1,1
2016-07-23,2003-05-31,SO51531,477,11337,10,3,1
2016-07-23,2003-06-23,SO51531,478,11337,10,2,1
2016-07-23,2003-03-29,SO51531,490,11337,10,4,1
2016-07-23,2003-06-01,SO51538,538,21597,4,2,2
2016-07-23,2003-04-19,SO51538,605,21597,4,1,1
2016-07-23,2003-04-16,SO51530,379,19362,10,1,1
2016-07-23,2003-05-09,SO51542,387,22669,10,1,1
2016-07-23,2003-04-26,SO51535,580,22931,9,1,1
2016-07-23,2003-06-08,SO51541,223,22630,10,3,2
2016-07-23,2003-06-03,SO51541,220,22630,10,2,1
2016-07-23,2003-06-23,SO51541,387,22630,10,1,1
2016-07-23,2003-04-04,SO51539,223,19160,4,2,2
2016-07-23,2003-06-25,SO51539,385,19160,4,1,1
2016-07-23,2003-04-29,SO51539,490,19160,4,3,1
2016-07-23,2003-05-24,SO51537,214,28201,9,2,1
2016-07-23,2003-06-28,SO51537,576,28201,9,1,1
2016-07-24,2003-06-01,SO51566,479,24414,4,3,3
2016-07-24,2003-06-11,SO51566,477,24414,4,2,2
2016-07-24,2003-06-29,SO51566,576,24414,4,1,1
2016-07-24,2003-05-30,SO51547,371,12300,7,1,1
2016-07-24,2003-05-26,SO51547,487,12300,7,2,1
2016-07-24,2003-04-09,SO51561,485,11025,9,2,2
2016-07-24,2003-05-18,SO51561,356,11025,9,1,1
2016-07-24,2003-04-29,SO51561,472,11025,9,3,1
2016-07-24,2003-04-08,SO51544,354,11244,10,1,1
2016-07-24,2003-07-06,SO51544,537,11244,10,2,1
2016-07-24,2003-06-10,SO51569,477,15017,4,3,2
2016-07-24,2003-04-09,SO51569,479,15017,4,2,2
2016-07-24,2003-06-16,SO51569,491,15017,4,4,1
2016-07-24,2003-04-27,SO51569,584,15017,4,1,1
2016-07-24,2003-06-09,SO51552,462,13747,1,3,2
2016-07-24,2003-05-12,SO51552,474,13747,1,2,1
2016-07-24,2003-06-11,SO51552,589,13747,1,1,1
2016-07-24,2003-04-17,SO51555,477,11037,6,5,3
2016-07-24,2003-05-03,SO51555,485,11037,6,4,3
2016-07-24,2003-06-03,SO51555,360,11037,6,1,1
2016-07-24,2003-05-27,SO51555,478,11037,6,6,1
2016-07-24,2003-06-17,SO51555,480,11037,6,7,1
2016-07-24,2003-04-06,SO51555,528,11037,6,3,1
2016-07-24,2003-05-11,SO51555,537,11037,6,2,1
2016-07-24,2003-04-30,SO51549,477,21858,10,2,2
2016-07-24,2003-04-02,SO51549,479,21858,10,3,2
2016-07-24,2003-06-06,SO51549,214,21858,10,4,1
2016-07-24,2003-04-01,SO51549,371,21858,10,1,1
2016-07-24,2003-06-23,SO51556,352,11022,1,1,1
2016-07-24,2003-06-24,SO51556,480,11022,1,2,1
2016-07-24,2003-06-17,SO51553,223,11286,4,4,2
2016-07-24,2003-04-17,SO51553,485,11286,4,2,2
2016-07-24,2003-05-17,SO51553,232,11286,4,3,1
2016-07-24,2003-06-21,SO51553,362,11286,4,1,1
2016-07-24,2003-05-10,SO51558,529,23104,9,3,2
2016-07-24,2003-04-14,SO51558,389,23104,9,1,1
2016-07-24,2003-05-31,SO51558,486,23104,9,4,1
2016-07-24,2003-05-21,SO51558,539,23104,9,2,1
2016-07-24,2003-07-05,SO51568,462,21448,4,2,2
2016-07-24,2003-06-05,SO51568,605,21448,4,1,1
2016-07-24,2003-06-29,SO51545,373,19382,10,1,1
2016-07-24,2003-07-05,SO51557,572,27765,8,1,1
2016-07-24,2003-05-13,SO51570,606,22459,8,1,1
2016-07-24,2003-05-31,SO51564,482,26309,4,2,1
2016-07-24,2003-04-28,SO51564,586,26309,4,1,1
2016-07-24,2003-06-21,SO51543,477,18210,9,2,3
2016-07-24,2003-05-08,SO51543,223,18210,9,4,2
2016-07-24,2003-05-04,SO51543,479,18210,9,3,2
2016-07-24,2003-05-07,SO51543,375,18210,9,1,1
2016-07-24,2003-06-25,SO51560,214,19271,9,2,1
2016-07-24,2003-06-16,SO51560,584,19271,9,1,1
2016-07-24,2003-05-24,SO51565,477,25085,4,2,2
2016-07-24,2003-06-29,SO51565,479,25085,4,3,2
2016-07-24,2003-04-02,SO51565,560,25085,4,1,1
2016-07-24,2003-05-18,SO51550,214,11387,10,2,1
2016-07-24,2003-04-02,SO51550,352,11387,10,1,1
2016-07-24,2003-06-03,SO51567,480,15276,4,3,2
2016-07-24,2003-04-11,SO51567,538,15276,4,2,2
2016-07-24,2003-05-29,SO51567,604,15276,4,1,1
2016-07-24,2003-07-04,SO51551,477,13058,4,3,3
2016-07-24,2003-04-20,SO51551,223,13058,4,4,2
2016-07-24,2003-04-08,SO51551,478,13058,4,2,2
2016-07-24,2003-04-24,SO51551,595,13058,4,1,1
2016-07-24,2003-05-24,SO51559,529,24605,9,3,2
2016-07-24,2003-07-03,SO51559,220,24605,9,4,1
2016-07-24,2003-04-08,SO51559,387,24605,9,1,1
2016-07-24,2003-03-30,SO51559,539,24605,9,2,1
2016-07-24,2003-04-30,SO51546,477,26381,8,2,2
2016-07-24,2003-06-12,SO51546,479,26381,8,3,2
2016-07-24,2003-06-28,SO51546,373,26381,8,1,1
2016-07-24,2003-06-06,SO51546,471,26381,8,4,1
2016-07-24,2003-06-23,SO51562,480,11009,9,2,2
2016-07-24,2003-05-01,SO51562,358,11009,9,1,1
2016-07-24,2003-06-08,SO51563,528,17511,9,2,2
2016-07-24,2003-03-28,SO51563,535,17511,9,3,2
2016-07-24,2003-05-09,SO51563,480,17511,9,4,1
2016-07-24,2003-05-12,SO51563,598,17511,9,1,1
2016-07-24,2003-05-16,SO51554,223,11266,1,4,2
2016-07-24,2003-05-15,SO51554,477,11266,1,3,2
2016-07-24,2003-05-30,SO51554,478,11266,1,2,2
2016-07-24,2003-05-22,SO51554,354,11266,1,1,1
2016-07-24,2003-05-01,SO51548,479,19424,10,3,3
2016-07-24,2003-05-24,SO51548,477,19424,10,2,2
2016-07-24,2003-07-01,SO51548,371,19424,10,1,1
2016-07-24,2003-07-04,SO51548,491,19424,10,4,1
2016-07-25,2003-04-09,SO51584,215,22274,1,2,1
2016-07-25,2003-04-07,SO51584,605,22274,1,1,1
2016-07-25,2003-05-05,SO51579,223,26656,9,4,2
2016-07-25,2003-05-20,SO51579,477,26656,9,2,2
2016-07-25,2003-06-19,SO51579,479,26656,9,3,2
2016-07-25,2003-05-16,SO51579,606,26656,9,1,1
2016-07-25,2003-04-26,SO51571,491,14046,9,2,1
2016-07-25,2003-05-20,SO51571,560,14046,9,1,1
2016-07-25,2003-05-25,SO51572,377,23759,8,1,1
2016-07-25,2003-06-23,SO51572,540,23759,8,2,1
2016-07-25,2003-04-29,SO51575,375,22323,7,1,1
2016-07-25,2003-05-26,SO51576,356,11481,8,1,1
2016-07-25,2003-05-19,SO51576,487,11481,8,2,1
2016-07-25,2003-07-03,SO51578,529,27744,9,2,2
2016-07-25,2003-06-16,SO51578,538,27744,9,3,2
2016-07-25,2003-04-04,SO51578,466,27744,9,5,1
2016-07-25,2003-04-05,SO51578,489,27744,9,4,1
2016-07-25,2003-04-06,SO51578,584,27744,9,1,1
2016-07-25,2003-06-21,SO51582,528,11052,9,2,3
2016-07-25,2003-04-21,SO51582,362,11052,9,1,1
2016-07-25,2003-06-21,SO51582,480,11052,9,4,1
2016-07-25,2003-06-28,SO51582,537,11052,9,3,1
2016-07-25,2003-03-30,SO51583,215,16015,4,2,1
2016-07-25,2003-05-01,SO51583,604,16015,4,1,1
2016-07-25,2003-05-09,SO51574,215,16291,7,2,1
2016-07-25,2003-04-21,SO51574,377,16291,7,1,1
2016-07-25,2003-05-17,SO51581,485,11007,9,4,2
2016-07-25,2003-05-13,SO51581,528,11007,9,2,2
2016-07-25,2003-06-08,SO51581,220,11007,9,5,1
2016-07-25,2003-07-10,SO51581,360,11007,9,1,1
2016-07-25,2003-06-07,SO51581,537,11007,9,3,1
2016-07-25,2003-04-19,SO51580,477,18900,9,3,2
2016-07-25,2003-07-01,SO51580,479,18900,9,2,2
2016-07-25,2003-06-22,SO51580,604,18900,9,1,1
2016-07-25,2003-05-05,SO51573,220,11238,10,2,1
2016-07-25,2003-04-11,SO51573,358,11238,10,1,1
2016-07-25,2003-04-20,SO51577,354,11042,4,1,1
2016-07-25,2003-06-23,SO51585,214,19240,4,2,1
2016-07-25,2003-07-03,SO51585,381,19240,4,1,1
2016-07-26,2003-06-12,SO51592,358,11082,4,1,1
2016-07-26,2003-05-06,SO51592,537,11082,4,2,1
2016-07-26,2003-05-11,SO51598,562,24404,4,1,1
2016-07-26,2003-06-02,SO51587,529,25780,8,2,2
2016-07-26,2003-04-21,SO51587,377,25780,8,1,1
2016-07-26,2003-03-31,SO51587,540,25780,8,3,1
2016-07-26,2003-06-19,SO51590,528,11271,4,2,2
2016-07-26,2003-05-27,SO51590,214,11271,4,4,1
2016-07-26,2003-05-25,SO51590,354,11271,4,1,1
2016-07-26,2003-04-09,SO51590,537,11271,4,3,1
2016-07-26,2003-04-12,SO51594,528,11104,9,3,3
2016-07-26,2003-06-21,SO51594,358,11104,9,1,1
2016-07-26,2003-06-21,SO51594,537,11104,9,2,1
2016-07-26,2003-03-29,SO51595,485,11004,9,2,2
2016-07-26,2003-06-16,SO51595,214,11004,9,3,1
2016-07-26,2003-06-22,SO51595,354,11004,9,1,1
2016-07-26,2003-05-05,SO51588,529,25769,8,2,2
2016-07-26,2003-05-22,SO51588,220,25769,8,4,1
2016-07-26,2003-04-14,SO51588,375,25769,8,1,1
2016-07-26,2003-04-05,SO51588,540,25769,8,3,1
2016-07-26,2003-06-22,SO51602,214,11439,7,2,1
2016-07-26,2003-04-08,SO51602,575,11439,7,1,1
2016-07-26,2003-06-24,SO51593,215,11036,4,2,1
2016-07-26,2003-04-03,SO51593,356,11036,4,1,1
2016-07-26,2003-04-16,SO51603,223,29401,10,2,3
2016-07-26,2003-06-21,SO51603,579,29401,10,1,1
2016-07-26,2003-05-02,SO51589,466,11401,7,3,2
2016-07-26,2003-04-15,SO51589,358,11401,7,1,1
2016-07-26,2003-06-02,SO51589,487,11401,7,2,1
2016-07-26,2003-04-11,SO51591,485,11175,4,2,2
2016-07-26,2003-06-22,SO51591,352,11175,4,1,1
2016-07-26,2003-06-29,SO51600,604,22262,4,1,1
2016-07-26,2003-05-19,SO51586,373,18207,9,1,1
2016-07-26,2003-04-16,SO51586,477,18207,9,3,1
2016-07-26,2003-04-05,SO51586,479,18207,9,2,1
2016-07-26,2003-04-11,SO51586,489,18207,9,4,1
2016-07-26,2003-06-05,SO51601,584,25608,10,1,1
2016-07-26,2003-04-06,SO51597,484,11453,9,3,2
2016-07-26,2003-05-25,SO51597,354,11453,9,1,1
2016-07-26,2003-07-06,SO51597,487,11453,9,2,1
2016-07-26,2003-05-09,SO51599,220,24405,4,2,1
2016-07-26,2003-05-12,SO51599,576,24405,4,1,1
2016-07-26,2003-05-05,SO51596,215,25087,1,2,1
2016-07-26,2003-06-22,SO51596,560,25087,1,1,1
2016-07-27,2003-05-28,SO51608,484,13744,1,2,2
2016-07-27,2003-04-15,SO51608,587,13744,1,1,1
2016-07-27,2003-05-05,SO51617,223,22441,8,5,2
2016-07-27,2003-06-23,SO51617,477,22441,8,3,2
2016-07-27,2003-05-27,SO51617,479,22441,8,2,2
2016-07-27,2003-05-07,SO51617,214,22441,8,4,1
2016-07-27,2003-06-30,SO51617,605,22441,8,1,1
2016-07-27,2003-06-25,SO51616,477,21466,1,3,3
2016-07-27,2003-05-11,SO51616,480,21466,1,4,3
2016-07-27,2003-06-10,SO51616,479,21466,1,2,2
2016-07-27,2003-06-02,SO51616,606,21466,1,1,1
2016-07-27,2003-04-18,SO51610,485,11021,1,2,2
2016-07-27,2003-06-03,SO51610,362,11021,1,1,1
2016-07-27,2003-05-25,SO51610,487,11021,1,3,1
2016-07-27,2003-05-09,SO51609,480,13746,4,4,2
2016-07-27,2003-06-01,SO51609,528,13746,4,2,2
2016-07-27,2003-06-08,SO51609,536,13746,4,3,2
2016-07-27,2003-05-23,SO51609,590,13746,4,1,1
2016-07-27,2003-04-11,SO51613,477,16098,6,3,2
2016-07-27,2003-05-02,SO51613,479,16098,6,2,2
2016-07-27,2003-07-07,SO51613,586,16098,6,1,1
2016-07-27,2003-05-05,SO51606,582,21039,10,1,1
2016-07-27,2003-05-30,SO51612,528,11005,9,3,2
2016-07-27,2003-04-30,SO51612,354,11005,9,1,1
2016-07-27,2003-06-03,SO51612,480,11005,9,4,1
2016-07-27,2003-04-24,SO51612,537,11005,9,2,1
2016-07-27,2003-06-07,SO51615,482,24420,1,2,1
2016-07-27,2003-05-26,SO51615,563,24420,1,1,1
2016-07-27,2003-05-25,SO51618,604,28757,7,1,1
2016-07-27,2003-04-09,SO51614,490,26308,1,2,1
2016-07-27,2003-04-19,SO51614,586,26308,1,1,1
2016-07-27,2003-05-13,SO51607,580,16799,4,1,1
2016-07-27,2003-06-06,SO51611,477,18902,9,3,2
2016-07-27,2003-04-18,SO51611,479,18902,9,2,2
2016-07-27,2003-06-22,SO51611,488,18902,9,4,1
2016-07-27,2003-05-23,SO51611,584,18902,9,1,1
2016-07-27,2003-05-27,SO51605,529,21056,10,3,2
2016-07-27,2003-04-20,SO51605,539,21056,10,2,2
2016-07-27,2003-07-03,SO51605,220,21056,10,4,1
2016-07-27,2003-05-09,SO51605,583,21056,10,1,1
2016-07-28,2003-07-05,SO51627,477,28206,9,2,2
2016-07-28,2003-04-01,SO51627,479,28206,9,3,2
2016-07-28,2003-04-01,SO51627,563,28206,9,1,1
2016-07-28,2003-04-30,SO51631,385,19211,4,1,1
2016-07-28,2003-05-11,SO51620,529,21040,10,3,2
2016-07-28,2003-04-05,SO51620,539,21040,10,2,2
2016-07-28,2003-05-08,SO51620,488,21040,10,4,1
2016-07-28,2003-04-23,SO51620,583,21040,10,1,1
2016-07-28,2003-05-02,SO51622,485,14927,8,2,3
2016-07-28,2003-07-10,SO51622,226,14927,8,3,1
2016-07-28,2003-06-18,SO51622,597,14927,8,1,1
2016-07-28,2003-04-24,SO51630,477,19199,4,3,3
2016-07-28,2003-04-21,SO51630,479,19199,4,2,2
2016-07-28,2003-06-17,SO51630,381,19199,4,1,1
2016-07-28,2003-04-27,SO51623,480,22445,7,4,2
2016-07-28,2003-05-04,SO51623,484,22445,7,5,2
2016-07-28,2003-04-04,SO51623,529,22445,7,3,2
2016-07-28,2003-04-01,SO51623,377,22445,7,1,1
2016-07-28,2003-05-29,SO51623,540,22445,7,2,1
2016-07-28,2003-04-03,SO51624,223,21857,10,2,2
2016-07-28,2003-06-09,SO51624,214,21857,10,3,1
2016-07-28,2003-05-22,SO51624,371,21857,10,1,1
2016-07-28,2003-06-05,SO51634,479,14264,9,2,2
2016-07-28,2003-05-04,SO51634,565,14264,9,1,1
2016-07-28,2003-06-20,SO51628,584,19269,9,1,1
2016-07-28,2003-05-26,SO51619,229,20832,10,2,1
2016-07-28,2003-04-24,SO51619,583,20832,10,1,1
2016-07-28,2003-04-07,SO51625,480,18957,1,3,2
2016-07-28,2003-05-02,SO51625,485,18957,1,2,2
2016-07-28,2003-04-23,SO51625,593,18957,1,1,1
2016-07-28,2003-05-26,SO51633,381,19326,7,1,1
2016-07-28,2003-04-24,SO51632,383,19422,8,1,1
2016-07-28,2003-07-02,SO51621,235,17949,7,2,1
2016-07-28,2003-04-09,SO51621,590,17949,7,1,1
2016-07-28,2003-07-06,SO51629,485,11444,9,2,2
2016-07-28,2003-05-13,SO51629,215,11444,9,3,1
2016-07-28,2003-06-06,SO51629,354,11444,9,1,1
2016-07-28,2003-06-13,SO51626,478,15554,4,2,2
2016-07-28,2003-04-20,SO51626,593,15554,4,1,1
2016-07-29,2003-04-16,SO51637,462,24102,8,3,2
2016-07-29,2003-04-08,SO51637,490,24102,8,2,1
2016-07-29,2003-07-03,SO51637,581,24102,8,1,1
2016-07-29,2003-04-22,SO51657,235,19169,1,2,1
2016-07-29,2003-04-25,SO51657,385,19169,1,1,1
2016-07-29,2003-06-18,SO51659,479,14275,9,2,3
2016-07-29,2003-05-25,SO51659,572,14275,9,1,1
2016-07-29,2003-04-12,SO51655,479,21576,1,2,2
2016-07-29,2003-04-25,SO51655,606,21576,1,1,1
2016-07-29,2003-04-11,SO51652,480,11450,9,4,2
2016-07-29,2003-06-18,SO51652,484,11450,9,5,2
2016-07-29,2003-06-30,SO51652,528,11450,9,2,2
2016-07-29,2003-06-17,SO51652,352,11450,9,1,1
2016-07-29,2003-05-14,SO51652,537,11450,9,3,1
2016-07-29,2003-06-10,SO51646,478,11064,4,2,2
2016-07-29,2003-04-03,SO51646,358,11064,4,1,1
2016-07-29,2003-06-01,SO51635,529,18242,9,4,2
2016-07-29,2003-06-07,SO51635,377,18242,9,1,1
2016-07-29,2003-07-01,SO51635,471,18242,9,3,1
2016-07-29,2003-06-11,SO51635,540,18242,9,2,1
2016-07-29,2003-07-05,SO51650,360,11011,9,1,1
2016-07-29,2003-07-05,SO51641,214,11339,7,2,1
2016-07-29,2003-06-07,SO51641,358,11339,7,1,1
2016-07-29,2003-06-27,SO51636,479,18238,9,2,2
2016-07-29,2003-05-16,SO51636,379,18238,9,1,1
2016-07-29,2003-05-09,SO51647,235,11144,1,3,1
2016-07-29,2003-04-29,SO51647,362,11144,1,1,1
2016-07-29,2003-04-26,SO51647,487,11144,1,2,1
2016-07-29,2003-06-02,SO51653,214,29137,6,2,1
2016-07-29,2003-06-16,SO51653,562,29137,6,1,1
2016-07-29,2003-05-11,SO51642,354,12384,8,1,1
2016-07-29,2003-06-27,SO51642,487,12384,8,2,1
2016-07-29,2003-07-09,SO51642,490,12384,8,3,1
2016-07-29,2003-04-19,SO51648,477,11145,1,3,2
2016-07-29,2003-04-11,SO51648,478,11145,1,2,2
2016-07-29,2003-04-05,SO51648,362,11145,1,1,1
2016-07-29,2003-06-02,SO51640,229,20722,8,2,1
2016-07-29,2003-06-10,SO51640,590,20722,8,1,1
2016-07-29,2003-06-11,SO51658,215,14189,8,2,1
2016-07-29,2003-06-02,SO51658,564,14189,8,1,1
2016-07-29,2003-07-09,SO51651,356,11077,9,1,1
2016-07-29,2003-07-09,SO51651,487,11077,9,2,1
2016-07-29,2003-07-04,SO51654,466,24433,4,4,2
2016-07-29,2003-05-11,SO51654,541,24433,4,2,2
2016-07-29,2003-05-28,SO51654,530,24433,4,3,1
2016-07-29,2003-05-23,SO51654,561,24433,4,1,1
2016-07-29,2003-06-16,SO51656,472,24661,6,2,1
2016-07-29,2003-07-11,SO51656,605,24661,6,1,1
2016-07-29,2003-06-10,SO51639,480,15630,10,4,3
2016-07-29,2003-07-03,SO51639,536,15630,10,2,3
2016-07-29,2003-05-22,SO51639,528,15630,10,3,1
2016-07-29,2003-05-01,SO51639,590,15630,10,1,1
2016-07-29,2003-07-01,SO51644,373,12131,7,1,1
2016-07-29,2003-05-26,SO51638,235,13778,8,2,1
2016-07-29,2003-06-15,SO51638,588,13778,8,1,1
2016-07-29,2003-04-29,SO51649,477,11124,9,3,2
2016-07-29,2003-04-02,SO51649,478,11124,9,2,2
2016-07-29,2003-06-30,SO51649,358,11124,9,1,1
2016-07-29,2003-05-29,SO51643,220,19361,10,2,1
2016-07-29,2003-04-29,SO51643,373,19361,10,1,1
2016-07-29,2003-04-11,SO51645,477,15552,1,3,3
2016-07-29,2003-06-25,SO51645,478,15552,1,2,2
2016-07-29,2003-06-24,SO51645,472,15552,1,4,1
2016-07-29,2003-05-16,SO51645,594,15552,1,1,1
2016-07-30,2003-07-15,SO51668,352,11101,9,1,1
2016-07-30,2003-05-22,SO51668,483,11101,9,2,1
2016-07-30,2003-05-02,SO51664,477,13742,1,3,2
2016-07-30,2003-04-18,SO51664,480,13742,1,4,2
2016-07-30,2003-06-16,SO51664,536,13742,1,2,2
2016-07-30,2003-04-10,SO51664,587,13742,1,1,1
2016-07-30,2003-06-16,SO51667,356,11069,9,1,1
2016-07-30,2003-07-13,SO51662,379,26382,8,1,1
2016-07-30,2003-04-15,SO51663,479,16327,8,2,3
2016-07-30,2003-07-13,SO51663,223,16327,8,4,2
2016-07-30,2003-07-09,SO51663,477,16327,8,3,2
2016-07-30,2003-06-06,SO51663,373,16327,8,1,1
2016-07-30,2003-07-10,SO51661,539,20837,10,2,3
2016-07-30,2003-06-18,SO51661,529,20837,10,3,2
2016-07-30,2003-05-30,SO51661,220,20837,10,4,1
2016-07-30,2003-04-19,SO51661,582,20837,10,1,1
2016-07-30,2003-06-16,SO51666,477,19264,9,2,2
2016-07-30,2003-05-20,SO51666,479,19264,9,3,2
2016-07-30,2003-07-02,SO51666,605,19264,9,1,1
2016-07-30,2003-05-31,SO51669,223,26306,4,1,2
2016-07-30,2003-05-18,SO51669,572,26306,4,2,1
2016-07-30,2003-07-11,SO51665,485,11252,4,2,2
2016-07-30,2003-06-14,SO51665,352,11252,4,1,1
2016-07-30,2003-05-11,SO51660,478,12461,8,2,3
2016-07-30,2003-05-24,SO51660,477,12461,8,3,2
2016-07-30,2003-04-22,SO51660,215,12461,8,4,1
2016-07-30,2003-04-08,SO51660,352,12461,8,1,1
2016-07-30,2003-05-20,SO51670,223,24421,1,2,3
2016-07-30,2003-06-29,SO51670,489,24421,1,3,1
2016-07-30,2003-05-11,SO51670,561,24421,1,1,1
2016-07-30,2003-07-12,SO51671,604,22398,8,1,1
2016-07-31,2003-06-24,SO51687,223,14181,8,3,2
2016-07-31,2003-05-11,SO51687,214,14181,8,2,1
2016-07-31,2003-06-10,SO51687,575,14181,8,1,1
2016-07-31,2003-07-06,SO51676,373,20037,4,1,1
2016-07-31,2003-06-20,SO51676,483,20037,4,3,1
2016-07-31,2003-04-27,SO51676,540,20037,4,2,1
2016-07-31,2003-06-19,SO51672,477,19435,10,3,2
2016-07-31,2003-05-25,SO51672,479,19435,10,2,2
2016-07-31,2003-06-12,SO51672,373,19435,10,1,1
2016-07-31,2003-05-03,SO51682,356,11057,9,1,1
2016-07-31,2003-07-05,SO51683,477,11095,9,3,2
2016-07-31,2003-06-15,SO51683,478,11095,9,2,2
2016-07-31,2003-05-13,SO51683,358,11095,9,1,1
2016-07-31,2003-07-15,SO51683,489,11095,9,4,1
2016-07-31,2003-04-20,SO51685,387,19201,1,1,1
2016-07-31,2003-07-14,SO51686,479,21013,7,2,2
2016-07-31,2003-06-20,SO51686,584,21013,7,1,1
2016-07-31,2003-04-10,SO51688,220,16310,7,2,1
2016-07-31,2003-04-20,SO51688,560,16310,7,1,1
2016-07-31,2003-05-31,SO51680,214,12281,10,2,1
2016-07-31,2003-04-25,SO51680,585,12281,10,1,1
2016-07-31,2003-06-30,SO51681,479,12272,10,2,2
2016-07-31,2003-04-18,SO51681,565,12272,10,1,1
2016-07-31,2003-04-24,SO51677,214,11290,4,2,1
2016-07-31,2003-07-13,SO51677,354,11290,4,1,1
2016-07-31,2003-06-19,SO51674,480,23597,10,4,3
2016-07-31,2003-04-14,SO51674,529,23597,10,2,2
2016-07-31,2003-05-15,SO51674,373,23597,10,1,1
2016-07-31,2003-04-16,SO51674,540,23597,10,3,1
2016-07-31,2003-05-05,SO51675,477,15548,4,3,2
2016-07-31,2003-07-05,SO51675,478,15548,4,2,2
2016-07-31,2003-06-09,SO51675,598,15548,4,1,1
2016-07-31,2003-05-10,SO51684,477,11451,9,4,3
2016-07-31,2003-04-16,SO51684,478,11451,9,3,2
2016-07-31,2003-05-26,SO51684,485,11451,9,2,2
2016-07-31,2003-07-06,SO51684,215,11451,9,5,1
2016-07-31,2003-06-21,SO51684,358,11451,9,1,1
2016-07-31,2003-05-11,SO51673,529,16400,7,3,2
2016-07-31,2003-06-14,SO51673,220,16400,7,4,1
2016-07-31,2003-05-13,SO51673,379,16400,7,1,1
2016-07-31,2003-05-10,SO51673,540,16400,7,2,1
2016-07-31,2003-05-28,SO51678,214,11224,1,2,1
2016-07-31,2003-05-28,SO51678,362,11224,1,1,1
2016-07-31,2003-06-03,SO51679,462,11090,4,3,2
2016-07-31,2003-05-14,SO51679,360,11090,4,1,1
2016-07-31,2003-07-05,SO51679,487,11090,4,2,1
2016-08-01,2003-04-23,SO51901,528,15703,8,2,2
2016-08-01,2003-05-17,SO51901,220,15703,8,3,1
2016-08-01,2003-04-28,SO51901,537,15703,8,1,1
2016-08-01,2003-07-02,SO51902,462,13571,7,2,2
2016-08-01,2003-06-12,SO51902,229,13571,7,3,1
2016-08-01,2003-06-25,SO51902,476,13571,7,1,1
2016-08-01,2003-06-09,SO51887,464,11530,6,2,1
2016-08-01,2003-06-11,SO51887,488,11530,6,1,1
2016-08-01,2003-06-03,SO51890,480,15571,6,2,2
2016-08-01,2003-06-19,SO51890,540,15571,6,1,1
2016-08-01,2003-04-09,SO51892,480,24293,4,2,2
2016-08-01,2003-04-14,SO51892,540,24293,4,1,1
2016-08-01,2003-05-25,SO51909,530,11566,7,1,2
2016-08-01,2003-07-05,SO51909,232,11566,7,2,1
2016-08-01,2003-07-04,SO51886,480,18293,9,1,2
2016-08-01,2003-06-03,SO51884,530,16338,9,2,2
2016-08-01,2003-06-10,SO51884,541,16338,9,1,2
2016-08-01,2003-05-09,SO51884,466,16338,9,3,1
2016-08-01,2003-04-06,SO51880,477,12204,1,2,2
2016-08-01,2003-04-18,SO51880,479,12204,1,1,1
2016-08-01,2003-06-23,SO51880,481,12204,1,3,1
2016-08-01,2003-04-10,SO51900,223,14870,4,4,2
2016-08-01,2003-06-04,SO51900,485,14870,4,2,2
2016-08-01,2003-04-30,SO51900,528,14870,4,1,2
2016-08-01,2003-04-30,SO51900,226,14870,4,3,1
2016-08-01,2003-05-10,SO51888,529,29079,4,1,2
2016-08-01,2003-07-08,SO51888,214,29079,4,2,1
2016-08-01,2003-06-20,SO51888,473,29079,4,3,1
2016-08-01,2003-07-05,SO51904,529,14204,7,1,3
2016-08-01,2003-06-28,SO51904,215,14204,7,3,1
2016-08-01,2003-05-25,SO51904,540,14204,7,2,1
2016-08-01,2003-05-27,SO51879,223,28788,4,1,2
2016-08-01,2003-05-21,SO51905,529,23941,8,1,2
2016-08-01,2003-06-06,SO51905,215,23941,8,2,1
2016-08-01,2003-07-17,SO51914,484,22895,6,2,2
2016-08-01,2003-06-28,SO51914,373,22895,6,1,1
2016-08-01,2003-05-29,SO51891,480,24940,4,2,3
2016-08-01,2003-04-22,SO51891,540,24940,4,1,1
2016-08-01,2003-07-05,SO51885,480,15640,9,1,2
2016-08-01,2003-05-08,SO51898,477,15507,6,2,1
2016-08-01,2003-06-06,SO51898,478,15507,6,1,1
2016-08-01,2003-06-29,SO51898,488,15507,6,3,1
2016-08-01,2003-06-19,SO51916,358,11693,6,1,1
2016-08-01,2003-06-04,SO51913,477,14329,4,2,2
2016-08-01,2003-05-20,SO51913,478,14329,4,3,2
2016-08-01,2003-06-07,SO51913,485,14329,4,1,2
2016-08-01,2003-04-10,SO51913,487,14329,4,4,1
2016-08-01,2003-05-14,SO51878,352,11468,10,1,1
2016-08-01,2003-06-12,SO51877,528,11409,7,2,2
2016-08-01,2003-05-08,SO51877,214,11409,7,4,1
2016-08-01,2003-04-25,SO51877,356,11409,7,1,1
2016-08-01,2003-05-14,SO51877,537,11409,7,3,1
2016-08-01,2003-06-14,SO51889,538,27659,1,1,2
2016-08-01,2003-05-01,SO51889,490,27659,1,2,1
2016-08-01,2003-05-07,SO51899,477,16982,4,1,2
2016-08-01,2003-06-05,SO51899,214,16982,4,2,1
2016-08-01,2003-07-17,SO51899,232,16982,4,3,1
2016-08-01,2003-06-14,SO51918,477,22330,4,3,2
2016-08-01,2003-06-01,SO51918,479,22330,4,2,2
2016-08-01,2003-05-08,SO51918,487,22330,4,4,1
2016-08-01,2003-06-27,SO51918,606,22330,4,1,1
2016-08-01,2003-05-06,SO51921,214,16392,7,2,1
2016-08-01,2003-04-26,SO51921,577,16392,7,1,1
2016-08-01,2003-04-10,SO51893,536,23556,1,1,2
2016-08-01,2003-04-23,SO51919,538,22284,4,2,3
2016-08-01,2003-04-30,SO51919,529,22284,4,3,2
2016-08-01,2003-07-01,SO51919,215,22284,4,4,1
2016-08-01,2003-04-24,SO51919,606,22284,4,1,1
2016-08-01,2003-05-29,SO51895,480,24994,4,2,1
2016-08-01,2003-06-25,SO51895,540,24994,4,1,1
2016-08-01,2003-06-13,SO51910,480,14079,6,2,2
2016-08-01,2003-06-28,SO51910,537,14079,6,1,1
2016-08-01,2003-06-29,SO51896,536,15856,6,1,3
2016-08-01,2003-04-12,SO51896,480,15856,6,3,2
2016-08-01,2003-06-24,SO51896,528,15856,6,2,2
2016-08-01,2003-04-03,SO51903,539,19344,8,1,2
2016-08-01,2003-07-13,SO51903,480,19344,8,2,1
2016-08-01,2003-07-04,SO51903,486,19344,8,3,1
2016-08-01,2003-06-27,SO51907,530,16192,10,1,2
2016-08-01,2003-04-23,SO51907,462,16192,10,2,1
2016-08-01,2003-04-07,SO51883,215,15138,9,1,1
2016-08-01,2003-07-10,SO51908,529,12392,10,2,2
2016-08-01,2003-07-10,SO51908,538,12392,10,1,2
2016-08-01,2003-04-04,SO51915,529,20200,1,2,3
2016-08-01,2003-06-15,SO51915,379,20200,1,1,1
2016-08-01,2003-04-10,SO51915,540,20200,1,3,1
2016-08-01,2003-06-22,SO51912,537,13015,1,1,1
2016-08-01,2003-05-30,SO51906,541,23962,7,1,3
2016-08-01,2003-06-29,SO51894,462,14567,6,4,2
2016-08-01,2003-07-04,SO51894,529,14567,6,2,2
2016-08-01,2003-05-24,SO51894,215,14567,6,3,1
2016-08-01,2003-07-08,SO51894,540,14567,6,1,1
2016-08-01,2003-06-26,SO51911,480,11746,1,3,2
2016-08-01,2003-06-05,SO51911,528,11746,1,2,2
2016-08-01,2003-05-02,SO51911,537,11746,1,1,1
2016-08-01,2003-06-24,SO51917,479,28311,9,2,2
2016-08-01,2003-06-22,SO51917,573,28311,9,1,1
2016-08-01,2003-05-07,SO51897,477,13199,6,1,2
2016-08-01,2003-04-15,SO51897,478,13199,6,2,2
2016-08-01,2003-05-20,SO51897,484,13199,6,3,2
2016-08-01,2003-07-04,SO51881,480,21407,9,3,2
2016-08-01,2003-06-06,SO51881,528,21407,9,1,2
2016-08-01,2003-05-23,SO51881,537,21407,9,2,1
2016-08-01,2003-05-04,SO51920,539,19413,1,2,2
2016-08-01,2003-04-05,SO51920,385,19413,1,1,1
2016-08-02,2003-05-11,SO51935,530,26584,1,2,2
2016-08-02,2003-05-21,SO51935,541,26584,1,1,2
2016-08-02,2003-06-28,SO51938,540,24741,1,1,1
2016-08-02,2003-06-03,SO51957,528,12061,6,2,2
2016-08-02,2003-06-23,SO51957,214,12061,6,3,1
2016-08-02,2003-07-05,SO51957,537,12061,6,1,1
2016-08-02,2003-05-21,SO51929,489,17062,9,1,1
2016-08-02,2003-04-15,SO51925,477,11091,6,2,2
2016-08-02,2003-06-18,SO51925,479,11091,6,1,2
2016-08-02,2003-06-28,SO51947,215,16781,4,2,1
2016-08-02,2003-06-05,SO51947,462,16781,4,3,1
2016-08-02,2003-05-05,SO51947,477,16781,4,1,1
2016-08-02,2003-05-05,SO51944,477,18454,4,2,2
2016-08-02,2003-04-30,SO51944,473,18454,4,1,1
2016-08-02,2003-07-11,SO51954,477,20958,8,1,2
2016-08-02,2003-07-09,SO51954,472,20958,8,2,1
2016-08-02,2003-05-06,SO51932,223,12098,1,1,2
2016-08-02,2003-05-08,SO51934,484,28237,4,3,2
2016-08-02,2003-04-23,SO51934,529,28237,4,1,2
2016-08-02,2003-05-20,SO51934,538,28237,4,2,2
2016-08-02,2003-04-20,SO51942,478,11223,6,1,2
2016-08-02,2003-05-04,SO51942,487,11223,6,2,1
2016-08-02,2003-05-13,SO51959,480,11296,1,3,3
2016-08-02,2003-07-03,SO51959,485,11296,1,2,2
2016-08-02,2003-04-19,SO51959,358,11296,1,1,1
2016-08-02,2003-05-05,SO51936,214,11287,6,3,1
2016-08-02,2003-04-08,SO51936,462,11287,6,4,1
2016-08-02,2003-05-11,SO51936,529,11287,6,2,1
2016-08-02,2003-04-15,SO51936,540,11287,6,1,1
2016-08-02,2003-05-17,SO51924,484,28607,1,1,2
2016-08-02,2003-06-01,SO51945,481,18835,4,2,2
2016-08-02,2003-05-30,SO51945,476,18835,4,1,1
2016-08-02,2003-05-27,SO51931,484,13615,9,1,2
2016-08-02,2003-04-22,SO51948,480,15319,4,2,2
2016-08-02,2003-04-10,SO51948,528,15319,4,1,1
2016-08-02,2003-05-16,SO51953,529,25310,8,1,2
2016-08-02,2003-06-05,SO51953,538,25310,8,2,2
2016-08-02,2003-07-06,SO51953,215,25310,8,3,1
2016-08-02,2003-05-03,SO51950,485,22818,10,3,3
2016-08-02,2003-06-09,SO51950,536,22818,10,1,2
2016-08-02,2003-07-13,SO51950,528,22818,10,2,1
2016-08-02,2003-07-13,SO51937,464,17374,6,4,2
2016-08-02,2003-04-10,SO51937,535,17374,6,1,2
2016-08-02,2003-07-04,SO51937,214,17374,6,3,1
2016-08-02,2003-04-19,SO51937,528,17374,6,2,1
2016-08-02,2003-06-28,SO51923,485,11420,7,2,2
2016-08-02,2003-06-25,SO51923,220,11420,7,3,1
2016-08-02,2003-05-30,SO51923,354,11420,7,1,1
2016-08-02,2003-06-27,SO51952,477,24094,10,1,3
2016-08-02,2003-04-07,SO51952,215,24094,10,2,1
2016-08-02,2003-06-10,SO51946,477,12054,6,1,2
2016-08-02,2003-05-12,SO51946,483,12054,6,2,1
2016-08-02,2003-04-30,SO51964,477,18309,9,3,2
2016-08-02,2003-04-19,SO51964,479,18309,9,2,2
2016-08-02,2003-05-21,SO51964,373,18309,9,1,1
2016-08-02,2003-05-23,SO51964,487,18309,9,4,1
2016-08-02,2003-05-10,SO51955,530,13582,10,1,2
2016-08-02,2003-07-02,SO51955,541,13582,10,2,2
2016-08-02,2003-05-15,SO51955,214,13582,10,3,1
2016-08-02,2003-07-10,SO51926,529,14557,9,2,2
2016-08-02,2003-06-21,SO51926,539,14557,9,1,2
2016-08-02,2003-05-11,SO51926,214,14557,9,3,1
2016-08-02,2003-06-11,SO51963,477,24063,7,3,2
2016-08-02,2003-06-08,SO51963,479,24063,7,2,2
2016-08-02,2003-05-27,SO51963,215,24063,7,4,1
2016-08-02,2003-07-06,SO51963,562,24063,7,1,1
2016-08-02,2003-05-19,SO51927,528,25811,9,1,3
2016-08-02,2003-07-14,SO51927,464,25811,9,4,2
2016-08-02,2003-06-17,SO51927,485,25811,9,2,2
2016-08-02,2003-05-22,SO51927,220,25811,9,3,1
2016-08-02,2003-04-07,SO51939,536,23670,1,1,3
2016-08-02,2003-06-13,SO51939,484,23670,1,3,2
2016-08-02,2003-04-17,SO51939,528,23670,1,2,2
2016-08-02,2003-06-24,SO51933,480,11276,6,3,2
2016-08-02,2003-04-29,SO51933,529,11276,6,1,2
2016-08-02,2003-07-02,SO51933,539,11276,6,2,2
2016-08-02,2003-06-15,SO51943,462,12077,6,3,2
2016-08-02,2003-06-09,SO51943,478,12077,6,1,1
2016-08-02,2003-05-18,SO51943,487,12077,6,2,1
2016-08-02,2003-05-21,SO51922,220,24611,9,3,1
2016-08-02,2003-07-03,SO51922,381,24611,9,1,1
2016-08-02,2003-04-25,SO51922,471,24611,9,2,1
2016-08-02,2003-06-23,SO51949,528,16041,7,2,2
2016-08-02,2003-05-13,SO51949,535,16041,7,1,2
2016-08-02,2003-06-20,SO51949,214,16041,7,3,1
2016-08-02,2003-07-01,SO51930,214,15766,9,1,1
2016-08-02,2003-07-02,SO51961,605,26749,9,1,1
2016-08-02,2003-06-23,SO51928,477,29307,9,2,3
2016-08-02,2003-06-07,SO51928,478,29307,9,1,2
2016-08-02,2003-06-11,SO51956,480,29393,7,2,3
2016-08-02,2003-06-13,SO51956,538,29393,7,1,2
2016-08-02,2003-07-07,SO51958,484,20183,1,2,2
2016-08-02,2003-06-07,SO51958,373,20183,1,1,1
2016-08-02,2003-06-13,SO51951,484,24839,8,3,2
2016-08-02,2003-04-04,SO51951,529,24839,8,1,2
2016-08-02,2003-05-22,SO51951,538,24839,8,2,2
2016-08-02,2003-04-27,SO51941,223,20537,4,3,2
2016-08-02,2003-05-20,SO51941,477,20537,4,2,2
2016-08-02,2003-04-15,SO51941,478,20537,4,1,2
2016-08-02,2003-06-18,SO51960,223,12283,10,1,3
2016-08-02,2003-07-08,SO51960,577,12283,10,2,1
2016-08-02,2003-05-05,SO51940,477,14291,6,2,2
2016-08-02,2003-06-01,SO51940,478,14291,6,1,2
2016-08-02,2003-07-02,SO51940,215,14291,6,3,1
2016-08-03,2003-07-12,SO51996,485,14245,1,1,2
2016-08-03,2003-07-08,SO51996,220,14245,1,2,1
2016-08-03,2003-05-03,SO51999,223,25799,10,2,2
2016-08-03,2003-04-08,SO51999,477,25799,10,1,2
2016-08-03,2003-05-03,SO52012,215,14150,10,2,1
2016-08-03,2003-04-09,SO52012,568,14150,10,1,1
2016-08-03,2003-05-11,SO52007,476,13883,4,2,1
2016-08-03,2003-05-18,SO52007,588,13883,4,1,1
2016-08-03,2003-04-16,SO52001,530,13574,8,1,2
2016-08-03,2003-06-08,SO52001,214,13574,8,2,1
2016-08-03,2003-04-29,SO51990,466,12165,6,4,3
2016-08-03,2003-07-13,SO51990,477,12165,6,2,3
2016-08-03,2003-05-09,SO51990,478,12165,6,1,2
2016-08-03,2003-04-11,SO51990,483,12165,6,3,1
2016-08-03,2003-04-06,SO51989,477,21918,4,1,2
2016-08-03,2003-07-07,SO51989,478,21918,4,2,2
2016-08-03,2003-07-07,SO51989,490,21918,4,3,1
2016-08-03,2003-04-26,SO51968,483,13171,4,1,1
2016-08-03,2003-05-26,SO52011,528,12053,4,2,3
2016-08-03,2003-05-04,SO52011,214,12053,4,4,1
2016-08-03,2003-06-09,SO52011,352,12053,4,1,1
2016-08-03,2003-04-28,SO52011,537,12053,4,3,1
2016-08-03,2003-05-28,SO51991,229,11212,6,2,1
2016-08-03,2003-07-17,SO51991,476,11212,6,1,1
2016-08-03,2003-06-01,SO51985,530,27066,4,1,2
2016-08-03,2003-04-05,SO51985,541,27066,4,2,2
2016-08-03,2003-05-14,SO52008,482,11818,4,4,2
2016-08-03,2003-06-25,SO52008,485,11818,4,2,2
2016-08-03,2003-04-14,SO52008,229,11818,4,3,1
2016-08-03,2003-06-15,SO52008,362,11818,4,1,1
2016-08-03,2003-04-21,SO51998,480,17882,10,3,2
2016-08-03,2003-06-18,SO51998,528,17882,10,1,2
2016-08-03,2003-07-02,SO51998,535,17882,10,2,1
2016-08-03,2003-06-04,SO51974,220,15136,9,1,1
2016-08-03,2003-06-08,SO51995,485,16227,4,1,2
2016-08-03,2003-06-07,SO51995,223,16227,4,3,1
2016-08-03,2003-04-16,SO51995,229,16227,4,2,1
2016-08-03,2003-05-17,SO51973,528,22846,9,2,2
2016-08-03,2003-06-08,SO51973,215,22846,9,3,1
2016-08-03,2003-04-15,SO51973,537,22846,9,1,1
2016-08-03,2003-06-03,SO51971,477,16609,9,4,2
2016-08-03,2003-05-03,SO51971,478,16609,9,3,2
2016-08-03,2003-07-06,SO51971,536,16609,9,1,2
2016-08-03,2003-04-28,SO51971,214,16609,9,5,1
2016-08-03,2003-06-19,SO51971,528,16609,9,2,1
2016-08-03,2003-05-03,SO52003,528,15507,6,2,2
2016-08-03,2003-07-11,SO52003,483,15507,6,3,1
2016-08-03,2003-05-16,SO52003,537,15507,6,1,1
2016-08-03,2003-05-23,SO51992,232,18987,1,2,1
2016-08-03,2003-04-09,SO51992,475,18987,1,1,1
2016-08-03,2003-05-26,SO51978,477,19969,9,1,2
2016-08-03,2003-06-21,SO51978,479,19969,9,2,2
2016-08-03,2003-05-06,SO51978,491,19969,9,3,1
2016-08-03,2003-06-19,SO51983,538,11641,6,1,2
2016-08-03,2003-07-15,SO51980,490,11502,6,1,1
2016-08-03,2003-05-14,SO52018,375,18470,9,1,1
2016-08-03,2003-05-21,SO51965,529,18250,9,2,2
2016-08-03,2003-04-28,SO51965,375,18250,9,1,1
2016-08-03,2003-05-28,SO51965,540,18250,9,3,1
2016-08-03,2003-06-12,SO51987,478,16097,6,1,2
2016-08-03,2003-06-15,SO51997,528,18174,7,1,2
2016-08-03,2003-07-17,SO51997,480,18174,7,2,1
2016-08-03,2003-05-06,SO52015,214,22282,1,2,1
2016-08-03,2003-05-03,SO52015,605,22282,1,1,1
2016-08-03,2003-04-28,SO51969,480,14052,9,2,2
2016-08-03,2003-05-27,SO51969,535,14052,9,1,2
2016-08-03,2003-07-14,SO52010,480,11323,4,4,2
2016-08-03,2003-04-14,SO52010,528,11323,4,2,2
2016-08-03,2003-07-06,SO52010,362,11323,4,1,1
2016-08-03,2003-05-04,SO52010,486,11323,4,5,1
2016-08-03,2003-07-08,SO52010,537,11323,4,3,1
2016-08-03,2003-07-05,SO52005,220,21652,6,3,1
2016-08-03,2003-06-05,SO52005,485,21652,6,2,1
2016-08-03,2003-05-22,SO52005,598,21652,6,1,1
2016-08-03,2003-04-22,SO51977,223,18191,9,1,2
2016-08-03,2003-06-29,SO52004,535,15562,1,2,2
2016-08-03,2003-06-19,SO52004,597,15562,1,1,1
2016-08-03,2003-04-20,SO51979,215,19477,10,3,1
2016-08-03,2003-06-24,SO51979,375,19477,10,1,1
2016-08-03,2003-05-05,SO51979,487,19477,10,2,1
2016-08-03,2003-06-10,SO51984,538,18329,6,1,3
2016-08-03,2003-05-05,SO51984,480,18329,6,2,1
2016-08-03,2003-05-29,SO52000,464,27942,7,2,2
2016-08-03,2003-05-15,SO52000,530,27942,7,1,2
2016-08-03,2003-04-18,SO51986,529,15478,6,1,3
2016-08-03,2003-04-11,SO51986,480,15478,6,3,1
2016-08-03,2003-07-12,SO51986,540,15478,6,2,1
2016-08-03,2003-04-06,SO52016,220,19403,4,2,1
2016-08-03,2003-07-04,SO52016,381,19403,4,1,1
2016-08-03,2003-06-08,SO51988,477,13491,6,2,2
2016-08-03,2003-06-30,SO51988,478,13491,6,1,1
2016-08-03,2003-04-21,SO51994,484,16334,1,3,2
2016-08-03,2003-04-26,SO51994,485,16334,1,1,1
2016-08-03,2003-06-10,SO51994,487,16334,1,2,1
2016-08-03,2003-06-30,SO51970,223,17305,9,3,3
2016-08-03,2003-04-29,SO51970,529,17305,9,2,2
2016-08-03,2003-06-28,SO51970,539,17305,9,1,2
2016-08-03,2003-04-08,SO51970,486,17305,9,4,1
2016-08-03,2003-04-23,SO51967,462,12807,8,5,2
2016-08-03,2003-06-05,SO51967,477,12807,8,2,2
2016-08-03,2003-04-16,SO51967,478,12807,8,3,2
2016-08-03,2003-07-10,SO51967,356,12807,8,1,1
2016-08-03,2003-05-11,SO51967,491,12807,8,4,1
2016-08-03,2003-05-30,SO51966,223,13540,8,5,2
2016-08-03,2003-05-18,SO51966,477,13540,8,3,2
2016-08-03,2003-05-16,SO51966,478,13540,8,4,2
2016-08-03,2003-05-24,SO51966,220,13540,8,6,1
2016-08-03,2003-05-23,SO51966,354,13540,8,1,1
2016-08-03,2003-05-23,SO51966,485,13540,8,2,1
2016-08-03,2003-05-01,SO52017,480,12131,7,4,2
2016-08-03,2003-05-08,SO52017,530,12131,7,3,2
2016-08-03,2003-07-11,SO52017,541,12131,7,2,2
2016-08-03,2003-05-26,SO52017,561,12131,7,1,1
2016-08-03,2003-06-24,SO51972,537,21176,9,1,1
2016-08-03,2003-04-27,SO52006,375,20204,4,1,1
2016-08-03,2003-06-26,SO52006,540,20204,4,2,1
2016-08-03,2003-06-19,SO51975,462,11763,9,1,1
2016-08-03,2003-05-23,SO51976,223,17074,9,1,3
2016-08-03,2003-06-14,SO51976,226,17074,9,2,1
2016-08-03,2003-06-02,SO52014,536,16664,9,2,2
2016-08-03,2003-04-20,SO52014,588,16664,9,1,1
2016-08-03,2003-07-05,SO51981,490,11673,1,1,1
2016-08-03,2003-05-30,SO52009,485,11830,4,2,3
2016-08-03,2003-07-16,SO52009,220,11830,4,3,1
2016-08-03,2003-07-18,SO52009,360,11830,4,1,1
2016-08-03,2003-04-05,SO51993,474,27502,6,1,1
2016-08-04,2003-04-27,SO52027,530,27981,9,1,2
2016-08-04,2003-07-10,SO52027,214,27981,9,2,1
2016-08-04,2003-05-29,SO52048,480,19781,6,2,2
2016-08-04,2003-07-12,SO52048,528,19781,6,1,2
2016-08-04,2003-06-12,SO52038,536,23466,1,1,1
2016-08-04,2003-05-04,SO52045,480,15476,4,2,2
2016-08-04,2003-07-03,SO52045,528,15476,4,1,2
2016-08-04,2003-05-28,SO52039,477,21762,1,2,3
2016-08-04,2003-07-11,SO52039,478,21762,1,1,3
2016-08-04,2003-06-11,SO52039,223,21762,1,4,1
2016-08-04,2003-04-11,SO52039,487,21762,1,3,1
2016-08-04,2003-04-13,SO52057,215,12060,6,3,1
2016-08-04,2003-05-13,SO52057,352,12060,6,1,1
2016-08-04,2003-06-27,SO52057,472,12060,6,2,1
2016-08-04,2003-04-26,SO52059,567,25749,7,1,1
2016-08-04,2003-05-23,SO52025,485,18293,9,1,3
2016-08-04,2003-05-24,SO52025,477,18293,9,3,2
2016-08-04,2003-05-06,SO52025,478,18293,9,2,2
2016-08-04,2003-04-17,SO52025,220,18293,9,4,1
2016-08-04,2003-05-14,SO52060,529,18699,9,3,2
2016-08-04,2003-05-25,SO52060,539,18699,9,2,2
2016-08-04,2003-04-07,SO52060,582,18699,9,1,1
2016-08-04,2003-05-16,SO52062,223,25146,1,1,2
2016-08-04,2003-05-17,SO52062,579,25146,1,2,1
2016-08-04,2003-05-31,SO52019,477,23411,9,3,2
2016-08-04,2003-07-04,SO52019,381,23411,9,1,1
2016-08-04,2003-06-28,SO52019,479,23411,9,2,1
2016-08-04,2003-07-09,SO52052,477,25801,10,1,2
2016-08-04,2003-06-27,SO52064,226,17976,8,2,1
2016-08-04,2003-06-03,SO52064,579,17976,8,1,1
2016-08-04,2003-05-15,SO52032,486,16406,10,2,1
2016-08-04,2003-06-20,SO52032,588,16406,10,1,1
2016-08-04,2003-05-02,SO52030,484,11125,9,1,3
2016-08-04,2003-07-03,SO52054,528,11207,1,2,3
2016-08-04,2003-05-26,SO52054,220,11207,1,3,1
2016-08-04,2003-05-21,SO52054,537,11207,1,1,1
2016-08-04,2003-05-30,SO52049,528,13818,7,2,3
2016-08-04,2003-05-14,SO52049,537,13818,7,1,1
2016-08-04,2003-05-17,SO52041,476,15413,6,1,1
2016-08-04,2003-05-22,SO52041,488,15413,6,2,1
2016-08-04,2003-06-16,SO52044,223,17276,1,3,2
2016-08-04,2003-05-13,SO52044,477,17276,1,1,2
2016-08-04,2003-04-27,SO52044,489,17276,1,2,1
2016-08-04,2003-05-18,SO52058,477,11325,1,4,3
2016-08-04,2003-07-18,SO52058,485,11325,1,2,3
2016-08-04,2003-07-01,SO52058,478,11325,1,3,2
2016-08-04,2003-04-06,SO52058,356,11325,1,1,1
2016-08-04,2003-05-21,SO52058,487,11325,1,5,1
2016-08-04,2003-04-12,SO52058,489,11325,1,6,1
2016-08-04,2003-05-02,SO52024,477,19087,9,3,2
2016-08-04,2003-07-12,SO52024,478,19087,9,2,2
2016-08-04,2003-06-10,SO52024,485,19087,9,1,2
2016-08-04,2003-05-05,SO52035,223,11300,6,1,2
2016-08-04,2003-07-02,SO52035,540,11300,6,2,1
2016-08-04,2003-05-02,SO52043,528,16384,4,1,2
2016-08-04,2003-04-29,SO52043,480,16384,4,2,1
2016-08-04,2003-04-11,SO52022,354,11488,10,1,1
2016-08-04,2003-04-07,SO52022,480,11488,10,2,1
2016-08-04,2003-07-15,SO52040,466,16848,6,2,2
2016-08-04,2003-06-11,SO52040,475,16848,6,1,1
2016-08-04,2003-04-09,SO52020,480,11344,10,2,2
2016-08-04,2003-05-05,SO52020,360,11344,10,1,1
2016-08-04,2003-05-02,SO52042,466,23559,6,3,2
2016-08-04,2003-06-26,SO52042,528,23559,6,1,2
2016-08-04,2003-06-29,SO52042,220,23559,6,2,1
2016-08-04,2003-04-06,SO52046,528,20130,6,1,2
2016-08-04,2003-07-13,SO52050,477,21861,7,1,2
2016-08-04,2003-05-07,SO52050,215,21861,7,2,1
2016-08-04,2003-05-02,SO52033,223,16427,10,4,3
2016-08-04,2003-06-16,SO52033,477,16427,10,3,2
2016-08-04,2003-06-26,SO52033,478,16427,10,2,1
2016-08-04,2003-05-27,SO52033,589,16427,10,1,1
2016-08-04,2003-07-19,SO52053,528,11723,6,2,2
2016-08-04,2003-04-22,SO52053,537,11723,6,1,1
2016-08-04,2003-05-05,SO52051,529,20142,7,1,2
2016-08-04,2003-05-25,SO52047,485,20492,6,1,2
2016-08-04,2003-07-20,SO52047,235,20492,6,2,1
2016-08-04,2003-06-18,SO52056,488,18960,4,2,1
2016-08-04,2003-07-08,SO52056,594,18960,4,1,1
2016-08-04,2003-05-02,SO52037,535,26199,4,1,2
2016-08-04,2003-05-29,SO52036,528,25337,1,1,2
2016-08-04,2003-04-22,SO52036,535,25337,1,2,2
2016-08-04,2003-04-10,SO52029,478,24494,9,1,1
2016-08-04,2003-04-09,SO52031,480,19088,9,1,2
2016-08-04,2003-05-21,SO52055,477,13234,1,3,2
2016-08-04,2003-04-28,SO52055,478,13234,1,2,2
2016-08-04,2003-05-20,SO52055,485,13234,1,1,2
2016-08-04,2003-05-26,SO52061,220,20158,9,2,1
2016-08-04,2003-05-15,SO52061,584,20158,9,1,1
2016-08-04,2003-05-14,SO52021,485,12806,8,2,2
2016-08-04,2003-07-20,SO52021,226,12806,8,3,1
2016-08-04,2003-07-17,SO52021,362,12806,8,1,1
2016-08-04,2003-07-01,SO52023,220,11500,6,1,1
2016-08-04,2003-05-23,SO52028,528,26132,9,1,2
2016-08-04,2003-06-30,SO52028,214,26132,9,2,1
2016-08-04,2003-06-04,SO52026,477,29287,9,1,2
2016-08-04,2003-05-07,SO52063,220,19532,4,2,1
2016-08-04,2003-07-11,SO52063,229,19532,4,3,1
2016-08-04,2003-06-20,SO52063,381,19532,4,1,1
2016-08-05,2003-07-16,SO52067,484,12197,4,1,2
2016-08-05,2003-04-11,SO52096,529,20050,7,1,3
2016-08-05,2003-07-12,SO52096,487,20050,7,2,1
2016-08-05,2003-04-09,SO52095,485,13872,1,1,2
2016-08-05,2003-04-25,SO52095,486,13872,1,2,1
2016-08-05,2003-06-12,SO52080,536,23690,4,1,3
2016-08-05,2003-07-09,SO52080,481,23690,4,2,2
2016-08-05,2003-07-04,SO52106,220,24660,4,2,1
2016-08-05,2003-07-16,SO52106,563,24660,4,1,1
2016-08-05,2003-06-05,SO52073,226,12247,9,1,1
2016-08-05,2003-05-10,SO52069,538,20453,9,1,1
2016-08-05,2003-04-24,SO52105,477,11522,1,3,2
2016-08-05,2003-05-22,SO52105,478,11522,1,2,2
2016-08-05,2003-05-10,SO52105,360,11522,1,1,1
2016-08-05,2003-05-13,SO52082,528,23831,1,1,3
2016-08-05,2003-06-27,SO52082,536,23831,1,2,3
2016-08-05,2003-06-12,SO52082,220,23831,1,3,1
2016-08-05,2003-04-30,SO52075,541,27624,4,1,2
2016-08-05,2003-06-07,SO52094,480,15861,4,2,3
2016-08-05,2003-05-15,SO52094,528,15861,4,1,1
2016-08-05,2003-07-17,SO52097,484,15617,7,4,3
2016-08-05,2003-05-01,SO52097,485,15617,7,3,2
2016-08-05,2003-05-13,SO52097,528,15617,7,2,2
2016-08-05,2003-06-01,SO52097,535,15617,7,1,1
2016-08-05,2003-06-25,SO52093,477,17685,1,1,3
2016-08-05,2003-05-16,SO52098,484,28908,10,3,3
2016-08-05,2003-04-10,SO52098,538,28908,10,1,2
2016-08-05,2003-06-17,SO52098,529,28908,10,2,1
2016-08-05,2003-06-02,SO52100,530,27184,8,1,3
2016-08-05,2003-05-05,SO52100,220,27184,8,2,1
2016-08-05,2003-06-11,SO52100,229,27184,8,3,1
2016-08-05,2003-07-16,SO52102,477,12724,8,2,3
2016-08-05,2003-06-24,SO52102,478,12724,8,1,2
2016-08-05,2003-05-03,SO52085,477,14561,6,2,2
2016-08-05,2003-04-10,SO52085,478,14561,6,1,2
2016-08-05,2003-07-06,SO52085,214,14561,6,3,1
2016-08-05,2003-05-23,SO52103,485,21618,6,2,2
2016-08-05,2003-07-06,SO52103,598,21618,6,1,1
2016-08-05,2003-05-27,SO52083,536,11300,6,1,3
2016-08-05,2003-07-08,SO52083,480,11300,6,2,2
2016-08-05,2003-05-16,SO52101,485,16964,6,1,2
2016-08-05,2003-05-21,SO52070,538,20237,9,1,2
2016-08-05,2003-07-16,SO52104,480,11327,4,4,2
2016-08-05,2003-07-01,SO52104,528,11327,4,3,2
2016-08-05,2003-05-16,SO52104,358,11327,4,1,1
2016-08-05,2003-07-15,SO52104,537,11327,4,2,1
2016-08-05,2003-04-15,SO52078,214,25439,4,3,1
2016-08-05,2003-05-07,SO52078,529,25439,4,1,1
2016-08-05,2003-07-12,SO52078,540,25439,4,2,1
2016-08-05,2003-04-10,SO52089,475,18935,4,1,1
2016-08-05,2003-04-08,SO52084,477,14446,6,2,2
2016-08-05,2003-04-09,SO52084,478,14446,6,1,2
2016-08-05,2003-05-18,SO52091,476,15157,6,1,1
2016-08-05,2003-07-05,SO52091,489,15157,6,2,1
2016-08-05,2003-05-19,SO52090,481,18889,1,2,2
2016-08-05,2003-04-23,SO52090,474,18889,1,1,1
2016-08-05,2003-05-27,SO52071,528,21366,9,1,2
2016-08-05,2003-06-07,SO52071,215,21366,9,2,1
2016-08-05,2003-05-19,SO52068,528,13635,9,2,2
2016-08-05,2003-06-02,SO52068,535,13635,9,1,2
2016-08-05,2003-04-12,SO52068,480,13635,9,3,1
2016-08-05,2003-07-11,SO52066,223,12533,1,3,2
2016-08-05,2003-06-01,SO52066,477,12533,1,2,2
2016-08-05,2003-05-07,SO52066,479,12533,1,1,2
2016-08-05,2003-04-13,SO52066,232,12533,1,4,1
2016-08-05,2003-04-18,SO52077,529,24652,1,1,2
2016-08-05,2003-06-16,SO52077,487,24652,1,3,1
2016-08-05,2003-06-16,SO52077,540,24652,1,2,1
2016-08-05,2003-05-03,SO52072,477,11113,9,2,2
2016-08-05,2003-07-04,SO52072,478,11113,9,1,2
2016-08-05,2003-07-14,SO52072,215,11113,9,3,1
2016-08-05,2003-05-06,SO52087,223,19713,1,2,2
2016-08-05,2003-06-28,SO52087,475,19713,1,1,1
2016-08-05,2003-06-04,SO52088,478,13860,6,1,2
2016-08-05,2003-05-26,SO52088,477,13860,6,2,1
2016-08-05,2003-04-24,SO52081,480,25045,1,3,2
2016-08-05,2003-05-14,SO52081,529,25045,1,2,1
2016-08-05,2003-07-09,SO52081,540,25045,1,1,1
2016-08-05,2003-06-02,SO52079,529,24486,4,1,2
2016-08-05,2003-07-05,SO52079,540,24486,4,2,1
2016-08-05,2003-06-18,SO52074,466,11211,6,3,2
2016-08-05,2003-05-23,SO52074,530,11211,6,1,2
2016-08-05,2003-07-09,SO52074,220,11211,6,2,1
2016-08-05,2003-07-11,SO52076,529,28226,1,2,2
2016-08-05,2003-05-12,SO52076,538,28226,1,1,2
2016-08-05,2003-05-13,SO52076,220,28226,1,3,1
2016-08-05,2003-06-30,SO52092,475,27415,6,1,1
2016-08-05,2003-06-06,SO52065,215,23311,9,2,1
2016-08-05,2003-06-20,SO52065,381,23311,9,1,1
2016-08-05,2003-05-17,SO52086,478,20681,4,1,3
2016-08-06,2003-07-04,SO52128,480,26195,4,2,2
2016-08-06,2003-07-22,SO52128,535,26195,4,1,2
2016-08-06,2003-04-24,SO52131,475,18775,1,1,1
2016-08-06,2003-05-02,SO52107,214,18272,9,2,1
2016-08-06,2003-04-12,SO52107,377,18272,9,1,1
2016-08-06,2003-05-28,SO52145,528,12708,4,2,2
2016-08-06,2003-06-06,SO52145,214,12708,4,3,1
2016-08-06,2003-06-26,SO52145,537,12708,4,1,1
2016-08-06,2003-07-17,SO52129,485,17027,6,3,2
2016-08-06,2003-07-10,SO52129,528,17027,6,1,2
2016-08-06,2003-05-08,SO52129,535,17027,6,2,2
2016-08-06,2003-06-13,SO52149,214,28720,9,2,1
2016-08-06,2003-06-11,SO52149,563,28720,9,1,1
2016-08-06,2003-05-29,SO52113,214,11277,6,1,1
2016-08-06,2003-05-19,SO52135,485,15820,1,1,3
2016-08-06,2003-07-21,SO52135,235,15820,1,2,1
2016-08-06,2003-05-28,SO52111,220,11547,7,2,1
2016-08-06,2003-06-12,SO52111,362,11547,7,1,1
2016-08-06,2003-04-19,SO52121,477,24093,10,2,3
2016-08-06,2003-05-28,SO52121,223,24093,10,4,2
2016-08-06,2003-06-05,SO52121,479,24093,10,3,2
2016-08-06,2003-07-22,SO52121,379,24093,10,1,1
2016-08-06,2003-04-18,SO52123,483,12176,1,1,1
2016-08-06,2003-07-17,SO52120,489,22693,7,2,1
2016-08-06,2003-06-20,SO52120,582,22693,7,1,1
2016-08-06,2003-04-15,SO52142,538,19346,10,1,3
2016-08-06,2003-06-28,SO52125,464,11738,6,2,2
2016-08-06,2003-05-04,SO52125,535,11738,6,1,1
2016-08-06,2003-04-25,SO52150,462,22276,4,3,2
2016-08-06,2003-07-22,SO52150,215,22276,4,2,1
2016-08-06,2003-06-11,SO52150,606,22276,4,1,1
2016-08-06,2003-07-08,SO52112,223,11496,10,4,2
2016-08-06,2003-06-19,SO52112,478,11496,10,2,2
2016-08-06,2003-04-27,SO52112,214,11496,10,3,1
2016-08-06,2003-04-27,SO52112,235,11496,10,5,1
2016-08-06,2003-05-27,SO52112,358,11496,10,1,1
2016-08-06,2003-07-16,SO52108,477,11394,10,3,2
2016-08-06,2003-04-26,SO52108,478,11394,10,2,2
2016-08-06,2003-06-16,SO52108,484,11394,10,4,2
2016-08-06,2003-06-02,SO52108,352,11394,10,1,1
2016-08-06,2003-07-20,SO52114,539,15592,9,1,2
2016-08-06,2003-06-07,SO52144,528,11868,6,2,3
2016-08-06,2003-04-19,SO52144,485,11868,6,3,2
2016-08-06,2003-05-23,SO52144,537,11868,6,1,1
2016-08-06,2003-05-11,SO52117,476,22028,9,1,1
2016-08-06,2003-04-29,SO52134,528,16511,10,1,2
2016-08-06,2003-07-14,SO52134,220,16511,10,2,1
2016-08-06,2003-05-25,SO52136,464,13510,7,2,2
2016-08-06,2003-07-22,SO52136,476,13510,7,1,1
2016-08-06,2003-05-30,SO52152,223,23224,10,3,2
2016-08-06,2003-05-01,SO52152,381,23224,10,1,1
2016-08-06,2003-06-22,SO52152,490,23224,10,2,1
2016-08-06,2003-06-11,SO52126,535,26489,4,1,2
2016-08-06,2003-05-10,SO52138,529,27331,10,1,2
2016-08-06,2003-06-18,SO52140,529,26852,8,1,3
2016-08-06,2003-05-21,SO52140,538,26852,8,2,2
2016-08-06,2003-06-04,SO52140,214,26852,8,3,1
2016-08-06,2003-05-27,SO52140,491,26852,8,4,1
2016-08-06,2003-07-06,SO52109,220,11416,7,2,1
2016-08-06,2003-04-10,SO52109,362,11416,7,1,1
2016-08-06,2003-06-30,SO52118,480,25923,9,2,2
2016-08-06,2003-05-28,SO52118,529,25923,9,1,2
2016-08-06,2003-05-10,SO52127,529,11176,6,2,2
2016-08-06,2003-05-10,SO52127,220,11176,6,3,1
2016-08-06,2003-05-17,SO52127,540,11176,6,1,1
2016-08-06,2003-04-21,SO52141,538,26989,8,1,3
2016-08-06,2003-07-21,SO52141,529,26989,8,2,2
2016-08-06,2003-04-28,SO52143,480,13663,8,2,2
2016-08-06,2003-05-18,SO52143,484,13663,8,3,2
2016-08-06,2003-04-20,SO52143,530,13663,8,1,2
2016-08-06,2003-05-19,SO52146,485,12089,6,2,2
2016-08-06,2003-04-15,SO52146,362,12089,6,1,1
2016-08-06,2003-07-12,SO52148,220,22950,9,2,1
2016-08-06,2003-07-05,SO52148,583,22950,9,1,1
2016-08-06,2003-05-10,SO52133,481,16953,4,2,3
2016-08-06,2003-05-02,SO52133,477,16953,4,1,2
2016-08-06,2003-05-22,SO52115,480,21883,9,3,3
2016-08-06,2003-06-06,SO52115,528,21883,9,2,2
2016-08-06,2003-07-11,SO52115,537,21883,9,1,1
2016-08-06,2003-05-19,SO52124,480,27040,2,2,2
2016-08-06,2003-06-11,SO52124,530,27040,2,1,2
2016-08-06,2003-04-23,SO52151,387,27800,10,1,1
2016-08-06,2003-05-07,SO52132,223,18664,1,2,2
2016-08-06,2003-07-02,SO52132,477,18664,1,1,2
2016-08-06,2003-07-21,SO52116,530,27968,9,1,2
2016-08-06,2003-04-14,SO52116,214,27968,9,2,1
2016-08-06,2003-04-16,SO52137,223,21120,8,3,2
2016-08-06,2003-05-14,SO52137,477,21120,8,1,2
2016-08-06,2003-06-25,SO52137,220,21120,8,2,1
2016-08-06,2003-04-10,SO52110,528,12742,8,3,2
2016-08-06,2003-04-09,SO52110,214,12742,8,4,1
2016-08-06,2003-06-28,SO52110,352,12742,8,1,1
2016-08-06,2003-05-21,SO52110,537,12742,8,2,1
2016-08-06,2003-07-21,SO52147,484,11302,1,4,2
2016-08-06,2003-07-13,SO52147,485,11302,1,3,2
2016-08-06,2003-06-23,SO52147,362,11302,1,1,1
2016-08-06,2003-05-30,SO52147,537,11302,1,2,1
2016-08-06,2003-05-20,SO52139,480,21840,10,3,3
2016-08-06,2003-06-13,SO52139,529,21840,10,2,2
2016-08-06,2003-05-03,SO52139,539,21840,10,1,2
2016-08-06,2003-05-02,SO52119,529,13138,9,1,2
2016-08-06,2003-06-28,SO52130,478,22338,4,1,2
2016-08-06,2003-06-19,SO52130,477,22338,4,2,1
2016-08-06,2003-06-12,SO52130,489,22338,4,3,1
2016-08-06,2003-06-04,SO52122,223,11700,4,2,2
2016-08-06,2003-05-28,SO52122,488,11700,4,1,1
2016-08-07,2003-07-12,SO52200,480,12984,6,2,2
2016-08-07,2003-06-04,SO52200,537,12984,6,1,1
2016-08-07,2003-06-03,SO52171,480,15172,6,3,2
2016-08-07,2003-05-30,SO52171,530,15172,6,2,2
2016-08-07,2003-04-10,SO52171,541,15172,6,1,2
2016-08-07,2003-06-15,SO52183,484,17506,4,2,2
2016-08-07,2003-05-25,SO52183,477,17506,4,1,1
2016-08-07,2003-04-26,SO52188,215,15430,1,2,1
2016-08-07,2003-07-10,SO52188,528,15430,1,1,1
2016-08-07,2003-07-02,SO52165,528,16617,9,1,2
2016-08-07,2003-04-22,SO52165,536,16617,9,2,2
2016-08-07,2003-05-26,SO52165,214,16617,9,3,1
2016-08-07,2003-04-14,SO52178,466,16870,6,3,2
2016-08-07,2003-05-01,SO52178,477,16870,6,2,2
2016-08-07,2003-06-28,SO52178,478,16870,6,1,2
2016-08-07,2003-05-11,SO52170,541,12795,6,1,2
2016-08-07,2003-07-04,SO52172,529,24989,1,2,2
2016-08-07,2003-07-21,SO52172,540,24989,1,1,1
2016-08-07,2003-06-23,SO52187,484,18110,4,2,3
2016-08-07,2003-06-15,SO52187,477,18110,4,1,2
2016-08-07,2003-05-08,SO52193,485,15278,4,1,2
2016-08-07,2003-07-07,SO52193,214,15278,4,2,1
2016-08-07,2003-07-21,SO52209,480,29388,7,4,2
2016-08-07,2003-07-03,SO52209,529,29388,7,3,2
2016-08-07,2003-07-06,SO52209,538,29388,7,2,2
2016-08-07,2003-05-15,SO52209,604,29388,7,1,1
2016-08-07,2003-04-14,SO52194,481,16209,7,2,2
2016-08-07,2003-07-19,SO52194,485,16209,7,1,2
2016-08-07,2003-05-21,SO52206,223,17514,9,4,2
2016-08-07,2003-06-13,SO52206,477,17514,9,3,2
2016-08-07,2003-05-03,SO52206,478,17514,9,2,2
2016-08-07,2003-07-04,SO52206,600,17514,9,1,1
2016-08-07,2003-07-10,SO52203,484,12058,4,3,2
2016-08-07,2003-06-23,SO52203,360,12058,4,1,1
2016-08-07,2003-07-09,SO52203,487,12058,4,2,1
2016-08-07,2003-07-02,SO52166,477,28533,9,1,2
2016-08-07,2003-05-22,SO52198,538,12502,10,1,2
2016-08-07,2003-05-30,SO52198,214,12502,10,3,1
2016-08-07,2003-06-27,SO52198,529,12502,10,2,1
2016-08-07,2003-07-01,SO52156,477,16703,9,2,2
2016-08-07,2003-06-06,SO52156,479,16703,9,3,2
2016-08-07,2003-05-09,SO52156,373,16703,9,1,1
2016-08-07,2003-05-25,SO52156,487,16703,9,4,1
2016-08-07,2003-06-21,SO52175,466,26017,4,4,2
2016-08-07,2003-06-17,SO52175,528,26017,4,1,2
2016-08-07,2003-05-12,SO52175,535,26017,4,2,2
2016-08-07,2003-05-28,SO52175,215,26017,4,3,1
2016-08-07,2003-04-21,SO52160,528,11422,10,3,3
2016-08-07,2003-07-19,SO52160,362,11422,10,1,1
2016-08-07,2003-05-20,SO52160,537,11422,10,2,1
2016-08-07,2003-06-15,SO52210,477,18308,9,3,2
2016-08-07,2003-07-04,SO52210,480,18308,9,4,2
2016-08-07,2003-04-15,SO52210,375,18308,9,1,1
2016-08-07,2003-06-14,SO52210,479,18308,9,2,1
2016-08-07,2003-06-14,SO52205,477,18700,9,2,2
2016-08-07,2003-04-15,SO52205,215,18700,9,4,1
2016-08-07,2003-04-17,SO52205,479,18700,9,3,1
2016-08-07,2003-05-29,SO52205,583,18700,9,1,1
2016-08-07,2003-05-17,SO52164,484,11119,9,3,3
2016-08-07,2003-06-26,SO52164,480,11119,9,2,2
2016-08-07,2003-06-19,SO52164,535,11119,9,1,2
2016-08-07,2003-07-04,SO52192,528,21339,6,1,2
2016-08-07,2003-06-13,SO52192,214,21339,6,2,1
2016-08-07,2003-05-19,SO52185,223,24746,6,1,2
2016-08-07,2003-06-19,SO52185,477,24746,6,2,2
2016-08-07,2003-05-25,SO52186,214,16814,4,2,1
2016-08-07,2003-04-14,SO52186,477,16814,4,1,1
2016-08-07,2003-04-14,SO52163,214,11978,4,1,1
2016-08-07,2003-05-25,SO52157,381,24609,9,1,1
2016-08-07,2003-05-16,SO52173,528,26278,1,1,3
2016-08-07,2003-06-23,SO52173,535,26278,1,2,2
2016-08-07,2003-07-18,SO52181,477,13732,6,1,2
2016-08-07,2003-07-21,SO52202,485,11526,6,2,2
2016-08-07,2003-07-22,SO52202,215,11526,6,3,1
2016-08-07,2003-05-03,SO52202,356,11526,6,1,1
2016-08-07,2003-07-12,SO52155,371,18254,9,1,1
2016-08-07,2003-04-25,SO52176,536,18677,6,1,1
2016-08-07,2003-06-15,SO52195,481,15821,4,2,2
2016-08-07,2003-05-06,SO52195,485,15821,4,1,2
2016-08-07,2003-04-29,SO52177,529,23729,4,1,2
2016-08-07,2003-04-12,SO52177,214,23729,4,3,1
2016-08-07,2003-06-12,SO52177,540,23729,4,2,1
2016-08-07,2003-04-16,SO52189,528,15257,1,1,3
2016-08-07,2003-06-19,SO52189,214,15257,1,2,1
2016-08-07,2003-07-02,SO52161,485,11381,10,2,3
2016-08-07,2003-05-08,SO52161,354,11381,10,1,1
2016-08-07,2003-05-19,SO52199,541,27323,7,1,3
2016-08-07,2003-05-12,SO52199,530,27323,7,2,2
2016-08-07,2003-05-28,SO52199,235,27323,7,3,1
2016-08-07,2003-05-08,SO52207,477,11056,9,2,2
2016-08-07,2003-07-09,SO52207,478,11056,9,3,2
2016-08-07,2003-07-10,SO52207,352,11056,9,1,1
2016-08-07,2003-06-28,SO52207,462,11056,9,5,1
2016-08-07,2003-07-04,SO52207,489,11056,9,4,1
2016-08-07,2003-04-24,SO52184,476,27400,6,1,1
2016-08-07,2003-04-29,SO52162,484,11380,8,4,3
2016-08-07,2003-04-12,SO52162,477,11380,8,3,2
2016-08-07,2003-06-26,SO52162,478,11380,8,2,2
2016-08-07,2003-04-29,SO52162,362,11380,8,1,1
2016-08-07,2003-07-20,SO52162,483,11380,8,5,1
2016-08-07,2003-05-20,SO52204,229,17647,7,2,1
2016-08-07,2003-04-21,SO52204,586,17647,7,1,1
2016-08-07,2003-06-17,SO52190,528,14761,4,1,2
2016-08-07,2003-04-12,SO52190,215,14761,4,2,1
2016-08-07,2003-05-27,SO52191,528,23070,6,1,2
2016-08-07,2003-06-15,SO52180,474,19727,1,1,1
2016-08-07,2003-07-19,SO52182,235,19168,1,2,1
2016-08-07,2003-06-15,SO52182,476,19168,1,1,1
2016-08-07,2003-04-11,SO52197,480,28730,10,2,2
2016-08-07,2003-07-10,SO52197,538,28730,10,1,2
2016-08-07,2003-05-05,SO52168,235,13790,8,2,1
2016-08-07,2003-05-16,SO52168,589,13790,8,1,1
2016-08-07,2003-06-03,SO52196,488,17993,8,2,1
2016-08-07,2003-04-26,SO52196,539,17993,8,1,1
2016-08-07,2003-05-16,SO52154,477,18251,9,3,3
2016-08-07,2003-06-26,SO52154,479,18251,9,2,2
2016-08-07,2003-07-01,SO52154,373,18251,9,1,1
2016-08-07,2003-04-12,SO52153,371,13521,9,1,1
2016-08-07,2003-04-14,SO52201,480,18962,4,3,2
2016-08-07,2003-05-09,SO52201,535,18962,4,2,2
2016-08-07,2003-05-08,SO52201,596,18962,4,1,1
2016-08-07,2003-06-19,SO52208,529,21603,1,3,2
2016-08-07,2003-06-15,SO52208,538,21603,1,2,2
2016-08-07,2003-06-01,SO52208,480,21603,1,4,1
2016-08-07,2003-05-04,SO52208,606,21603,1,1,1
2016-08-07,2003-07-06,SO52167,479,19499,10,2,3
2016-08-07,2003-04-20,SO52167,477,19499,10,3,2
2016-08-07,2003-06-07,SO52167,215,19499,10,4,1
2016-08-07,2003-06-11,SO52167,371,19499,10,1,1
2016-08-07,2003-04-30,SO52158,480,24613,9,3,2
2016-08-07,2003-06-02,SO52158,539,24613,9,2,2
2016-08-07,2003-04-28,SO52158,387,24613,9,1,1
2016-08-07,2003-05-05,SO52179,477,23249,1,2,2
2016-08-07,2003-07-11,SO52179,478,23249,1,1,2
2016-08-07,2003-06-12,SO52179,215,23249,1,3,1
2016-08-07,2003-05-28,SO52159,477,11996,9,3,2
2016-08-07,2003-06-17,SO52159,484,11996,9,5,2
2016-08-07,2003-05-08,SO52159,479,11996,9,2,1
2016-08-07,2003-07-15,SO52159,487,11996,9,4,1
2016-08-07,2003-05-05,SO52159,578,11996,9,1,1
2016-08-08,2003-04-24,SO52230,529,24497,1,2,2
2016-08-08,2003-05-24,SO52230,215,24497,1,3,1
2016-08-08,2003-05-01,SO52230,540,24497,1,1,1
2016-08-08,2003-07-14,SO52264,529,16886,1,3,2
2016-08-08,2003-06-23,SO52264,539,16886,1,2,2
2016-08-08,2003-05-23,SO52264,580,16886,1,1,1
2016-08-08,2003-07-09,SO52272,214,24522,4,3,1
2016-08-08,2003-05-23,SO52272,472,24522,4,2,1
2016-08-08,2003-05-22,SO52272,564,24522,4,1,1
2016-08-08,2003-06-14,SO52261,480,13758,6,3,1
2016-08-08,2003-06-08,SO52261,528,13758,6,2,1
2016-08-08,2003-06-20,SO52261,537,13758,6,1,1
2016-08-08,2003-06-12,SO52224,479,23635,10,2,2
2016-08-08,2003-06-18,SO52224,375,23635,10,1,1
2016-08-08,2003-06-13,SO52215,223,12931,4,1,2
2016-08-08,2003-04-20,SO52218,528,21887,9,2,1
2016-08-08,2003-06-10,SO52218,537,21887,9,1,1
2016-08-08,2003-04-16,SO52267,477,11529,1,5,2
2016-08-08,2003-06-01,SO52267,478,11529,1,3,2
2016-08-08,2003-05-30,SO52267,485,11529,1,2,2
2016-08-08,2003-05-05,SO52267,223,11529,1,4,1
2016-08-08,2003-05-18,SO52267,352,11529,1,1,1
2016-08-08,2003-04-29,SO52219,464,27978,9,2,2
2016-08-08,2003-06-16,SO52219,530,27978,9,1,2
2016-08-08,2003-06-18,SO52255,480,26861,7,3,2
2016-08-08,2003-06-20,SO52255,530,26861,7,2,2
2016-08-08,2003-05-11,SO52255,541,26861,7,1,2
2016-08-08,2003-05-29,SO52239,476,19733,1,1,1
2016-08-08,2003-05-09,SO52214,214,11483,7,2,1
2016-08-08,2003-07-18,SO52214,356,11483,7,1,1
2016-08-08,2003-04-17,SO52246,223,13508,7,2,2
2016-08-08,2003-07-03,SO52246,235,13508,7,3,1
2016-08-08,2003-05-31,SO52246,475,13508,7,1,1
2016-08-08,2003-05-08,SO52259,466,17701,10,1,2
2016-08-08,2003-05-05,SO52259,530,17701,10,2,2
2016-08-08,2003-06-22,SO52258,214,23235,10,2,1
2016-08-08,2003-05-18,SO52258,530,23235,10,1,1
2016-08-08,2003-06-21,SO52227,530,26598,1,1,2
2016-08-08,2003-04-26,SO52227,541,26598,1,2,2
2016-08-08,2003-06-25,SO52268,479,25752,7,2,3
2016-08-08,2003-06-09,SO52268,477,25752,7,3,1
2016-08-08,2003-07-12,SO52268,569,25752,7,1,1
2016-08-08,2003-07-18,SO52263,485,12965,4,1,2
2016-08-08,2003-07-23,SO52263,215,12965,4,2,1
2016-08-08,2003-07-05,SO52260,223,26233,8,3,2
2016-08-08,2003-07-19,SO52260,530,26233,8,1,2
2016-08-08,2003-04-10,SO52260,214,26233,8,2,1
2016-08-08,2003-05-14,SO52228,480,24820,1,3,2
2016-08-08,2003-04-26,SO52228,529,24820,1,2,2
2016-08-08,2003-04-18,SO52228,540,24820,1,1,1
2016-08-08,2003-04-22,SO52226,530,26788,4,2,3
2016-08-08,2003-06-17,SO52226,480,26788,4,3,2
2016-08-08,2003-06-18,SO52226,541,26788,4,1,2
2016-08-08,2003-04-28,SO52216,480,15140,9,2,2
2016-08-08,2003-07-05,SO52216,539,15140,9,1,2
2016-08-08,2003-05-06,SO52277,462,21041,7,4,3
2016-08-08,2003-06-30,SO52277,538,21041,7,2,3
2016-08-08,2003-05-28,SO52277,529,21041,7,3,2
2016-08-08,2003-05-14,SO52277,604,21041,7,1,1
2016-08-08,2003-07-17,SO52233,480,23452,4,2,3
2016-08-08,2003-05-28,SO52233,536,23452,4,1,2
2016-08-08,2003-05-27,SO52245,220,16018,4,2,1
2016-08-08,2003-05-20,SO52245,232,16018,4,3,1
2016-08-08,2003-05-16,SO52245,528,16018,4,1,1
2016-08-08,2003-05-03,SO52220,214,13998,9,1,1
2016-08-08,2003-07-10,SO52220,223,13998,9,2,1
2016-08-08,2003-05-19,SO52220,491,13998,9,3,1
2016-08-08,2003-05-11,SO52238,223,20696,1,4,2
2016-08-08,2003-05-07,SO52238,477,20696,1,1,2
2016-08-08,2003-04-19,SO52238,478,20696,1,2,2
2016-08-08,2003-06-18,SO52238,235,20696,1,3,1
2016-08-08,2003-05-21,SO52271,215,11055,9,4,1
2016-08-08,2003-04-20,SO52271,352,11055,9,1,1
2016-08-08,2003-05-04,SO52271,528,11055,9,3,1
2016-08-08,2003-06-25,SO52271,537,11055,9,2,1
2016-08-08,2003-04-29,SO52265,477,15558,1,2,2
2016-08-08,2003-05-31,SO52265,478,15558,1,3,2
2016-08-08,2003-05-26,SO52265,594,15558,1,1,1
2016-08-08,2003-05-06,SO52212,371,18275,9,1,1
2016-08-08,2003-05-13,SO52252,535,21507,10,1,2
2016-08-08,2003-06-17,SO52251,485,13372,1,1,2
2016-08-08,2003-07-19,SO52251,487,13372,1,2,1
2016-08-08,2003-05-26,SO52232,536,22038,4,2,3
2016-08-08,2003-04-19,SO52232,477,22038,4,4,2
2016-08-08,2003-06-29,SO52232,478,22038,4,3,2
2016-08-08,2003-06-11,SO52232,528,22038,4,1,2
2016-08-08,2003-04-13,SO52232,220,22038,4,5,1
2016-08-08,2003-06-08,SO52235,477,23277,4,1,2
2016-08-08,2003-05-21,SO52235,478,23277,4,2,2
2016-08-08,2003-05-31,SO52235,484,23277,4,3,2
2016-08-08,2003-06-25,SO52236,536,23050,1,1,3
2016-08-08,2003-07-13,SO52236,528,23050,1,2,2
2016-08-08,2003-07-01,SO52236,214,23050,1,3,1
2016-08-08,2003-06-11,SO52250,485,13360,4,1,2
2016-08-08,2003-05-21,SO52250,220,13360,4,2,1
2016-08-08,2003-06-19,SO52240,477,26505,6,1,2
2016-08-08,2003-05-13,SO52240,487,26505,6,2,1
2016-08-08,2003-05-13,SO52217,528,17078,9,2,3
2016-08-08,2003-05-16,SO52217,536,17078,9,1,2
2016-08-08,2003-07-09,SO52217,214,17078,9,3,1
2016-08-08,2003-07-09,SO52217,488,17078,9,4,1
2016-08-08,2003-04-29,SO52270,528,11947,9,3,2
2016-08-08,2003-07-09,SO52270,535,11947,9,2,2
2016-08-08,2003-07-07,SO52270,215,11947,9,4,1
2016-08-08,2003-06-27,SO52270,591,11947,9,1,1
2016-08-08,2003-04-20,SO52274,477,24529,4,3,2
2016-08-08,2003-05-20,SO52274,479,24529,4,2,2
2016-08-08,2003-07-07,SO52274,563,24529,4,1,1
2016-08-08,2003-05-03,SO52221,489,17291,9,1,1
2016-08-08,2003-04-22,SO52248,477,14704,7,3,2
2016-08-08,2003-07-12,SO52248,485,14704,7,2,2
2016-08-08,2003-07-12,SO52248,528,14704,7,1,2
2016-08-08,2003-06-05,SO52248,478,14704,7,4,1
2016-08-08,2003-07-08,SO52248,488,14704,7,5,1
2016-08-08,2003-06-26,SO52223,529,19493,10,3,2
2016-08-08,2003-06-29,SO52223,220,19493,10,4,1
2016-08-08,2003-05-01,SO52223,371,19493,10,1,1
2016-08-08,2003-06-23,SO52223,540,19493,10,2,1
2016-08-08,2003-06-11,SO52273,480,24528,4,4,3
2016-08-08,2003-07-03,SO52273,530,24528,4,3,2
2016-08-08,2003-04-14,SO52273,541,24528,4,2,2
2016-08-08,2003-06-24,SO52273,562,24528,4,1,1
2016-08-08,2003-07-05,SO52266,480,11885,4,2,2
2016-08-08,2003-05-06,SO52266,356,11885,4,1,1
2016-08-08,2003-05-23,SO52254,480,28392,10,2,2
2016-08-08,2003-05-15,SO52254,538,28392,10,1,2
2016-08-08,2003-06-25,SO52243,528,22544,6,1,3
2016-08-08,2003-07-08,SO52243,480,22544,6,2,2
2016-08-08,2003-05-11,SO52243,483,22544,6,3,1
2016-08-08,2003-04-13,SO52213,214,11410,7,3,1
2016-08-08,2003-05-21,SO52213,232,11410,7,4,1
2016-08-08,2003-04-17,SO52213,358,11410,7,1,1
2016-08-08,2003-05-12,SO52213,537,11410,7,2,1
2016-08-08,2003-06-15,SO52257,530,25697,7,2,2
2016-08-08,2003-05-24,SO52257,541,25697,7,1,2
2016-08-08,2003-04-17,SO52257,220,25697,7,3,1
2016-08-08,2003-06-04,SO52276,223,21059,7,5,2
2016-08-08,2003-04-26,SO52276,477,21059,7,3,2
2016-08-08,2003-06-25,SO52276,479,21059,7,2,2
2016-08-08,2003-04-24,SO52276,490,21059,7,4,1
2016-08-08,2003-05-06,SO52276,604,21059,7,1,1
2016-08-08,2003-04-14,SO52234,536,22163,4,2,3
2016-08-08,2003-04-10,SO52234,480,22163,4,3,2
2016-08-08,2003-07-16,SO52234,528,22163,4,1,2
2016-08-08,2003-06-01,SO52269,561,28719,9,1,1
2016-08-08,2003-06-12,SO52237,478,14604,6,1,3
2016-08-08,2003-07-04,SO52237,223,14604,6,3,2
2016-08-08,2003-05-06,SO52237,477,14604,6,2,2
2016-08-08,2003-06-18,SO52242,477,18102,4,1,2
2016-08-08,2003-05-22,SO52253,480,24550,10,3,2
2016-08-08,2003-06-02,SO52253,528,24550,10,2,2
2016-08-08,2003-06-19,SO52253,536,24550,10,1,2
2016-08-08,2003-06-14,SO52249,485,18871,6,1,2
2016-08-08,2003-04-18,SO52249,220,18871,6,2,1
2016-08-08,2003-06-17,SO52225,539,29014,1,1,3
2016-08-08,2003-05-20,SO52225,529,29014,1,2,2
2016-08-08,2003-06-15,SO52225,214,29014,1,3,1
2016-08-08,2003-06-04,SO52229,541,26573,1,1,2
2016-08-08,2003-06-22,SO52229,214,26573,1,3,1
2016-08-08,2003-07-11,SO52229,530,26573,1,2,1
2016-08-08,2003-05-14,SO52211,479,18482,9,2,3
2016-08-08,2003-07-08,SO52211,375,18482,9,1,1
2016-08-08,2003-05-29,SO52231,540,11712,6,1,1
2016-08-08,2003-05-16,SO52241,223,17447,4,2,3
2016-08-08,2003-07-15,SO52241,477,17447,4,1,2
2016-08-08,2003-06-29,SO52222,529,17629,8,3,2
2016-08-08,2003-06-23,SO52222,539,17629,8,2,2
2016-08-08,2003-07-05,SO52222,580,17629,8,1,1
2016-08-08,2003-06-25,SO52275,477,21609,4,2,2
2016-08-08,2003-04-22,SO52275,479,21609,4,3,2
2016-08-08,2003-06-10,SO52275,584,21609,4,1,1
2016-08-08,2003-05-01,SO52247,475,28456,7,1,1
2016-08-08,2003-05-13,SO52256,480,29425,10,2,2
2016-08-08,2003-05-18,SO52256,538,29425,10,1,2
2016-08-08,2003-07-19,SO52262,478,11793,4,3,2
2016-08-08,2003-07-20,SO52262,485,11793,4,2,2
2016-08-08,2003-06-02,SO52262,537,11793,4,1,1
2016-08-08,2003-04-15,SO52244,528,22154,6,1,3
2016-08-08,2003-07-17,SO52244,478,22154,6,3,2
2016-08-08,2003-04-10,SO52244,485,22154,6,2,2
2016-08-09,2003-05-12,SO52311,477,21868,8,1,2
2016-08-09,2003-04-28,SO52279,223,18249,9,4,2
2016-08-09,2003-07-06,SO52279,477,18249,9,2,2
2016-08-09,2003-06-05,SO52279,479,18249,9,3,2
2016-08-09,2003-07-04,SO52279,371,18249,9,1,1
2016-08-09,2003-05-09,SO52284,484,28604,1,1,1
2016-08-09,2003-06-05,SO52300,541,26807,4,1,3
2016-08-09,2003-06-07,SO52300,530,26807,4,2,2
2016-08-09,2003-07-19,SO52300,214,26807,4,3,1
2016-08-09,2003-04-15,SO52309,480,11566,7,3,2
2016-08-09,2003-05-25,SO52309,530,11566,7,2,2
2016-08-09,2003-06-07,SO52309,541,11566,7,1,2
2016-08-09,2003-04-13,SO52309,486,11566,7,4,1
2016-08-09,2003-07-08,SO52313,541,28409,8,1,3
2016-08-09,2003-07-03,SO52289,477,22839,9,3,2
2016-08-09,2003-05-30,SO52289,478,22839,9,2,2
2016-08-09,2003-06-09,SO52289,480,22839,9,4,2
2016-08-09,2003-05-16,SO52289,485,22839,9,1,2
2016-08-09,2003-04-11,SO52298,462,11198,4,3,2
2016-08-09,2003-06-16,SO52298,529,11198,4,1,2
2016-08-09,2003-04-30,SO52298,215,11198,4,2,1
2016-08-09,2003-07-03,SO52317,464,11350,10,3,3
2016-08-09,2003-07-10,SO52317,477,11350,10,1,2
2016-08-09,2003-05-14,SO52317,479,11350,10,2,2
2016-08-09,2003-07-19,SO52285,535,13158,9,1,3
2016-08-09,2003-04-16,SO52285,528,13158,9,2,2
2016-08-09,2003-07-04,SO52285,215,13158,9,3,1
2016-08-09,2003-05-26,SO52305,477,25335,6,1,2
2016-08-09,2003-06-26,SO52305,487,25335,6,2,1
2016-08-09,2003-04-23,SO52299,530,11212,6,1,2
2016-08-09,2003-04-30,SO52301,478,25839,4,3,3
2016-08-09,2003-05-23,SO52301,535,25839,4,2,3
2016-08-09,2003-04-15,SO52301,223,25839,4,6,2
2016-08-09,2003-07-03,SO52301,477,25839,4,4,2
2016-08-09,2003-06-14,SO52301,528,25839,4,1,2
2016-08-09,2003-06-06,SO52301,491,25839,4,5,1
2016-08-09,2003-05-19,SO52280,215,18288,9,4,1
2016-08-09,2003-04-27,SO52280,373,18288,9,1,1
2016-08-09,2003-04-20,SO52280,529,18288,9,2,1
2016-08-09,2003-05-09,SO52280,540,18288,9,3,1
2016-08-09,2003-06-26,SO52288,536,21391,9,1,1
2016-08-09,2003-07-19,SO52278,220,18484,9,4,1
2016-08-09,2003-04-22,SO52278,377,18484,9,1,1
2016-08-09,2003-05-02,SO52278,529,18484,9,2,1
2016-08-09,2003-06-03,SO52278,540,18484,9,3,1
2016-08-09,2003-05-29,SO52283,223,12091,1,1,1
2016-08-09,2003-06-30,SO52315,223,12327,8,1,2
2016-08-09,2003-07-06,SO52310,541,14208,10,1,3
2016-08-09,2003-06-13,SO52310,466,14208,10,3,2
2016-08-09,2003-07-14,SO52310,530,14208,10,2,2
2016-08-09,2003-06-08,SO52308,480,15443,8,2,3
2016-08-09,2003-07-01,SO52308,528,15443,8,1,2
2016-08-09,2003-06-27,SO52327,529,21021,7,3,3
2016-08-09,2003-07-20,SO52327,538,21021,7,2,2
2016-08-09,2003-07-25,SO52327,472,21021,7,4,1
2016-08-09,2003-06-06,SO52327,584,21021,7,1,1
2016-08-09,2003-07-20,SO52287,480,17284,9,3,2
2016-08-09,2003-04-20,SO52287,529,17284,9,2,2
2016-08-09,2003-06-05,SO52287,539,17284,9,1,2
2016-08-09,2003-06-04,SO52322,528,11216,1,3,2
2016-08-09,2003-05-19,SO52322,214,11216,1,4,1
2016-08-09,2003-07-14,SO52322,362,11216,1,1,1
2016-08-09,2003-06-21,SO52322,537,11216,1,2,1
2016-08-09,2003-04-24,SO52302,529,11724,6,2,3
2016-08-09,2003-06-11,SO52302,215,11724,6,3,1
2016-08-09,2003-04-12,SO52302,540,11724,6,1,1
2016-08-09,2003-05-02,SO52316,215,11438,8,1,1
2016-08-09,2003-07-05,SO52320,480,11678,1,2,2
2016-08-09,2003-07-12,SO52320,354,11678,1,1,1
2016-08-09,2003-05-14,SO52307,528,21412,6,1,2
2016-08-09,2003-06-03,SO52307,487,21412,6,2,1
2016-08-09,2003-06-09,SO52286,223,11146,9,5,2
2016-08-09,2003-04-24,SO52286,477,11146,9,3,2
2016-08-09,2003-05-10,SO52286,478,11146,9,4,2
2016-08-09,2003-07-16,SO52286,528,11146,9,2,2
2016-08-09,2003-06-13,SO52286,535,11146,9,1,2
2016-08-09,2003-06-06,SO52314,480,11260,4,3,2
2016-08-09,2003-05-13,SO52314,528,11260,4,1,2
2016-08-09,2003-05-03,SO52314,537,11260,4,2,1
2016-08-09,2003-07-19,SO52296,214,14951,8,2,1
2016-08-09,2003-07-05,SO52296,599,14951,8,1,1
2016-08-09,2003-04-18,SO52312,477,29428,8,3,3
2016-08-09,2003-07-23,SO52312,479,29428,8,4,3
2016-08-09,2003-06-05,SO52312,530,29428,8,2,2
2016-08-09,2003-04-19,SO52312,541,29428,8,1,1
2016-08-09,2003-06-17,SO52291,480,26032,9,2,2
2016-08-09,2003-06-06,SO52291,528,26032,9,1,2
2016-08-09,2003-06-23,SO52324,477,28535,9,2,2
2016-08-09,2003-06-19,SO52324,479,28535,9,3,2
2016-08-09,2003-05-08,SO52324,220,28535,9,4,1
2016-08-09,2003-04-19,SO52324,575,28535,9,1,1
2016-08-09,2003-05-20,SO52326,479,21602,1,2,3
2016-08-09,2003-05-06,SO52326,605,21602,1,1,1
2016-08-09,2003-05-19,SO52281,477,14051,9,3,2
2016-08-09,2003-07-16,SO52281,479,14051,9,2,2
2016-08-09,2003-06-12,SO52281,481,14051,9,4,2
2016-08-09,2003-06-22,SO52281,579,14051,9,1,1
2016-08-09,2003-07-11,SO52303,536,22980,4,1,3
2016-08-09,2003-06-12,SO52290,528,22848,9,2,2
2016-08-09,2003-05-07,SO52290,537,22848,9,1,1
2016-08-09,2003-05-09,SO52295,220,17107,8,2,1
2016-08-09,2003-05-04,SO52295,581,17107,8,1,1
2016-08-09,2003-07-01,SO52297,220,17715,10,2,1
2016-08-09,2003-04-29,SO52297,229,17715,10,3,1
2016-08-09,2003-06-28,SO52297,593,17715,10,1,1
2016-08-09,2003-04-30,SO52323,462,20152,9,2,2
2016-08-09,2003-04-14,SO52323,606,20152,9,1,1
2016-08-09,2003-05-24,SO52294,583,17096,8,1,1
2016-08-09,2003-04-27,SO52292,235,14317,9,1,1
2016-08-09,2003-04-29,SO52293,530,19584,9,2,2
2016-08-09,2003-06-12,SO52293,487,19584,9,3,1
2016-08-09,2003-05-20,SO52293,541,19584,9,1,1
2016-08-09,2003-06-18,SO52306,477,18095,4,1,2
2016-08-09,2003-06-11,SO52306,488,18095,4,2,1
2016-08-09,2003-05-26,SO52328,484,18302,9,2,2
2016-08-09,2003-07-02,SO52328,371,18302,9,1,1
2016-08-09,2003-05-03,SO52304,477,12202,6,2,2
2016-08-09,2003-05-30,SO52304,478,12202,6,1,2
2016-08-09,2003-07-23,SO52304,215,12202,6,3,1
2016-08-09,2003-06-03,SO52325,214,24669,4,2,1
2016-08-09,2003-05-30,SO52325,575,24669,4,1,1
2016-08-09,2003-05-28,SO52319,485,11324,4,2,2
2016-08-09,2003-05-05,SO52319,235,11324,4,3,1
2016-08-09,2003-04-23,SO52319,360,11324,4,1,1
2016-08-10,2003-07-10,SO52360,485,12050,4,4,2
2016-08-10,2003-06-09,SO52360,528,12050,4,3,2
2016-08-10,2003-04-18,SO52360,354,12050,4,1,1
2016-08-10,2003-04-24,SO52360,471,12050,4,5,1
2016-08-10,2003-04-27,SO52360,537,12050,4,2,1
2016-08-10,2003-05-21,SO52362,604,22301,4,1,1
2016-08-10,2003-05-09,SO52338,480,13944,6,3,2
2016-08-10,2003-06-08,SO52338,541,13944,6,1,2
2016-08-10,2003-04-17,SO52338,530,13944,6,2,1
2016-08-10,2003-07-20,SO52350,528,14512,1,1,2
2016-08-10,2003-07-12,SO52350,214,14512,1,2,1
2016-08-10,2003-06-21,SO52353,535,16539,8,1,2
2016-08-10,2003-04-24,SO52353,477,16539,8,2,1
2016-08-10,2003-05-18,SO52353,491,16539,8,3,1
2016-08-10,2003-07-01,SO52329,477,11480,7,2,2
2016-08-10,2003-07-20,SO52329,478,11480,7,3,2
2016-08-10,2003-07-10,SO52329,358,11480,7,1,1
2016-08-10,2003-04-20,SO52336,530,29040,4,1,2
2016-08-10,2003-04-26,SO52336,214,29040,4,2,1
2016-08-10,2003-06-05,SO52356,477,20981,8,2,2
2016-08-10,2003-05-22,SO52356,471,20981,8,1,1
2016-08-10,2003-05-30,SO52340,480,25849,4,2,2
2016-08-10,2003-06-29,SO52340,535,25849,4,1,2
2016-08-10,2003-04-19,SO52340,484,25849,4,3,1
2016-08-10,2003-07-21,SO52364,223,19443,8,3,2
2016-08-10,2003-05-10,SO52364,214,19443,8,2,1
2016-08-10,2003-06-15,SO52364,383,19443,8,1,1
2016-08-10,2003-06-29,SO52341,536,23824,4,1,3
2016-08-10,2003-04-30,SO52341,214,23824,4,3,1
2016-08-10,2003-05-02,SO52341,528,23824,4,2,1
2016-08-10,2003-07-21,SO52342,485,23695,4,3,2
2016-08-10,2003-07-24,SO52342,528,23695,4,1,2
2016-08-10,2003-07-22,SO52342,536,23695,4,2,2
2016-08-10,2003-06-30,SO52342,215,23695,4,4,1
2016-08-10,2003-06-07,SO52342,223,23695,4,6,1
2016-08-10,2003-06-21,SO52342,226,23695,4,5,1
2016-08-10,2003-06-28,SO52344,477,18569,1,1,2
2016-08-10,2003-05-22,SO52332,480,19087,9,1,2
2016-08-10,2003-06-20,SO52332,484,19087,9,2,2
2016-08-10,2003-05-22,SO52358,462,26414,8,2,2
2016-08-10,2003-06-04,SO52358,530,26414,8,3,2
2016-08-10,2003-06-03,SO52358,541,26414,8,1,2
2016-08-10,2003-04-22,SO52345,223,17540,1,2,2
2016-08-10,2003-06-09,SO52345,477,17540,1,1,2
2016-08-10,2003-06-27,SO52348,480,29130,6,2,2
2016-08-10,2003-04-14,SO52348,528,29130,6,1,2
2016-08-10,2003-07-01,SO52355,528,17771,7,2,2
2016-08-10,2003-06-06,SO52355,220,17771,7,3,1
2016-08-10,2003-07-25,SO52355,536,17771,7,1,1
2016-08-10,2003-04-17,SO52349,477,23679,6,1,2
2016-08-10,2003-07-24,SO52349,214,23679,6,2,1
2016-08-10,2003-04-25,SO52333,489,28333,4,1,1
2016-08-10,2003-06-24,SO52334,480,28971,1,2,2
2016-08-10,2003-04-18,SO52334,539,28971,1,1,2
2016-08-10,2003-05-21,SO52352,480,14145,7,2,2
2016-08-10,2003-04-28,SO52352,485,14145,7,1,1
2016-08-10,2003-07-24,SO52346,223,27441,6,2,3
2016-08-10,2003-06-23,SO52346,475,27441,6,1,1
2016-08-10,2003-05-26,SO52347,477,13285,6,1,2
2016-08-10,2003-06-14,SO52347,484,13285,6,2,1
2016-08-10,2003-06-03,SO52337,529,26272,1,1,2
2016-08-10,2003-04-30,SO52337,538,26272,1,2,2
2016-08-10,2003-06-26,SO52337,214,26272,1,3,1
2016-08-10,2003-06-12,SO52354,528,20138,8,2,2
2016-08-10,2003-06-05,SO52354,536,20138,8,1,2
2016-08-10,2003-04-30,SO52354,220,20138,8,3,1
2016-08-10,2003-05-30,SO52354,232,20138,8,4,1
2016-08-10,2003-05-06,SO52359,537,14604,6,1,1
2016-08-10,2003-06-01,SO52339,528,23784,1,2,2
2016-08-10,2003-07-02,SO52339,536,23784,1,1,2
2016-08-10,2003-06-07,SO52351,480,21581,6,2,2
2016-08-10,2003-05-18,SO52351,485,21581,6,1,2
2016-08-10,2003-04-18,SO52357,529,20944,7,1,3
2016-08-10,2003-06-15,SO52357,471,20944,7,3,1
2016-08-10,2003-06-09,SO52357,486,20944,7,2,1
2016-08-10,2003-05-05,SO52343,476,20343,1,1,1
2016-08-10,2003-05-11,SO52330,223,13668,9,1,2
2016-08-10,2003-04-23,SO52330,475,13668,9,2,1
2016-08-10,2003-06-30,SO52331,223,14053,9,2,1
2016-08-10,2003-06-14,SO52331,235,14053,9,1,1
2016-08-10,2003-05-24,SO52361,479,19771,9,2,3
2016-08-10,2003-05-30,SO52361,477,19771,9,3,2
2016-08-10,2003-07-25,SO52361,220,19771,9,4,1
2016-08-10,2003-07-01,SO52361,584,19771,9,1,1
2016-08-10,2003-07-22,SO52335,480,11284,4,1,2
2016-08-10,2003-04-13,SO52335,484,11284,4,2,2
2016-08-10,2003-06-11,SO52363,538,22289,4,2,2
2016-08-10,2003-06-28,SO52363,606,22289,4,1,1
2016-08-11,2003-07-27,SO52403,223,19534,4,2,2
2016-08-11,2003-04-29,SO52403,235,19534,4,3,1
2016-08-11,2003-04-16,SO52403,385,19534,4,1,1
2016-08-11,2003-06-12,SO52369,223,23629,10,3,2
2016-08-11,2003-07-02,SO52369,477,23629,10,2,2
2016-08-11,2003-04-15,SO52369,479,23629,10,4,2
2016-08-11,2003-05-01,SO52369,375,23629,10,1,1
2016-08-11,2003-06-18,SO52407,375,18307,9,1,1
2016-08-11,2003-04-24,SO52384,464,19695,1,1,2
2016-08-11,2003-05-17,SO52384,475,19695,1,2,1
2016-08-11,2003-06-19,SO52396,528,11666,4,2,2
2016-08-11,2003-07-06,SO52396,214,11666,4,4,1
2016-08-11,2003-06-25,SO52396,362,11666,4,1,1
2016-08-11,2003-05-14,SO52396,537,11666,4,3,1
2016-08-11,2003-05-11,SO52374,223,11631,6,1,2
2016-08-11,2003-07-06,SO52375,529,11631,6,1,2
2016-08-11,2003-04-24,SO52375,484,11631,6,2,1
2016-08-11,2003-04-26,SO52367,528,24890,9,1,2
2016-08-11,2003-05-01,SO52367,215,24890,9,2,1
2016-08-11,2003-07-08,SO52381,480,12061,6,3,2
2016-08-11,2003-05-01,SO52381,536,12061,6,1,2
2016-08-11,2003-05-05,SO52381,528,12061,6,2,1
2016-08-11,2003-07-15,SO52376,466,11843,1,2,2
2016-08-11,2003-05-27,SO52376,229,11843,1,1,1
2016-08-11,2003-05-07,SO52404,214,25612,10,2,1
2016-08-11,2003-06-24,SO52404,584,25612,10,1,1
2016-08-11,2003-07-26,SO52377,480,11711,6,1,2
2016-08-11,2003-07-16,SO52377,484,11711,6,2,2
2016-08-11,2003-04-24,SO52393,530,16584,10,1,2
2016-08-11,2003-05-19,SO52393,214,16584,10,2,1
2016-08-11,2003-06-13,SO52378,480,16133,6,3,2
2016-08-11,2003-05-03,SO52378,529,16133,6,1,2
2016-08-11,2003-05-18,SO52378,540,16133,6,2,1
2016-08-11,2003-06-12,SO52398,477,20159,9,3,2
2016-08-11,2003-05-19,SO52398,479,20159,9,2,2
2016-08-11,2003-04-27,SO52398,214,20159,9,4,1
2016-08-11,2003-04-30,SO52398,584,20159,9,1,1
2016-08-11,2003-05-15,SO52373,535,12035,9,1,2
2016-08-11,2003-05-09,SO52373,220,12035,9,3,1
2016-08-11,2003-05-01,SO52373,528,12035,9,2,1
2016-08-11,2003-04-29,SO52391,477,17630,8,1,2
2016-08-11,2003-06-26,SO52397,478,11683,4,3,3
2016-08-11,2003-05-23,SO52397,223,11683,4,4,2
2016-08-11,2003-07-17,SO52397,477,11683,4,2,2
2016-08-11,2003-06-07,SO52397,358,11683,4,1,1
2016-08-11,2003-06-04,SO52390,480,14866,8,3,2
2016-08-11,2003-06-16,SO52390,529,14866,8,2,2
2016-08-11,2003-07-09,SO52390,539,14866,8,1,2
2016-08-11,2003-06-14,SO52402,538,22288,1,2,2
2016-08-11,2003-05-28,SO52402,605,22288,1,1,1
2016-08-11,2003-07-24,SO52405,481,25626,10,2,2
2016-08-11,2003-05-14,SO52405,605,25626,10,1,1
2016-08-11,2003-06-17,SO52372,480,28301,4,1,2
2016-08-11,2003-05-28,SO52372,486,28301,4,2,1
2016-08-11,2003-04-28,SO52380,480,11200,6,2,2
2016-08-11,2003-05-31,SO52380,486,11200,6,3,1
2016-08-11,2003-05-05,SO52380,540,11200,6,1,1
2016-08-11,2003-06-05,SO52371,480,11527,4,1,2
2016-08-11,2003-07-04,SO52368,223,26141,9,1,2
2016-08-11,2003-05-13,SO52368,476,26141,9,2,1
2016-08-11,2003-07-15,SO52379,529,24393,1,1,1
2016-08-11,2003-05-13,SO52379,540,24393,1,2,1
2016-08-11,2003-04-26,SO52387,480,15198,4,2,2
2016-08-11,2003-05-24,SO52387,528,15198,4,1,2
2016-08-11,2003-04-14,SO52406,562,14426,8,1,1
2016-08-11,2003-07-26,SO52400,477,24523,4,2,2
2016-08-11,2003-05-11,SO52400,479,24523,4,3,2
2016-08-11,2003-05-14,SO52400,481,24523,4,6,2
2016-08-11,2003-07-27,SO52400,215,24523,4,4,1
2016-08-11,2003-06-03,SO52400,235,24523,4,5,1
2016-08-11,2003-05-23,SO52400,576,24523,4,1,1
2016-08-11,2003-04-23,SO52395,215,12374,7,1,1
2016-08-11,2003-04-27,SO52392,529,24561,8,1,2
2016-08-11,2003-07-18,SO52399,606,20157,9,1,1
2016-08-11,2003-05-06,SO52394,480,17628,10,2,2
2016-08-11,2003-06-12,SO52394,530,17628,10,1,1
2016-08-11,2003-04-23,SO52389,528,19080,7,1,3
2016-08-11,2003-04-20,SO52389,535,19080,7,2,1
2016-08-11,2003-06-20,SO52386,223,11331,6,2,3
2016-08-11,2003-07-15,SO52386,477,11331,6,1,2
2016-08-11,2003-06-16,SO52382,480,22365,4,2,2
2016-08-11,2003-06-27,SO52382,536,22365,4,1,2
2016-08-11,2003-05-03,SO52401,214,23750,10,2,1
2016-08-11,2003-05-11,SO52401,385,23750,10,1,1
2016-08-11,2003-06-01,SO52385,474,16666,6,1,1
2016-08-11,2003-07-19,SO52385,488,16666,6,2,1
2016-08-11,2003-06-16,SO52365,536,17251,9,1,3
2016-08-11,2003-05-29,SO52365,528,17251,9,2,2
2016-08-11,2003-07-12,SO52365,215,17251,9,3,1
2016-08-11,2003-07-06,SO52383,477,16085,6,2,2
2016-08-11,2003-04-28,SO52383,478,16085,6,1,2
2016-08-12,2003-05-30,SO52466,564,12316,10,1,1
2016-08-12,2003-05-09,SO52431,477,17368,1,1,1
2016-08-12,2003-04-21,SO52408,375,18252,9,1,1
2016-08-12,2003-04-18,SO52424,480,26468,4,2,2
2016-08-12,2003-06-06,SO52424,535,26468,4,1,2
2016-08-12,2003-04-30,SO52421,529,11234,4,1,2
2016-08-12,2003-07-19,SO52421,220,11234,4,2,1
2016-08-12,2003-06-16,SO52450,491,16888,4,2,1
2016-08-12,2003-04-25,SO52450,580,16888,4,1,1
2016-08-12,2003-05-01,SO52415,223,18290,9,1,2
2016-08-12,2003-06-20,SO52464,466,29398,8,2,2
2016-08-12,2003-07-21,SO52464,605,29398,8,1,1
2016-08-12,2003-06-15,SO52455,223,17983,8,2,1
2016-08-12,2003-06-21,SO52455,579,17983,8,1,1
2016-08-12,2003-06-08,SO52446,480,11212,6,3,3
2016-08-12,2003-05-29,SO52446,528,11212,6,1,2
2016-08-12,2003-04-28,SO52446,537,11212,6,2,1
2016-08-12,2003-04-22,SO52416,480,20839,10,3,2
2016-08-12,2003-07-19,SO52416,539,20839,10,2,1
2016-08-12,2003-07-01,SO52416,583,20839,10,1,1
2016-08-12,2003-06-10,SO52436,480,14465,1,2,2
2016-08-12,2003-04-23,SO52436,528,14465,1,1,2
2016-08-12,2003-05-27,SO52418,479,23618,10,2,3
2016-08-12,2003-05-18,SO52418,464,23618,10,4,2
2016-08-12,2003-07-10,SO52418,477,23618,10,3,2
2016-08-12,2003-05-21,SO52418,375,23618,10,1,1
2016-08-12,2003-05-26,SO52420,488,11091,6,1,1
2016-08-12,2003-05-31,SO52444,528,11635,4,2,2
2016-08-12,2003-06-16,SO52444,537,11635,4,1,1
2016-08-12,2003-07-06,SO52467,577,17964,8,1,1
2016-08-12,2003-05-27,SO52425,480,24829,4,2,2
2016-08-12,2003-05-21,SO52425,540,24829,4,1,1
2016-08-12,2003-06-27,SO52451,466,13060,4,5,2
2016-08-12,2003-06-28,SO52451,477,13060,4,4,2
2016-08-12,2003-05-31,SO52451,478,13060,4,3,2
2016-08-12,2003-05-06,SO52451,485,13060,4,2,2
2016-08-12,2003-07-02,SO52451,594,13060,4,1,1
2016-08-12,2003-07-05,SO52423,480,28764,4,2,2
2016-08-12,2003-06-11,SO52423,539,28764,4,1,2
2016-08-12,2003-05-01,SO52456,474,14101,9,2,1
2016-08-12,2003-07-21,SO52456,587,14101,9,1,1
2016-08-12,2003-07-07,SO52433,482,18757,1,2,2
2016-08-12,2003-07-21,SO52433,475,18757,1,1,1
2016-08-12,2003-05-23,SO52440,538,29451,7,1,3
2016-08-12,2003-06-06,SO52440,529,29451,7,2,2
2016-08-12,2003-04-21,SO52459,479,22328,1,2,2
2016-08-12,2003-05-09,SO52459,605,22328,1,1,1
2016-08-12,2003-07-10,SO52435,482,16119,1,2,2
2016-08-12,2003-06-18,SO52435,528,16119,1,1,1
2016-08-12,2003-04-18,SO52417,486,14087,9,1,1
2016-08-12,2003-05-06,SO52463,529,23225,10,3,2
2016-08-12,2003-06-12,SO52463,215,23225,10,4,1
2016-08-12,2003-06-29,SO52463,383,23225,10,1,1
2016-08-12,2003-06-11,SO52463,539,23225,10,2,1
2016-08-12,2003-05-05,SO52422,480,11287,6,3,3
2016-08-12,2003-07-15,SO52422,529,11287,6,2,2
2016-08-12,2003-04-16,SO52422,539,11287,6,1,2
2016-08-12,2003-07-27,SO52422,484,11287,6,4,1
2016-08-12,2003-07-11,SO52452,481,11307,4,4,3
2016-08-12,2003-05-12,SO52452,485,11307,4,2,2
2016-08-12,2003-06-03,SO52452,214,11307,4,3,1
2016-08-12,2003-06-19,SO52452,354,11307,4,1,1
2016-08-12,2003-06-20,SO52460,538,22275,4,2,2
2016-08-12,2003-05-23,SO52460,491,22275,4,3,1
2016-08-12,2003-07-25,SO52460,604,22275,4,1,1
2016-08-12,2003-04-24,SO52458,477,11457,9,2,2
2016-08-12,2003-04-17,SO52458,478,11457,9,3,2
2016-08-12,2003-06-16,SO52458,232,11457,9,4,1
2016-08-12,2003-07-20,SO52458,360,11457,9,1,1
2016-08-12,2003-07-01,SO52438,477,22491,8,1,2
2016-08-12,2003-06-17,SO52462,462,19531,4,3,2
2016-08-12,2003-07-16,SO52462,214,19531,4,2,1
2016-08-12,2003-05-26,SO52462,385,19531,4,1,1
2016-08-12,2003-07-08,SO52441,541,26904,7,1,2
2016-08-12,2003-06-24,SO52447,485,11691,4,2,3
2016-08-12,2003-05-12,SO52447,481,11691,4,3,2
2016-08-12,2003-06-08,SO52447,537,11691,4,1,1
2016-08-12,2003-06-03,SO52412,539,14231,9,1,2
2016-08-12,2003-06-05,SO52457,464,18701,9,3,2
2016-08-12,2003-06-05,SO52457,488,18701,9,2,1
2016-08-12,2003-06-01,SO52457,582,18701,9,1,1
2016-08-12,2003-07-15,SO52449,223,12643,8,1,2
2016-08-12,2003-05-02,SO52434,477,26348,6,1,2
2016-08-12,2003-07-10,SO52434,215,26348,6,2,1
2016-08-12,2003-07-25,SO52434,229,26348,6,3,1
2016-08-12,2003-06-09,SO52432,229,18583,1,2,1
2016-08-12,2003-06-09,SO52432,475,18583,1,1,1
2016-08-12,2003-04-27,SO52465,479,22462,8,2,2
2016-08-12,2003-06-09,SO52465,477,22462,8,3,1
2016-08-12,2003-05-08,SO52465,604,22462,8,1,1
2016-08-12,2003-06-27,SO52445,480,11620,1,3,2
2016-08-12,2003-05-02,SO52445,528,11620,1,1,2
2016-08-12,2003-06-28,SO52445,537,11620,1,2,1
2016-08-12,2003-06-09,SO52430,477,20391,4,2,2
2016-08-12,2003-06-12,SO52430,481,20391,4,3,2
2016-08-12,2003-04-24,SO52430,478,20391,4,1,1
2016-08-12,2003-04-30,SO52448,480,11637,4,2,2
2016-08-12,2003-06-26,SO52448,537,11637,4,1,1
2016-08-12,2003-07-10,SO52453,480,11531,4,2,2
2016-08-12,2003-05-01,SO52453,362,11531,4,1,1
2016-08-12,2003-07-26,SO52413,480,21190,9,3,2
2016-08-12,2003-04-23,SO52413,528,21190,9,1,2
2016-08-12,2003-07-13,SO52413,537,21190,9,2,1
2016-08-12,2003-05-26,SO52428,480,18604,6,3,2
2016-08-12,2003-04-15,SO52428,528,18604,6,1,2
2016-08-12,2003-05-25,SO52428,536,18604,6,2,2
2016-08-12,2003-05-23,SO52426,480,24516,4,3,2
2016-08-12,2003-04-25,SO52426,529,24516,4,2,2
2016-08-12,2003-07-18,SO52426,540,24516,4,1,1
2016-08-12,2003-06-15,SO52437,528,21111,10,2,3
2016-08-12,2003-07-27,SO52437,480,21111,10,3,2
2016-08-12,2003-05-31,SO52437,536,21111,10,1,2
2016-08-12,2003-07-03,SO52414,529,16608,9,2,2
2016-08-12,2003-06-29,SO52414,220,16608,9,3,1
2016-08-12,2003-06-17,SO52414,540,16608,9,1,1
2016-08-12,2003-05-17,SO52427,535,25844,4,1,2
2016-08-12,2003-05-07,SO52454,477,11243,10,3,3
2016-08-12,2003-06-24,SO52454,479,11243,10,2,2
2016-08-12,2003-04-24,SO52454,489,11243,10,4,1
2016-08-12,2003-05-14,SO52454,565,11243,10,1,1
2016-08-12,2003-07-12,SO52439,477,22455,8,1,2
2016-08-12,2003-05-23,SO52439,466,22455,8,2,1
2016-08-12,2003-05-22,SO52461,223,19409,4,3,2
2016-08-12,2003-04-28,SO52461,387,19409,4,1,1
2016-08-12,2003-07-07,SO52461,491,19409,4,2,1
2016-08-12,2003-05-29,SO52410,478,11250,10,2,2
2016-08-12,2003-04-20,SO52410,214,11250,10,3,1
2016-08-12,2003-06-08,SO52410,360,11250,10,1,1
2016-08-12,2003-06-28,SO52419,215,11619,6,1,1
2016-08-12,2003-05-26,SO52409,485,11412,8,2,3
2016-08-12,2003-05-08,SO52409,477,11412,8,4,2
2016-08-12,2003-04-18,SO52409,478,11412,8,3,2
2016-08-12,2003-04-18,SO52409,215,11412,8,5,1
2016-08-12,2003-06-21,SO52409,360,11412,8,1,1
2016-08-12,2003-06-12,SO52411,480,14053,9,2,2
2016-08-12,2003-04-14,SO52411,535,14053,9,1,2
2016-08-12,2003-04-25,SO52443,485,11233,4,2,2
2016-08-12,2003-06-13,SO52443,220,11233,4,3,1
2016-08-12,2003-05-30,SO52443,223,11233,4,5,1
2016-08-12,2003-04-29,SO52443,229,11233,4,4,1
2016-08-12,2003-04-16,SO52443,537,11233,4,1,1
2016-08-12,2003-04-18,SO52442,538,25645,8,1,1
2016-08-12,2003-04-26,SO52468,477,16713,9,2,2
2016-08-12,2003-07-21,SO52468,479,16713,9,3,2
2016-08-12,2003-04-14,SO52468,375,16713,9,1,1
2016-08-12,2003-07-04,SO52468,487,16713,9,4,1
2016-08-12,2003-06-01,SO52429,536,23088,1,1,3
2016-08-12,2003-06-15,SO52429,480,23088,1,2,2
2016-08-13,2003-05-02,SO52521,235,19405,1,2,1
2016-08-13,2003-06-30,SO52521,387,19405,1,1,1
2016-08-13,2003-04-19,SO52490,536,22090,4,1,2
2016-08-13,2003-07-27,SO52490,480,22090,4,2,1
2016-08-13,2003-07-02,SO52518,477,23172,6,3,2
2016-08-13,2003-06-07,SO52518,479,23172,6,2,2
2016-08-13,2003-06-18,SO52518,480,23172,6,4,2
2016-08-13,2003-06-05,SO52518,578,23172,6,1,1
2016-08-13,2003-07-24,SO52486,484,27996,4,3,2
2016-08-13,2003-06-09,SO52486,487,27996,4,2,1
2016-08-13,2003-05-14,SO52486,530,27996,4,1,1
2016-08-13,2003-05-09,SO52517,462,28673,4,3,2
2016-08-13,2003-05-29,SO52517,215,28673,4,2,1
2016-08-13,2003-06-06,SO52517,585,28673,4,1,1
2016-08-13,2003-05-18,SO52519,480,21332,6,4,2
2016-08-13,2003-05-30,SO52519,529,21332,6,2,2
2016-08-13,2003-05-17,SO52519,538,21332,6,3,2
2016-08-13,2003-07-05,SO52519,604,21332,6,1,1
2016-08-13,2003-04-16,SO52476,475,21382,9,1,1
2016-08-13,2003-04-22,SO52516,477,11946,9,3,2
2016-08-13,2003-05-16,SO52516,478,11946,9,2,2
2016-08-13,2003-06-07,SO52516,597,11946,9,1,1
2016-08-13,2003-06-02,SO52513,478,11618,6,2,3
2016-08-13,2003-05-22,SO52513,477,11618,6,3,2
2016-08-13,2003-07-12,SO52513,214,11618,6,4,1
2016-08-13,2003-04-29,SO52513,352,11618,6,1,1
2016-08-13,2003-06-10,SO52477,478,15579,9,1,2
2016-08-13,2003-06-12,SO52481,232,17975,7,2,1
2016-08-13,2003-07-25,SO52481,587,17975,7,1,1
2016-08-13,2003-07-26,SO52504,477,19327,7,1,2
2016-08-13,2003-06-18,SO52475,529,18885,9,2,2
2016-08-13,2003-07-26,SO52475,538,18885,9,1,2
2016-08-13,2003-05-24,SO52475,220,18885,9,3,1
2016-08-13,2003-07-19,SO52475,226,18885,9,4,1
2016-08-13,2003-06-26,SO52501,528,15330,1,1,2
2016-08-13,2003-07-22,SO52501,214,15330,1,2,1
2016-08-13,2003-07-26,SO52471,223,11953,1,3,3
2016-08-13,2003-06-24,SO52471,479,11953,1,1,2
2016-08-13,2003-07-01,SO52471,477,11953,1,2,1
2016-08-13,2003-06-08,SO52514,356,11675,1,1,1
2016-08-13,2003-06-06,SO52505,480,17092,8,3,2
2016-08-13,2003-06-28,SO52505,528,17092,8,2,2
2016-08-13,2003-05-08,SO52505,536,17092,8,1,2
2016-08-13,2003-06-08,SO52500,528,15469,4,1,2
2016-08-13,2003-06-18,SO52500,214,15469,4,2,1
2016-08-13,2003-05-07,SO52483,220,11223,6,2,1
2016-08-13,2003-06-01,SO52483,529,11223,6,1,1
2016-08-13,2003-06-02,SO52470,215,11414,10,3,1
2016-08-13,2003-06-02,SO52470,223,11414,10,4,1
2016-08-13,2003-06-26,SO52470,356,11414,10,1,1
2016-08-13,2003-06-03,SO52470,537,11414,10,2,1
2016-08-13,2003-07-27,SO52499,528,15414,4,1,2
2016-08-13,2003-05-14,SO52480,214,19455,10,2,1
2016-08-13,2003-04-27,SO52480,379,19455,10,1,1
2016-08-13,2003-07-13,SO52495,226,27283,6,2,1
2016-08-13,2003-05-14,SO52495,474,27283,6,1,1
2016-08-13,2003-07-08,SO52489,529,16097,6,2,2
2016-08-13,2003-06-28,SO52489,540,16097,6,1,1
2016-08-13,2003-07-12,SO52506,529,25627,10,1,3
2016-08-13,2003-07-21,SO52506,223,25627,10,3,2
2016-08-13,2003-05-20,SO52506,220,25627,10,2,1
2016-08-13,2003-07-18,SO52491,536,13095,6,2,2
2016-08-13,2003-04-27,SO52491,214,13095,6,3,1
2016-08-13,2003-07-24,SO52491,528,13095,6,1,1
2016-08-13,2003-04-27,SO52493,474,16005,6,1,1
2016-08-13,2003-05-15,SO52509,485,17601,6,1,3
2016-08-13,2003-04-27,SO52509,478,17601,6,2,2
2016-08-13,2003-06-06,SO52509,473,17601,6,5,1
2016-08-13,2003-04-29,SO52509,477,17601,6,3,1
2016-08-13,2003-05-12,SO52509,487,17601,6,4,1
2016-08-13,2003-06-23,SO52482,528,16324,10,2,2
2016-08-13,2003-04-26,SO52482,536,16324,10,3,2
2016-08-13,2003-05-18,SO52482,215,16324,10,4,1
2016-08-13,2003-05-29,SO52482,590,16324,10,1,1
2016-08-13,2003-05-10,SO52520,223,21309,4,3,2
2016-08-13,2003-07-05,SO52520,389,21309,4,1,1
2016-08-13,2003-06-26,SO52520,491,21309,4,2,1
2016-08-13,2003-07-27,SO52485,538,11820,6,2,3
2016-08-13,2003-05-03,SO52485,529,11820,6,1,2
2016-08-13,2003-06-27,SO52485,220,11820,6,3,1
2016-08-13,2003-05-30,SO52511,528,13854,4,3,2
2016-08-13,2003-06-16,SO52511,536,13854,4,2,2
2016-08-13,2003-06-14,SO52511,589,13854,4,1,1
2016-08-13,2003-04-16,SO52508,530,13815,10,2,2
2016-08-13,2003-07-16,SO52508,541,13815,10,1,2
2016-08-13,2003-06-27,SO52469,223,11406,7,5,2
2016-08-13,2003-05-03,SO52469,477,11406,7,4,2
2016-08-13,2003-06-28,SO52469,478,11406,7,3,2
2016-08-13,2003-06-08,SO52469,485,11406,7,2,2
2016-08-13,2003-07-25,SO52469,352,11406,7,1,1
2016-08-13,2003-07-12,SO52503,215,17105,10,2,1
2016-08-13,2003-04-23,SO52503,528,17105,10,1,1
2016-08-13,2003-05-25,SO52515,480,12052,4,3,2
2016-08-13,2003-07-13,SO52515,354,12052,4,1,1
2016-08-13,2003-06-27,SO52515,537,12052,4,2,1
2016-08-13,2003-05-08,SO52472,462,11176,6,2,3
2016-08-13,2003-07-12,SO52472,220,11176,6,1,1
2016-08-13,2003-05-29,SO52474,528,11113,9,1,2
2016-08-13,2003-06-08,SO52474,535,11113,9,2,2
2016-08-13,2003-07-28,SO52474,485,11113,9,3,1
2016-08-13,2003-05-03,SO52507,480,24141,7,2,2
2016-08-13,2003-06-23,SO52507,484,24141,7,3,2
2016-08-13,2003-05-06,SO52507,530,24141,7,1,2
2016-08-13,2003-07-22,SO52488,464,11642,6,1,2
2016-08-13,2003-06-21,SO52488,535,11642,6,2,2
2016-08-13,2003-05-06,SO52473,214,11276,6,1,1
2016-08-13,2003-07-16,SO52496,477,18384,1,1,2
2016-08-13,2003-05-12,SO52496,220,18384,1,2,1
2016-08-13,2003-05-28,SO52496,472,18384,1,3,1
2016-08-13,2003-07-06,SO52510,485,13339,4,1,2
2016-08-13,2003-06-30,SO52510,482,13339,4,2,1
2016-08-13,2003-04-19,SO52497,466,18687,4,1,2
2016-08-13,2003-07-09,SO52497,474,18687,4,2,1
2016-08-13,2003-06-04,SO52484,480,11331,6,2,2
2016-08-13,2003-06-22,SO52484,539,11331,6,1,2
2016-08-13,2003-06-29,SO52487,530,11331,6,1,3
2016-08-13,2003-05-27,SO52487,487,11331,6,2,1
2016-08-13,2003-05-19,SO52498,475,27420,6,1,1
2016-08-13,2003-07-04,SO52479,223,22620,8,1,2
2016-08-13,2003-05-20,SO52479,592,22620,8,2,1
2016-08-13,2003-06-27,SO52478,487,13138,9,1,1
2016-08-13,2003-05-27,SO52512,480,11016,4,3,2
2016-08-13,2003-04-21,SO52512,362,11016,4,1,1
2016-08-13,2003-06-08,SO52512,537,11016,4,2,1
2016-08-13,2003-07-17,SO52494,223,18967,4,3,3
2016-08-13,2003-05-09,SO52494,474,18967,4,1,1
2016-08-13,2003-05-27,SO52494,489,18967,4,2,1
2016-08-13,2003-05-03,SO52492,477,22052,4,2,2
2016-08-13,2003-07-15,SO52492,478,22052,4,1,1
2016-08-14,2003-07-14,SO52526,480,11115,9,2,2
2016-08-14,2003-05-04,SO52526,535,11115,9,1,2
2016-08-14,2003-07-25,SO52567,354,11329,4,1,1
2016-08-14,2003-06-05,SO52572,477,19529,1,3,2
2016-08-14,2003-06-23,SO52572,479,19529,1,2,2
2016-08-14,2003-05-08,SO52572,220,19529,1,4,1
2016-08-14,2003-05-05,SO52572,387,19529,1,1,1
2016-08-14,2003-06-23,SO52549,477,19277,7,1,2
2016-08-14,2003-06-23,SO52549,220,19277,7,2,1
2016-08-14,2003-04-29,SO52550,478,13596,7,1,2
2016-08-14,2003-06-16,SO52570,477,21647,1,3,2
2016-08-14,2003-07-24,SO52570,479,21647,1,2,2
2016-08-14,2003-06-24,SO52570,487,21647,1,4,1
2016-08-14,2003-06-02,SO52570,584,21647,1,1,1
2016-08-14,2003-07-22,SO52553,529,25547,10,1,2
2016-08-14,2003-06-08,SO52562,485,13275,1,1,2
2016-08-14,2003-06-07,SO52576,214,14940,8,2,1
2016-08-14,2003-05-17,SO52576,576,14940,8,1,1
2016-08-14,2003-06-28,SO52565,215,11831,4,2,1
2016-08-14,2003-05-07,SO52565,352,11831,4,1,1
2016-08-14,2003-05-23,SO52555,530,14814,10,1,2
2016-08-14,2003-05-26,SO52555,541,14814,10,2,2
2016-08-14,2003-05-07,SO52533,480,15631,10,3,2
2016-08-14,2003-05-09,SO52533,536,15631,10,2,2
2016-08-14,2003-07-20,SO52533,590,15631,10,1,1
2016-08-14,2003-05-13,SO52530,476,22167,9,1,1
2016-08-14,2003-07-09,SO52530,490,22167,9,2,1
2016-08-14,2003-05-16,SO52548,485,18145,8,1,2
2016-08-14,2003-06-22,SO52548,226,18145,8,2,1
2016-08-14,2003-06-26,SO52560,485,11231,1,3,2
2016-08-14,2003-07-25,SO52560,528,11231,1,1,1
2016-08-14,2003-07-09,SO52560,537,11231,1,2,1
2016-08-14,2003-05-21,SO52575,477,21061,7,3,3
2016-08-14,2003-07-10,SO52575,479,21061,7,2,1
2016-08-14,2003-07-28,SO52575,490,21061,7,4,1
2016-08-14,2003-04-21,SO52575,605,21061,7,1,1
2016-08-14,2003-05-21,SO52543,481,14359,6,2,2
2016-08-14,2003-07-14,SO52543,476,14359,6,1,1
2016-08-14,2003-07-08,SO52569,477,19766,9,2,2
2016-08-14,2003-05-09,SO52569,214,19766,9,4,1
2016-08-14,2003-05-30,SO52569,479,19766,9,3,1
2016-08-14,2003-05-28,SO52569,606,19766,9,1,1
2016-08-14,2003-06-22,SO52539,223,22055,4,3,2
2016-08-14,2003-05-15,SO52539,477,22055,4,2,2
2016-08-14,2003-05-21,SO52539,478,22055,4,1,2
2016-08-14,2003-05-10,SO52536,528,26123,4,2,2
2016-08-14,2003-07-05,SO52536,535,26123,4,1,2
2016-08-14,2003-06-27,SO52536,215,26123,4,3,1
2016-08-14,2003-04-25,SO52541,464,28631,6,3,3
2016-08-14,2003-07-02,SO52541,235,28631,6,2,1
2016-08-14,2003-06-06,SO52541,476,28631,6,1,1
2016-08-14,2003-05-22,SO52527,480,15720,9,2,2
2016-08-14,2003-05-02,SO52527,484,15720,9,3,2
2016-08-14,2003-05-21,SO52527,539,15720,9,1,2
2016-08-14,2003-06-22,SO52547,480,14644,1,2,2
2016-08-14,2003-05-07,SO52547,528,14644,1,1,1
2016-08-14,2003-05-28,SO52571,477,19402,4,3,2
2016-08-14,2003-07-20,SO52571,479,19402,4,2,2
2016-08-14,2003-07-07,SO52571,389,19402,4,1,1
2016-08-14,2003-07-19,SO52571,483,19402,4,4,1
2016-08-14,2003-04-27,SO52558,480,11065,4,2,2
2016-08-14,2003-07-06,SO52558,486,11065,4,3,1
2016-08-14,2003-04-24,SO52558,537,11065,4,1,1
2016-08-14,2003-06-03,SO52573,584,25616,10,1,1
2016-08-14,2003-06-25,SO52568,477,26667,9,3,1
2016-08-14,2003-07-18,SO52568,479,26667,9,2,1
2016-08-14,2003-05-02,SO52568,491,26667,9,4,1
2016-08-14,2003-06-27,SO52568,605,26667,9,1,1
2016-08-14,2003-07-05,SO52551,464,21003,7,3,2
2016-08-14,2003-07-25,SO52551,529,21003,7,1,2
2016-08-14,2003-06-10,SO52551,538,21003,7,2,2
2016-08-14,2003-04-25,SO52545,480,14901,4,2,2
2016-08-14,2003-04-18,SO52545,528,14901,4,1,2
2016-08-14,2003-05-11,SO52557,530,17786,10,1,2
2016-08-14,2003-04-30,SO52557,214,17786,10,2,1
2016-08-14,2003-04-19,SO52531,223,11965,9,3,2
2016-08-14,2003-07-16,SO52531,529,11965,9,1,2
2016-08-14,2003-05-21,SO52531,490,11965,9,2,1
2016-08-14,2003-05-03,SO52546,528,24415,6,1,2
2016-08-14,2003-07-26,SO52554,529,27002,10,1,2
2016-08-14,2003-07-11,SO52554,215,27002,10,2,1
2016-08-14,2003-06-05,SO52574,606,21030,7,1,1
2016-08-14,2003-06-03,SO52537,528,21252,6,1,2
2016-08-14,2003-07-27,SO52537,535,21252,6,2,2
2016-08-14,2003-07-07,SO52522,223,16514,9,3,2
2016-08-14,2003-05-10,SO52522,387,16514,9,1,1
2016-08-14,2003-06-06,SO52522,490,16514,9,2,1
2016-08-14,2003-07-11,SO52540,478,14582,6,2,3
2016-08-14,2003-04-27,SO52540,477,14582,6,1,1
2016-08-14,2003-05-21,SO52566,477,11227,4,3,2
2016-08-14,2003-05-18,SO52566,478,11227,4,4,2
2016-08-14,2003-07-05,SO52566,485,11227,4,2,2
2016-08-14,2003-06-18,SO52566,360,11227,4,1,1
2016-08-14,2003-05-04,SO52535,480,11176,6,2,2
2016-08-14,2003-07-22,SO52535,538,11176,6,1,2
2016-08-14,2003-07-24,SO52538,535,11176,6,1,3
2016-08-14,2003-07-03,SO52538,235,11176,6,3,1
2016-08-14,2003-07-25,SO52538,528,11176,6,2,1
2016-08-14,2003-06-03,SO52556,530,11404,8,2,2
2016-08-14,2003-06-10,SO52556,541,11404,8,1,2
2016-08-14,2003-06-07,SO52544,477,23682,6,1,2
2016-08-14,2003-07-03,SO52544,487,23682,6,2,1
2016-08-14,2003-06-30,SO52534,477,20861,8,4,2
2016-08-14,2003-06-01,SO52534,478,20861,8,3,2
2016-08-14,2003-06-25,SO52534,485,20861,8,2,2
2016-08-14,2003-05-21,SO52534,588,20861,8,1,1
2016-08-14,2003-04-29,SO52559,530,12837,8,1,2
2016-08-14,2003-04-24,SO52532,480,12370,9,1,2
2016-08-14,2003-06-26,SO52552,530,14156,10,2,3
2016-08-14,2003-04-22,SO52552,541,14156,10,1,2
2016-08-14,2003-07-02,SO52563,485,18986,6,1,2
2016-08-14,2003-07-02,SO52563,215,18986,6,2,1
2016-08-14,2003-05-24,SO52561,481,11500,6,4,3
2016-08-14,2003-04-22,SO52561,528,11500,6,2,2
2016-08-14,2003-05-18,SO52561,215,11500,6,3,1
2016-08-14,2003-07-09,SO52561,537,11500,6,1,1
2016-08-14,2003-04-29,SO52525,480,13668,9,2,3
2016-08-14,2003-06-08,SO52525,535,13668,9,1,2
2016-08-14,2003-04-29,SO52529,538,20255,9,1,2
2016-08-14,2003-07-09,SO52529,489,20255,9,2,1
2016-08-14,2003-05-07,SO52542,223,28101,6,1,2
2016-08-14,2003-06-05,SO52542,474,28101,6,2,1
2016-08-14,2003-06-22,SO52564,229,12367,10,1,1
2016-08-14,2003-07-01,SO52523,485,12123,10,2,2
2016-08-14,2003-07-11,SO52523,354,12123,10,1,1
2016-08-14,2003-06-07,SO52523,478,12123,10,3,1
2016-08-14,2003-07-02,SO52528,538,20460,9,1,1
2016-08-14,2003-07-07,SO52524,215,11793,4,1,1
2016-08-15,2003-07-08,SO52584,528,25820,9,1,3
2016-08-15,2003-04-27,SO52584,220,25820,9,2,1
2016-08-15,2003-05-03,SO52584,481,25820,9,3,1
2016-08-15,2003-07-08,SO52604,529,22705,8,1,2
2016-08-15,2003-05-11,SO52604,215,22705,8,2,1
2016-08-15,2003-05-16,SO52595,477,18926,6,3,3
2016-08-15,2003-07-03,SO52595,478,18926,6,2,2
2016-08-15,2003-05-25,SO52595,485,18926,6,1,2
2016-08-15,2003-05-31,SO52595,487,18926,6,4,1
2016-08-15,2003-04-25,SO52596,462,15112,7,1,2
2016-08-15,2003-07-24,SO52596,475,15112,7,2,1
2016-08-15,2003-07-10,SO52588,541,26599,4,1,2
2016-08-15,2003-07-28,SO52586,220,16679,9,3,1
2016-08-15,2003-05-23,SO52586,529,16679,9,1,1
2016-08-15,2003-05-01,SO52586,540,16679,9,2,1
2016-08-15,2003-04-18,SO52578,215,11961,4,1,1
2016-08-15,2003-05-29,SO52611,223,18557,6,3,2
2016-08-15,2003-07-23,SO52611,229,18557,6,2,1
2016-08-15,2003-04-26,SO52611,383,18557,6,1,1
2016-08-15,2003-06-06,SO52610,479,28678,1,2,2
2016-08-15,2003-04-17,SO52610,484,28678,1,3,2
2016-08-15,2003-06-04,SO52610,568,28678,1,1,1
2016-08-15,2003-05-09,SO52608,223,12567,10,1,2
2016-08-15,2003-07-28,SO52600,528,16568,8,1,2
2016-08-15,2003-05-06,SO52600,214,16568,8,3,1
2016-08-15,2003-05-30,SO52600,536,16568,8,2,1
2016-08-15,2003-06-03,SO52612,477,22653,10,3,2
2016-08-15,2003-06-30,SO52612,479,22653,10,2,2
2016-08-15,2003-05-27,SO52612,385,22653,10,1,1
2016-08-15,2003-06-23,SO52612,490,22653,10,4,1
2016-08-15,2003-05-11,SO52589,529,25156,4,2,2
2016-08-15,2003-06-05,SO52589,540,25156,4,1,1
2016-08-15,2003-05-27,SO52605,529,11581,7,1,2
2016-08-15,2003-05-07,SO52605,215,11581,7,2,1
2016-08-15,2003-06-09,SO52598,226,19826,6,2,1
2016-08-15,2003-05-19,SO52598,485,19826,6,1,1
2016-08-15,2003-05-08,SO52606,538,26395,8,2,3
2016-08-15,2003-04-22,SO52606,529,26395,8,1,2
2016-08-15,2003-05-23,SO52601,477,23989,10,1,2
2016-08-15,2003-07-13,SO52601,489,23989,10,2,1
2016-08-15,2003-05-18,SO52577,482,11346,7,6,2
2016-08-15,2003-07-02,SO52577,528,11346,7,2,2
2016-08-15,2003-05-24,SO52577,215,11346,7,4,1
2016-08-15,2003-06-25,SO52577,226,11346,7,5,1
2016-08-15,2003-05-08,SO52577,354,11346,7,1,1
2016-08-15,2003-07-13,SO52577,537,11346,7,3,1
2016-08-15,2003-07-25,SO52580,480,15216,9,2,2
2016-08-15,2003-07-27,SO52580,539,15216,9,1,2
2016-08-15,2003-05-12,SO52593,528,17369,4,1,3
2016-08-15,2003-06-30,SO52593,480,17369,4,2,2
2016-08-15,2003-06-16,SO52585,223,15018,9,1,2
2016-08-15,2003-06-04,SO52613,538,25701,10,3,2
2016-08-15,2003-06-02,SO52613,220,25701,10,4,1
2016-08-15,2003-05-17,SO52613,529,25701,10,2,1
2016-08-15,2003-05-07,SO52613,584,25701,10,1,1
2016-08-15,2003-04-26,SO52594,528,14468,1,1,3
2016-08-15,2003-05-05,SO52594,480,14468,1,2,2
2016-08-15,2003-07-11,SO52603,223,25803,8,2,2
2016-08-15,2003-04-19,SO52603,538,25803,8,1,2
2016-08-15,2003-07-12,SO52609,536,13884,1,2,3
2016-08-15,2003-07-21,SO52609,485,13884,1,4,2
2016-08-15,2003-06-27,SO52609,220,13884,1,5,1
2016-08-15,2003-06-19,SO52609,528,13884,1,3,1
2016-08-15,2003-04-21,SO52609,589,13884,1,1,1
2016-08-15,2003-06-04,SO52602,538,28903,10,1,3
2016-08-15,2003-04-21,SO52602,480,28903,10,2,2
2016-08-15,2003-06-05,SO52581,477,19570,9,3,2
2016-08-15,2003-06-25,SO52581,478,19570,9,2,2
2016-08-15,2003-07-09,SO52581,482,19570,9,4,2
2016-08-15,2003-04-29,SO52581,485,19570,9,1,2
2016-08-15,2003-07-15,SO52597,481,16563,10,2,3
2016-08-15,2003-07-25,SO52597,528,16563,10,1,2
2016-08-15,2003-04-29,SO52579,535,11098,9,1,3
2016-08-15,2003-06-19,SO52579,528,11098,9,2,2
2016-08-15,2003-06-28,SO52582,478,22924,9,2,3
2016-08-15,2003-06-19,SO52582,485,22924,9,1,3
2016-08-15,2003-07-09,SO52582,477,22924,9,3,2
2016-08-15,2003-06-23,SO52582,488,22924,9,4,1
2016-08-15,2003-07-11,SO52592,477,17014,4,1,1
2016-08-15,2003-07-15,SO52607,462,16958,6,3,2
2016-08-15,2003-05-22,SO52607,485,16958,6,1,2
2016-08-15,2003-07-07,SO52607,214,16958,6,2,1
2016-08-15,2003-06-09,SO52599,226,12506,10,2,1
2016-08-15,2003-07-01,SO52599,476,12506,10,1,1
2016-08-15,2003-07-22,SO52614,477,21033,7,2,2
2016-08-15,2003-07-12,SO52614,479,21033,7,3,2
2016-08-15,2003-07-28,SO52614,606,21033,7,1,1
2016-08-15,2003-05-20,SO52590,477,21442,4,2,2
2016-08-15,2003-07-05,SO52590,478,21442,4,1,2
2016-08-15,2003-07-13,SO52587,482,27729,1,2,3
2016-08-15,2003-06-01,SO52587,529,27729,1,1,2
2016-08-15,2003-06-21,SO52591,477,18053,5,1,2
2016-08-15,2003-06-08,SO52591,480,18053,5,2,2
2016-08-16,2003-07-24,SO52627,528,24930,4,1,2
2016-08-16,2003-06-18,SO52627,535,24930,4,2,2
2016-08-16,2003-04-28,SO52627,220,24930,4,3,1
2016-08-16,2003-07-07,SO52658,480,11825,4,2,2
2016-08-16,2003-07-26,SO52658,356,11825,4,1,1
2016-08-16,2003-04-28,SO52659,223,25743,7,3,2
2016-08-16,2003-06-19,SO52659,214,25743,7,2,1
2016-08-16,2003-07-21,SO52659,572,25743,7,1,1
2016-08-16,2003-04-20,SO52651,484,13318,6,3,3
2016-08-16,2003-04-19,SO52651,528,13318,6,1,1
2016-08-16,2003-05-24,SO52651,537,13318,6,2,1
2016-08-16,2003-07-01,SO52654,485,16870,6,1,2
2016-08-16,2003-05-22,SO52654,487,16870,6,2,1
2016-08-16,2003-07-15,SO52618,528,16166,9,2,2
2016-08-16,2003-07-19,SO52618,536,16166,9,1,2
2016-08-16,2003-07-30,SO52618,215,16166,9,3,1
2016-08-16,2003-05-11,SO52645,528,17637,8,1,3
2016-08-16,2003-05-02,SO52645,535,17637,8,2,2
2016-08-16,2003-07-11,SO52645,483,17637,8,3,1
2016-08-16,2003-04-21,SO52669,223,12277,10,4,2
2016-08-16,2003-07-22,SO52669,477,12277,10,3,2
2016-08-16,2003-06-09,SO52669,479,12277,10,2,2
2016-08-16,2003-05-12,SO52669,577,12277,10,1,1
2016-08-16,2003-07-21,SO52653,477,14339,4,3,2
2016-08-16,2003-06-09,SO52653,485,14339,4,1,2
2016-08-16,2003-07-03,SO52653,214,14339,4,4,1
2016-08-16,2003-06-19,SO52653,478,14339,4,2,1
2016-08-16,2003-04-20,SO52661,223,28769,1,2,2
2016-08-16,2003-05-10,SO52661,568,28769,1,1,1
2016-08-16,2003-05-19,SO52617,479,11957,1,2,3
2016-08-16,2003-04-21,SO52617,477,11957,1,1,2
2016-08-16,2003-06-20,SO52617,220,11957,1,3,1
2016-08-16,2003-05-28,SO52655,477,12716,7,2,2
2016-08-16,2003-06-29,SO52655,478,12716,7,1,2
2016-08-16,2003-04-19,SO52655,473,12716,7,3,1
2016-08-16,2003-06-10,SO52619,480,15031,9,2,2
2016-08-16,2003-06-11,SO52619,536,15031,9,1,2
2016-08-16,2003-06-22,SO52633,477,15559,6,2,2
2016-08-16,2003-04-30,SO52633,478,15559,6,1,2
2016-08-16,2003-07-31,SO52615,356,11432,7,1,1
2016-08-16,2003-05-03,SO52615,478,11432,7,2,1
2016-08-16,2003-06-04,SO52616,477,11485,10,3,2
2016-08-16,2003-07-13,SO52616,478,11485,10,2,2
2016-08-16,2003-06-30,SO52616,352,11485,10,1,1
2016-08-16,2003-05-23,SO52616,473,11485,10,4,1
2016-08-16,2003-04-24,SO52643,528,12295,7,2,3
2016-08-16,2003-04-26,SO52643,480,12295,7,3,2
2016-08-16,2003-07-15,SO52643,484,12295,7,4,2
2016-08-16,2003-05-04,SO52643,536,12295,7,1,2
2016-08-16,2003-05-11,SO52628,214,24777,4,3,1
2016-08-16,2003-04-29,SO52628,529,24777,4,1,1
2016-08-16,2003-04-25,SO52628,540,24777,4,2,1
2016-08-16,2003-06-22,SO52637,528,14507,4,1,2
2016-08-16,2003-07-26,SO52637,215,14507,4,2,1
2016-08-16,2003-04-23,SO52632,477,21574,1,2,2
2016-08-16,2003-07-19,SO52632,478,21574,1,1,2
2016-08-16,2003-04-22,SO52632,215,21574,1,3,1
2016-08-16,2003-06-12,SO52632,226,21574,1,5,1
2016-08-16,2003-05-25,SO52632,466,21574,1,4,1
2016-08-16,2003-07-30,SO52625,595,14848,7,1,1
2016-08-16,2003-06-15,SO52656,485,13153,1,1,3
2016-08-16,2003-05-14,SO52656,220,13153,1,2,1
2016-08-16,2003-06-27,SO52656,235,13153,1,3,1
2016-08-16,2003-05-26,SO52650,528,11724,6,2,3
2016-08-16,2003-06-17,SO52650,480,11724,6,3,2
2016-08-16,2003-07-02,SO52650,537,11724,6,1,1
2016-08-16,2003-07-19,SO52666,223,26985,8,3,2
2016-08-16,2003-05-22,SO52666,215,26985,8,2,1
2016-08-16,2003-06-13,SO52666,381,26985,8,1,1
2016-08-16,2003-05-10,SO52647,529,20940,7,1,2
2016-08-16,2003-07-06,SO52647,214,20940,7,2,1
2016-08-16,2003-06-20,SO52631,477,21715,1,2,3
2016-08-16,2003-07-29,SO52631,478,21715,1,1,1
2016-08-16,2003-05-29,SO52623,490,17238,9,1,1
2016-08-16,2003-05-19,SO52624,220,14008,9,1,1
2016-08-16,2003-04-19,SO52641,539,19262,10,1,2
2016-08-16,2003-05-28,SO52644,529,28402,7,1,2
2016-08-16,2003-06-09,SO52644,220,28402,7,3,1
2016-08-16,2003-06-04,SO52644,540,28402,7,2,1
2016-08-16,2003-06-09,SO52620,484,17381,9,2,2
2016-08-16,2003-06-27,SO52620,485,17381,9,1,1
2016-08-16,2003-06-19,SO52620,486,17381,9,3,1
2016-08-16,2003-05-02,SO52664,477,23164,6,2,2
2016-08-16,2003-05-14,SO52664,479,23164,6,3,2
2016-08-16,2003-07-09,SO52664,578,23164,6,1,1
2016-08-16,2003-05-10,SO52668,223,27821,10,3,2
2016-08-16,2003-07-15,SO52668,214,27821,10,2,1
2016-08-16,2003-07-23,SO52668,561,27821,10,1,1
2016-08-16,2003-05-06,SO52630,480,23502,4,2,2
2016-08-16,2003-04-26,SO52630,536,23502,4,1,2
2016-08-16,2003-07-21,SO52629,535,20104,6,1,3
2016-08-16,2003-07-10,SO52629,480,20104,6,2,2
2016-08-16,2003-05-07,SO52662,223,23209,6,2,3
2016-08-16,2003-06-30,SO52662,560,23209,6,1,1
2016-08-16,2003-06-01,SO52626,482,11019,6,3,2
2016-08-16,2003-06-20,SO52626,529,11019,6,1,2
2016-08-16,2003-06-14,SO52626,539,11019,6,2,2
2016-08-16,2003-07-11,SO52640,528,16454,10,1,2
2016-08-16,2003-07-24,SO52640,214,16454,10,2,1
2016-08-16,2003-07-05,SO52622,490,17070,9,1,1
2016-08-16,2003-06-08,SO52667,482,27953,10,1,2
2016-08-16,2003-05-06,SO52667,584,27953,10,2,1
2016-08-16,2003-06-25,SO52639,528,16057,8,1,2
2016-08-16,2003-06-25,SO52639,215,16057,8,2,1
2016-08-16,2003-04-26,SO52657,356,11817,4,1,1
2016-08-16,2003-07-02,SO52646,215,26401,10,2,1
2016-08-16,2003-07-19,SO52646,529,26401,10,1,1
2016-08-16,2003-07-01,SO52648,541,28450,8,1,2
2016-08-16,2003-07-24,SO52648,214,28450,8,3,1
2016-08-16,2003-04-30,SO52648,530,28450,8,2,1
2016-08-16,2003-07-24,SO52636,485,14916,1,2,2
2016-08-16,2003-05-29,SO52636,528,14916,1,1,2
2016-08-16,2003-07-10,SO52665,226,19451,8,2,1
2016-08-16,2003-06-29,SO52665,383,19451,8,1,1
2016-08-16,2003-05-08,SO52660,475,16663,9,2,1
2016-08-16,2003-06-30,SO52660,491,16663,9,3,1
2016-08-16,2003-06-18,SO52660,590,16663,9,1,1
2016-08-16,2003-06-25,SO52634,477,11330,6,1,2
2016-08-16,2003-07-08,SO52634,478,11330,6,2,2
2016-08-16,2003-04-29,SO52652,537,11923,4,1,1
2016-08-16,2003-06-19,SO52649,480,11081,4,2,1
2016-08-16,2003-06-04,SO52649,537,11081,4,1,1
2016-08-16,2003-07-23,SO52642,480,14707,8,2,2
2016-08-16,2003-07-30,SO52642,537,14707,8,1,1
2016-08-16,2003-05-06,SO52638,485,18055,6,1,3
2016-08-16,2003-04-21,SO52638,477,18055,6,2,2
2016-08-16,2003-05-27,SO52638,478,18055,6,3,1
2016-08-16,2003-04-20,SO52621,477,29290,9,1,2
2016-08-16,2003-05-16,SO52663,477,25096,1,3,2
2016-08-16,2003-05-17,SO52663,479,25096,1,2,2
2016-08-16,2003-06-21,SO52663,484,25096,1,4,2
2016-08-16,2003-05-28,SO52663,560,25096,1,1,1
2016-08-17,2003-06-16,SO52680,229,16405,10,2,1
2016-08-17,2003-06-21,SO52680,588,16405,10,1,1
2016-08-17,2003-06-04,SO52699,223,15461,10,4,2
2016-08-17,2003-06-13,SO52699,528,15461,10,2,2
2016-08-17,2003-06-18,SO52699,215,15461,10,3,1
2016-08-17,2003-05-05,SO52699,537,15461,10,1,1
2016-08-17,2003-07-18,SO52701,540,12869,7,1,1
2016-08-17,2003-07-25,SO52691,529,24952,1,2,2
2016-08-17,2003-05-31,SO52691,220,24952,1,3,1
2016-08-17,2003-07-05,SO52691,540,24952,1,1,1
2016-08-17,2003-06-20,SO52714,485,18990,1,2,2
2016-08-17,2003-07-27,SO52714,599,18990,1,1,1
2016-08-17,2003-07-25,SO52685,530,27192,4,1,2
2016-08-17,2003-07-25,SO52685,541,27192,4,2,2
2016-08-17,2003-07-15,SO52671,485,11425,7,4,3
2016-08-17,2003-06-04,SO52671,528,11425,7,3,3
2016-08-17,2003-05-16,SO52671,354,11425,7,1,1
2016-08-17,2003-05-31,SO52671,483,11425,7,5,1
2016-08-17,2003-05-30,SO52671,537,11425,7,2,1
2016-08-17,2003-05-07,SO52722,462,24662,4,4,3
2016-08-17,2003-04-23,SO52722,220,24662,4,2,1
2016-08-17,2003-06-09,SO52722,229,24662,4,3,1
2016-08-17,2003-07-15,SO52722,562,24662,4,1,1
2016-08-17,2003-05-15,SO52720,220,27910,9,2,1
2016-08-17,2003-07-29,SO52720,605,27910,9,1,1
2016-08-17,2003-05-08,SO52709,537,11198,4,1,1
2016-08-17,2003-05-31,SO52670,215,18483,9,2,1
2016-08-17,2003-07-14,SO52670,375,18483,9,1,1
2016-08-17,2003-04-29,SO52724,529,22640,10,3,2
2016-08-17,2003-06-27,SO52724,389,22640,10,1,1
2016-08-17,2003-05-10,SO52724,539,22640,10,2,1
2016-08-17,2003-07-07,SO52675,485,18282,9,1,1
2016-08-17,2003-08-01,SO52719,464,28326,9,3,3
2016-08-17,2003-07-31,SO52719,541,28326,9,2,3
2016-08-17,2003-07-22,SO52719,530,28326,9,4,2
2016-08-17,2003-06-20,SO52719,575,28326,9,1,1
2016-08-17,2003-05-02,SO52715,480,22893,6,3,2
2016-08-17,2003-05-21,SO52715,375,22893,6,1,1
2016-08-17,2003-06-11,SO52715,540,22893,6,2,1
2016-08-17,2003-06-25,SO52672,480,13613,9,2,2
2016-08-17,2003-04-23,SO52672,535,13613,9,1,2
2016-08-17,2003-06-20,SO52697,480,22739,6,2,2
2016-08-17,2003-07-31,SO52697,528,22739,6,1,2
2016-08-17,2003-07-22,SO52682,480,11142,6,1,1
2016-08-17,2003-06-23,SO52702,475,28737,7,1,1
2016-08-17,2003-07-16,SO52692,477,21630,1,2,2
2016-08-17,2003-05-20,SO52692,478,21630,1,1,1
2016-08-17,2003-07-16,SO52716,215,11834,4,2,1
2016-08-17,2003-04-26,SO52716,360,11834,4,1,1
2016-08-17,2003-05-12,SO52721,488,25097,1,2,1
2016-08-17,2003-06-07,SO52721,577,25097,1,1,1
2016-08-17,2003-06-04,SO52677,480,14073,9,3,2
2016-08-17,2003-05-08,SO52677,529,14073,9,2,2
2016-08-17,2003-07-31,SO52677,540,14073,9,1,1
2016-08-17,2003-07-17,SO52679,480,21092,10,3,2
2016-08-17,2003-04-29,SO52679,539,21092,10,2,2
2016-08-17,2003-04-29,SO52679,580,21092,10,1,1
2016-08-17,2003-06-12,SO52694,477,17165,4,1,3
2016-08-17,2003-04-20,SO52684,480,26480,4,2,2
2016-08-17,2003-05-25,SO52684,538,26480,4,1,2
2016-08-17,2003-06-27,SO52674,480,14859,9,3,2
2016-08-17,2003-05-07,SO52674,529,14859,9,1,2
2016-08-17,2003-07-13,SO52674,539,14859,9,2,2
2016-08-17,2003-06-18,SO52693,476,20334,4,1,1
2016-08-17,2003-07-13,SO52690,528,23289,1,2,2
2016-08-17,2003-06-03,SO52690,536,23289,1,1,2
2016-08-17,2003-05-12,SO52711,485,13349,4,1,2
2016-08-17,2003-06-14,SO52725,530,12132,7,3,2
2016-08-17,2003-07-30,SO52725,541,12132,7,2,2
2016-08-17,2003-06-08,SO52725,215,12132,7,5,1
2016-08-17,2003-04-24,SO52725,487,12132,7,4,1
2016-08-17,2003-07-09,SO52725,561,12132,7,1,1
2016-08-17,2003-07-22,SO52707,480,15052,10,2,2
2016-08-17,2003-07-10,SO52707,530,15052,10,1,1
2016-08-17,2003-07-04,SO52687,530,13268,6,2,2
2016-08-17,2003-07-12,SO52687,541,13268,6,1,2
2016-08-17,2003-05-24,SO52687,215,13268,6,3,1
2016-08-17,2003-07-20,SO52704,480,16418,7,2,2
2016-08-17,2003-05-24,SO52704,539,16418,7,1,2
2016-08-17,2003-05-12,SO52681,223,11703,4,1,2
2016-08-17,2003-06-17,SO52681,488,11703,4,2,1
2016-08-17,2003-06-19,SO52706,529,25719,8,2,2
2016-08-17,2003-04-24,SO52706,538,25719,8,1,2
2016-08-17,2003-07-24,SO52706,214,25719,8,3,1
2016-08-17,2003-06-08,SO52673,462,13120,9,2,2
2016-08-17,2003-05-09,SO52673,535,13120,9,1,2
2016-08-17,2003-05-05,SO52689,480,24292,4,3,2
2016-08-17,2003-07-03,SO52689,529,24292,4,1,2
2016-08-17,2003-07-18,SO52689,540,24292,4,2,1
2016-08-17,2003-06-14,SO52708,482,11176,6,3,2
2016-08-17,2003-06-07,SO52708,485,11176,6,2,2
2016-08-17,2003-07-25,SO52708,537,11176,6,1,1
2016-08-17,2003-05-27,SO52705,480,12260,10,2,3
2016-08-17,2003-05-11,SO52705,538,12260,10,1,2
2016-08-17,2003-06-09,SO52705,486,12260,10,3,1
2016-08-17,2003-07-21,SO52698,539,19247,10,1,2
2016-08-17,2003-04-22,SO52676,223,12012,9,1,3
2016-08-17,2003-07-05,SO52683,530,11845,6,1,3
2016-08-17,2003-07-04,SO52683,220,11845,6,2,1
2016-08-17,2003-05-22,SO52688,541,26551,1,1,2
2016-08-17,2003-04-25,SO52700,472,13499,7,2,1
2016-08-17,2003-06-26,SO52700,476,13499,7,1,1
2016-08-17,2003-05-01,SO52710,528,12040,4,2,2
2016-08-17,2003-07-24,SO52710,480,12040,4,3,1
2016-08-17,2003-07-17,SO52710,537,12040,4,1,1
2016-08-17,2003-07-14,SO52717,466,14011,9,2,2
2016-08-17,2003-04-29,SO52717,214,14011,9,3,1
2016-08-17,2003-05-21,SO52717,582,14011,9,1,1
2016-08-17,2003-04-27,SO52723,223,21648,4,2,2
2016-08-17,2003-06-25,SO52723,605,21648,4,1,1
2016-08-17,2003-05-07,SO52712,485,16910,6,1,2
2016-08-17,2003-04-21,SO52712,235,16910,6,2,1
2016-08-17,2003-07-02,SO52718,581,14125,9,1,1
2016-08-17,2003-05-13,SO52713,223,12568,10,1,2
2016-08-17,2003-06-11,SO52703,477,22559,10,1,3
2016-08-17,2003-07-05,SO52695,480,23449,6,2,2
2016-08-17,2003-04-28,SO52695,528,23449,6,1,2
2016-08-17,2003-07-02,SO52696,528,15158,4,1,2
2016-08-17,2003-05-15,SO52696,215,15158,4,2,1
2016-08-17,2003-05-27,SO52678,232,17086,8,2,1
2016-08-17,2003-05-08,SO52678,580,17086,8,1,1
2016-08-17,2003-06-29,SO52686,480,28049,4,3,2
2016-08-17,2003-07-15,SO52686,529,28049,4,1,2
2016-08-17,2003-04-20,SO52686,538,28049,4,2,2
2016-08-18,2003-07-10,SO52757,485,12948,4,1,2
2016-08-18,2003-04-27,SO52757,487,12948,4,2,1
2016-08-18,2003-07-10,SO52770,223,21050,7,2,2
2016-08-18,2003-07-16,SO52770,214,21050,7,3,1
2016-08-18,2003-05-04,SO52770,605,21050,7,1,1
2016-08-18,2003-06-22,SO52746,485,14505,4,2,2
2016-08-18,2003-07-13,SO52746,528,14505,4,1,2
2016-08-18,2003-05-07,SO52746,220,14505,4,3,1
2016-08-18,2003-07-22,SO52765,477,26317,1,3,3
2016-08-18,2003-05-11,SO52765,479,26317,1,2,2
2016-08-18,2003-06-07,SO52765,214,26317,1,4,1
2016-08-18,2003-05-31,SO52765,586,26317,1,1,1
2016-08-18,2003-07-28,SO52738,528,23069,4,2,2
2016-08-18,2003-06-27,SO52738,536,23069,4,1,2
2016-08-18,2003-06-28,SO52738,220,23069,4,3,1
2016-08-18,2003-06-18,SO52769,226,19381,7,2,1
2016-08-18,2003-08-02,SO52769,385,19381,7,1,1
2016-08-18,2003-06-18,SO52766,538,16222,4,2,2
2016-08-18,2003-06-12,SO52766,605,16222,4,1,1
2016-08-18,2003-05-25,SO52750,528,21110,10,2,2
2016-08-18,2003-07-27,SO52750,536,21110,10,1,2
2016-08-18,2003-07-19,SO52736,480,12892,6,3,2
2016-08-18,2003-06-14,SO52736,530,12892,6,2,2
2016-08-18,2003-05-22,SO52736,483,12892,6,4,1
2016-08-18,2003-06-12,SO52736,541,12892,6,1,1
2016-08-18,2003-07-22,SO52762,485,11534,4,2,3
2016-08-18,2003-07-11,SO52762,464,11534,4,3,2
2016-08-18,2003-06-28,SO52762,358,11534,4,1,1
2016-08-18,2003-04-29,SO52775,223,29411,10,2,3
2016-08-18,2003-05-31,SO52775,578,29411,10,1,1
2016-08-18,2003-05-15,SO52767,479,16223,4,4,3
2016-08-18,2003-06-29,SO52767,223,16223,4,3,2
2016-08-18,2003-05-30,SO52767,477,16223,4,2,2
2016-08-18,2003-07-07,SO52767,604,16223,4,1,1
2016-08-18,2003-07-18,SO52755,480,16459,10,2,2
2016-08-18,2003-05-12,SO52755,530,16459,10,1,2
2016-08-18,2003-06-24,SO52747,477,18644,6,2,2
2016-08-18,2003-07-30,SO52747,478,18644,6,3,2
2016-08-18,2003-05-24,SO52747,485,18644,6,1,2
2016-08-18,2003-07-04,SO52747,472,18644,6,4,1
2016-08-18,2003-05-21,SO52772,479,21031,7,2,3
2016-08-18,2003-07-30,SO52772,223,21031,7,4,2
2016-08-18,2003-06-02,SO52772,477,21031,7,3,2
2016-08-18,2003-07-20,SO52772,214,21031,7,5,1
2016-08-18,2003-07-17,SO52772,605,21031,7,1,1
2016-08-18,2003-06-13,SO52730,479,20838,10,3,3
2016-08-18,2003-05-22,SO52730,477,20838,10,2,2
2016-08-18,2003-06-09,SO52730,220,20838,10,5,1
2016-08-18,2003-07-12,SO52730,223,20838,10,4,1
2016-08-18,2003-05-27,SO52730,581,20838,10,1,1
2016-08-18,2003-05-12,SO52761,480,11979,6,3,2
2016-08-18,2003-05-05,SO52761,484,11979,6,4,2
2016-08-18,2003-08-03,SO52761,485,11979,6,2,2
2016-08-18,2003-06-03,SO52761,352,11979,6,1,1
2016-08-18,2003-06-21,SO52728,529,13639,9,1,3
2016-08-18,2003-07-28,SO52732,477,23630,10,4,3
2016-08-18,2003-06-06,SO52732,479,23630,10,2,3
2016-08-18,2003-07-06,SO52732,464,23630,10,3,2
2016-08-18,2003-05-23,SO52732,377,23630,10,1,1
2016-08-18,2003-05-22,SO52753,480,14820,10,3,2
2016-08-18,2003-08-02,SO52753,528,14820,10,1,2
2016-08-18,2003-06-19,SO52753,536,14820,10,2,2
2016-08-18,2003-05-28,SO52773,220,29391,8,2,1
2016-08-18,2003-06-08,SO52773,604,29391,8,1,1
2016-08-18,2003-05-02,SO52726,477,16740,9,4,2
2016-08-18,2003-07-08,SO52726,373,16740,9,1,1
2016-08-18,2003-06-30,SO52726,472,16740,9,3,1
2016-08-18,2003-06-04,SO52726,479,16740,9,2,1
2016-08-18,2003-08-02,SO52749,485,14166,7,1,2
2016-08-18,2003-06-08,SO52749,235,14166,7,2,1
2016-08-18,2003-07-07,SO52771,462,22642,10,3,3
2016-08-18,2003-06-19,SO52771,381,22642,10,1,1
2016-08-18,2003-07-29,SO52771,488,22642,10,2,1
2016-08-18,2003-05-01,SO52774,477,14830,8,3,2
2016-08-18,2003-06-10,SO52774,479,14830,8,2,2
2016-08-18,2003-06-28,SO52774,220,14830,8,4,1
2016-08-18,2003-04-24,SO52774,561,14830,8,1,1
2016-08-18,2003-05-12,SO52727,528,25815,9,1,2
2016-08-18,2003-07-14,SO52727,214,25815,9,2,1
2016-08-18,2003-06-15,SO52752,529,19521,7,1,2
2016-08-18,2003-05-13,SO52752,226,19521,7,2,1
2016-08-18,2003-05-18,SO52760,485,11665,4,2,2
2016-08-18,2003-04-30,SO52760,214,11665,4,3,1
2016-08-18,2003-07-13,SO52760,360,11665,4,1,1
2016-08-18,2003-07-01,SO52739,480,19726,6,3,3
2016-08-18,2003-05-19,SO52739,528,19726,6,2,2
2016-08-18,2003-06-02,SO52739,536,19726,6,1,2
2016-08-18,2003-07-27,SO52742,476,20361,1,1,1
2016-08-18,2003-05-14,SO52743,223,19544,4,3,2
2016-08-18,2003-05-08,SO52743,474,19544,4,1,1
2016-08-18,2003-08-01,SO52743,491,19544,4,2,1
2016-08-18,2003-07-27,SO52733,215,19459,10,2,1
2016-08-18,2003-07-27,SO52733,373,19459,10,1,1
2016-08-18,2003-05-01,SO52756,223,12514,7,1,2
2016-08-18,2003-08-01,SO52740,536,11723,6,1,2
2016-08-18,2003-06-23,SO52741,478,12054,6,1,3
2016-08-18,2003-06-25,SO52741,477,12054,6,2,2
2016-08-18,2003-06-26,SO52734,215,11737,4,1,1
2016-08-18,2003-05-12,SO52735,541,26250,1,1,2
2016-08-18,2003-06-20,SO52735,480,26250,1,3,1
2016-08-18,2003-06-25,SO52735,483,26250,1,4,1
2016-08-18,2003-05-10,SO52735,530,26250,1,2,1
2016-08-18,2003-05-17,SO52759,356,11217,1,1,1
2016-08-18,2003-05-20,SO52759,487,11217,1,2,1
2016-08-18,2003-07-12,SO52764,564,28323,9,1,1
2016-08-18,2003-06-27,SO52763,214,20154,9,2,1
2016-08-18,2003-08-01,SO52763,605,20154,9,1,1
2016-08-18,2003-07-31,SO52768,381,19336,7,1,1
2016-08-18,2003-06-23,SO52768,491,19336,7,2,1
2016-08-18,2003-05-24,SO52776,373,18469,9,1,1
2016-08-18,2003-04-20,SO52751,529,17649,10,1,3
2016-08-18,2003-06-24,SO52731,478,11378,7,2,2
2016-08-18,2003-07-05,SO52731,215,11378,7,3,1
2016-08-18,2003-08-03,SO52731,352,11378,7,1,1
2016-08-18,2003-07-12,SO52744,477,17583,1,1,2
2016-08-18,2003-04-24,SO52744,214,17583,1,2,1
2016-08-18,2003-06-20,SO52777,477,28107,9,3,2
2016-08-18,2003-05-12,SO52777,479,28107,9,2,1
2016-08-18,2003-06-05,SO52777,491,28107,9,4,1
2016-08-18,2003-07-25,SO52777,571,28107,9,1,1
2016-08-18,2003-05-31,SO52754,529,18635,8,1,2
2016-08-18,2003-05-19,SO52754,486,18635,8,2,1
2016-08-18,2003-07-27,SO52745,464,19639,4,3,2
2016-08-18,2003-06-25,SO52745,477,19639,4,1,2
2016-08-18,2003-06-15,SO52745,220,19639,4,2,1
2016-08-18,2003-06-21,SO52758,223,11688,1,4,2
2016-08-18,2003-07-15,SO52758,215,11688,1,2,1
2016-08-18,2003-05-31,SO52758,229,11688,1,3,1
2016-08-18,2003-07-03,SO52758,360,11688,1,1,1
2016-08-18,2003-08-03,SO52729,489,23758,7,2,1
2016-08-18,2003-05-07,SO52729,582,23758,7,1,1
2016-08-18,2003-05-13,SO52748,484,17211,7,3,2
2016-08-18,2003-07-15,SO52748,528,17211,7,1,2
2016-08-18,2003-07-09,SO52748,537,17211,7,2,1
2016-08-18,2003-05-16,SO52737,529,24389,1,1,3
2016-08-18,2003-05-02,SO52737,481,24389,1,3,2
2016-08-18,2003-06-08,SO52737,540,24389,1,2,1
2016-08-19,2003-05-30,SO52829,215,11984,6,2,1
2016-08-19,2003-05-11,SO52829,360,11984,6,1,1
2016-08-19,2003-07-23,SO52836,232,19535,4,2,1
2016-08-19,2003-04-29,SO52836,389,19535,4,1,1
2016-08-19,2003-07-30,SO52835,606,22281,4,1,1
2016-08-19,2003-05-28,SO52778,477,11215,6,1,2
2016-08-19,2003-07-15,SO52778,479,11215,6,2,2
2016-08-19,2003-05-30,SO52778,220,11215,6,3,1
2016-08-19,2003-06-27,SO52778,226,11215,6,4,1
2016-08-19,2003-06-15,SO52812,529,23602,8,1,3
2016-08-19,2003-06-26,SO52812,220,23602,8,2,1
2016-08-19,2003-06-02,SO52837,215,23223,10,2,1
2016-08-19,2003-05-22,SO52837,385,23223,10,1,1
2016-08-19,2003-05-18,SO52805,528,16477,1,1,3
2016-08-19,2003-07-26,SO52805,215,16477,1,2,1
2016-08-19,2003-05-20,SO52838,229,19432,8,2,1
2016-08-19,2003-07-28,SO52838,387,19432,8,1,1
2016-08-19,2003-06-08,SO52831,538,26673,9,2,3
2016-08-19,2003-07-20,SO52831,480,26673,9,3,2
2016-08-19,2003-07-17,SO52831,486,26673,9,4,1
2016-08-19,2003-05-13,SO52831,604,26673,9,1,1
2016-08-19,2003-07-18,SO52822,528,11650,4,2,2
2016-08-19,2003-05-08,SO52822,220,11650,4,3,1
2016-08-19,2003-06-19,SO52822,537,11650,4,1,1
2016-08-19,2003-05-05,SO52819,529,12503,10,2,3
2016-08-19,2003-06-07,SO52819,538,12503,10,1,2
2016-08-19,2003-06-12,SO52833,477,21650,4,3,2
2016-08-19,2003-05-06,SO52833,479,21650,4,2,2
2016-08-19,2003-07-08,SO52833,605,21650,4,1,1
2016-08-19,2003-06-14,SO52792,535,25890,4,1,2
2016-08-19,2003-07-26,SO52781,536,16627,9,1,3
2016-08-19,2003-06-21,SO52784,358,11398,10,1,1
2016-08-19,2003-05-11,SO52779,480,15125,9,3,3
2016-08-19,2003-05-17,SO52779,529,15125,9,1,2
2016-08-19,2003-06-02,SO52779,539,15125,9,2,2
2016-08-19,2003-07-12,SO52791,535,11711,6,1,3
2016-08-19,2003-05-01,SO52791,480,11711,6,2,2
2016-08-19,2003-04-24,SO52834,479,16221,1,3,2
2016-08-19,2003-05-01,SO52834,215,16221,1,4,1
2016-08-19,2003-07-07,SO52834,477,16221,1,2,1
2016-08-19,2003-05-02,SO52834,606,16221,1,1,1
2016-08-19,2003-06-10,SO52800,462,19241,4,3,2
2016-08-19,2003-07-07,SO52800,474,19241,4,1,1
2016-08-19,2003-07-31,SO52800,488,19241,4,2,1
2016-08-19,2003-05-05,SO52818,223,25521,8,1,2
2016-08-19,2003-07-20,SO52818,538,25521,8,2,2
2016-08-19,2003-06-03,SO52801,220,17554,1,2,1
2016-08-19,2003-06-11,SO52801,477,17554,1,1,1
2016-08-19,2003-06-12,SO52780,480,15217,9,3,2
2016-08-19,2003-05-09,SO52780,529,15217,9,2,2
2016-08-19,2003-07-06,SO52780,539,15217,9,1,2
2016-08-19,2003-07-26,SO52789,466,11078,6,3,2
2016-08-19,2003-07-17,SO52789,530,11078,6,1,2
2016-08-19,2003-07-15,SO52789,214,11078,6,2,1
2016-08-19,2003-05-05,SO52797,474,12530,6,1,1
2016-08-19,2003-04-24,SO52797,489,12530,6,2,1
2016-08-19,2003-07-21,SO52817,477,19185,7,1,3
2016-08-19,2003-06-24,SO52817,488,19185,7,2,1
2016-08-19,2003-06-06,SO52793,528,11922,6,2,2
2016-08-19,2003-07-11,SO52793,536,11922,6,1,2
2016-08-19,2003-04-29,SO52813,529,27815,10,1,2
2016-08-19,2003-07-11,SO52813,538,27815,10,2,2
2016-08-19,2003-07-02,SO52813,220,27815,10,3,1
2016-08-19,2003-05-15,SO52813,226,27815,10,4,1
2016-08-19,2003-06-05,SO52820,480,25672,7,2,2
2016-08-19,2003-05-25,SO52820,530,25672,7,1,2
2016-08-19,2003-05-05,SO52810,535,16441,8,1,1
2016-08-19,2003-05-29,SO52825,352,11826,4,1,1
2016-08-19,2003-06-25,SO52839,223,25675,10,2,2
2016-08-19,2003-06-07,SO52839,584,25675,10,1,1
2016-08-19,2003-07-06,SO52788,480,29248,1,2,2
2016-08-19,2003-05-06,SO52788,539,29248,1,1,1
2016-08-19,2003-05-07,SO52803,477,17035,1,1,2
2016-08-19,2003-05-11,SO52803,489,17035,1,2,1
2016-08-19,2003-07-08,SO52823,480,11819,1,3,2
2016-08-19,2003-06-21,SO52823,528,11819,1,1,2
2016-08-19,2003-06-09,SO52823,537,11819,1,2,1
2016-08-19,2003-07-16,SO52806,477,29214,6,1,2
2016-08-19,2003-06-07,SO52806,487,29214,6,2,1
2016-08-19,2003-07-27,SO52802,477,18751,4,1,2
2016-08-19,2003-05-01,SO52802,214,18751,4,2,1
2016-08-19,2003-06-09,SO52804,477,16877,1,1,2
2016-08-19,2003-06-29,SO52804,214,16877,1,2,1
2016-08-19,2003-07-01,SO52814,529,27837,10,2,3
2016-08-19,2003-07-15,SO52814,538,27837,10,1,2
2016-08-19,2003-06-13,SO52814,220,27837,10,3,1
2016-08-19,2003-05-12,SO52790,529,26736,4,2,2
2016-08-19,2003-06-29,SO52790,538,26736,4,1,2
2016-08-19,2003-07-04,SO52815,223,21070,7,2,3
2016-08-19,2003-05-20,SO52815,538,21070,7,1,1
2016-08-19,2003-04-23,SO52824,485,13341,4,1,2
2016-08-19,2003-04-28,SO52824,483,13341,4,2,1
2016-08-19,2003-06-22,SO52828,485,11523,6,2,2
2016-08-19,2003-07-03,SO52828,215,11523,6,3,1
2016-08-19,2003-05-12,SO52828,352,11523,6,1,1
2016-08-19,2003-07-02,SO52796,477,21459,4,2,2
2016-08-19,2003-05-04,SO52796,478,21459,4,1,2
2016-08-19,2003-06-03,SO52807,462,21252,6,3,2
2016-08-19,2003-06-26,SO52807,528,21252,6,1,2
2016-08-19,2003-07-23,SO52807,220,21252,6,2,1
2016-08-19,2003-06-06,SO52783,223,15137,9,2,2
2016-08-19,2003-07-14,SO52783,220,15137,9,1,1
2016-08-19,2003-05-09,SO52783,490,15137,9,3,1
2016-08-19,2003-05-18,SO52816,529,20146,7,1,2
2016-08-19,2003-06-16,SO52795,482,22970,1,4,2
2016-08-19,2003-05-24,SO52795,536,22970,1,1,2
2016-08-19,2003-06-19,SO52795,220,22970,1,3,1
2016-08-19,2003-07-16,SO52795,528,22970,1,2,1
2016-08-19,2003-06-16,SO52840,214,24083,7,2,1
2016-08-19,2003-04-23,SO52840,564,24083,7,1,1
2016-08-19,2003-07-24,SO52785,529,19448,10,3,2
2016-08-19,2003-06-20,SO52785,375,19448,10,1,1
2016-08-19,2003-07-14,SO52785,471,19448,10,4,1
2016-08-19,2003-05-10,SO52785,540,19448,10,2,1
2016-08-19,2003-06-06,SO52811,540,28391,7,1,1
2016-08-19,2003-07-23,SO52786,480,11637,4,1,1
2016-08-19,2003-06-16,SO52798,232,20378,1,2,1
2016-08-19,2003-06-09,SO52798,474,20378,1,1,1
2016-08-19,2003-05-31,SO52826,223,11647,6,5,2
2016-08-19,2003-07-31,SO52826,477,11647,6,4,2
2016-08-19,2003-05-12,SO52826,478,11647,6,3,2
2016-08-19,2003-04-26,SO52826,485,11647,6,2,2
2016-08-19,2003-05-16,SO52826,356,11647,6,1,1
2016-08-19,2003-07-31,SO52832,223,29247,6,2,3
2016-08-19,2003-06-13,SO52832,489,29247,6,3,1
2016-08-19,2003-07-04,SO52832,573,29247,6,1,1
2016-08-19,2003-05-21,SO52827,528,11663,1,3,2
2016-08-19,2003-07-08,SO52827,215,11663,1,4,1
2016-08-19,2003-07-20,SO52827,358,11663,1,1,1
2016-08-19,2003-06-20,SO52827,537,11663,1,2,1
2016-08-19,2003-06-01,SO52808,528,22143,6,1,2
2016-08-19,2003-07-12,SO52808,220,22143,6,2,1
2016-08-19,2003-07-06,SO52782,484,26543,9,3,3
2016-08-19,2003-04-26,SO52782,480,26543,9,2,2
2016-08-19,2003-06-05,SO52782,529,26543,9,1,2
2016-08-19,2003-04-25,SO52821,480,16593,10,2,2
2016-08-19,2003-07-23,SO52821,530,16593,10,1,2
2016-08-19,2003-05-30,SO52830,479,28327,9,2,3
2016-08-19,2003-06-03,SO52830,223,28327,9,3,2
2016-08-19,2003-05-08,SO52830,477,28327,9,4,2
2016-08-19,2003-06-18,SO52830,575,28327,9,1,1
2016-08-19,2003-05-17,SO52794,226,23801,1,2,1
2016-08-19,2003-05-30,SO52794,540,23801,1,1,1
2016-08-19,2003-07-01,SO52809,477,13485,4,3,2
2016-08-19,2003-07-09,SO52809,478,13485,4,2,2
2016-08-19,2003-05-25,SO52809,485,13485,4,1,2
2016-08-19,2003-05-19,SO52799,477,18111,4,1,2
2016-08-19,2003-07-13,SO52787,484,27222,4,2,3
2016-08-19,2003-07-08,SO52787,529,27222,4,1,2
2016-08-20,2003-06-19,SO52875,214,16812,4,2,1
2016-08-20,2003-05-25,SO52875,582,16812,4,1,1
2016-08-20,2003-07-17,SO52868,223,17850,7,4,2
2016-08-20,2003-04-26,SO52868,528,17850,7,2,2
2016-08-20,2003-07-14,SO52868,536,17850,7,1,2
2016-08-20,2003-05-16,SO52868,215,17850,7,3,1
2016-08-20,2003-04-27,SO52849,229,12244,9,1,1
2016-08-20,2003-06-16,SO52851,235,13667,7,2,1
2016-08-20,2003-07-25,SO52851,590,13667,7,1,1
2016-08-20,2003-04-23,SO52882,220,26873,8,2,1
2016-08-20,2003-07-22,SO52882,578,26873,8,1,1
2016-08-20,2003-04-26,SO52870,539,17994,8,1,2
2016-08-20,2003-07-04,SO52870,480,17994,8,2,1
2016-08-20,2003-05-12,SO52880,214,22646,10,2,1
2016-08-20,2003-05-21,SO52880,383,22646,10,1,1
2016-08-20,2003-06-21,SO52867,528,14845,7,1,3
2016-08-20,2003-05-03,SO52867,480,14845,7,2,1
2016-08-20,2003-05-22,SO52866,485,22097,6,2,2
2016-08-20,2003-04-29,SO52866,528,22097,6,1,2
2016-08-20,2003-06-03,SO52866,214,22097,6,3,1
2016-08-20,2003-07-03,SO52853,480,25835,4,2,2
2016-08-20,2003-05-04,SO52853,535,25835,4,1,2
2016-08-20,2003-08-03,SO52856,480,12895,6,3,2
2016-08-20,2003-04-28,SO52856,536,12895,6,2,2
2016-08-20,2003-06-24,SO52856,528,12895,6,1,1
2016-08-20,2003-06-30,SO52881,214,25615,10,2,1
2016-08-20,2003-06-05,SO52881,605,25615,10,1,1
2016-08-20,2003-06-30,SO52842,480,24612,9,4,2
2016-08-20,2003-07-27,SO52842,529,24612,9,3,2
2016-08-20,2003-08-03,SO52842,539,24612,9,2,2
2016-08-20,2003-07-26,SO52842,385,24612,9,1,1
2016-08-20,2003-04-22,SO52844,214,11998,9,2,1
2016-08-20,2003-05-13,SO52844,578,11998,9,1,1
2016-08-20,2003-06-05,SO52846,362,11382,7,1,1
2016-08-20,2003-06-07,SO52858,536,23406,1,1,2
2016-08-20,2003-05-20,SO52865,528,15742,4,1,2
2016-08-20,2003-05-13,SO52865,220,15742,4,2,1
2016-08-20,2003-05-08,SO52864,477,17016,4,1,2
2016-08-20,2003-06-22,SO52864,214,17016,4,2,1
2016-08-20,2003-07-29,SO52864,232,17016,4,3,1
2016-08-20,2003-08-03,SO52864,481,17016,4,4,1
2016-08-20,2003-05-07,SO52876,223,13856,4,3,2
2016-08-20,2003-05-29,SO52876,485,13856,4,2,1
2016-08-20,2003-06-21,SO52876,590,13856,4,1,1
2016-08-20,2003-07-13,SO52879,215,22327,1,2,1
2016-08-20,2003-07-25,SO52879,606,22327,1,1,1
2016-08-20,2003-05-05,SO52845,530,14058,9,3,2
2016-08-20,2003-07-16,SO52845,541,14058,9,2,2
2016-08-20,2003-06-14,SO52845,220,14058,9,4,1
2016-08-20,2003-05-21,SO52845,560,14058,9,1,1
2016-08-20,2003-04-24,SO52878,215,24521,1,2,1
2016-08-20,2003-04-25,SO52878,575,24521,1,1,1
2016-08-20,2003-07-13,SO52855,483,23861,1,2,1
2016-08-20,2003-07-03,SO52855,540,23861,1,1,1
2016-08-20,2003-04-22,SO52877,528,16675,9,3,3
2016-08-20,2003-05-06,SO52877,480,16675,9,4,2
2016-08-20,2003-05-24,SO52877,536,16675,9,2,2
2016-08-20,2003-05-27,SO52877,590,16675,9,1,1
2016-08-20,2003-07-04,SO52860,480,23130,4,2,2
2016-08-20,2003-04-26,SO52860,536,23130,4,1,2
2016-08-20,2003-05-20,SO52848,476,22064,9,1,1
2016-08-20,2003-05-15,SO52843,381,24614,9,1,1
2016-08-20,2003-07-25,SO52852,215,11931,4,1,1
2016-08-20,2003-07-04,SO52852,226,11931,4,2,1
2016-08-20,2003-05-27,SO52873,485,15826,6,3,3
2016-08-20,2003-08-03,SO52873,472,15826,6,2,1
2016-08-20,2003-04-25,SO52873,537,15826,6,1,1
2016-08-20,2003-06-10,SO52850,223,17082,8,2,1
2016-08-20,2003-08-03,SO52850,580,17082,8,1,1
2016-08-20,2003-05-13,SO52863,223,19010,4,2,2
2016-08-20,2003-04-22,SO52863,476,19010,4,1,1
2016-08-20,2003-05-18,SO52861,480,23046,1,3,2
2016-08-20,2003-06-03,SO52861,528,23046,1,1,2
2016-08-20,2003-07-11,SO52861,536,23046,1,2,2
2016-08-20,2003-05-03,SO52874,485,12906,1,1,3
2016-08-20,2003-07-20,SO52847,477,24469,9,1,2
2016-08-20,2003-05-15,SO52847,215,24469,9,2,1
2016-08-20,2003-05-06,SO52847,466,24469,9,3,1
2016-08-20,2003-06-16,SO52872,480,15922,10,2,2
2016-08-20,2003-04-28,SO52872,484,15922,10,3,2
2016-08-20,2003-06-10,SO52872,530,15922,10,1,2
2016-08-20,2003-07-10,SO52871,539,19392,10,1,2
2016-08-20,2003-07-05,SO52871,480,19392,10,2,1
2016-08-20,2003-05-03,SO52859,529,14633,6,1,2
2016-08-20,2003-05-05,SO52859,220,14633,6,3,1
2016-08-20,2003-06-07,SO52859,540,14633,6,2,1
2016-08-20,2003-06-29,SO52841,464,18296,9,5,2
2016-08-20,2003-07-07,SO52841,529,18296,9,3,2
2016-08-20,2003-04-24,SO52841,214,18296,9,4,1
2016-08-20,2003-06-22,SO52841,379,18296,9,1,1
2016-08-20,2003-07-18,SO52841,540,18296,9,2,1
2016-08-20,2003-07-23,SO52857,536,23140,1,1,2
2016-08-20,2003-06-25,SO52857,481,23140,1,2,1
2016-08-20,2003-05-07,SO52854,529,24297,4,1,3
2016-08-20,2003-07-12,SO52854,480,24297,4,3,2
2016-08-20,2003-05-11,SO52854,540,24297,4,2,1
2016-08-20,2003-07-01,SO52869,480,21525,10,3,3
2016-08-20,2003-07-31,SO52869,528,21525,10,1,2
2016-08-20,2003-06-03,SO52869,535,21525,10,2,2
2016-08-21,2003-07-16,SO52883,223,12046,4,1,1
2016-08-21,2003-05-16,SO52899,478,23252,4,1,2
2016-08-21,2003-05-02,SO52899,477,23252,4,2,1
2016-08-21,2003-07-18,SO52898,223,22345,4,3,2
2016-08-21,2003-07-15,SO52898,478,22345,4,1,2
2016-08-21,2003-05-13,SO52898,487,22345,4,2,1
2016-08-21,2003-07-12,SO52900,477,13318,6,2,2
2016-08-21,2003-05-29,SO52900,478,13318,6,1,2
2016-08-21,2003-05-26,SO52900,490,13318,6,3,1
2016-08-21,2003-05-19,SO52921,214,13862,4,2,1
2016-08-21,2003-05-02,SO52921,588,13862,4,1,1
2016-08-21,2003-05-20,SO52923,477,21619,4,3,2
2016-08-21,2003-07-05,SO52923,479,21619,4,2,2
2016-08-21,2003-06-27,SO52923,480,21619,4,4,2
2016-08-21,2003-07-08,SO52923,604,21619,4,1,1
2016-08-21,2003-07-27,SO52884,539,14518,9,2,3
2016-08-21,2003-04-27,SO52884,529,14518,9,1,2
2016-08-21,2003-05-16,SO52884,214,14518,9,3,1
2016-08-21,2003-06-12,SO52894,539,29249,1,1,1
2016-08-21,2003-08-03,SO52891,491,24103,8,2,1
2016-08-21,2003-06-19,SO52891,583,24103,8,1,1
2016-08-21,2003-06-15,SO52889,220,18267,9,1,1
2016-08-21,2003-06-27,SO52929,223,25640,8,3,2
2016-08-21,2003-07-10,SO52929,214,25640,8,2,1
2016-08-21,2003-07-17,SO52929,574,25640,8,1,1
2016-08-21,2003-06-03,SO52911,480,26838,7,3,3
2016-08-21,2003-05-02,SO52911,530,26838,7,1,2
2016-08-21,2003-08-04,SO52911,541,26838,7,2,2
2016-08-21,2003-06-27,SO52919,375,16232,1,1,1
2016-08-21,2003-06-15,SO52919,540,16232,1,2,1
2016-08-21,2003-05-03,SO52918,485,11865,4,2,2
2016-08-21,2003-07-27,SO52918,229,11865,4,3,1
2016-08-21,2003-05-15,SO52918,537,11865,4,1,1
2016-08-21,2003-04-27,SO52905,528,14703,8,1,2
2016-08-21,2003-06-06,SO52905,480,14703,8,3,1
2016-08-21,2003-06-19,SO52905,537,14703,8,2,1
2016-08-21,2003-06-07,SO52885,528,16611,9,2,2
2016-08-21,2003-05-30,SO52885,484,16611,9,3,1
2016-08-21,2003-07-12,SO52885,536,16611,9,1,1
2016-08-21,2003-07-04,SO52901,477,13206,6,2,2
2016-08-21,2003-05-03,SO52901,478,13206,6,1,2
2016-08-21,2003-05-04,SO52901,487,13206,6,3,1
2016-08-21,2003-07-25,SO52893,462,11507,6,2,2
2016-08-21,2003-07-29,SO52893,529,11507,6,1,2
2016-08-21,2003-05-03,SO52896,466,24429,1,5,2
2016-08-21,2003-05-22,SO52896,529,24429,1,2,2
2016-08-21,2003-07-04,SO52896,214,24429,1,3,1
2016-08-21,2003-07-16,SO52896,226,24429,1,4,1
2016-08-21,2003-04-26,SO52896,540,24429,1,1,1
2016-08-21,2003-07-25,SO52902,476,19643,1,1,1
2016-08-21,2003-06-26,SO52902,489,19643,1,2,1
2016-08-21,2003-04-24,SO52888,528,24894,9,1,1
2016-08-21,2003-05-08,SO52916,528,11950,4,1,2
2016-08-21,2003-07-06,SO52916,215,11950,4,3,1
2016-08-21,2003-07-02,SO52916,537,11950,4,2,1
2016-08-21,2003-05-21,SO52892,226,16942,7,2,1
2016-08-21,2003-07-10,SO52892,581,16942,7,1,1
2016-08-21,2003-07-12,SO52928,479,21048,7,3,2
2016-08-21,2003-05-06,SO52928,466,21048,7,4,1
2016-08-21,2003-06-02,SO52928,477,21048,7,2,1
2016-08-21,2003-08-06,SO52928,604,21048,7,1,1
2016-08-21,2003-05-07,SO52910,529,24855,8,2,3
2016-08-21,2003-06-04,SO52910,538,24855,8,1,2
2016-08-21,2003-06-14,SO52908,539,18017,8,1,2
2016-08-21,2003-06-20,SO52915,528,11884,1,2,2
2016-08-21,2003-07-29,SO52915,214,11884,1,3,1
2016-08-21,2003-05-15,SO52915,537,11884,1,1,1
2016-08-21,2003-06-14,SO52897,480,23109,1,3,2
2016-08-21,2003-07-10,SO52897,528,23109,1,2,2
2016-08-21,2003-05-23,SO52897,536,23109,1,1,2
2016-08-21,2003-05-07,SO52895,528,26493,1,2,3
2016-08-21,2003-06-08,SO52895,535,26493,1,1,2
2016-08-21,2003-05-12,SO52895,215,26493,1,3,1
2016-08-21,2003-04-24,SO52926,479,21024,7,2,3
2016-08-21,2003-04-27,SO52926,477,21024,7,3,2
2016-08-21,2003-07-10,SO52926,482,21024,7,4,2
2016-08-21,2003-05-25,SO52926,584,21024,7,1,1
2016-08-21,2003-05-20,SO52903,477,16802,1,1,2
2016-08-21,2003-07-19,SO52903,482,16802,1,2,2
2016-08-21,2003-07-10,SO52890,490,24206,8,2,1
2016-08-21,2003-05-17,SO52890,580,24206,8,1,1
2016-08-21,2003-05-23,SO52909,529,25788,8,1,3
2016-08-21,2003-07-06,SO52909,538,25788,8,2,2
2016-08-21,2003-05-23,SO52909,215,25788,8,3,1
2016-08-21,2003-07-02,SO52917,485,17657,6,1,2
2016-08-21,2003-05-09,SO52917,490,17657,6,2,1
2016-08-21,2003-07-28,SO52906,528,17806,8,2,3
2016-08-21,2003-06-21,SO52906,535,17806,8,1,2
2016-08-21,2003-05-05,SO52906,220,17806,8,3,1
2016-08-21,2003-04-25,SO52914,528,11882,1,1,2
2016-08-21,2003-06-30,SO52914,537,11882,1,2,1
2016-08-21,2003-06-02,SO52927,606,25646,10,1,1
2016-08-21,2003-05-17,SO52886,485,16927,9,1,2
2016-08-21,2003-05-14,SO52886,482,16927,9,2,1
2016-08-21,2003-08-05,SO52922,528,12071,4,2,2
2016-08-21,2003-07-20,SO52922,220,12071,4,4,1
2016-08-21,2003-05-31,SO52922,352,12071,4,1,1
2016-08-21,2003-07-20,SO52922,537,12071,4,3,1
2016-08-21,2003-07-31,SO52912,485,11023,4,3,2
2016-08-21,2003-06-06,SO52912,528,11023,4,2,2
2016-08-21,2003-07-01,SO52912,490,11023,4,4,1
2016-08-21,2003-04-25,SO52912,537,11023,4,1,1
2016-08-21,2003-06-23,SO52913,530,27807,7,1,2
2016-08-21,2003-06-24,SO52887,482,21565,9,3,3
2016-08-21,2003-07-04,SO52887,528,21565,9,2,3
2016-08-21,2003-05-07,SO52887,537,21565,9,1,1
2016-08-21,2003-05-29,SO52920,214,20210,1,2,1
2016-08-21,2003-07-07,SO52920,371,20210,1,1,1
2016-08-21,2003-07-03,SO52907,223,28498,7,1,2
2016-08-21,2003-07-20,SO52907,474,28498,7,2,1
2016-08-21,2003-06-06,SO52924,220,19533,4,2,1
2016-08-21,2003-06-04,SO52924,389,19533,4,1,1
2016-08-21,2003-07-02,SO52904,528,16013,1,1,2
2016-08-21,2003-07-25,SO52904,215,16013,1,2,1
2016-08-21,2003-05-29,SO52904,226,16013,1,3,1
2016-08-22,2003-08-05,SO52934,490,11714,4,1,1
2016-08-22,2003-06-28,SO52944,529,16936,7,2,2
2016-08-22,2003-06-08,SO52944,539,16936,7,1,2
2016-08-22,2003-07-31,SO52944,214,16936,7,3,1
2016-08-22,2003-06-06,SO52933,223,11059,9,3,2
2016-08-22,2003-07-04,SO52933,477,11059,9,2,2
2016-08-22,2003-06-04,SO52933,479,11059,9,1,2
2016-08-22,2003-05-27,SO52933,489,11059,9,4,1
2016-08-22,2003-05-17,SO52953,223,12593,10,1,2
2016-08-22,2003-06-21,SO52938,235,21234,4,2,1
2016-08-22,2003-07-07,SO52938,474,21234,4,1,1
2016-08-22,2003-05-16,SO52945,477,19056,7,2,2
2016-08-22,2003-05-10,SO52945,484,19056,7,3,2
2016-08-22,2003-07-09,SO52945,535,19056,7,1,2
2016-08-22,2003-07-23,SO52957,220,11162,4,2,1
2016-08-22,2003-06-19,SO52957,358,11162,4,1,1
2016-08-22,2003-05-22,SO52932,480,14312,9,2,2
2016-08-22,2003-06-29,SO52932,530,14312,9,1,2
2016-08-22,2003-07-21,SO52935,539,29228,4,1,2
2016-08-22,2003-07-02,SO52941,223,18449,6,2,2
2016-08-22,2003-06-04,SO52941,485,18449,6,1,2
2016-08-22,2003-05-29,SO52936,477,21500,1,2,2
2016-08-22,2003-07-10,SO52936,478,21500,1,1,2
2016-08-22,2003-06-13,SO52936,484,21500,1,3,1
2016-08-22,2003-08-02,SO52948,538,27176,8,1,1
2016-08-22,2003-05-30,SO52951,485,13235,1,1,2
2016-08-22,2003-07-18,SO52951,220,13235,1,2,1
2016-08-22,2003-06-08,SO52937,475,19703,4,1,1
2016-08-22,2003-05-20,SO52949,223,14799,10,3,2
2016-08-22,2003-06-24,SO52949,530,14799,10,2,2
2016-08-22,2003-08-07,SO52949,232,14799,10,4,1
2016-08-22,2003-06-21,SO52949,541,14799,10,1,1
2016-08-22,2003-07-31,SO52930,381,24608,9,1,1
2016-08-22,2003-05-22,SO52960,477,21649,4,3,2
2016-08-22,2003-06-20,SO52960,479,21649,4,2,2
2016-08-22,2003-07-22,SO52960,604,21649,4,1,1
2016-08-22,2003-05-03,SO52931,484,11866,4,1,2
2016-08-22,2003-05-25,SO52961,480,21646,4,3,2
2016-08-22,2003-07-09,SO52961,538,21646,4,2,2
2016-08-22,2003-07-26,SO52961,605,21646,4,1,1
2016-08-22,2003-07-30,SO52946,223,28542,7,2,2
2016-08-22,2003-04-30,SO52946,474,28542,7,1,1
2016-08-22,2003-07-26,SO52943,226,13568,7,2,1
2016-08-22,2003-05-22,SO52943,474,13568,7,1,1
2016-08-22,2003-06-28,SO52962,584,22287,4,1,1
2016-08-22,2003-06-18,SO52954,484,14081,4,2,2
2016-08-22,2003-05-19,SO52954,373,14081,4,1,1
2016-08-22,2003-06-21,SO52952,226,12639,7,1,1
2016-08-22,2003-06-29,SO52955,373,16235,4,1,1
2016-08-22,2003-08-02,SO52958,220,28770,1,2,1
2016-08-22,2003-04-30,SO52958,585,28770,1,1,1
2016-08-22,2003-05-29,SO52947,477,24064,10,1,2
2016-08-22,2003-04-26,SO52942,528,16039,8,1,2
2016-08-22,2003-05-17,SO52959,354,11459,9,1,1
2016-08-22,2003-05-27,SO52959,480,11459,9,2,1
2016-08-22,2003-07-24,SO52956,358,11317,1,1,1
2016-08-22,2003-06-29,SO52939,477,18530,1,1,2
2016-08-22,2003-07-21,SO52939,487,18530,1,2,1
2016-08-22,2003-04-30,SO52939,490,18530,1,3,1
2016-08-22,2003-06-22,SO52950,528,11832,1,1,2
2016-08-22,2003-07-09,SO52950,214,11832,1,3,1
2016-08-22,2003-05-28,SO52950,537,11832,1,2,1
2016-08-23,2003-07-31,SO52997,535,18963,1,2,1
2016-08-23,2003-05-26,SO52997,595,18963,1,1,1
2016-08-23,2003-06-01,SO52966,362,11351,10,1,1
2016-08-23,2003-05-24,SO53001,606,21022,7,1,1
2016-08-23,2003-07-20,SO52967,477,11353,10,2,2
2016-08-23,2003-05-16,SO52967,478,11353,10,3,2
2016-08-23,2003-06-06,SO52967,362,11353,10,1,1
2016-08-23,2003-05-27,SO52968,220,11212,6,1,1
2016-08-23,2003-07-17,SO53002,214,14939,8,2,1
2016-08-23,2003-06-06,SO53002,576,14939,8,1,1
2016-08-23,2003-08-01,SO52964,223,23412,9,4,2
2016-08-23,2003-07-12,SO52964,477,23412,9,3,2
2016-08-23,2003-07-14,SO52964,479,23412,9,2,2
2016-08-23,2003-06-23,SO52964,383,23412,9,1,1
2016-08-23,2003-06-10,SO52989,529,23937,8,1,2
2016-08-23,2003-08-02,SO52989,214,23937,8,2,1
2016-08-23,2003-07-01,SO52995,462,12938,1,3,2
2016-08-23,2003-06-24,SO52995,485,12938,1,1,2
2016-08-23,2003-06-01,SO52995,220,12938,1,2,1
2016-08-23,2003-05-07,SO52984,477,12183,6,2,2
2016-08-23,2003-08-08,SO52984,478,12183,6,1,2
2016-08-23,2003-05-22,SO52984,214,12183,6,3,1
2016-08-23,2003-05-01,SO52982,528,17385,6,2,2
2016-08-23,2003-06-15,SO52982,536,17385,6,1,2
2016-08-23,2003-04-27,SO52982,215,17385,6,3,1
2016-08-23,2003-07-06,SO52970,536,18286,9,2,3
2016-08-23,2003-06-20,SO52970,528,18286,9,1,2
2016-08-23,2003-08-07,SO52970,220,18286,9,3,1
2016-08-23,2003-07-05,SO52979,529,25435,1,2,3
2016-08-23,2003-06-03,SO52979,540,25435,1,1,1
2016-08-23,2003-05-31,SO52974,223,18197,9,1,2
2016-08-23,2003-04-29,SO52996,485,12793,4,1,2
2016-08-23,2003-07-27,SO52996,214,12793,4,2,1
2016-08-23,2003-07-21,SO52996,473,12793,4,3,1
2016-08-23,2003-05-03,SO52998,466,11528,4,5,3
2016-08-23,2003-05-06,SO52998,478,11528,4,3,3
2016-08-23,2003-05-17,SO52998,477,11528,4,4,2
2016-08-23,2003-06-23,SO52998,485,11528,4,2,2
2016-08-23,2003-06-09,SO52998,354,11528,4,1,1
2016-08-23,2003-06-05,SO52991,223,22492,8,2,2
2016-08-23,2003-07-05,SO52991,477,22492,8,1,2
2016-08-23,2003-06-24,SO52991,490,22492,8,3,1
2016-08-23,2003-07-22,SO52977,530,27293,4,2,3
2016-08-23,2003-04-28,SO52977,541,27293,4,1,2
2016-08-23,2003-06-21,SO52977,487,27293,4,3,1
2016-08-23,2003-06-06,SO52969,480,11965,9,2,3
2016-08-23,2003-07-25,SO52969,535,11965,9,1,2
2016-08-23,2003-05-24,SO52986,528,17705,10,1,2
2016-08-23,2003-05-26,SO52986,535,17705,10,2,2
2016-08-23,2003-07-28,SO52992,529,27806,10,1,2
2016-08-23,2003-05-21,SO53000,474,14102,9,2,1
2016-08-23,2003-05-22,SO53000,587,14102,9,1,1
2016-08-23,2003-06-22,SO52976,529,29268,1,1,2
2016-08-23,2003-05-08,SO52976,220,29268,1,2,1
2016-08-23,2003-05-16,SO52987,223,19920,7,4,2
2016-08-23,2003-06-04,SO52987,529,19920,7,2,2
2016-08-23,2003-06-28,SO52987,539,19920,7,1,2
2016-08-23,2003-05-22,SO52987,489,19920,7,3,1
2016-08-23,2003-07-15,SO52988,478,14782,8,2,2
2016-08-23,2003-07-31,SO52988,485,14782,8,1,2
2016-08-23,2003-06-06,SO52988,214,14782,8,3,1
2016-08-23,2003-08-05,SO52971,490,17243,9,1,1
2016-08-23,2003-07-22,SO52990,480,20588,10,2,1
2016-08-23,2003-05-18,SO52990,535,20588,10,1,1
2016-08-23,2003-05-15,SO52963,229,18273,9,3,1
2016-08-23,2003-05-22,SO52963,375,18273,9,1,1
2016-08-23,2003-06-16,SO52963,540,18273,9,2,1
2016-08-23,2003-08-02,SO52999,360,12113,6,1,1
2016-08-23,2003-04-27,SO52983,478,21787,4,1,2
2016-08-23,2003-06-20,SO52983,480,21787,4,3,2
2016-08-23,2003-05-12,SO52983,477,21787,4,2,1
2016-08-23,2003-06-27,SO52975,486,14307,9,1,1
2016-08-23,2003-05-07,SO52985,473,18094,4,2,1
2016-08-23,2003-04-25,SO52985,477,18094,4,1,1
2016-08-23,2003-04-26,SO52981,536,18871,6,1,2
2016-08-23,2003-06-18,SO52972,223,17302,9,2,2
2016-08-23,2003-05-06,SO52972,232,17302,9,1,1
2016-08-23,2003-06-17,SO52973,235,14678,9,1,1
2016-08-23,2003-06-07,SO53003,377,18303,9,1,1
2016-08-23,2003-06-09,SO53003,479,18303,9,2,1
2016-08-23,2003-05-23,SO52980,529,25102,4,2,2
2016-08-23,2003-06-14,SO52980,220,25102,4,3,1
2016-08-23,2003-05-03,SO52980,540,25102,4,1,1
2016-08-23,2003-07-13,SO52993,529,26865,10,1,2
2016-08-23,2003-06-06,SO52993,483,26865,10,2,1
2016-08-23,2003-08-02,SO52965,220,11492,8,2,1
2016-08-23,2003-06-16,SO52965,352,11492,8,1,1
2016-08-23,2003-08-06,SO52978,541,26691,4,1,3
2016-08-23,2003-06-18,SO52994,530,16193,10,1,2
2016-08-24,2003-05-19,SO53030,478,15498,6,2,3
2016-08-24,2003-05-24,SO53030,477,15498,6,1,2
2016-08-24,2003-05-19,SO53030,214,15498,6,3,1
2016-08-24,2003-07-04,SO53030,466,15498,6,4,1
2016-08-24,2003-06-19,SO53007,223,11530,6,1,3
2016-08-24,2003-05-12,SO53049,535,15561,1,2,3
2016-08-24,2003-04-27,SO53049,480,15561,1,3,2
2016-08-24,2003-06-02,SO53049,591,15561,1,1,1
2016-08-24,2003-04-29,SO53034,223,18346,4,1,2
2016-08-24,2003-07-29,SO53034,477,18346,4,2,1
2016-08-24,2003-06-15,SO53041,480,11566,7,3,2
2016-08-24,2003-07-05,SO53041,530,11566,7,2,2
2016-08-24,2003-07-02,SO53041,541,11566,7,1,2
2016-08-24,2003-08-01,SO53016,223,18259,9,1,2
2016-08-24,2003-04-29,SO53006,478,11395,8,2,2
2016-08-24,2003-07-05,SO53006,354,11395,8,1,1
2016-08-24,2003-08-01,SO53036,535,13698,8,2,3
2016-08-24,2003-05-30,SO53036,480,13698,8,3,1
2016-08-24,2003-05-29,SO53036,528,13698,8,1,1
2016-08-24,2003-05-28,SO53023,529,11277,6,2,2
2016-08-24,2003-05-28,SO53023,214,11277,6,3,1
2016-08-24,2003-05-30,SO53023,540,11277,6,1,1
2016-08-24,2003-05-08,SO53042,480,11277,6,3,2
2016-08-24,2003-05-05,SO53042,528,11277,6,2,2
2016-08-24,2003-07-28,SO53042,537,11277,6,1,1
2016-08-24,2003-05-19,SO53040,538,28410,10,1,2
2016-08-24,2003-06-05,SO53040,215,28410,10,3,1
2016-08-24,2003-05-11,SO53040,529,28410,10,2,1
2016-08-24,2003-05-09,SO53046,485,12979,1,1,2
2016-08-24,2003-06-28,SO53046,486,12979,1,2,1
2016-08-24,2003-05-11,SO53047,477,16887,4,2,2
2016-08-24,2003-05-30,SO53047,479,16887,4,3,2
2016-08-24,2003-07-11,SO53047,487,16887,4,4,1
2016-08-24,2003-05-10,SO53047,583,16887,4,1,1
2016-08-24,2003-06-17,SO53005,220,11493,10,2,1
2016-08-24,2003-05-10,SO53005,362,11493,10,1,1
2016-08-24,2003-05-22,SO53008,484,13962,9,4,2
2016-08-24,2003-07-08,SO53008,528,13962,9,2,2
2016-08-24,2003-06-12,SO53008,535,13962,9,1,2
2016-08-24,2003-05-28,SO53008,480,13962,9,3,1
2016-08-24,2003-06-09,SO53060,477,26743,9,2,2
2016-08-24,2003-07-17,SO53060,479,26743,9,3,2
2016-08-24,2003-04-30,SO53060,214,26743,9,4,1
2016-08-24,2003-05-08,SO53060,606,26743,9,1,1
2016-08-24,2003-07-22,SO53027,529,18758,6,2,2
2016-08-24,2003-05-14,SO53027,540,18758,6,1,1
2016-08-24,2003-07-22,SO53028,480,24317,4,2,3
2016-08-24,2003-08-03,SO53028,540,24317,4,1,1
2016-08-24,2003-07-18,SO53045,477,18758,6,3,3
2016-08-24,2003-08-01,SO53045,478,18758,6,2,3
2016-08-24,2003-07-25,SO53045,485,18758,6,1,2
2016-08-24,2003-07-31,SO53009,539,14857,9,1,2
2016-08-24,2003-04-30,SO53009,490,14857,9,2,1
2016-08-24,2003-06-05,SO53039,529,19177,8,1,3
2016-08-24,2003-07-07,SO53039,215,19177,8,2,1
2016-08-24,2003-07-23,SO53019,466,11738,6,2,2
2016-08-24,2003-07-14,SO53019,529,11738,6,3,2
2016-08-24,2003-08-09,SO53019,538,11738,6,1,2
2016-08-24,2003-05-29,SO53044,223,12602,10,1,2
2016-08-24,2003-05-18,SO53050,462,20199,4,3,3
2016-08-24,2003-06-14,SO53050,214,20199,4,2,1
2016-08-24,2003-06-21,SO53050,373,20199,4,1,1
2016-08-24,2003-06-03,SO53038,535,17640,8,1,1
2016-08-24,2003-05-17,SO53054,477,11837,4,2,2
2016-08-24,2003-05-24,SO53054,478,11837,4,3,2
2016-08-24,2003-05-30,SO53054,220,11837,4,4,1
2016-08-24,2003-05-09,SO53054,362,11837,4,1,1
2016-08-24,2003-05-09,SO53032,474,19778,4,1,1
2016-08-24,2003-06-01,SO53024,529,15526,6,1,3
2016-08-24,2003-06-11,SO53024,464,15526,6,4,2
2016-08-24,2003-07-13,SO53024,214,15526,6,3,1
2016-08-24,2003-08-05,SO53024,540,15526,6,2,1
2016-08-24,2003-05-22,SO53064,529,21601,4,3,3
2016-08-24,2003-06-06,SO53064,538,21601,4,2,2
2016-08-24,2003-06-10,SO53064,464,21601,4,4,1
2016-08-24,2003-08-09,SO53064,584,21601,4,1,1
2016-08-24,2003-07-26,SO53058,541,27777,8,2,3
2016-08-24,2003-06-01,SO53058,480,27777,8,4,2
2016-08-24,2003-06-04,SO53058,530,27777,8,3,2
2016-08-24,2003-06-26,SO53058,570,27777,8,1,1
2016-08-24,2003-05-13,SO53017,223,28967,4,1,2
2016-08-24,2003-04-28,SO53053,220,11816,4,2,1
2016-08-24,2003-06-06,SO53053,352,11816,4,1,1
2016-08-24,2003-06-04,SO53051,476,13870,1,2,1
2016-08-24,2003-06-10,SO53051,589,13870,1,1,1
2016-08-24,2003-07-26,SO53022,530,28003,1,1,3
2016-08-24,2003-04-27,SO53059,214,28309,9,2,1
2016-08-24,2003-07-04,SO53059,575,28309,9,1,1
2016-08-24,2003-06-23,SO53031,464,21159,1,4,2
2016-08-24,2003-06-08,SO53031,477,21159,1,1,2
2016-08-24,2003-07-23,SO53031,478,21159,1,2,2
2016-08-24,2003-07-13,SO53031,220,21159,1,3,1
2016-08-24,2003-06-06,SO53018,529,28998,4,2,2
2016-08-24,2003-05-12,SO53018,539,28998,4,1,2
2016-08-24,2003-08-04,SO53067,215,22639,10,2,1
2016-08-24,2003-05-05,SO53067,385,22639,10,1,1
2016-08-24,2003-06-11,SO53020,530,11203,6,1,2
2016-08-24,2003-07-19,SO53014,223,15126,9,2,2
2016-08-24,2003-05-14,SO53014,232,15126,9,1,1
2016-08-24,2003-05-29,SO53057,541,27774,8,2,3
2016-08-24,2003-07-12,SO53057,566,27774,8,1,1
2016-08-24,2003-05-08,SO53010,536,17254,9,1,2
2016-08-24,2003-05-22,SO53010,472,17254,9,2,1
2016-08-24,2003-07-06,SO53011,528,17070,9,2,3
2016-08-24,2003-06-02,SO53011,536,17070,9,1,3
2016-08-24,2003-05-12,SO53011,214,17070,9,3,1
2016-08-24,2003-05-06,SO53012,485,18707,9,1,2
2016-08-24,2003-07-04,SO53012,220,18707,9,2,1
2016-08-24,2003-06-23,SO53012,471,18707,9,3,1
2016-08-24,2003-07-31,SO53015,480,19090,9,1,2
2016-08-24,2003-06-11,SO53026,535,11176,6,1,2
2016-08-24,2003-08-09,SO53062,477,12011,9,2,2
2016-08-24,2003-05-16,SO53062,478,12011,9,3,2
2016-08-24,2003-06-23,SO53062,473,12011,9,4,1
2016-08-24,2003-06-28,SO53062,599,12011,9,1,1
2016-08-24,2003-05-01,SO53021,480,29000,1,2,2
2016-08-24,2003-07-30,SO53021,530,29000,1,1,2
2016-08-24,2003-06-12,SO53056,528,11297,4,3,2
2016-08-24,2003-08-09,SO53056,220,11297,4,4,1
2016-08-24,2003-05-30,SO53056,362,11297,4,1,1
2016-08-24,2003-06-04,SO53056,537,11297,4,2,1
2016-08-24,2003-06-11,SO53063,214,22112,6,2,1
2016-08-24,2003-05-19,SO53063,235,22112,6,3,1
2016-08-24,2003-07-03,SO53063,563,22112,6,1,1
2016-08-24,2003-05-09,SO53055,528,11326,4,2,2
2016-08-24,2003-06-17,SO53055,214,11326,4,4,1
2016-08-24,2003-06-01,SO53055,362,11326,4,1,1
2016-08-24,2003-06-26,SO53055,537,11326,4,3,1
2016-08-24,2003-05-09,SO53029,477,21720,4,2,2
2016-08-24,2003-06-06,SO53029,478,21720,4,1,2
2016-08-24,2003-06-06,SO53037,480,18632,10,3,3
2016-08-24,2003-08-03,SO53037,528,18632,10,1,3
2016-08-24,2003-04-28,SO53037,535,18632,10,2,1
2016-08-24,2003-07-05,SO53025,529,24776,4,1,2
2016-08-24,2003-06-29,SO53025,487,24776,4,3,1
2016-08-24,2003-07-13,SO53025,540,24776,4,2,1
2016-08-24,2003-05-21,SO53033,462,11827,6,3,3
2016-08-24,2003-07-03,SO53033,475,11827,6,1,1
2016-08-24,2003-05-27,SO53033,490,11827,6,2,1
2016-08-24,2003-07-30,SO53035,480,14921,4,2,2
2016-08-24,2003-07-26,SO53035,528,14921,4,1,2
2016-08-24,2003-04-26,SO53043,485,17036,6,1,2
2016-08-24,2003-06-11,SO53043,220,17036,6,2,1
2016-08-24,2003-06-28,SO53065,220,18549,6,4,1
2016-08-24,2003-07-09,SO53065,381,18549,6,1,1
2016-08-24,2003-04-27,SO53065,477,18549,6,2,1
2016-08-24,2003-08-07,SO53065,479,18549,6,3,1
2016-08-24,2003-08-04,SO53061,215,26748,9,2,1
2016-08-24,2003-07-20,SO53061,605,26748,9,1,1
2016-08-24,2003-06-29,SO53004,220,16482,9,2,1
2016-08-24,2003-07-22,SO53004,232,16482,9,3,1
2016-08-24,2003-06-12,SO53004,389,16482,9,1,1
2016-08-24,2003-07-28,SO53052,485,11741,4,2,3
2016-08-24,2003-07-09,SO53052,356,11741,4,1,1
2016-08-24,2003-07-23,SO53052,486,11741,4,3,1
2016-08-24,2003-06-30,SO53066,479,19408,4,2,2
2016-08-24,2003-07-13,SO53066,381,19408,4,1,1
2016-08-24,2003-05-02,SO53048,477,12032,6,3,2
2016-08-24,2003-08-06,SO53048,478,12032,6,2,2
2016-08-24,2003-06-20,SO53048,215,12032,6,4,1
2016-08-24,2003-08-04,SO53048,591,12032,6,1,1
2016-08-24,2003-05-09,SO53013,477,24899,9,4,2
2016-08-24,2003-05-25,SO53013,478,24899,9,3,2
2016-08-24,2003-04-30,SO53013,485,24899,9,2,2
2016-08-24,2003-05-30,SO53013,528,24899,9,1,2
2016-08-24,2003-06-29,SO53013,471,24899,9,5,1
2016-08-25,2003-05-18,SO53118,485,17387,6,1,2
2016-08-25,2003-05-31,SO53118,214,17387,6,2,1
2016-08-25,2003-08-06,SO53086,539,28793,1,1,2
2016-08-25,2003-06-23,SO53082,477,19440,10,2,2
2016-08-25,2003-05-11,SO53082,220,19440,10,4,1
2016-08-25,2003-06-13,SO53082,377,19440,10,1,1
2016-08-25,2003-05-10,SO53082,479,19440,10,3,1
2016-08-25,2003-07-07,SO53081,477,23764,8,3,3
2016-08-25,2003-05-26,SO53081,479,23764,8,2,2
2016-08-25,2003-06-21,SO53081,373,23764,8,1,1
2016-08-25,2003-04-28,SO53077,529,25129,9,1,2
2016-08-25,2003-08-04,SO53077,538,25129,9,2,2
2016-08-25,2003-05-11,SO53077,215,25129,9,3,1
2016-08-25,2003-05-02,SO53120,528,11664,4,3,2
2016-08-25,2003-06-21,SO53120,215,11664,4,4,1
2016-08-25,2003-05-06,SO53120,360,11664,4,1,1
2016-08-25,2003-05-14,SO53120,537,11664,4,2,1
2016-08-25,2003-07-20,SO53103,480,15301,4,2,2
2016-08-25,2003-05-02,SO53103,484,15301,4,3,2
2016-08-25,2003-06-16,SO53103,528,15301,4,1,2
2016-08-25,2003-07-17,SO53094,536,12055,6,1,3
2016-08-25,2003-07-18,SO53112,480,20941,7,2,3
2016-08-25,2003-05-15,SO53112,529,20941,7,1,2
2016-08-25,2003-06-12,SO53112,483,20941,7,3,1
2016-08-25,2003-06-03,SO53092,223,11185,6,5,2
2016-08-25,2003-05-19,SO53092,528,11185,6,2,2
2016-08-25,2003-05-23,SO53092,535,11185,6,1,2
2016-08-25,2003-07-31,SO53092,214,11185,6,3,1
2016-08-25,2003-07-16,SO53092,235,11185,6,4,1
2016-08-25,2003-08-08,SO53113,530,14840,10,1,2
2016-08-25,2003-06-16,SO53113,541,14840,10,2,2
2016-08-25,2003-07-07,SO53080,484,11122,9,1,2
2016-08-25,2003-05-04,SO53132,541,14428,8,2,2
2016-08-25,2003-05-29,SO53132,575,14428,8,1,1
2016-08-25,2003-08-09,SO53119,360,11983,4,1,1
2016-08-25,2003-06-09,SO53075,528,21367,9,1,3
2016-08-25,2003-05-04,SO53075,480,21367,9,2,2
2016-08-25,2003-05-21,SO53083,529,22448,7,3,3
2016-08-25,2003-06-13,SO53083,379,22448,7,1,1
2016-08-25,2003-06-28,SO53083,540,22448,7,2,1
2016-08-25,2003-05-02,SO53076,530,14209,9,1,2
2016-08-25,2003-05-10,SO53078,480,11902,9,2,2
2016-08-25,2003-05-19,SO53078,529,11902,9,1,2
2016-08-25,2003-05-21,SO53101,528,28248,6,1,2
2016-08-25,2003-05-03,SO53110,529,26037,10,1,2
2016-08-25,2003-08-01,SO53110,220,26037,10,2,1
2016-08-25,2003-05-28,SO53095,528,23711,1,1,2
2016-08-25,2003-06-29,SO53095,536,23711,1,2,2
2016-08-25,2003-08-01,SO53091,480,25378,1,3,2
2016-08-25,2003-06-19,SO53091,529,25378,1,1,2
2016-08-25,2003-07-15,SO53091,540,25378,1,2,1
2016-08-25,2003-07-30,SO53090,529,28032,4,2,2
2016-08-25,2003-07-08,SO53090,232,28032,4,3,1
2016-08-25,2003-07-26,SO53090,538,28032,4,1,1
2016-08-25,2003-06-18,SO53116,528,11883,1,2,2
2016-08-25,2003-06-20,SO53116,480,11883,1,3,1
2016-08-25,2003-07-31,SO53116,537,11883,1,1,1
2016-08-25,2003-06-25,SO53072,480,17063,9,3,2
2016-08-25,2003-07-28,SO53072,536,17063,9,1,2
2016-08-25,2003-05-28,SO53072,528,17063,9,2,1
2016-08-25,2003-05-07,SO53098,476,28817,6,1,1
2016-08-25,2003-06-02,SO53099,475,16846,6,1,1
2016-08-25,2003-05-06,SO53099,491,16846,6,2,1
2016-08-25,2003-05-02,SO53108,477,23770,10,1,2
2016-08-25,2003-07-16,SO53089,462,11200,6,2,2
2016-08-25,2003-05-08,SO53089,530,11200,6,1,1
2017-01-01,2003-12-13,SO61285,529,23791,1,2,2
2017-01-01,2003-09-24,SO61285,214,23791,1,3,1
2017-01-01,2003-09-04,SO61285,540,23791,1,1,1
2017-01-01,2003-09-28,SO61301,529,16747,1,2,2
2017-01-01,2003-10-21,SO61301,377,16747,1,1,1
2017-01-01,2003-10-23,SO61301,540,16747,1,3,1
2017-01-01,2003-09-04,SO61269,215,11792,4,1,1
2017-01-01,2003-10-21,SO61269,229,11792,4,2,1
2017-01-01,2003-10-24,SO61286,528,11530,6,2,2
2017-01-01,2003-09-27,SO61286,536,11530,6,1,2
2017-01-01,2003-10-23,SO61298,530,18155,10,1,2
2017-01-01,2003-12-02,SO61298,214,18155,10,3,1
2017-01-01,2003-12-15,SO61298,223,18155,10,2,1
2017-01-01,2003-10-01,SO61310,538,13541,8,2,2
2017-01-01,2003-11-08,SO61310,584,13541,8,1,1
2017-01-01,2003-12-06,SO61270,485,18259,9,1,2
2017-01-01,2003-10-31,SO61289,528,23694,1,1,2
2017-01-01,2003-11-16,SO61289,536,23694,1,2,2
2017-01-01,2003-11-20,SO61289,215,23694,1,3,1
2017-01-01,2003-10-12,SO61278,477,22308,10,3,2
2017-01-01,2003-09-28,SO61278,479,22308,10,2,1
2017-01-01,2003-12-10,SO61278,488,22308,10,4,1
2017-01-01,2003-09-25,SO61278,580,22308,10,1,1
2017-01-01,2003-10-01,SO61305,583,20236,9,1,1
2017-01-01,2003-09-13,SO61283,529,26273,1,2,2
2017-01-01,2003-09-27,SO61283,538,26273,1,1,2
2017-01-01,2003-09-03,SO61283,220,26273,1,3,1
2017-01-01,2003-11-23,SO61288,528,19709,6,1,2
2017-01-01,2003-10-30,SO61288,536,19709,6,2,2
2017-01-01,2003-11-21,SO61288,220,19709,6,3,1
2017-01-01,2003-11-05,SO61272,480,21239,9,2,2
2017-01-01,2003-09-08,SO61272,528,21239,9,1,2
2017-01-01,2003-11-16,SO61276,223,17252,9,2,3
2017-01-01,2003-10-31,SO61276,488,17252,9,1,1
2017-01-01,2003-10-21,SO61294,477,17396,4,1,2
2017-01-01,2003-10-21,SO61294,484,17396,4,2,2
2017-01-01,2003-09-08,SO61274,223,27148,9,1,3
2017-01-01,2003-10-08,SO61274,475,27148,9,2,1
2017-01-01,2003-11-03,SO61307,215,20260,9,2,1
2017-01-01,2003-10-06,SO61307,582,20260,9,1,1
2017-01-01,2003-11-06,SO61279,485,12859,10,2,2
2017-01-01,2003-12-14,SO61279,362,12859,10,1,1
2017-01-01,2003-11-13,SO61271,538,20454,9,1,2
2017-01-01,2003-09-23,SO61271,480,20454,9,2,1
2017-01-01,2003-09-15,SO61295,480,14751,1,2,2
2017-01-01,2003-12-03,SO61295,528,14751,1,1,2
2017-01-01,2003-12-07,SO61284,480,27477,4,2,2
2017-01-01,2003-11-01,SO61284,538,27477,4,1,2
2017-01-01,2003-11-02,SO61290,478,23011,4,1,2
2017-01-01,2003-11-26,SO61290,477,23011,4,2,1
2017-01-01,2003-09-28,SO61280,214,11891,4,1,1
2017-01-01,2003-11-26,SO61309,354,13625,9,1,1
2017-01-01,2003-11-01,SO61309,483,13625,9,2,1
2017-01-01,2003-09-27,SO61302,477,14486,4,2,2
2017-01-01,2003-11-29,SO61302,478,14486,4,3,2
2017-01-01,2003-11-28,SO61302,362,14486,4,1,1
2017-01-01,2003-11-09,SO61277,223,15050,8,3,2
2017-01-01,2003-10-19,SO61277,490,15050,8,2,1
2017-01-01,2003-11-03,SO61277,594,15050,8,1,1
2017-01-01,2003-12-05,SO61299,528,12411,4,2,2
2017-01-01,2003-09-12,SO61299,537,12411,4,1,1
2017-01-01,2003-12-06,SO61297,541,12627,10,1,3
2017-01-01,2003-11-30,SO61297,477,12627,10,4,2
2017-01-01,2003-09-06,SO61297,479,12627,10,3,2
2017-01-01,2003-12-14,SO61297,530,12627,10,2,2
2017-01-01,2003-11-30,SO61297,489,12627,10,5,1
2017-01-01,2003-09-28,SO61306,477,23431,9,3,2
2017-01-01,2003-09-23,SO61306,479,23431,9,2,2
2017-01-01,2003-09-12,SO61306,580,23431,9,1,1
2017-01-01,2003-09-19,SO61275,220,13996,9,1,1
2017-01-01,2003-11-14,SO61282,480,11306,4,1,1
2017-01-01,2003-10-13,SO61308,477,20246,9,2,2
2017-01-01,2003-10-07,SO61308,479,20246,9,3,2
2017-01-01,2003-10-25,SO61308,371,20246,9,1,1
2017-01-01,2003-09-20,SO61300,477,13164,4,3,2
2017-01-01,2003-10-10,SO61300,478,13164,4,2,2
2017-01-01,2003-11-24,SO61300,485,13164,4,1,2
2017-01-01,2003-10-10,SO61300,471,13164,4,4,1
2017-01-01,2003-11-04,SO61293,477,18083,1,1,2
2017-01-01,2003-09-19,SO61293,220,18083,1,2,1
2017-01-01,2003-10-08,SO61293,232,18083,1,3,1
2017-01-01,2003-12-15,SO61311,479,22466,7,2,2
2017-01-01,2003-09-03,SO61311,606,22466,7,1,1
2017-01-01,2003-09-24,SO61292,477,22012,4,2,2
2017-01-01,2003-10-17,SO61292,478,22012,4,1,2
2017-01-01,2003-11-04,SO61287,477,15760,6,2,2
2017-01-01,2003-10-15,SO61287,478,15760,6,1,2
2017-01-01,2003-10-27,SO61287,489,15760,6,3,1
2017-01-01,2003-12-01,SO61296,485,14996,8,1,2
2017-01-01,2003-09-13,SO61312,566,29082,9,1,1
2017-01-01,2003-09-28,SO61273,477,23430,9,1,2
2017-01-01,2003-11-24,SO61304,477,12473,10,2,2
2017-01-01,2003-11-28,SO61304,479,12473,10,3,2
2017-01-01,2003-10-03,SO61304,214,12473,10,4,1
2017-01-01,2003-11-16,SO61304,560,12473,10,1,1
2017-01-01,2003-11-24,SO61281,539,28808,1,1,3
2017-01-01,2003-11-05,SO61303,220,13602,10,2,1
2017-01-01,2003-12-17,SO61303,563,13602,10,1,1
2017-01-02,2003-11-10,SO61367,477,11099,9,2,2
2017-01-02,2003-09-08,SO61367,479,11099,9,3,1
2017-01-02,2003-11-08,SO61367,489,11099,9,4,1
2017-01-02,2003-09-16,SO61367,575,11099,9,1,1
2017-01-02,2003-11-08,SO61315,223,15146,9,5,2
2017-01-02,2003-10-09,SO61315,529,15146,9,2,2
2017-01-02,2003-12-07,SO61315,220,15146,9,3,1
2017-01-02,2003-09-05,SO61315,490,15146,9,4,1
2017-01-02,2003-09-19,SO61315,539,15146,9,1,1
2017-01-02,2003-10-09,SO61349,541,12563,10,1,3
2017-01-02,2003-10-11,SO61349,215,12563,10,3,1
2017-01-02,2003-10-03,SO61349,530,12563,10,2,1
2017-01-02,2003-11-09,SO61355,226,12563,10,1,1
2017-01-02,2003-12-09,SO61370,214,11464,9,2,1
2017-01-02,2003-11-13,SO61370,561,11464,9,1,1
2017-01-02,2003-11-10,SO61332,528,25967,4,2,2
2017-01-02,2003-09-08,SO61332,535,25967,4,1,2
2017-01-02,2003-11-23,SO61351,485,11201,4,2,2
2017-01-02,2003-09-15,SO61351,214,11201,4,3,1
2017-01-02,2003-09-15,SO61351,537,11201,4,1,1
2017-01-02,2003-10-11,SO61365,214,20683,4,2,1
2017-01-02,2003-11-10,SO61365,582,20683,4,1,1
2017-01-02,2003-11-25,SO61320,477,28943,9,2,2
2017-01-02,2003-11-01,SO61320,478,28943,9,1,2
2017-01-02,2003-10-29,SO61320,214,28943,9,3,1
2017-01-02,2003-09-13,SO61362,480,13648,9,2,2
2017-01-02,2003-09-28,SO61362,358,13648,9,1,1
2017-01-02,2003-09-27,SO61342,528,12497,8,1,3
2017-01-02,2003-09-08,SO61342,480,12497,8,3,2
2017-01-02,2003-10-19,SO61342,537,12497,8,2,1
2017-01-02,2003-11-24,SO61358,485,14456,1,2,2
2017-01-02,2003-11-23,SO61358,354,14456,1,1,1
2017-01-02,2003-09-14,SO61358,472,14456,1,3,1
2017-01-02,2003-10-22,SO61369,565,29084,9,1,1
2017-01-02,2003-10-21,SO61319,529,20262,9,1,3
2017-01-02,2003-09-07,SO61319,480,20262,9,3,2
2017-01-02,2003-12-09,SO61319,538,20262,9,2,2
2017-01-02,2003-09-10,SO61364,223,24684,4,2,2
2017-01-02,2003-12-05,SO61364,562,24684,4,1,1
2017-01-02,2003-09-26,SO61359,354,14420,1,1,1
2017-01-02,2003-10-07,SO61343,464,22672,10,1,2
2017-01-02,2003-12-09,SO61343,477,22672,10,2,1
2017-01-02,2003-11-15,SO61333,536,11091,6,2,2
2017-01-02,2003-10-12,SO61333,528,11091,6,1,1
2017-01-02,2003-09-12,SO61316,536,21187,9,1,3
2017-01-02,2003-12-07,SO61316,480,21187,9,2,1
2017-01-02,2003-10-19,SO61313,223,11427,8,2,3
2017-01-02,2003-12-05,SO61313,220,11427,8,3,1
2017-01-02,2003-10-28,SO61313,583,11427,8,1,1
2017-01-02,2003-10-09,SO61328,490,11684,1,1,1
2017-01-02,2003-10-06,SO61330,529,24394,4,2,2
2017-01-02,2003-11-19,SO61330,540,24394,4,1,1
2017-01-02,2003-11-17,SO61339,485,14409,4,1,2
2017-01-02,2003-10-07,SO61339,472,14409,4,2,1
2017-01-02,2003-10-02,SO61352,537,12135,4,1,1
2017-01-02,2003-10-16,SO61366,477,14185,7,2,2
2017-01-02,2003-12-09,SO61366,479,14185,7,3,2
2017-01-02,2003-09-05,SO61366,487,14185,7,4,1
2017-01-02,2003-11-24,SO61366,564,14185,7,1,1
2017-01-02,2003-10-19,SO61340,478,13737,4,2,3
2017-01-02,2003-12-17,SO61340,485,13737,4,1,3
2017-01-02,2003-09-04,SO61340,477,13737,4,3,2
2017-01-02,2003-10-02,SO61340,480,13737,4,4,2
2017-01-02,2003-10-09,SO61324,220,25445,8,2,1
2017-01-02,2003-11-29,SO61324,580,25445,8,1,1
2017-01-02,2003-09-07,SO61345,528,20135,8,2,3
2017-01-02,2003-11-13,SO61345,214,20135,8,3,1
2017-01-02,2003-12-06,SO61345,536,20135,8,1,1
2017-01-02,2003-12-01,SO61325,466,21683,10,3,3
2017-01-02,2003-11-15,SO61325,488,21683,10,2,1
2017-01-02,2003-12-05,SO61325,583,21683,10,1,1
2017-01-02,2003-11-23,SO61335,476,19864,1,1,1
2017-01-02,2003-11-13,SO61347,462,21816,8,2,2
2017-01-02,2003-11-05,SO61347,477,21816,8,1,1
2017-01-02,2003-11-28,SO61347,490,21816,8,3,1
2017-01-02,2003-11-06,SO61323,220,17848,8,2,1
2017-01-02,2003-11-08,SO61323,580,17848,8,1,1
2017-01-02,2003-10-01,SO61331,480,11262,6,3,2
2017-01-02,2003-09-23,SO61331,529,11262,6,2,2
2017-01-02,2003-11-16,SO61331,540,11262,6,1,1
2017-01-02,2003-09-16,SO61334,480,22239,4,2,2
2017-01-02,2003-12-18,SO61334,536,22239,4,1,2
2017-01-02,2003-10-28,SO61329,541,27065,4,1,3
2017-01-02,2003-11-01,SO61329,530,27065,4,2,2
2017-01-02,2003-09-06,SO61329,214,27065,4,3,1
2017-01-02,2003-12-11,SO61348,530,23919,7,2,3
2017-01-02,2003-11-06,SO61348,462,23919,7,3,2
2017-01-02,2003-10-10,SO61348,541,23919,7,1,2
2017-01-02,2003-10-21,SO61363,477,29201,4,2,2
2017-01-02,2003-09-06,SO61363,479,29201,4,3,2
2017-01-02,2003-09-30,SO61363,570,29201,4,1,1
2017-01-02,2003-10-02,SO61344,528,17816,7,1,2
2017-01-02,2003-09-05,SO61344,536,17816,7,2,2
2017-01-02,2003-09-11,SO61344,480,17816,7,3,1
2017-01-02,2003-10-24,SO61368,220,11904,9,2,1
2017-01-02,2003-12-12,SO61368,576,11904,9,1,1
2017-01-02,2003-09-15,SO61371,606,27515,9,1,1
2017-01-02,2003-09-23,SO61357,536,14581,1,2,3
2017-01-02,2003-09-04,SO61357,462,14581,1,5,2
2017-01-02,2003-10-28,SO61357,528,14581,1,3,2
2017-01-02,2003-11-21,SO61357,215,14581,1,4,1
2017-01-02,2003-11-17,SO61357,587,14581,1,1,1
2017-01-02,2003-11-14,SO61326,484,16422,8,2,3
2017-01-02,2003-11-27,SO61326,377,16422,8,1,1
2017-01-02,2003-09-08,SO61356,590,14580,4,1,1
2017-01-02,2003-11-27,SO61354,223,12611,10,1,2
2017-01-02,2003-09-16,SO61353,485,16717,6,1,2
2017-01-02,2003-09-09,SO61353,214,16717,6,2,1
2017-01-02,2003-09-11,SO61353,471,16717,6,3,1
2017-01-02,2003-09-13,SO61338,528,16720,4,1,2
2017-01-02,2003-11-25,SO61338,215,16720,4,2,1
2017-01-02,2003-09-14,SO61336,482,19876,4,2,2
2017-01-02,2003-09-05,SO61336,474,19876,4,1,1
2017-01-02,2003-09-17,SO61341,485,16300,10,1,2
2017-01-02,2003-09-25,SO61341,229,16300,10,2,1
2017-01-02,2003-09-26,SO61321,466,14319,9,2,3
2017-01-02,2003-11-06,SO61321,235,14319,9,1,1
2017-01-02,2003-11-30,SO61350,214,11280,1,3,1
2017-01-02,2003-12-14,SO61350,528,11280,1,2,1
2017-01-02,2003-10-20,SO61350,537,11280,1,1,1
2017-01-02,2003-09-12,SO61314,483,11211,6,1,1
2017-01-02,2003-09-22,SO61346,477,16293,10,1,2
2017-01-02,2003-12-15,SO61360,528,12041,1,2,2
2017-01-02,2003-09-25,SO61360,220,12041,1,4,1
2017-01-02,2003-12-17,SO61360,235,12041,1,5,1
2017-01-02,2003-09-10,SO61360,358,12041,1,1,1
2017-01-02,2003-10-19,SO61360,537,12041,1,3,1
2017-01-02,2003-10-04,SO61317,485,17355,9,1,2
2017-01-02,2003-10-10,SO61322,480,12371,9,1,3
2017-01-02,2003-11-08,SO61322,483,12371,9,2,1
2017-01-02,2003-10-20,SO61318,485,18492,9,1,2
2017-01-02,2003-09-20,SO61318,215,18492,9,2,1
2017-01-02,2003-10-16,SO61327,223,15684,8,2,2
2017-01-02,2003-09-05,SO61327,214,15684,8,3,1
2017-01-02,2003-11-16,SO61327,358,15684,8,1,1
2017-01-03,2003-11-12,SO61400,528,14375,1,1,2
2017-01-03,2003-10-12,SO61400,215,14375,1,2,1
2017-01-03,2003-11-18,SO61386,480,27609,4,3,2
2017-01-03,2003-12-08,SO61386,530,27609,4,2,2
2017-01-03,2003-09-20,SO61386,541,27609,4,1,2
2017-01-03,2003-12-14,SO61377,223,18199,9,1,2
2017-01-03,2003-10-28,SO61373,478,11122,9,1,2
2017-01-03,2003-10-19,SO61398,528,23368,6,1,1
2017-01-03,2003-11-08,SO61420,223,13122,9,4,2
2017-01-03,2003-09-21,SO61420,485,13122,9,2,2
2017-01-03,2003-10-04,SO61420,362,13122,9,1,1
2017-01-03,2003-09-18,SO61420,487,13122,9,3,1
2017-01-03,2003-12-05,SO61419,387,24484,9,1,1
2017-01-03,2003-10-25,SO61425,214,13050,9,2,1
2017-01-03,2003-10-31,SO61425,579,13050,9,1,1
2017-01-03,2003-09-28,SO61376,484,13613,9,1,2
2017-01-03,2003-09-27,SO61413,477,11937,1,3,2
2017-01-03,2003-10-04,SO61413,478,11937,1,2,2
2017-01-03,2003-12-09,SO61413,362,11937,1,1,1
2017-01-03,2003-12-03,SO61416,477,17184,8,3,3
2017-01-03,2003-11-28,SO61416,479,17184,8,2,2
2017-01-03,2003-10-11,SO61416,214,17184,8,4,1
2017-01-03,2003-12-13,SO61416,573,17184,8,1,1
2017-01-03,2003-11-02,SO61415,485,12782,6,2,2
2017-01-03,2003-09-12,SO61415,223,12782,6,4,1
2017-01-03,2003-10-15,SO61415,232,12782,6,3,1
2017-01-03,2003-10-05,SO61415,356,12782,6,1,1
2017-01-03,2003-11-01,SO61394,464,16948,6,4,3
2017-01-03,2003-11-09,SO61394,478,16948,6,1,2
2017-01-03,2003-10-18,SO61394,215,16948,6,2,1
2017-01-03,2003-10-05,SO61394,229,16948,6,3,1
2017-01-03,2003-09-30,SO61410,484,14648,4,3,2
2017-01-03,2003-09-11,SO61410,485,14648,4,2,2
2017-01-03,2003-09-26,SO61410,362,14648,4,1,1
2017-01-03,2003-12-10,SO61379,529,16436,7,2,3
2017-01-03,2003-12-02,SO61379,220,16436,7,4,1
2017-01-03,2003-11-06,SO61379,377,16436,7,1,1
2017-01-03,2003-09-29,SO61379,540,16436,7,3,1
2017-01-03,2003-11-14,SO61372,484,12139,1,1,2
2017-01-03,2003-11-06,SO61404,485,16314,10,1,3
2017-01-03,2003-10-13,SO61404,232,16314,10,2,1
2017-01-03,2003-10-21,SO61388,535,14265,6,1,3
2017-01-03,2003-10-26,SO61388,480,14265,6,2,1
2017-01-03,2003-11-10,SO61407,529,20974,7,1,3
2017-01-03,2003-12-06,SO61407,480,20974,7,2,2
2017-01-03,2003-10-10,SO61407,483,20974,7,3,1
2017-01-03,2003-11-15,SO61380,480,15927,8,3,2
2017-01-03,2003-12-06,SO61380,362,15927,8,1,1
2017-01-03,2003-10-26,SO61380,537,15927,8,2,1
2017-01-03,2003-09-21,SO61418,529,24585,9,2,2
2017-01-03,2003-11-20,SO61418,539,24585,9,3,2
2017-01-03,2003-12-14,SO61418,215,24585,9,4,1
2017-01-03,2003-11-22,SO61418,385,24585,9,1,1
2017-01-03,2003-11-05,SO61389,540,25194,1,1,1
2017-01-03,2003-09-18,SO61409,528,15155,4,3,3
2017-01-03,2003-10-11,SO61409,481,15155,4,5,2
2017-01-03,2003-09-06,SO61409,485,15155,4,4,2
2017-01-03,2003-10-19,SO61409,360,15155,4,1,1
2017-01-03,2003-10-18,SO61409,537,15155,4,2,1
2017-01-03,2003-10-29,SO61385,480,11262,6,1,2
2017-01-03,2003-12-09,SO61385,484,11262,6,2,2
2017-01-03,2003-10-02,SO61399,528,15939,1,1,2
2017-01-03,2003-10-05,SO61399,215,15939,1,2,1
2017-01-03,2003-10-22,SO61387,530,28253,4,1,3
2017-01-03,2003-11-29,SO61387,223,28253,4,2,1
2017-01-03,2003-10-10,SO61381,362,12623,10,1,1
2017-01-03,2003-11-18,SO61381,537,12623,10,2,1
2017-01-03,2003-09-23,SO61395,477,17699,1,1,2
2017-01-03,2003-12-12,SO61395,484,17699,1,3,2
2017-01-03,2003-12-08,SO61395,487,17699,1,2,1
2017-01-03,2003-11-14,SO61427,606,27512,9,1,1
2017-01-03,2003-12-09,SO61374,215,13046,9,1,1
2017-01-03,2003-09-18,SO61382,477,15697,8,4,2
2017-01-03,2003-10-22,SO61382,478,15697,8,3,2
2017-01-03,2003-10-06,SO61382,485,15697,8,2,2
2017-01-03,2003-12-11,SO61382,362,15697,8,1,1
2017-01-03,2003-09-14,SO61391,530,16497,6,2,2
2017-01-03,2003-11-07,SO61391,541,16497,6,1,2
2017-01-03,2003-11-11,SO61401,223,20740,6,2,2
2017-01-03,2003-11-11,SO61401,485,20740,6,1,2
2017-01-03,2003-10-28,SO61401,226,20740,6,3,1
2017-01-03,2003-10-24,SO61375,215,13150,9,1,1
2017-01-03,2003-09-29,SO61383,485,14429,10,2,3
2017-01-03,2003-12-18,SO61383,356,14429,10,1,1
2017-01-03,2003-11-20,SO61383,487,14429,10,3,1
2017-01-03,2003-12-02,SO61417,387,17734,9,1,1
2017-01-03,2003-10-31,SO61397,477,25002,6,1,2
2017-01-03,2003-09-17,SO61414,220,14449,1,2,1
2017-01-03,2003-10-12,SO61414,354,14449,1,1,1
2017-01-03,2003-11-12,SO61423,529,13559,8,2,2
2017-01-03,2003-11-19,SO61423,538,13559,8,3,2
2017-01-03,2003-10-25,SO61423,220,13559,8,4,1
2017-01-03,2003-09-19,SO61423,606,13559,8,1,1
2017-01-03,2003-10-10,SO61426,477,27500,9,3,2
2017-01-03,2003-11-24,SO61426,479,27500,9,2,2
2017-01-03,2003-10-09,SO61426,214,27500,9,4,1
2017-01-03,2003-10-19,SO61426,606,27500,9,1,1
2017-01-03,2003-10-03,SO61392,535,26687,1,1,2
2017-01-03,2003-12-06,SO61406,528,21522,7,1,2
2017-01-03,2003-11-22,SO61406,536,21522,7,2,2
2017-01-03,2003-09-30,SO61406,215,21522,7,3,1
2017-01-03,2003-11-01,SO61406,488,21522,7,4,1
2017-01-03,2003-10-06,SO61412,223,12079,4,6,2
2017-01-03,2003-11-04,SO61412,477,12079,4,5,2
2017-01-03,2003-11-19,SO61412,478,12079,4,4,2
2017-01-03,2003-09-08,SO61412,485,12079,4,3,2
2017-01-03,2003-10-24,SO61412,362,12079,4,1,1
2017-01-03,2003-11-01,SO61412,488,12079,4,7,1
2017-01-03,2003-10-16,SO61412,537,12079,4,2,1
2017-01-03,2003-11-15,SO61408,529,26915,10,1,2
2017-01-03,2003-09-26,SO61408,487,26915,10,2,1
2017-01-03,2003-10-02,SO61378,223,18270,9,1,2
2017-01-03,2003-11-21,SO61396,477,25328,6,1,2
2017-01-03,2003-11-18,SO61396,220,25328,6,2,1
2017-01-03,2003-10-27,SO61396,235,25328,6,3,1
2017-01-03,2003-12-02,SO61422,530,12986,6,2,2
2017-01-03,2003-10-13,SO61422,220,12986,6,4,1
2017-01-03,2003-10-11,SO61422,541,12986,6,3,1
2017-01-03,2003-12-14,SO61422,563,12986,6,1,1
2017-01-03,2003-09-16,SO61390,541,27458,4,1,2
2017-01-03,2003-10-13,SO61390,220,27458,4,3,1
2017-01-03,2003-10-27,SO61390,530,27458,4,2,1
2017-01-03,2003-09-20,SO61384,529,11086,4,1,3
2017-01-03,2003-11-13,SO61384,232,11086,4,2,1
2017-01-03,2003-12-07,SO61402,466,14254,4,3,3
2017-01-03,2003-12-15,SO61402,485,14254,4,1,2
2017-01-03,2003-09-26,SO61402,220,14254,4,2,1
2017-01-03,2003-12-06,SO61393,529,16085,6,2,3
2017-01-03,2003-11-26,SO61393,214,16085,6,3,1
2017-01-03,2003-12-08,SO61393,540,16085,6,1,1
2017-01-03,2003-10-03,SO61424,220,22674,8,2,1
2017-01-03,2003-10-17,SO61424,606,22674,8,1,1
2017-01-03,2003-10-13,SO61405,484,16943,8,3,2
2017-01-03,2003-12-04,SO61405,528,16943,8,2,2
2017-01-03,2003-12-02,SO61405,535,16943,8,1,2
2017-01-03,2003-11-12,SO61421,223,13284,6,1,2
2017-01-03,2003-10-07,SO61421,576,13284,6,2,1
2017-01-03,2003-11-11,SO61403,528,14942,7,1,2
2017-01-04,2003-09-11,SO61460,528,15442,7,1,2
2017-01-04,2003-10-23,SO61460,535,15442,7,2,2
2017-01-04,2003-09-27,SO61460,473,15442,7,3,1
2017-01-04,2003-11-04,SO61435,223,17250,9,2,2
2017-01-04,2003-12-07,SO61435,488,17250,9,1,1
2017-01-04,2003-10-20,SO61455,466,11215,6,2,2
2017-01-04,2003-11-16,SO61455,474,11215,6,1,1
2017-01-04,2003-09-21,SO61453,477,15572,6,1,2
2017-01-04,2003-10-04,SO61453,478,15572,6,2,2
2017-01-04,2003-10-04,SO61453,215,15572,6,3,1
2017-01-04,2003-12-08,SO61475,220,13366,6,2,1
2017-01-04,2003-11-28,SO61475,562,13366,6,1,1
2017-01-04,2003-09-09,SO61436,477,16016,9,3,2
2017-01-04,2003-11-26,SO61436,479,16016,9,4,2
2017-01-04,2003-11-17,SO61436,530,16016,9,1,2
2017-01-04,2003-12-11,SO61436,541,16016,9,2,2
2017-01-04,2003-10-19,SO61469,560,16424,7,1,1
2017-01-04,2003-11-09,SO61471,462,17730,9,4,2
2017-01-04,2003-11-28,SO61471,529,17730,9,3,2
2017-01-04,2003-10-11,SO61471,389,17730,9,1,1
2017-01-04,2003-10-16,SO61471,539,17730,9,2,1
2017-01-04,2003-09-10,SO61432,536,16710,9,1,3
2017-01-04,2003-10-08,SO61432,480,16710,9,3,2
2017-01-04,2003-10-26,SO61432,528,16710,9,2,2
2017-01-04,2003-12-13,SO61446,462,16506,6,3,1
2017-01-04,2003-12-02,SO61446,529,16506,6,2,1
2017-01-04,2003-11-26,SO61446,540,16506,6,1,1
2017-01-04,2003-10-22,SO61444,480,11125,9,3,2
2017-01-04,2003-09-14,SO61444,528,11125,9,2,2
2017-01-04,2003-10-10,SO61444,535,11125,9,1,2
2017-01-04,2003-09-22,SO61452,480,13144,6,2,2
2017-01-04,2003-11-05,SO61452,536,13144,6,1,2
2017-01-04,2003-12-15,SO61458,480,25157,6,2,1
2017-01-04,2003-09-17,SO61458,528,25157,6,1,1
2017-01-04,2003-11-04,SO61464,485,13229,1,1,2
2017-01-04,2003-10-20,SO61466,480,14464,4,3,3
2017-01-04,2003-11-07,SO61466,354,14464,4,1,1
2017-01-04,2003-10-04,SO61466,537,14464,4,2,1
2017-01-04,2003-10-08,SO61478,481,20394,1,3,2
2017-01-04,2003-12-09,SO61478,529,20394,1,2,2
2017-01-04,2003-10-03,SO61478,539,20394,1,4,2
2017-01-04,2003-10-03,SO61478,385,20394,1,1,1
2017-01-04,2003-12-09,SO61445,480,18314,6,2,2
2017-01-04,2003-12-18,SO61445,538,18314,6,1,2
2017-01-04,2003-10-24,SO61442,362,15700,7,1,1
2017-01-04,2003-10-24,SO61442,537,15700,7,2,1
2017-01-04,2003-09-13,SO61454,477,14265,6,1,2
2017-01-04,2003-09-22,SO61454,478,14265,6,2,2
2017-01-04,2003-09-20,SO61454,487,14265,6,3,1
2017-01-04,2003-12-05,SO61443,490,11078,6,1,1
2017-01-04,2003-09-09,SO61433,480,16625,9,3,2
2017-01-04,2003-12-01,SO61433,484,16625,9,4,2
2017-01-04,2003-09-20,SO61433,528,16625,9,2,2
2017-01-04,2003-12-05,SO61433,536,16625,9,1,2
2017-01-04,2003-11-09,SO61465,223,19719,4,4,3
2017-01-04,2003-10-19,SO61465,485,19719,4,2,2
2017-01-04,2003-11-21,SO61465,220,19719,4,3,1
2017-01-04,2003-12-08,SO61465,490,19719,4,5,1
2017-01-04,2003-10-30,SO61465,598,19719,4,1,1
2017-01-04,2003-11-29,SO61434,223,23646,9,2,2
2017-01-04,2003-12-15,SO61434,477,23646,9,1,2
2017-01-04,2003-09-06,SO61473,478,13135,9,2,2
2017-01-04,2003-10-03,SO61473,358,13135,9,1,1
2017-01-04,2003-12-16,SO61448,536,23561,1,1,2
2017-01-04,2003-10-30,SO61430,215,11253,6,1,1
2017-01-04,2003-10-23,SO61472,480,13123,9,2,2
2017-01-04,2003-11-07,SO61472,358,13123,9,1,1
2017-01-04,2003-10-23,SO61474,569,29221,4,1,1
2017-01-04,2003-10-17,SO61429,529,20616,9,2,2
2017-01-04,2003-11-13,SO61429,214,20616,9,4,1
2017-01-04,2003-12-09,SO61429,371,20616,9,1,1
2017-01-04,2003-10-09,SO61429,540,20616,9,3,1
2017-01-04,2003-12-13,SO61459,528,14536,7,1,2
2017-01-04,2003-12-20,SO61459,472,14536,7,2,1
2017-01-04,2003-10-26,SO61428,480,20615,9,4,2
2017-01-04,2003-09-18,SO61428,529,20615,9,2,2
2017-01-04,2003-09-23,SO61428,379,20615,9,1,1
2017-01-04,2003-11-20,SO61428,540,20615,9,3,1
2017-01-04,2003-09-30,SO61439,226,21071,10,2,1
2017-01-04,2003-11-25,SO61439,580,21071,10,1,1
2017-01-04,2003-10-21,SO61461,462,12444,6,4,2
2017-01-04,2003-11-05,SO61461,528,12444,6,1,2
2017-01-04,2003-10-06,SO61461,235,12444,6,3,1
2017-01-04,2003-12-03,SO61461,537,12444,6,2,1
2017-01-04,2003-09-24,SO61450,480,22775,4,3,2
2017-01-04,2003-12-11,SO61450,528,22775,4,2,2
2017-01-04,2003-09-19,SO61450,536,22775,4,1,1
2017-01-04,2003-12-10,SO61470,541,13600,10,3,3
2017-01-04,2003-11-01,SO61470,223,13600,10,5,2
2017-01-04,2003-10-29,SO61470,530,13600,10,2,2
2017-01-04,2003-10-12,SO61470,214,13600,10,4,1
2017-01-04,2003-11-23,SO61470,562,13600,10,1,1
2017-01-04,2003-09-26,SO61438,489,25444,8,2,1
2017-01-04,2003-10-04,SO61438,581,25444,8,1,1
2017-01-04,2003-10-15,SO61440,226,14140,8,2,1
2017-01-04,2003-09-12,SO61440,589,14140,8,1,1
2017-01-04,2003-12-06,SO61481,587,17233,9,1,1
2017-01-04,2003-10-16,SO61476,480,23217,4,3,2
2017-01-04,2003-12-04,SO61476,538,23217,4,2,2
2017-01-04,2003-12-08,SO61476,604,23217,4,1,1
2017-01-04,2003-11-06,SO61451,528,11642,6,1,2
2017-01-04,2003-12-11,SO61451,536,11642,6,2,2
2017-01-04,2003-09-12,SO61451,220,11642,6,3,1
2017-01-04,2003-12-17,SO61451,235,11642,6,5,1
2017-01-04,2003-10-11,SO61451,462,11642,6,4,1
2017-01-04,2003-10-06,SO61479,223,17567,4,1,2
2017-01-04,2003-11-07,SO61479,580,17567,4,2,1
2017-01-04,2003-10-27,SO61463,537,11860,4,1,1
2017-01-04,2003-10-24,SO61437,464,17896,10,5,2
2017-01-04,2003-11-26,SO61437,478,17896,10,3,2
2017-01-04,2003-12-14,SO61437,485,17896,10,2,2
2017-01-04,2003-11-15,SO61437,477,17896,10,4,1
2017-01-04,2003-10-08,SO61437,597,17896,10,1,1
2017-01-04,2003-09-11,SO61431,529,14233,9,1,2
2017-01-04,2003-12-11,SO61431,539,14233,9,2,2
2017-01-04,2003-10-20,SO61441,466,15923,7,4,2
2017-01-04,2003-09-17,SO61441,477,15923,7,3,2
2017-01-04,2003-09-06,SO61441,478,15923,7,2,2
2017-01-04,2003-09-11,SO61441,354,15923,7,1,1
2017-01-04,2003-12-19,SO61449,529,11331,6,1,2
2017-01-04,2003-11-09,SO61449,540,11331,6,2,1
2017-01-04,2003-12-13,SO61456,472,16986,1,1,1
2017-01-04,2003-10-12,SO61456,477,16986,1,2,1
2017-01-04,2003-11-05,SO61467,484,27006,7,2,2
2017-01-04,2003-12-13,SO61467,585,27006,7,1,1
2017-01-04,2003-09-22,SO61457,480,15516,4,2,2
2017-01-04,2003-10-07,SO61457,528,15516,4,1,2
2017-01-04,2003-09-28,SO61477,477,19987,6,3,2
2017-01-04,2003-09-29,SO61477,387,19987,6,1,1
2017-01-04,2003-09-22,SO61477,479,19987,6,2,1
2017-01-04,2003-09-20,SO61477,487,19987,6,4,1
2017-01-04,2003-09-24,SO61468,215,27118,7,2,1
2017-01-04,2003-11-01,SO61468,566,27118,7,1,1
2017-01-04,2003-11-26,SO61447,536,12203,6,1,3
2017-01-04,2003-10-02,SO61447,481,12203,6,3,2
2017-01-04,2003-09-21,SO61447,528,12203,6,2,2
2017-01-04,2003-09-18,SO61462,480,14760,6,2,2
2017-01-04,2003-10-31,SO61462,537,14760,6,1,1
2017-01-05,2003-12-17,SO61522,491,23423,9,2,1
2017-01-05,2003-09-13,SO61522,583,23423,9,1,1
2017-01-05,2003-09-26,SO61501,215,24961,1,3,1
2017-01-05,2003-10-20,SO61501,529,24961,1,1,1
2017-01-05,2003-09-11,SO61501,540,24961,1,2,1
2017-01-05,2003-11-03,SO61535,479,22733,1,2,2
2017-01-05,2003-10-09,SO61535,604,22733,1,1,1
2017-01-05,2003-10-21,SO61508,528,19082,10,1,2
2017-01-05,2003-11-27,SO61508,215,19082,10,2,1
2017-01-05,2003-09-26,SO61518,528,11235,1,2,2
2017-01-05,2003-10-05,SO61518,220,11235,1,3,1
2017-01-05,2003-12-06,SO61518,537,11235,1,1,1
2017-01-05,2003-10-07,SO61528,214,24957,4,2,1
2017-01-05,2003-11-11,SO61528,570,24957,4,1,1
2017-01-05,2003-10-23,SO61513,529,22701,8,1,2
2017-01-05,2003-11-26,SO61513,491,22701,8,2,1
2017-01-05,2003-11-27,SO61529,482,23829,6,2,2
2017-01-05,2003-12-03,SO61529,578,23829,6,1,1
2017-01-05,2003-09-19,SO61493,489,11667,1,1,1
2017-01-05,2003-11-01,SO61531,477,18476,4,3,2
2017-01-05,2003-10-15,SO61531,479,18476,4,2,2
2017-01-05,2003-09-10,SO61531,484,18476,4,5,2
2017-01-05,2003-11-18,SO61531,487,18476,4,4,1
2017-01-05,2003-11-01,SO61531,606,18476,4,1,1
2017-01-05,2003-12-03,SO61499,466,11277,6,5,3
2017-01-05,2003-10-22,SO61499,485,11277,6,3,2
2017-01-05,2003-10-25,SO61499,528,11277,6,2,2
2017-01-05,2003-10-04,SO61499,535,11277,6,1,2
2017-01-05,2003-11-06,SO61499,215,11277,6,4,1
2017-01-05,2003-09-26,SO61524,539,25213,9,3,2
2017-01-05,2003-10-04,SO61524,220,25213,9,4,1
2017-01-05,2003-12-19,SO61524,387,25213,9,1,1
2017-01-05,2003-10-14,SO61524,529,25213,9,2,1
2017-01-05,2003-12-21,SO61486,477,29188,9,2,2
2017-01-05,2003-11-13,SO61486,478,29188,9,1,2
2017-01-05,2003-12-06,SO61486,487,29188,9,3,1
2017-01-05,2003-12-14,SO61502,528,18449,6,2,2
2017-01-05,2003-10-20,SO61502,536,18449,6,1,2
2017-01-05,2003-12-13,SO61502,220,18449,6,3,1
2017-01-05,2003-12-14,SO61484,477,22941,9,1,2
2017-01-05,2003-11-10,SO61484,491,22941,9,2,1
2017-01-05,2003-12-09,SO61536,229,17521,4,2,1
2017-01-05,2003-11-06,SO61536,580,17521,4,1,1
2017-01-05,2003-10-25,SO61523,466,20609,9,5,2
2017-01-05,2003-11-25,SO61523,529,20609,9,2,2
2017-01-05,2003-11-23,SO61523,214,20609,9,4,1
2017-01-05,2003-10-06,SO61523,373,20609,9,1,1
2017-01-05,2003-10-05,SO61523,540,20609,9,3,1
2017-01-05,2003-10-10,SO61489,480,13561,10,3,2
2017-01-05,2003-10-30,SO61489,485,13561,10,2,2
2017-01-05,2003-10-13,SO61489,354,13561,10,1,1
2017-01-05,2003-09-18,SO61514,538,25541,8,1,2
2017-01-05,2003-11-17,SO61498,480,28232,1,2,2
2017-01-05,2003-11-04,SO61498,538,28232,1,1,2
2017-01-05,2003-12-19,SO61498,483,28232,1,3,1
2017-01-05,2003-12-02,SO61509,480,21533,10,3,3
2017-01-05,2003-11-26,SO61509,484,21533,10,4,2
2017-01-05,2003-10-17,SO61509,528,21533,10,1,2
2017-01-05,2003-09-23,SO61509,535,21533,10,2,2
2017-01-05,2003-11-19,SO61519,485,12180,1,2,2
2017-01-05,2003-11-21,SO61519,220,12180,1,3,1
2017-01-05,2003-10-11,SO61519,362,12180,1,1,1
2017-01-05,2003-10-31,SO61530,214,26200,6,2,1
2017-01-05,2003-11-16,SO61530,605,26200,6,1,1
2017-01-05,2003-12-08,SO61516,480,17186,10,2,2
2017-01-05,2003-11-28,SO61516,530,17186,10,1,1
2017-01-05,2003-11-10,SO61512,529,28570,10,1,2
2017-01-05,2003-11-24,SO61512,472,28570,10,2,1
2017-01-05,2003-10-26,SO61537,477,24100,10,2,2
2017-01-05,2003-09-25,SO61537,214,24100,10,4,1
2017-01-05,2003-10-17,SO61537,385,24100,10,1,1
2017-01-05,2003-10-28,SO61537,479,24100,10,3,1
2017-01-05,2003-10-27,SO61525,477,13650,9,2,2
2017-01-05,2003-11-14,SO61525,478,13650,9,3,2
2017-01-05,2003-12-10,SO61525,356,13650,9,1,1
2017-01-05,2003-12-18,SO61507,477,23554,6,1,1
2017-01-05,2003-10-09,SO61510,529,20133,10,2,2
2017-01-05,2003-11-27,SO61510,539,20133,10,1,1
2017-01-05,2003-09-25,SO61520,485,12078,1,2,2
2017-01-05,2003-12-04,SO61520,356,12078,1,1,1
2017-01-05,2003-09-27,SO61520,487,12078,1,3,1
2017-01-05,2003-11-16,SO61527,215,23731,6,2,1
2017-01-05,2003-11-01,SO61527,578,23731,6,1,1
2017-01-05,2003-09-29,SO61521,462,15490,6,5,2
2017-01-05,2003-12-09,SO61521,528,15490,6,2,2
2017-01-05,2003-09-08,SO61521,215,15490,6,4,1
2017-01-05,2003-11-04,SO61521,362,15490,6,1,1
2017-01-05,2003-11-27,SO61521,537,15490,6,3,1
2017-01-05,2003-11-04,SO61504,462,14574,6,4,2
2017-01-05,2003-09-09,SO61504,477,14574,6,2,2
2017-01-05,2003-12-04,SO61504,478,14574,6,1,2
2017-01-05,2003-10-09,SO61504,220,14574,6,3,1
2017-01-05,2003-11-27,SO61500,482,23689,4,3,2
2017-01-05,2003-12-14,SO61500,528,23689,4,1,2
2017-01-05,2003-09-10,SO61500,536,23689,4,2,2
2017-01-05,2003-12-16,SO61491,528,15086,7,3,3
2017-01-05,2003-10-26,SO61491,220,15086,7,4,1
2017-01-05,2003-11-30,SO61491,358,15086,7,1,1
2017-01-05,2003-09-16,SO61491,537,15086,7,2,1
2017-01-05,2003-09-21,SO61538,223,14670,9,3,2
2017-01-05,2003-12-01,SO61538,474,14670,9,2,1
2017-01-05,2003-11-08,SO61538,590,14670,9,1,1
2017-01-05,2003-11-02,SO61483,480,19578,9,3,2
2017-01-05,2003-09-15,SO61483,528,19578,9,1,2
2017-01-05,2003-09-25,SO61483,536,19578,9,2,2
2017-01-05,2003-12-08,SO61533,479,23183,4,2,2
2017-01-05,2003-12-09,SO61533,604,23183,4,1,1
2017-01-05,2003-10-17,SO61503,536,23687,1,1,2
2017-01-05,2003-10-19,SO61485,475,26143,9,1,1
2017-01-05,2003-10-05,SO61485,491,26143,9,2,1
2017-01-05,2003-09-19,SO61488,223,21545,10,2,2
2017-01-05,2003-11-01,SO61488,475,21545,10,3,1
2017-01-05,2003-11-18,SO61488,589,21545,10,1,1
2017-01-05,2003-11-03,SO61526,214,23730,6,2,1
2017-01-05,2003-10-31,SO61526,560,23730,6,1,1
2017-01-05,2003-11-12,SO61494,480,11643,1,1,2
2017-01-05,2003-09-27,SO61494,484,11643,1,2,2
2017-01-05,2003-10-19,SO61492,358,15118,10,1,1
2017-01-05,2003-09-11,SO61495,232,11506,6,1,1
2017-01-05,2003-11-08,SO61505,475,20349,4,1,1
2017-01-05,2003-09-11,SO61506,472,19018,4,2,1
2017-01-05,2003-11-14,SO61506,476,19018,4,1,1
2017-01-05,2003-10-16,SO61511,480,21077,7,2,2
2017-01-05,2003-12-15,SO61511,538,21077,7,1,2
2017-01-05,2003-12-11,SO61482,480,14059,9,3,2
2017-01-05,2003-09-16,SO61482,528,14059,9,1,2
2017-01-05,2003-10-27,SO61482,535,14059,9,2,2
2017-01-05,2003-11-09,SO61490,223,15637,7,5,3
2017-01-05,2003-11-02,SO61490,478,15637,7,2,2
2017-01-05,2003-11-29,SO61490,214,15637,7,3,1
2017-01-05,2003-10-17,SO61490,226,15637,7,4,1
2017-01-05,2003-09-16,SO61490,362,15637,7,1,1
2017-01-05,2003-09-25,SO61532,477,23265,1,3,2
2017-01-05,2003-12-05,SO61532,479,23265,1,2,2
2017-01-05,2003-09-07,SO61532,481,23265,1,4,1
2017-01-05,2003-11-19,SO61532,606,23265,1,1,1
2017-01-05,2003-10-28,SO61487,232,14217,9,1,1
2017-01-05,2003-09-19,SO61517,537,13071,6,1,1
2017-01-05,2003-10-25,SO61515,480,14784,10,3,2
2017-01-05,2003-09-17,SO61515,530,14784,10,2,2
2017-01-05,2003-09-11,SO61515,541,14784,10,1,2
2017-01-06,2003-11-29,SO61594,223,22480,7,5,2
2017-01-06,2003-09-14,SO61594,477,22480,7,3,2
2017-01-06,2003-12-06,SO61594,479,22480,7,2,1
2017-01-06,2003-11-21,SO61594,491,22480,7,4,1
2017-01-06,2003-09-26,SO61594,606,22480,7,1,1
2017-01-06,2003-10-14,SO61540,477,22176,9,3,2
2017-01-06,2003-11-17,SO61540,478,22176,9,2,2
2017-01-06,2003-09-21,SO61540,472,22176,9,4,1
2017-01-06,2003-11-09,SO61540,485,22176,9,1,1
2017-01-06,2003-10-03,SO61567,529,16266,7,2,2
2017-01-06,2003-10-01,SO61567,539,16266,7,1,2
2017-01-06,2003-09-22,SO61567,215,16266,7,3,1
2017-01-06,2003-10-11,SO61577,485,12788,4,1,3
2017-01-06,2003-09-27,SO61577,215,12788,4,2,1
2017-01-06,2003-10-21,SO61591,538,22787,4,2,3
2017-01-06,2003-11-30,SO61591,529,22787,4,3,2
2017-01-06,2003-09-30,SO61591,487,22787,4,4,1
2017-01-06,2003-10-01,SO61591,605,22787,4,1,1
2017-01-06,2003-11-06,SO61545,223,11369,9,1,2
2017-01-06,2003-11-25,SO61545,235,11369,9,2,1
2017-01-06,2003-10-28,SO61563,528,16049,8,1,2
2017-01-06,2003-09-14,SO61563,215,16049,8,2,1
2017-01-06,2003-11-24,SO61582,215,15048,10,2,1
2017-01-06,2003-11-19,SO61582,568,15048,10,1,1
2017-01-06,2003-10-30,SO61546,223,18206,9,1,2
2017-01-06,2003-09-28,SO61549,356,13562,10,1,1
2017-01-06,2003-11-29,SO61558,480,12165,6,3,3
2017-01-06,2003-12-10,SO61558,528,12165,6,2,2
2017-01-06,2003-10-19,SO61558,536,12165,6,1,2
2017-01-06,2003-10-09,SO61597,480,27513,9,3,2
2017-01-06,2003-11-04,SO61597,538,27513,9,2,2
2017-01-06,2003-12-01,SO61597,606,27513,9,1,1
2017-01-06,2003-10-31,SO61578,490,11563,10,1,1
2017-01-06,2003-09-16,SO61592,383,24047,10,1,1
2017-01-06,2003-11-26,SO61592,488,24047,10,2,1
2017-01-06,2003-12-12,SO61588,352,13130,9,1,1
2017-01-06,2003-10-27,SO61588,537,13130,9,2,1
2017-01-06,2003-11-12,SO61576,484,12978,4,4,3
2017-01-06,2003-12-09,SO61576,480,12978,4,3,1
2017-01-06,2003-09-08,SO61576,528,12978,4,1,1
2017-01-06,2003-11-13,SO61576,537,12978,4,2,1
2017-01-06,2003-10-20,SO61579,214,12966,4,2,1
2017-01-06,2003-10-13,SO61579,232,12966,4,3,1
2017-01-06,2003-09-21,SO61579,485,12966,4,1,1
2017-01-06,2003-12-22,SO61587,480,13117,9,3,2
2017-01-06,2003-12-04,SO61587,485,13117,9,2,2
2017-01-06,2003-10-14,SO61587,352,13117,9,1,1
2017-01-06,2003-12-16,SO61568,480,17951,10,2,3
2017-01-06,2003-10-13,SO61568,535,17951,10,1,1
2017-01-06,2003-11-26,SO61565,528,14543,8,2,3
2017-01-06,2003-11-30,SO61565,480,14543,8,3,2
2017-01-06,2003-10-22,SO61565,537,14543,8,1,1
2017-01-06,2003-09-12,SO61572,482,12134,10,3,2
2017-01-06,2003-11-05,SO61572,529,12134,10,2,2
2017-01-06,2003-12-01,SO61572,538,12134,10,1,2
2017-01-06,2003-11-12,SO61552,529,11505,6,1,3
2017-01-06,2003-11-24,SO61552,215,11505,6,2,1
2017-01-06,2003-09-12,SO61552,235,11505,6,3,1
2017-01-06,2003-09-22,SO61566,529,15711,10,1,2
2017-01-06,2003-10-05,SO61566,215,15711,10,3,1
2017-01-06,2003-10-13,SO61566,540,15711,10,2,1
2017-01-06,2003-10-02,SO61557,540,24285,1,1,1
2017-01-06,2003-12-22,SO61593,223,27823,8,3,2
2017-01-06,2003-10-13,SO61593,214,27823,8,2,1
2017-01-06,2003-10-12,SO61593,383,27823,8,1,1
2017-01-06,2003-12-13,SO61570,223,17809,7,5,2
2017-01-06,2003-11-26,SO61570,480,17809,7,3,2
2017-01-06,2003-11-02,SO61570,528,17809,7,2,2
2017-01-06,2003-10-19,SO61570,536,17809,7,1,2
2017-01-06,2003-12-12,SO61570,486,17809,7,4,1
2017-01-06,2003-09-15,SO61561,477,18380,1,1,3
2017-01-06,2003-11-15,SO61561,484,18380,1,2,2
2017-01-06,2003-11-20,SO61544,529,25266,9,1,2
2017-01-06,2003-09-26,SO61544,488,25266,9,2,1
2017-01-06,2003-09-27,SO61548,223,12386,8,4,2
2017-01-06,2003-10-10,SO61548,485,12386,8,2,2
2017-01-06,2003-10-10,SO61548,232,12386,8,3,1
2017-01-06,2003-09-09,SO61548,360,12386,8,1,1
2017-01-06,2003-09-21,SO61560,477,16213,6,2,2
2017-01-06,2003-11-11,SO61560,478,16213,6,1,2
2017-01-06,2003-12-08,SO61560,215,16213,6,3,1
2017-01-06,2003-09-21,SO61575,232,17371,6,2,1
2017-01-06,2003-12-02,SO61575,485,17371,6,1,1
2017-01-06,2003-09-30,SO61541,476,26164,9,1,1
2017-01-06,2003-10-18,SO61569,536,17711,7,1,3
2017-01-06,2003-09-16,SO61569,528,17711,7,2,2
2017-01-06,2003-09-24,SO61569,214,17711,7,3,1
2017-01-06,2003-10-21,SO61595,477,26956,10,2,3
2017-01-06,2003-11-22,SO61595,479,26956,10,3,2
2017-01-06,2003-09-13,SO61595,489,26956,10,4,1
2017-01-06,2003-11-28,SO61595,606,26956,10,1,1
2017-01-06,2003-11-28,SO61574,538,29439,10,1,2
2017-01-06,2003-12-18,SO61574,480,29439,10,2,1
2017-01-06,2003-11-24,SO61589,477,29203,4,2,2
2017-01-06,2003-12-19,SO61589,479,29203,4,3,2
2017-01-06,2003-11-13,SO61589,567,29203,4,1,1
2017-01-06,2003-12-05,SO61562,220,18944,6,2,1
2017-01-06,2003-10-07,SO61562,485,18944,6,1,1
2017-01-06,2003-09-19,SO61553,223,12068,4,2,2
2017-01-06,2003-09-30,SO61553,229,12068,4,1,1
2017-01-06,2003-12-17,SO61586,480,17728,9,4,2
2017-01-06,2003-10-20,SO61586,529,17728,9,3,2
2017-01-06,2003-12-09,SO61586,539,17728,9,2,2
2017-01-06,2003-09-20,SO61586,385,17728,9,1,1
2017-01-06,2003-12-09,SO61590,220,26012,4,2,1
2017-01-06,2003-11-27,SO61590,562,26012,4,1,1
2017-01-06,2003-11-29,SO61556,529,23796,4,2,2
2017-01-06,2003-09-25,SO61556,540,23796,4,1,1
2017-01-06,2003-12-01,SO61550,528,15097,10,3,2
2017-01-06,2003-09-24,SO61550,360,15097,10,1,1
2017-01-06,2003-12-05,SO61550,480,15097,10,4,1
2017-01-06,2003-09-29,SO61550,537,15097,10,2,1
2017-01-06,2003-11-11,SO61584,220,25215,9,2,1
2017-01-06,2003-11-10,SO61584,387,25215,9,1,1
2017-01-06,2003-11-14,SO61542,528,12997,9,1,2
2017-01-06,2003-10-20,SO61542,220,12997,9,2,1
2017-01-06,2003-10-05,SO61580,356,15850,6,1,1
2017-01-06,2003-11-20,SO61580,487,15850,6,2,1
2017-01-06,2003-10-28,SO61571,528,19373,8,2,2
2017-01-06,2003-12-05,SO61571,536,19373,8,1,2
2017-01-06,2003-12-03,SO61571,487,19373,8,3,1
2017-01-06,2003-11-12,SO61554,529,28225,4,2,2
2017-01-06,2003-12-14,SO61554,538,28225,4,1,2
2017-01-06,2003-10-28,SO61554,214,28225,4,3,1
2017-01-06,2003-10-29,SO61543,480,12690,9,2,2
2017-01-06,2003-11-22,SO61543,529,12690,9,1,2
2017-01-06,2003-10-17,SO61583,541,14192,7,2,2
2017-01-06,2003-12-22,SO61583,563,14192,7,1,1
2017-01-06,2003-09-08,SO61547,477,17902,8,3,3
2017-01-06,2003-11-13,SO61547,479,17902,8,2,2
2017-01-06,2003-10-15,SO61547,583,17902,8,1,1
2017-01-06,2003-10-22,SO61555,480,11330,6,3,2
2017-01-06,2003-09-24,SO61555,528,11330,6,1,2
2017-01-06,2003-10-19,SO61555,535,11330,6,2,2
2017-01-06,2003-09-14,SO61581,485,14434,4,2,2
2017-01-06,2003-09-12,SO61581,354,14434,4,1,1
2017-01-06,2003-09-30,SO61581,488,14434,4,3,1
2017-01-06,2003-09-22,SO61559,464,19224,6,3,2
2017-01-06,2003-09-15,SO61559,529,19224,6,1,2
2017-01-06,2003-11-02,SO61559,220,19224,6,4,1
2017-01-06,2003-11-15,SO61559,540,19224,6,2,1
2017-01-06,2003-12-12,SO61573,477,16294,10,1,2
2017-01-06,2003-10-04,SO61573,482,16294,10,2,2
2017-01-06,2003-11-23,SO61564,528,15680,8,1,2
2017-01-06,2003-09-17,SO61539,480,20282,9,3,2
2017-01-06,2003-12-19,SO61539,528,20282,9,2,2
2017-01-06,2003-09-28,SO61539,536,20282,9,1,2
2017-01-06,2003-09-13,SO61596,590,17232,9,1,1
2017-01-06,2003-10-14,SO61585,383,24477,9,1,1
2017-01-06,2003-09-23,SO61551,462,11890,4,2,2
2017-01-06,2003-11-05,SO61551,214,11890,4,1,1
2017-01-07,2003-12-12,SO61599,480,21371,9,2,3
2017-01-07,2003-09-10,SO61599,528,21371,9,1,2
2017-01-07,2003-10-16,SO61654,541,11894,9,2,2
2017-01-07,2003-10-27,SO61654,214,11894,9,4,1
2017-01-07,2003-09-12,SO61654,530,11894,9,3,1
2017-01-07,2003-12-22,SO61654,561,11894,9,1,1
2017-01-07,2003-11-28,SO61613,480,11185,6,3,2
2017-01-07,2003-10-30,SO61613,529,11185,6,2,2
2017-01-07,2003-09-30,SO61613,540,11185,6,1,1
2017-01-07,2003-10-23,SO61617,475,28342,6,1,1
2017-01-07,2003-10-20,SO61645,466,18647,4,3,2
2017-01-07,2003-09-14,SO61645,215,18647,4,2,1
2017-01-07,2003-10-12,SO61645,584,18647,4,1,1
2017-01-07,2003-09-12,SO61639,480,20612,9,4,2
2017-01-07,2003-09-14,SO61639,529,20612,9,2,2
2017-01-07,2003-10-15,SO61639,371,20612,9,1,1
2017-01-07,2003-09-15,SO61639,540,20612,9,3,1
2017-01-07,2003-10-24,SO61598,223,27343,9,3,2
2017-01-07,2003-11-03,SO61598,474,27343,9,1,1
2017-01-07,2003-11-04,SO61598,489,27343,9,2,1
2017-01-07,2003-10-24,SO61633,477,20544,1,3,2
2017-01-07,2003-09-17,SO61633,377,20544,1,1,1
2017-01-07,2003-12-21,SO61633,479,20544,1,2,1
2017-01-07,2003-11-25,SO61616,478,21270,1,1,2
2017-01-07,2003-10-01,SO61616,473,21270,1,2,1
2017-01-07,2003-12-20,SO61616,477,21270,1,3,1
2017-01-07,2003-11-09,SO61651,223,17143,6,3,2
2017-01-07,2003-10-12,SO61651,489,17143,6,2,1
2017-01-07,2003-10-16,SO61651,582,17143,6,1,1
2017-01-07,2003-09-12,SO61647,383,20529,1,1,1
2017-01-07,2003-11-11,SO61647,490,20529,1,2,1
2017-01-07,2003-12-11,SO61621,466,14369,1,2,2
2017-01-07,2003-12-17,SO61621,485,14369,1,1,1
2017-01-07,2003-09-20,SO61628,480,12235,10,3,2
2017-01-07,2003-12-04,SO61628,529,12235,10,2,2
2017-01-07,2003-12-18,SO61628,538,12235,10,1,2
2017-01-07,2003-12-16,SO61630,530,12327,8,1,2
2017-01-07,2003-10-27,SO61615,477,15197,6,2,2
2017-01-07,2003-11-14,SO61615,478,15197,6,1,2
2017-01-07,2003-11-02,SO61615,214,15197,6,3,1
2017-01-07,2003-12-04,SO61627,480,24854,8,2,2
2017-01-07,2003-10-18,SO61627,538,24854,8,1,2
2017-01-07,2003-09-30,SO61605,223,11662,1,1,2
2017-01-07,2003-11-29,SO61605,489,11662,1,2,1
2017-01-07,2003-11-17,SO61612,529,14725,6,1,3
2017-01-07,2003-11-16,SO61612,480,14725,6,3,2
2017-01-07,2003-10-02,SO61612,483,14725,6,4,1
2017-01-07,2003-09-21,SO61612,540,14725,6,2,1
2017-01-07,2003-11-03,SO61611,529,11300,6,2,2
2017-01-07,2003-10-10,SO61611,538,11300,6,1,2
2017-01-07,2003-10-06,SO61611,215,11300,6,3,1
2017-01-07,2003-12-22,SO61634,528,12440,4,3,2
2017-01-07,2003-11-23,SO61634,360,12440,4,1,1
2017-01-07,2003-09-17,SO61634,537,12440,4,2,1
2017-01-07,2003-11-11,SO61607,528,11709,6,2,2
2017-01-07,2003-11-10,SO61607,535,11709,6,1,2
2017-01-07,2003-09-26,SO61607,214,11709,6,3,1
2017-01-07,2003-11-28,SO61614,528,11223,6,2,3
2017-01-07,2003-09-15,SO61614,477,11223,6,4,2
2017-01-07,2003-10-13,SO61614,485,11223,6,3,2
2017-01-07,2003-12-03,SO61614,536,11223,6,1,2
2017-01-07,2003-11-17,SO61614,214,11223,6,6,1
2017-01-07,2003-11-11,SO61614,478,11223,6,5,1
2017-01-07,2003-12-04,SO61610,480,25257,4,2,3
2017-01-07,2003-11-23,SO61610,535,25257,4,1,2
2017-01-07,2003-11-05,SO61610,483,25257,4,3,1
2017-01-07,2003-12-19,SO61624,539,25326,7,1,2
2017-01-07,2003-10-19,SO61624,226,25326,7,3,1
2017-01-07,2003-12-22,SO61624,529,25326,7,2,1
2017-01-07,2003-11-01,SO61618,226,19245,4,2,1
2017-01-07,2003-11-16,SO61618,475,19245,4,1,1
2017-01-07,2003-10-20,SO61655,541,11905,9,2,2
2017-01-07,2003-11-30,SO61655,561,11905,9,1,1
2017-01-07,2003-11-11,SO61629,530,28890,8,1,2
2017-01-07,2003-10-03,SO61629,229,28890,8,3,1
2017-01-07,2003-11-27,SO61629,487,28890,8,2,1
2017-01-07,2003-10-09,SO61642,477,24676,1,2,2
2017-01-07,2003-09-20,SO61642,473,24676,1,3,1
2017-01-07,2003-11-06,SO61642,479,24676,1,4,1
2017-01-07,2003-10-02,SO61642,574,24676,1,1,1
2017-01-07,2003-11-21,SO61636,478,12914,6,2,3
2017-01-07,2003-11-16,SO61636,356,12914,6,1,1
2017-01-07,2003-10-05,SO61626,529,12752,7,1,2
2017-01-07,2003-10-12,SO61648,235,20387,4,3,1
2017-01-07,2003-10-30,SO61648,385,20387,4,1,1
2017-01-07,2003-11-29,SO61648,462,20387,4,2,1
2017-01-07,2003-12-01,SO61603,484,13263,7,2,2
2017-01-07,2003-11-24,SO61603,373,13263,7,1,1
2017-01-07,2003-12-14,SO61635,466,14602,4,5,2
2017-01-07,2003-11-17,SO61635,485,14602,4,2,2
2017-01-07,2003-11-21,SO61635,220,14602,4,3,1
2017-01-07,2003-10-29,SO61635,229,14602,4,4,1
2017-01-07,2003-10-05,SO61635,352,14602,4,1,1
2017-01-07,2003-09-19,SO61631,485,13193,4,1,2
2017-01-07,2003-10-07,SO61631,226,13193,4,2,1
2017-01-07,2003-09-27,SO61638,462,12486,10,3,2
2017-01-07,2003-12-13,SO61638,490,12486,10,2,1
2017-01-07,2003-12-15,SO61638,578,12486,10,1,1
2017-01-07,2003-10-08,SO61625,223,22553,10,3,2
2017-01-07,2003-09-12,SO61625,477,22553,10,1,2
2017-01-07,2003-09-15,SO61625,215,22553,10,2,1
2017-01-07,2003-12-06,SO61632,477,11385,10,2,2
2017-01-07,2003-09-20,SO61632,479,11385,10,1,2
2017-01-07,2003-10-07,SO61608,466,27603,4,4,3
2017-01-07,2003-11-02,SO61608,530,27603,4,2,2
2017-01-07,2003-10-15,SO61608,541,27603,4,1,2
2017-01-07,2003-11-05,SO61608,220,27603,4,3,1
2017-01-07,2003-09-12,SO61604,485,12615,10,2,2
2017-01-07,2003-09-29,SO61604,352,12615,10,1,1
2017-01-07,2003-11-13,SO61620,462,14743,1,3,2
2017-01-07,2003-12-09,SO61620,528,14743,1,1,2
2017-01-07,2003-12-23,SO61620,215,14743,1,2,1
2017-01-07,2003-10-23,SO61650,232,20434,4,2,1
2017-01-07,2003-09-19,SO61650,385,20434,4,1,1
2017-01-07,2003-12-19,SO61609,482,11506,6,3,3
2017-01-07,2003-11-03,SO61609,528,11506,6,1,2
2017-01-07,2003-09-24,SO61609,535,11506,6,2,2
2017-01-07,2003-11-09,SO61602,223,22595,7,4,3
2017-01-07,2003-11-07,SO61602,220,22595,7,3,1
2017-01-07,2003-10-24,SO61602,379,22595,7,1,1
2017-01-07,2003-09-16,SO61602,540,22595,7,2,1
2017-01-07,2003-12-13,SO61637,352,14412,1,1,1
2017-01-07,2003-09-22,SO61601,479,17831,7,2,2
2017-01-07,2003-10-28,SO61601,214,17831,7,4,1
2017-01-07,2003-11-17,SO61601,477,17831,7,3,1
2017-01-07,2003-12-12,SO61601,582,17831,7,1,1
2017-01-07,2003-10-17,SO61646,477,26321,6,2,2
2017-01-07,2003-12-07,SO61646,479,26321,6,3,2
2017-01-07,2003-11-03,SO61646,584,26321,6,1,1
2017-01-07,2003-12-10,SO61656,491,11762,9,2,1
2017-01-07,2003-10-17,SO61656,564,11762,9,1,1
2017-01-07,2003-12-09,SO61652,215,22463,7,2,1
2017-01-07,2003-09-13,SO61652,604,22463,7,1,1
2017-01-07,2003-09-22,SO61622,485,13864,4,1,1
2017-01-07,2003-09-14,SO61619,528,22354,6,1,3
2017-01-07,2003-11-28,SO61619,214,22354,6,2,1
2017-01-07,2003-10-31,SO61640,477,29175,1,2,2
2017-01-07,2003-10-06,SO61640,479,29175,1,3,2
2017-01-07,2003-10-13,SO61640,565,29175,1,1,1
2017-01-07,2003-11-09,SO61653,477,27866,9,2,3
2017-01-07,2003-11-06,SO61653,479,27866,9,3,2
2017-01-07,2003-11-08,SO61653,573,27866,9,1,1
2017-01-07,2003-12-19,SO61643,223,24683,4,1,2
2017-01-07,2003-10-24,SO61643,563,24683,4,2,1
2017-01-07,2003-09-20,SO61649,381,20400,4,1,1
2017-01-07,2003-09-14,SO61600,214,15233,9,1,1
2017-01-07,2003-11-17,SO61606,530,26248,1,2,2
2017-01-07,2003-10-15,SO61606,541,26248,1,1,2
2017-01-07,2003-11-12,SO61606,214,26248,1,3,1
2017-01-07,2003-09-09,SO61641,220,26018,1,2,1
2017-01-07,2003-09-19,SO61641,232,26018,1,3,1
2017-01-07,2003-12-23,SO61641,576,26018,1,1,1
2017-01-08,2003-11-08,SO61714,466,15566,6,5,2
2017-01-08,2003-11-14,SO61714,485,15566,6,2,2
2017-01-08,2003-10-03,SO61714,214,15566,6,3,1
2017-01-08,2003-09-19,SO61714,358,15566,6,1,1
2017-01-08,2003-11-10,SO61714,490,15566,6,4,1
2017-01-08,2003-10-25,SO61723,477,13328,6,2,3
2017-01-08,2003-12-01,SO61723,479,13328,6,3,1
2017-01-08,2003-12-02,SO61723,576,13328,6,1,1
2017-01-08,2003-12-24,SO61682,480,25966,4,2,3
2017-01-08,2003-11-21,SO61682,535,25966,4,1,2
2017-01-08,2003-11-16,SO61726,389,20541,4,1,1
2017-01-08,2003-09-28,SO61726,490,20541,4,2,1
2017-01-08,2003-12-19,SO61717,541,28497,8,2,3
2017-01-08,2003-11-09,SO61717,530,28497,8,3,2
2017-01-08,2003-11-18,SO61717,567,28497,8,1,1
2017-01-08,2003-11-09,SO61691,462,13245,1,1,2
2017-01-08,2003-12-15,SO61691,485,13245,1,2,2
2017-01-08,2003-12-04,SO61722,481,24956,4,2,2
2017-01-08,2003-09-20,SO61722,571,24956,4,1,1
2017-01-08,2003-10-07,SO61688,485,18927,6,1,3
2017-01-08,2003-11-30,SO61688,215,18927,6,2,1
2017-01-08,2003-11-03,SO61708,478,12628,7,1,2
2017-01-08,2003-11-05,SO61708,477,12628,7,2,1
2017-01-08,2003-11-02,SO61720,571,29204,1,1,1
2017-01-08,2003-10-13,SO61686,477,20477,4,2,2
2017-01-08,2003-09-18,SO61686,478,20477,4,1,2
2017-01-08,2003-11-07,SO61686,489,20477,4,3,1
2017-01-08,2003-11-04,SO61668,478,15100,8,3,2
2017-01-08,2003-09-16,SO61668,485,15100,8,2,2
2017-01-08,2003-09-13,SO61668,356,15100,8,1,1
2017-01-08,2003-11-28,SO61679,529,24931,1,1,2
2017-01-08,2003-12-13,SO61679,540,24931,1,2,1
2017-01-08,2003-10-24,SO61728,604,22472,7,1,1
2017-01-08,2003-12-20,SO61680,480,25898,1,3,2
2017-01-08,2003-11-28,SO61680,529,25898,1,2,2
2017-01-08,2003-10-18,SO61680,540,25898,1,1,1
2017-01-08,2003-10-15,SO61704,528,11692,4,1,1
2017-01-08,2003-10-08,SO61704,537,11692,4,2,1
2017-01-08,2003-12-19,SO61725,488,12193,6,2,1
2017-01-08,2003-09-18,SO61725,574,12193,6,1,1
2017-01-08,2003-11-20,SO61661,223,26145,9,1,3
2017-01-08,2003-09-29,SO61661,476,26145,9,2,1
2017-01-08,2003-11-09,SO61663,482,11367,9,2,2
2017-01-08,2003-12-13,SO61663,229,11367,9,1,1
2017-01-08,2003-11-10,SO61685,478,21425,4,1,2
2017-01-08,2003-10-28,SO61662,478,25001,9,2,3
2017-01-08,2003-11-02,SO61662,215,25001,9,3,1
2017-01-08,2003-11-20,SO61662,477,25001,9,1,1
2017-01-08,2003-10-01,SO61694,480,14537,8,3,2
2017-01-08,2003-10-30,SO61694,528,14537,8,1,2
2017-01-08,2003-09-27,SO61694,537,14537,8,2,1
2017-01-08,2003-10-28,SO61670,481,15354,10,3,2
2017-01-08,2003-09-25,SO61670,485,15354,10,2,2
2017-01-08,2003-10-02,SO61670,358,15354,10,1,1
2017-01-08,2003-09-22,SO61695,536,20965,10,1,2
2017-01-08,2003-10-03,SO61731,479,23324,9,2,2
2017-01-08,2003-11-19,SO61731,605,23324,9,1,1
2017-01-08,2003-11-29,SO61721,569,24955,4,1,1
2017-01-08,2003-11-25,SO61667,235,15626,8,3,1
2017-01-08,2003-12-13,SO61667,354,15626,8,1,1
2017-01-08,2003-12-11,SO61667,487,15626,8,2,1
2017-01-08,2003-11-05,SO61710,474,14616,4,2,1
2017-01-08,2003-11-21,SO61710,590,14616,4,1,1
2017-01-08,2003-11-19,SO61676,538,28146,4,2,2
2017-01-08,2003-09-26,SO61676,214,28146,4,3,1
2017-01-08,2003-09-20,SO61676,529,28146,4,1,1
2017-01-08,2003-11-01,SO61696,480,20566,10,2,2
2017-01-08,2003-12-11,SO61696,535,20566,10,1,2
2017-01-08,2003-09-17,SO61711,223,14613,1,3,2
2017-01-08,2003-11-28,SO61711,475,14613,1,2,1
2017-01-08,2003-09-20,SO61711,491,14613,1,4,1
2017-01-08,2003-10-29,SO61711,588,14613,1,1,1
2017-01-08,2003-11-30,SO61712,358,15006,4,1,1
2017-01-08,2003-11-11,SO61665,223,19608,9,2,2
2017-01-08,2003-10-03,SO61665,530,19608,9,3,2
2017-01-08,2003-09-16,SO61665,541,19608,9,1,2
2017-01-08,2003-10-13,SO61698,480,24123,7,2,2
2017-01-08,2003-10-27,SO61698,530,24123,7,1,2
2017-01-08,2003-10-09,SO61674,529,11287,6,1,3
2017-01-08,2003-09-23,SO61674,487,11287,6,2,1
2017-01-08,2003-10-31,SO61681,480,23790,1,3,2
2017-01-08,2003-12-20,SO61681,484,23790,1,4,2
2017-01-08,2003-12-21,SO61681,529,23790,1,1,2
2017-01-08,2003-10-26,SO61681,540,23790,1,2,1
2017-01-08,2003-09-20,SO61684,480,24643,4,2,2
2017-01-08,2003-11-14,SO61684,540,24643,4,1,1
2017-01-08,2003-09-27,SO61677,462,26812,4,3,3
2017-01-08,2003-12-18,SO61677,530,26812,4,2,2
2017-01-08,2003-10-19,SO61677,541,26812,4,1,2
2017-01-08,2003-12-01,SO61692,480,20806,10,2,2
2017-01-08,2003-09-24,SO61692,539,20806,10,1,2
2017-01-08,2003-12-16,SO61716,223,26975,7,4,2
2017-01-08,2003-11-03,SO61716,477,26975,7,3,2
2017-01-08,2003-09-27,SO61716,479,26975,7,2,2
2017-01-08,2003-10-04,SO61716,586,26975,7,1,1
2017-01-08,2003-12-12,SO61666,480,24040,8,4,2
2017-01-08,2003-09-13,SO61666,529,24040,8,3,2
2017-01-08,2003-12-03,SO61666,371,24040,8,1,1
2017-01-08,2003-11-15,SO61666,540,24040,8,2,1
2017-01-08,2003-09-16,SO61693,539,17081,7,1,2
2017-01-08,2003-11-30,SO61693,235,17081,7,2,1
2017-01-08,2003-11-16,SO61713,485,14433,4,2,2
2017-01-08,2003-09-10,SO61713,356,14433,4,1,1
2017-01-08,2003-10-14,SO61719,477,13651,9,4,3
2017-01-08,2003-09-21,SO61719,223,13651,9,3,2
2017-01-08,2003-09-10,SO61719,478,13651,9,2,2
2017-01-08,2003-10-26,SO61719,354,13651,9,1,1
2017-01-08,2003-11-30,SO61730,564,11764,9,1,1
2017-01-08,2003-11-03,SO61658,485,22003,9,1,2
2017-01-08,2003-09-25,SO61658,214,22003,9,2,1
2017-01-08,2003-10-28,SO61724,220,25962,1,2,1
2017-01-08,2003-09-15,SO61724,564,25962,1,1,1
2017-01-08,2003-12-22,SO61727,215,17564,1,2,1
2017-01-08,2003-11-26,SO61727,583,17564,1,1,1
2017-01-08,2003-11-12,SO61659,480,23078,9,2,2
2017-01-08,2003-10-24,SO61659,484,23078,9,3,2
2017-01-08,2003-12-09,SO61659,530,23078,9,1,2
2017-01-08,2003-09-23,SO61660,480,23079,9,2,2
2017-01-08,2003-12-03,SO61660,530,23079,9,1,2
2017-01-08,2003-10-30,SO61715,480,28490,8,4,3
2017-01-08,2003-10-01,SO61715,541,28490,8,2,2
2017-01-08,2003-10-27,SO61715,530,28490,8,3,1
2017-01-08,2003-10-13,SO61715,565,28490,8,1,1
2017-01-08,2003-12-15,SO61671,358,12217,7,1,1
2017-01-08,2003-10-27,SO61707,528,11713,1,2,2
2017-01-08,2003-10-21,SO61707,214,11713,1,3,1
2017-01-08,2003-12-17,SO61707,489,11713,1,4,1
2017-01-08,2003-09-23,SO61707,537,11713,1,1,1
2017-01-08,2003-09-27,SO61709,479,11397,7,1,2
2017-01-08,2003-09-27,SO61709,464,11397,7,3,1
2017-01-08,2003-10-10,SO61709,477,11397,7,2,1
2017-01-08,2003-09-20,SO61706,480,12057,1,2,1
2017-01-08,2003-10-26,SO61706,537,12057,1,1,1
2017-01-08,2003-09-14,SO61687,482,28359,6,2,2
2017-01-08,2003-09-15,SO61687,476,28359,6,1,1
2017-01-08,2003-11-27,SO61700,480,25549,7,2,3
2017-01-08,2003-10-01,SO61700,530,25549,7,1,1
2017-01-08,2003-11-13,SO61690,485,13880,1,1,2
2017-01-08,2003-10-04,SO61690,235,13880,1,2,1
2017-01-08,2003-11-26,SO61689,528,15297,1,1,2
2017-01-08,2003-12-18,SO61689,214,15297,1,2,1
2017-01-08,2003-12-02,SO61702,480,11734,4,2,2
2017-01-08,2003-09-27,SO61702,537,11734,4,1,1
2017-01-08,2003-09-23,SO61664,464,11911,9,1,2
2017-01-08,2003-11-29,SO61699,480,26418,7,3,2
2017-01-08,2003-12-05,SO61699,530,26418,7,2,2
2017-01-08,2003-12-09,SO61699,541,26418,7,1,2
2017-01-08,2003-09-24,SO61701,223,25503,7,3,2
2017-01-08,2003-11-01,SO61701,530,25503,7,1,2
2017-01-08,2003-09-10,SO61701,215,25503,7,2,1
2017-01-08,2003-11-30,SO61672,477,12861,10,3,2
2017-01-08,2003-11-24,SO61672,478,12861,10,2,2
2017-01-08,2003-12-06,SO61672,214,12861,10,4,1
2017-01-08,2003-11-04,SO61672,360,12861,10,1,1
2017-01-08,2003-11-16,SO61718,226,26991,8,2,1
2017-01-08,2003-10-11,SO61718,560,26991,8,1,1
2017-01-08,2003-09-16,SO61657,223,19618,9,2,2
2017-01-08,2003-10-10,SO61657,538,19618,9,1,2
2017-01-08,2003-11-08,SO61678,530,26128,4,2,3
2017-01-08,2003-10-04,SO61678,541,26128,4,1,2
2017-01-08,2003-10-03,SO61678,220,26128,4,3,1
2017-01-08,2003-12-21,SO61705,480,14096,6,3,2
2017-01-08,2003-09-19,SO61705,528,14096,6,1,1
2017-01-08,2003-10-22,SO61705,537,14096,6,2,1
2017-01-08,2003-09-11,SO61669,354,12212,7,1,1
2017-01-08,2003-09-29,SO61683,529,24518,4,1,2
2017-01-08,2003-09-15,SO61683,540,24518,4,2,1
2017-01-08,2003-12-18,SO61697,477,23967,10,1,2
2017-01-09,2003-10-02,SO61754,464,14917,1,2,2
2017-01-09,2003-11-06,SO61754,528,14917,1,1,2
2017-01-09,2003-12-25,SO61754,220,14917,1,3,1
2017-01-09,2003-12-11,SO61771,485,14452,1,2,2
2017-01-09,2003-09-23,SO61771,215,14452,1,3,1
2017-01-09,2003-11-02,SO61771,352,14452,1,1,1
2017-01-09,2003-10-16,SO61746,223,18820,4,1,2
2017-01-09,2003-11-26,SO61746,475,18820,4,2,1
2017-01-09,2003-10-23,SO61767,477,12179,1,3,2
2017-01-09,2003-11-16,SO61767,478,12179,1,2,2
2017-01-09,2003-12-17,SO61767,354,12179,1,1,1
2017-01-09,2003-10-19,SO61778,215,26040,6,2,1
2017-01-09,2003-12-19,SO61778,584,26040,6,1,1
2017-01-09,2003-10-01,SO61756,220,13913,4,2,1
2017-01-09,2003-09-11,SO61756,226,13913,4,3,1
2017-01-09,2003-11-21,SO61756,485,13913,4,1,1
2017-01-09,2003-09-23,SO61752,477,17682,1,1,2
2017-01-09,2003-11-25,SO61752,472,17682,1,2,1
2017-01-09,2003-09-15,SO61734,214,11425,7,2,1
2017-01-09,2003-10-31,SO61734,597,11425,7,1,1
2017-01-09,2003-12-23,SO61737,480,11185,6,2,2
2017-01-09,2003-11-15,SO61737,529,11185,6,1,2
2017-01-09,2003-11-07,SO61750,477,11748,6,1,2
2017-01-09,2003-10-26,SO61781,214,11899,9,2,1
2017-01-09,2003-10-06,SO61781,561,11899,9,1,1
2017-01-09,2003-10-18,SO61755,528,15165,4,1,2
2017-01-09,2003-12-24,SO61755,220,15165,4,2,1
2017-01-09,2003-11-06,SO61774,528,13132,9,2,2
2017-01-09,2003-11-15,SO61774,214,13132,9,4,1
2017-01-09,2003-10-02,SO61774,358,13132,9,1,1
2017-01-09,2003-12-01,SO61774,537,13132,9,3,1
2017-01-09,2003-09-27,SO61766,214,14599,1,2,1
2017-01-09,2003-10-20,SO61766,356,14599,1,1,1
2017-01-09,2003-11-01,SO61751,223,16773,1,2,3
2017-01-09,2003-12-11,SO61751,477,16773,1,1,2
2017-01-09,2003-10-19,SO61747,475,18542,1,1,1
2017-01-09,2003-11-22,SO61747,489,18542,1,2,1
2017-01-09,2003-09-23,SO61739,535,21251,6,1,2
2017-01-09,2003-10-28,SO61740,536,12182,6,1,2
2017-01-09,2003-12-11,SO61776,574,26055,1,1,1
2017-01-09,2003-11-14,SO61749,477,17436,4,1,2
2017-01-09,2003-12-06,SO61732,462,14087,9,2,2
2017-01-09,2003-11-30,SO61732,535,14087,9,1,1
2017-01-09,2003-10-19,SO61769,484,12108,1,4,2
2017-01-09,2003-11-26,SO61769,528,12108,1,3,2
2017-01-09,2003-10-06,SO61769,356,12108,1,1,1
2017-01-09,2003-10-20,SO61769,537,12108,1,2,1
2017-01-09,2003-09-19,SO61743,477,13708,6,2,2
2017-01-09,2003-11-01,SO61743,478,13708,6,1,2
2017-01-09,2003-12-20,SO61773,223,20448,9,4,3
2017-01-09,2003-11-09,SO61773,477,20448,9,3,2
2017-01-09,2003-12-07,SO61773,479,20448,9,2,2
2017-01-09,2003-11-13,SO61773,379,20448,9,1,1
2017-01-09,2003-12-16,SO61761,480,21911,7,3,2
2017-01-09,2003-10-26,SO61761,529,21911,7,2,2
2017-01-09,2003-11-21,SO61761,538,21911,7,1,2
2017-01-09,2003-11-22,SO61768,485,14657,1,2,2
2017-01-09,2003-12-20,SO61768,215,14657,1,3,1
2017-01-09,2003-10-01,SO61768,352,14657,1,1,1
2017-01-09,2003-12-15,SO61770,480,12903,6,3,2
2017-01-09,2003-10-06,SO61770,358,12903,6,1,1
2017-01-09,2003-09-30,SO61770,537,12903,6,2,1
2017-01-09,2003-11-30,SO61758,476,14955,10,1,1
2017-01-09,2003-11-14,SO61733,484,11752,9,1,2
2017-01-09,2003-12-05,SO61760,480,25787,7,3,2
2017-01-09,2003-11-07,SO61760,529,25787,7,2,2
2017-01-09,2003-12-03,SO61760,538,25787,7,1,2
2017-01-09,2003-09-12,SO61736,214,25481,10,2,1
2017-01-09,2003-11-17,SO61736,375,25481,10,1,1
2017-01-09,2003-12-12,SO61745,474,15942,6,1,1
2017-01-09,2003-09-14,SO61763,223,16563,10,3,2
2017-01-09,2003-10-31,SO61763,530,16563,10,1,2
2017-01-09,2003-10-15,SO61763,214,16563,10,2,1
2017-01-09,2003-12-04,SO61759,223,19925,8,3,1
2017-01-09,2003-10-21,SO61759,235,19925,8,2,1
2017-01-09,2003-12-06,SO61759,539,19925,8,1,1
2017-01-09,2003-10-28,SO61780,477,20422,4,3,3
2017-01-09,2003-12-04,SO61780,389,20422,4,1,1
2017-01-09,2003-12-14,SO61780,479,20422,4,2,1
2017-01-09,2003-10-09,SO61753,528,22015,6,1,2
2017-01-09,2003-11-25,SO61765,480,15376,6,3,2
2017-01-09,2003-11-29,SO61765,528,15376,6,1,2
2017-01-09,2003-10-12,SO61765,537,15376,6,2,1
2017-01-09,2003-09-27,SO61782,223,28352,9,4,2
2017-01-09,2003-12-07,SO61782,477,28352,9,2,2
2017-01-09,2003-09-26,SO61782,479,28352,9,3,2
2017-01-09,2003-09-16,SO61782,605,28352,9,1,1
2017-01-09,2003-10-05,SO61779,462,22784,4,2,2
2017-01-09,2003-11-15,SO61779,604,22784,4,1,1
2017-01-09,2003-11-12,SO61738,535,26101,1,1,2
2017-01-09,2003-10-03,SO61744,477,20485,4,2,1
2017-01-09,2003-10-11,SO61744,478,20485,4,1,1
2017-01-09,2003-12-10,SO61741,477,22025,4,2,2
2017-01-09,2003-12-20,SO61741,478,22025,4,1,2
2017-01-09,2003-11-13,SO61735,478,15054,8,3,3
2017-01-09,2003-11-22,SO61735,477,15054,8,4,2
2017-01-09,2003-09-12,SO61735,485,15054,8,2,2
2017-01-09,2003-12-08,SO61735,596,15054,8,1,1
2017-01-09,2003-09-17,SO61748,476,19149,1,1,1
2017-01-09,2003-09-27,SO61748,489,19149,1,2,1
2017-01-09,2003-09-13,SO61757,485,13654,1,1,2
2017-01-09,2003-11-06,SO61757,215,13654,1,2,1
2017-01-09,2003-10-16,SO61772,479,23436,9,3,2
2017-01-09,2003-09-14,SO61772,477,23436,9,2,1
2017-01-09,2003-10-31,SO61772,489,23436,9,4,1
2017-01-09,2003-10-28,SO61772,581,23436,9,1,1
2017-01-09,2003-11-30,SO61777,477,23238,4,3,2
2017-01-09,2003-11-27,SO61777,479,23238,4,2,2
2017-01-09,2003-09-27,SO61777,471,23238,4,4,1
2017-01-09,2003-11-26,SO61777,605,23238,4,1,1
2017-01-09,2003-09-15,SO61762,530,12610,10,2,3
2017-01-09,2003-10-09,SO61762,223,12610,10,4,2
2017-01-09,2003-12-16,SO61762,229,12610,10,3,1
2017-01-09,2003-12-05,SO61762,541,12610,10,1,1
2017-01-09,2003-11-15,SO61742,477,21328,4,1,2
2017-01-09,2003-10-08,SO61742,478,21328,4,2,2
2017-01-09,2003-09-17,SO61742,214,21328,4,3,1
2017-01-10,2003-10-24,SO61832,480,13289,6,2,2
2017-01-10,2003-11-11,SO61832,537,13289,6,1,1
2017-01-10,2003-09-25,SO61819,477,23935,10,1,1
2017-01-10,2003-11-28,SO61813,484,15375,4,3,2
2017-01-10,2003-10-11,SO61813,528,15375,4,1,2
2017-01-10,2003-09-23,SO61813,487,15375,4,2,1
2017-01-10,2003-09-19,SO61853,223,20175,7,4,2
2017-01-10,2003-12-06,SO61853,220,20175,7,2,1
2017-01-10,2003-10-19,SO61853,229,20175,7,3,1
2017-01-10,2003-11-15,SO61853,381,20175,7,1,1
2017-01-10,2003-09-14,SO61797,491,29327,1,1,1
2017-01-10,2003-12-24,SO61814,528,15011,4,1,2
2017-01-10,2003-10-21,SO61814,214,15011,4,2,1
2017-01-10,2003-11-13,SO61814,235,15011,4,3,1
2017-01-10,2003-12-10,SO61821,220,26416,10,2,1
2017-01-10,2003-11-25,SO61821,229,26416,10,3,1
2017-01-10,2003-10-16,SO61821,529,26416,10,1,1
2017-01-10,2003-10-28,SO61792,529,25462,8,2,2
2017-01-10,2003-10-16,SO61792,539,25462,8,3,2
2017-01-10,2003-10-22,SO61792,214,25462,8,4,1
2017-01-10,2003-10-10,SO61792,580,25462,8,1,1
2017-01-10,2003-11-07,SO61811,223,18504,4,2,2
2017-01-10,2003-10-09,SO61811,229,18504,4,3,1
2017-01-10,2003-10-09,SO61811,475,18504,4,1,1
2017-01-10,2003-12-16,SO61809,477,19208,1,1,2
2017-01-10,2003-11-02,SO61809,481,19208,1,4,2
2017-01-10,2003-11-27,SO61809,214,19208,1,2,1
2017-01-10,2003-12-24,SO61809,232,19208,1,3,1
2017-01-10,2003-11-21,SO61802,536,22731,4,1,3
2017-01-10,2003-10-27,SO61802,528,22731,4,2,2
2017-01-10,2003-11-30,SO61802,214,22731,4,3,1
2017-01-10,2003-12-14,SO61812,528,23253,6,1,2
2017-01-10,2003-12-22,SO61812,220,23253,6,2,1
2017-01-10,2003-11-22,SO61829,530,16935,10,1,2
2017-01-10,2003-11-16,SO61829,229,16935,10,2,1
2017-01-10,2003-10-04,SO61803,528,18644,6,2,2
2017-01-10,2003-10-25,SO61803,536,18644,6,1,2
2017-01-10,2003-12-21,SO61834,480,14591,4,3,2
2017-01-10,2003-12-23,SO61834,536,14591,4,2,2
2017-01-10,2003-09-28,SO61834,589,14591,4,1,1
2017-01-10,2003-12-01,SO61815,528,20746,6,1,2
2017-01-10,2003-12-26,SO61815,235,20746,6,2,1
2017-01-10,2003-10-11,SO61825,223,11581,7,3,3
2017-01-10,2003-10-12,SO61825,477,11581,7,1,2
2017-01-10,2003-11-09,SO61825,491,11581,7,2,1
2017-01-10,2003-09-17,SO61846,491,26061,4,2,1
2017-01-10,2003-09-15,SO61846,575,26061,4,1,1
2017-01-10,2003-09-18,SO61845,462,13345,6,4,2
2017-01-10,2003-11-04,SO61845,530,13345,6,2,1
2017-01-10,2003-11-06,SO61845,541,13345,6,3,1
2017-01-10,2003-11-06,SO61845,575,13345,6,1,1
2017-01-10,2003-10-09,SO61855,564,11759,9,1,1
2017-01-10,2003-10-28,SO61827,530,27834,7,1,2
2017-01-10,2003-12-05,SO61827,223,27834,7,2,1
2017-01-10,2003-09-30,SO61795,477,15926,8,3,2
2017-01-10,2003-11-18,SO61795,478,15926,8,2,2
2017-01-10,2003-09-25,SO61795,214,15926,8,4,1
2017-01-10,2003-12-26,SO61795,356,15926,8,1,1
2017-01-10,2003-09-27,SO61783,535,13954,9,1,2
2017-01-10,2003-12-05,SO61831,528,12183,6,2,2
2017-01-10,2003-11-18,SO61831,472,12183,6,3,1
2017-01-10,2003-12-22,SO61831,537,12183,6,1,1
2017-01-10,2003-10-26,SO61823,529,20795,7,1,2
2017-01-10,2003-11-29,SO61794,356,15080,8,1,1
2017-01-10,2003-11-10,SO61826,480,27843,8,3,3
2017-01-10,2003-11-19,SO61826,529,27843,8,2,2
2017-01-10,2003-12-12,SO61826,538,27843,8,1,1
2017-01-10,2003-12-13,SO61849,480,26202,6,4,3
2017-01-10,2003-10-19,SO61849,538,26202,6,2,3
2017-01-10,2003-09-19,SO61849,529,26202,6,3,1
2017-01-10,2003-12-19,SO61849,584,26202,6,1,1
2017-01-10,2003-12-03,SO61788,529,26558,9,1,2
2017-01-10,2003-11-13,SO61788,480,26558,9,2,1
2017-01-10,2003-11-23,SO61843,530,28662,4,3,2
2017-01-10,2003-10-26,SO61843,541,28662,4,2,2
2017-01-10,2003-10-02,SO61843,577,28662,4,1,1
2017-01-10,2003-11-03,SO61810,474,18753,1,1,1
2017-01-10,2003-09-26,SO61810,491,18753,1,2,1
2017-01-10,2003-11-18,SO61824,541,28687,8,1,2
2017-01-10,2003-10-19,SO61785,528,16165,9,2,3
2017-01-10,2003-11-27,SO61785,480,16165,9,3,2
2017-01-10,2003-10-19,SO61785,484,16165,9,4,2
2017-01-10,2003-09-27,SO61785,536,16165,9,1,1
2017-01-10,2003-12-08,SO61841,491,23429,9,2,1
2017-01-10,2003-11-29,SO61841,580,23429,9,1,1
2017-01-10,2003-10-15,SO61844,223,26075,1,2,2
2017-01-10,2003-11-18,SO61844,564,26075,1,1,1
2017-01-10,2003-12-10,SO61816,528,16542,10,1,2
2017-01-10,2003-11-12,SO61816,215,16542,10,2,1
2017-01-10,2003-10-15,SO61842,485,13626,9,2,3
2017-01-10,2003-11-30,SO61842,477,13626,9,4,2
2017-01-10,2003-12-25,SO61842,478,13626,9,3,2
2017-01-10,2003-09-15,SO61842,360,13626,9,1,1
2017-01-10,2003-12-12,SO61842,487,13626,9,5,1
2017-01-10,2003-10-12,SO61848,220,25980,1,2,1
2017-01-10,2003-12-23,SO61848,564,25980,1,1,1
2017-01-10,2003-12-09,SO61852,477,17559,4,3,2
2017-01-10,2003-10-09,SO61852,479,17559,4,2,2
2017-01-10,2003-10-18,SO61852,215,17559,4,4,1
2017-01-10,2003-12-15,SO61852,580,17559,4,1,1
2017-01-10,2003-12-13,SO61805,223,28021,6,2,3
2017-01-10,2003-11-14,SO61805,474,28021,6,1,1
2017-01-10,2003-11-22,SO61838,223,14498,4,5,2
2017-01-10,2003-12-16,SO61838,477,14498,4,3,2
2017-01-10,2003-12-05,SO61838,229,14498,4,4,1
2017-01-10,2003-11-22,SO61838,356,14498,4,1,1
2017-01-10,2003-10-02,SO61838,478,14498,4,2,1
2017-01-10,2003-09-16,SO61791,529,18305,9,2,2
2017-01-10,2003-11-14,SO61791,540,18305,9,1,1
2017-01-10,2003-09-22,SO61799,529,29234,4,1,2
2017-01-10,2003-10-15,SO61799,539,29234,4,2,2
2017-01-10,2003-09-13,SO61798,484,29160,1,2,2
2017-01-10,2003-11-04,SO61798,529,29160,1,1,2
2017-01-10,2003-11-18,SO61790,529,16681,9,2,2
2017-01-10,2003-09-13,SO61790,540,16681,9,1,1
2017-01-10,2003-09-25,SO61840,480,28499,8,4,3
2017-01-10,2003-12-16,SO61840,530,28499,8,3,2
2017-01-10,2003-09-14,SO61840,541,28499,8,2,2
2017-01-10,2003-11-10,SO61840,572,28499,8,1,1
2017-01-10,2003-10-25,SO61854,530,28549,10,3,2
2017-01-10,2003-10-12,SO61854,541,28549,10,2,2
2017-01-10,2003-11-25,SO61854,575,28549,10,1,1
2017-01-10,2003-11-08,SO61796,462,15116,8,3,2
2017-01-10,2003-10-31,SO61796,485,15116,8,2,2
2017-01-10,2003-12-09,SO61796,358,15116,8,1,1
2017-01-10,2003-12-02,SO61807,477,17696,4,1,2
2017-01-10,2003-11-27,SO61807,220,17696,4,2,1
2017-01-10,2003-10-16,SO61789,483,17501,9,1,1
2017-01-10,2003-11-03,SO61847,479,25973,1,2,2
2017-01-10,2003-11-14,SO61847,574,25973,1,1,1
2017-01-10,2003-09-30,SO61820,528,20798,8,2,2
2017-01-10,2003-10-07,SO61820,215,20798,8,3,1
2017-01-10,2003-12-09,SO61820,488,20798,8,4,1
2017-01-10,2003-12-10,SO61820,536,20798,8,1,1
2017-01-10,2003-11-18,SO61828,530,26226,8,1,2
2017-01-10,2003-09-12,SO61833,214,12238,8,1,1
2017-01-10,2003-10-20,SO61835,480,14577,1,4,3
2017-01-10,2003-11-02,SO61835,528,14577,1,3,2
2017-01-10,2003-11-17,SO61835,536,14577,1,2,1
2017-01-10,2003-11-06,SO61835,590,14577,1,1,1
2017-01-10,2003-10-09,SO61808,477,17532,4,1,2
2017-01-10,2003-10-24,SO61850,214,22717,1,2,1
2017-01-10,2003-10-31,SO61850,605,22717,1,1,1
2017-01-10,2003-09-20,SO61837,462,12198,1,6,3
2017-01-10,2003-12-14,SO61837,477,12198,1,4,3
2017-01-10,2003-10-12,SO61837,485,12198,1,2,3
2017-01-10,2003-11-08,SO61837,478,12198,1,3,2
2017-01-10,2003-09-23,SO61837,214,12198,1,5,1
2017-01-10,2003-12-04,SO61837,360,12198,1,1,1
2017-01-10,2003-11-13,SO61784,528,18715,9,2,2
2017-01-10,2003-09-12,SO61784,536,18715,9,1,2
2017-01-10,2003-10-19,SO61784,215,18715,9,3,1
2017-01-10,2003-10-16,SO61836,466,19730,4,4,3
2017-01-10,2003-12-03,SO61836,478,19730,4,2,2
2017-01-10,2003-10-13,SO61836,214,19730,4,5,1
2017-01-10,2003-12-10,SO61836,477,19730,4,3,1
2017-01-10,2003-12-26,SO61836,594,19730,4,1,1
2017-01-10,2003-12-23,SO61804,478,23475,1,4,2
2017-01-10,2003-09-23,SO61804,485,23475,1,3,2
2017-01-10,2003-12-18,SO61804,528,23475,1,2,2
2017-01-10,2003-12-23,SO61804,536,23475,1,1,2
2017-01-10,2003-10-07,SO61804,487,23475,1,5,1
2017-01-10,2003-12-01,SO61787,226,17077,9,1,1
2017-01-10,2003-11-13,SO61793,226,21540,10,2,1
2017-01-10,2003-11-20,SO61793,587,21540,10,1,1
2017-01-10,2003-11-19,SO61800,528,11330,6,1,2
2017-01-10,2003-09-20,SO61800,535,11330,6,2,2
2017-01-10,2003-10-10,SO61800,235,11330,6,3,1
2017-01-10,2003-09-24,SO61851,477,19874,6,2,3
2017-01-10,2003-11-05,SO61851,220,19874,6,4,1
2017-01-10,2003-11-30,SO61851,383,19874,6,1,1
2017-01-10,2003-09-24,SO61851,479,19874,6,3,1
2017-01-10,2003-11-24,SO61817,529,28398,7,1,2
2017-01-10,2003-10-28,SO61817,214,28398,7,3,1
2017-01-10,2003-11-05,SO61817,540,28398,7,2,1
2017-01-10,2003-12-26,SO61801,528,12959,6,1,2
2017-01-10,2003-09-28,SO61801,536,12959,6,2,2
2017-01-10,2003-11-24,SO61786,223,27363,9,2,2
2017-01-10,2003-11-18,SO61786,476,27363,9,1,1
2017-01-10,2003-12-03,SO61786,491,27363,9,3,1
2017-01-10,2003-11-28,SO61818,528,20565,10,1,2
2017-01-10,2003-11-14,SO61818,535,20565,10,2,2
2017-01-10,2003-09-19,SO61818,214,20565,10,3,1
2017-01-10,2003-11-20,SO61822,223,22588,10,2,3
2017-01-10,2003-12-01,SO61822,477,22588,10,1,2
2017-01-10,2003-11-28,SO61822,214,22588,10,3,1
2017-01-10,2003-10-22,SO61806,235,19688,4,2,1
2017-01-10,2003-09-22,SO61806,475,19688,4,1,1
2017-01-10,2003-12-24,SO61839,541,17767,7,2,1
2017-01-10,2003-10-28,SO61839,585,17767,7,1,1
2017-01-10,2003-10-28,SO61830,528,11309,1,2,2
2017-01-10,2003-11-03,SO61830,537,11309,1,1,1
2017-01-11,2003-11-30,SO61879,235,14455,6,2,1
2017-01-11,2003-11-24,SO61879,476,14455,6,1,1
2017-01-11,2003-11-16,SO61918,477,17116,6,2,2
2017-01-11,2003-11-28,SO61918,229,17116,6,4,1
2017-01-11,2003-12-12,SO61918,479,17116,6,3,1
2017-01-11,2003-11-08,SO61918,582,17116,6,1,1
2017-01-11,2003-11-23,SO61856,477,11118,9,1,3
2017-01-11,2003-12-10,SO61856,484,11118,9,4,2
2017-01-11,2003-09-25,SO61856,478,11118,9,2,1
2017-01-11,2003-12-25,SO61856,487,11118,9,3,1
2017-01-11,2003-12-23,SO61888,529,25689,10,1,2
2017-01-11,2003-09-19,SO61888,480,25689,10,2,1
2017-01-11,2003-10-09,SO61910,595,12250,9,1,1
2017-01-11,2003-12-10,SO61883,485,21447,6,1,2
2017-01-11,2003-09-16,SO61867,538,27461,1,1,2
2017-01-11,2003-11-25,SO61867,220,27461,1,3,1
2017-01-11,2003-11-05,SO61867,232,27461,1,4,1
2017-01-11,2003-11-28,SO61867,529,27461,1,2,1
2017-01-11,2003-09-29,SO61885,485,16198,10,1,2
2017-01-11,2003-09-28,SO61885,473,16198,10,2,1
2017-01-11,2003-12-08,SO61908,479,17353,9,2,3
2017-01-11,2003-10-12,SO61908,477,17353,9,3,2
2017-01-11,2003-10-25,SO61908,371,17353,9,1,1
2017-01-11,2003-10-21,SO61920,223,11766,9,5,3
2017-01-11,2003-11-05,SO61920,479,11766,9,2,3
2017-01-11,2003-10-10,SO61920,477,11766,9,3,2
2017-01-11,2003-11-26,SO61920,490,11766,9,4,1
2017-01-11,2003-09-24,SO61920,576,11766,9,1,1
2017-01-11,2003-10-25,SO61880,474,19246,1,1,1
2017-01-11,2003-10-31,SO61874,481,23786,1,2,2
2017-01-11,2003-11-09,SO61874,536,23786,1,1,2
2017-01-11,2003-12-14,SO61899,477,12719,7,2,2
2017-01-11,2003-12-27,SO61899,478,12719,7,1,2
2017-01-11,2003-09-29,SO61884,466,15115,7,2,2
2017-01-11,2003-11-07,SO61884,475,15115,7,1,1
2017-01-11,2003-09-22,SO61865,530,28282,1,1,2
2017-01-11,2003-12-03,SO61860,223,22302,10,3,2
2017-01-11,2003-10-29,SO61860,489,22302,10,2,1
2017-01-11,2003-11-16,SO61860,581,22302,10,1,1
2017-01-11,2003-09-24,SO61859,220,15920,7,2,1
2017-01-11,2003-11-16,SO61859,581,15920,7,1,1
2017-01-11,2003-09-17,SO61886,480,13773,7,3,2
2017-01-11,2003-11-29,SO61886,528,13773,7,1,2
2017-01-11,2003-10-23,SO61886,537,13773,7,2,1
2017-01-11,2003-12-18,SO61857,215,15783,9,1,1
2017-01-11,2003-09-26,SO61890,480,26912,8,3,3
2017-01-11,2003-10-20,SO61890,529,26912,8,2,2
2017-01-11,2003-12-18,SO61890,538,26912,8,1,2
2017-01-11,2003-12-24,SO61909,599,12248,9,1,1
2017-01-11,2003-12-10,SO61858,488,14517,9,1,1
2017-01-11,2003-11-27,SO61862,485,12270,8,2,3
2017-01-11,2003-10-03,SO61862,354,12270,8,1,1
2017-01-11,2003-10-22,SO61862,471,12270,8,3,1
2017-01-11,2003-09-24,SO61902,481,15876,6,3,2
2017-01-11,2003-11-10,SO61902,485,15876,6,2,2
2017-01-11,2003-12-26,SO61902,356,15876,6,1,1
2017-01-11,2003-12-24,SO61907,379,20450,9,1,1
2017-01-11,2003-12-17,SO61878,475,18814,1,1,1
2017-01-11,2003-12-03,SO61919,223,29086,9,2,2
2017-01-11,2003-10-19,SO61919,490,29086,9,3,1
2017-01-11,2003-10-12,SO61919,585,29086,9,1,1
2017-01-11,2003-09-13,SO61913,356,11991,9,1,1
2017-01-11,2003-10-15,SO61871,536,23692,1,2,2
2017-01-11,2003-09-18,SO61871,484,23692,1,3,1
2017-01-11,2003-09-22,SO61871,528,23692,1,1,1
2017-01-11,2003-09-19,SO61894,214,12111,4,3,1
2017-01-11,2003-09-14,SO61894,528,12111,4,2,1
2017-01-11,2003-10-02,SO61894,537,12111,4,1,1
2017-01-11,2003-12-01,SO61875,477,23261,1,1,2
2017-01-11,2003-10-09,SO61875,478,23261,1,2,2
2017-01-11,2003-10-14,SO61875,484,23261,1,4,1
2017-01-11,2003-10-27,SO61875,487,23261,1,3,1
2017-01-11,2003-11-22,SO61881,223,18673,4,3,2
2017-01-11,2003-10-09,SO61881,226,18673,4,2,1
2017-01-11,2003-12-01,SO61881,476,18673,4,1,1
2017-01-11,2003-09-15,SO61916,214,20525,4,2,1
2017-01-11,2003-11-15,SO61916,381,20525,4,1,1
2017-01-11,2003-11-27,SO61866,529,11505,6,1,2
2017-01-11,2003-09-19,SO61866,539,11505,6,2,2
2017-01-11,2003-11-09,SO61866,215,11505,6,3,1
2017-01-11,2003-10-28,SO61873,477,17374,6,2,2
2017-01-11,2003-09-14,SO61873,478,17374,6,1,2
2017-01-11,2003-09-17,SO61873,484,17374,6,4,2
2017-01-11,2003-10-18,SO61873,487,17374,6,3,1
2017-01-11,2003-11-29,SO61911,360,13618,9,1,1
2017-01-11,2003-09-20,SO61903,485,14470,4,4,2
2017-01-11,2003-11-03,SO61903,528,14470,4,2,2
2017-01-11,2003-12-20,SO61903,356,14470,4,1,1
2017-01-11,2003-11-09,SO61903,537,14470,4,3,1
2017-01-11,2003-12-24,SO61872,464,22087,4,4,2
2017-01-11,2003-10-29,SO61872,220,22087,4,3,1
2017-01-11,2003-11-24,SO61872,528,22087,4,1,1
2017-01-11,2003-09-21,SO61872,536,22087,4,2,1
2017-01-11,2003-11-04,SO61891,477,24568,10,1,3
2017-01-11,2003-12-09,SO61891,223,24568,10,2,2
2017-01-11,2003-12-20,SO61895,480,11869,6,2,2
2017-01-11,2003-11-24,SO61895,537,11869,6,1,1
2017-01-11,2003-12-03,SO61914,488,26056,4,2,1
2017-01-11,2003-10-12,SO61914,562,26056,4,1,1
2017-01-11,2003-12-14,SO61887,528,20595,7,2,2
2017-01-11,2003-11-11,SO61887,536,20595,7,1,2
2017-01-11,2003-12-09,SO61887,214,20595,7,3,1
2017-01-11,2003-11-24,SO61912,214,13629,9,3,1
2017-01-11,2003-11-30,SO61912,226,13629,9,4,1
2017-01-11,2003-11-02,SO61912,356,13629,9,1,1
2017-01-11,2003-10-17,SO61912,485,13629,9,2,1
2017-01-11,2003-10-30,SO61892,480,29417,8,3,2
2017-01-11,2003-12-24,SO61892,530,29417,8,1,2
2017-01-11,2003-10-28,SO61892,541,29417,8,2,2
2017-01-11,2003-12-26,SO61892,486,29417,8,4,1
2017-01-11,2003-12-06,SO61901,475,14636,1,2,1
2017-01-11,2003-09-16,SO61901,588,14636,1,1,1
2017-01-11,2003-09-18,SO61921,481,23320,9,2,2
2017-01-11,2003-10-11,SO61921,605,23320,9,1,1
2017-01-11,2003-10-31,SO61896,528,11852,4,2,2
2017-01-11,2003-12-14,SO61896,220,11852,4,3,1
2017-01-11,2003-09-18,SO61896,537,11852,4,1,1
2017-01-11,2003-11-17,SO61900,220,11602,8,1,1
2017-01-11,2003-11-12,SO61905,223,13591,10,5,2
2017-01-11,2003-09-26,SO61905,477,13591,10,2,2
2017-01-11,2003-09-13,SO61905,479,13591,10,3,2
2017-01-11,2003-12-05,SO61905,214,13591,10,4,1
2017-01-11,2003-12-15,SO61905,574,13591,10,1,1
2017-01-11,2003-12-07,SO61898,485,15864,6,1,2
2017-01-11,2003-09-19,SO61889,464,24851,10,1,2
2017-01-11,2003-12-14,SO61889,477,24851,10,2,2
2017-01-11,2003-10-19,SO61917,387,21333,1,1,1
2017-01-11,2003-10-16,SO61917,491,21333,1,2,1
2017-01-11,2003-12-13,SO61904,478,14447,1,2,2
2017-01-11,2003-09-29,SO61904,232,14447,1,4,1
2017-01-11,2003-10-07,SO61904,354,14447,1,1,1
2017-01-11,2003-12-22,SO61904,477,14447,1,3,1
2017-01-11,2003-12-26,SO61882,485,14352,1,1,2
2017-01-11,2003-11-17,SO61882,471,14352,1,2,1
2017-01-11,2003-10-31,SO61870,480,26275,1,2,2
2017-01-11,2003-10-23,SO61870,535,26275,1,1,1
2017-01-11,2003-11-13,SO61876,477,21814,1,2,2
2017-01-11,2003-09-20,SO61876,478,21814,1,1,2
2017-01-11,2003-10-21,SO61915,541,24654,4,2,2
2017-01-11,2003-11-07,SO61915,214,24654,4,4,1
2017-01-11,2003-10-30,SO61915,530,24654,4,3,1
2017-01-11,2003-10-20,SO61915,562,24654,4,1,1
2017-01-11,2003-10-04,SO61861,373,20825,10,1,1
2017-01-11,2003-11-11,SO61906,477,23425,9,2,2
2017-01-11,2003-11-28,SO61906,479,23425,9,3,2
2017-01-11,2003-10-10,SO61906,487,23425,9,4,1
2017-01-11,2003-12-17,SO61906,582,23425,9,1,1
2017-01-11,2003-10-08,SO61877,478,20449,4,1,2
2017-01-11,2003-10-23,SO61868,464,24826,1,4,2
2017-01-11,2003-12-15,SO61868,529,24826,1,2,2
2017-01-11,2003-11-11,SO61868,215,24826,1,3,1
2017-01-11,2003-12-07,SO61868,540,24826,1,1,1
2017-01-11,2003-10-09,SO61863,232,11846,4,1,1
2017-01-11,2003-12-14,SO61897,485,14341,6,3,2
2017-01-11,2003-12-09,SO61897,528,14341,6,2,2
2017-01-11,2003-10-16,SO61897,235,14341,6,4,1
2017-01-11,2003-09-27,SO61897,537,14341,6,1,1
2017-01-11,2003-10-14,SO61869,540,24774,1,1,1
2017-01-11,2003-10-02,SO61893,223,16579,10,4,2
2017-01-11,2003-10-20,SO61893,477,16579,10,3,2
2017-01-11,2003-10-23,SO61893,479,16579,10,2,2
2017-01-11,2003-12-18,SO61893,530,16579,10,1,1
2017-01-12,2003-10-17,SO61948,484,14576,1,2,2
2017-01-12,2003-12-24,SO61948,589,14576,1,1,1
2017-01-12,2003-11-09,SO61930,480,28009,4,2,2
2017-01-12,2003-09-27,SO61930,530,28009,4,1,1
2017-01-12,2003-09-21,SO61940,528,20968,10,1,2
2017-01-12,2003-11-01,SO61940,536,20968,10,2,2
2017-01-12,2003-12-18,SO61969,223,11900,9,4,2
2017-01-12,2003-10-21,SO61969,220,11900,9,2,1
2017-01-12,2003-10-20,SO61969,489,11900,9,3,1
2017-01-12,2003-10-02,SO61969,573,11900,9,1,1
2017-01-12,2003-12-07,SO61947,485,12971,4,1,3
2017-01-12,2003-12-03,SO61954,220,28557,10,2,1
2017-01-12,2003-12-22,SO61954,561,28557,10,1,1
2017-01-12,2003-10-24,SO61943,477,24188,10,1,2
2017-01-12,2003-11-30,SO61943,484,24188,10,2,2
2017-01-12,2003-09-19,SO61958,529,25218,9,2,2
2017-01-12,2003-12-08,SO61958,539,25218,9,3,2
2017-01-12,2003-09-17,SO61958,215,25218,9,4,1
2017-01-12,2003-11-09,SO61958,385,25218,9,1,1
2017-01-12,2003-10-22,SO61966,229,24051,10,2,1
2017-01-12,2003-12-11,SO61966,381,24051,10,1,1
2017-01-12,2003-11-05,SO61971,462,27501,9,4,3
2017-01-12,2003-11-17,SO61971,477,27501,9,2,2
2017-01-12,2003-12-16,SO61971,479,27501,9,3,2
2017-01-12,2003-09-15,SO61971,584,27501,9,1,1
2017-01-12,2003-12-02,SO61929,529,11181,4,1,3
2017-01-12,2003-11-04,SO61959,383,24504,9,1,1
2017-01-12,2003-12-27,SO61968,479,11896,9,2,2
2017-01-12,2003-10-23,SO61968,484,11896,9,3,2
2017-01-12,2003-09-18,SO61968,576,11896,9,1,1
2017-01-12,2003-10-19,SO61944,541,26410,7,1,2
2017-01-12,2003-12-13,SO61951,352,14471,4,1,1
2017-01-12,2003-11-24,SO61951,537,14471,4,2,1
2017-01-12,2003-12-02,SO61957,477,20614,9,3,2
2017-01-12,2003-12-20,SO61957,479,20614,9,2,2
2017-01-12,2003-12-01,SO61957,377,20614,9,1,1
2017-01-12,2003-12-04,SO61935,223,20128,1,2,2
2017-01-12,2003-11-25,SO61935,476,20128,1,1,1
2017-01-12,2003-12-25,SO61941,477,24576,10,1,2
2017-01-12,2003-10-27,SO61941,214,24576,10,2,1
2017-01-12,2003-11-21,SO61941,232,24576,10,3,1
2017-01-12,2003-11-23,SO61928,489,11502,6,1,1
2017-01-12,2003-11-14,SO61945,480,12166,6,2,2
2017-01-12,2003-10-17,SO61945,537,12166,6,1,1
2017-01-12,2003-11-13,SO61946,477,17374,6,2,2
2017-01-12,2003-09-30,SO61946,478,17374,6,3,2
2017-01-12,2003-12-21,SO61946,480,17374,6,4,2
2017-01-12,2003-12-28,SO61946,485,17374,6,1,2
2017-01-12,2003-12-15,SO61962,223,25990,1,3,2
2017-01-12,2003-10-09,SO61962,488,25990,1,2,1
2017-01-12,2003-09-24,SO61962,574,25990,1,1,1
2017-01-12,2003-10-03,SO61937,477,16154,4,1,2
2017-01-12,2003-10-22,SO61965,214,20682,4,2,1
2017-01-12,2003-09-14,SO61965,580,20682,4,1,1
2017-01-12,2003-12-18,SO61926,489,11253,6,1,1
2017-01-12,2003-11-02,SO61927,480,11253,6,1,2
2017-01-12,2003-10-15,SO61931,530,27619,4,1,3
2017-01-12,2003-10-25,SO61931,541,27619,4,2,2
2017-01-12,2003-11-21,SO61953,480,15846,6,4,2
2017-01-12,2003-10-04,SO61953,528,15846,6,2,2
2017-01-12,2003-12-10,SO61953,362,15846,6,1,1
2017-01-12,2003-12-13,SO61953,486,15846,6,5,1
2017-01-12,2003-09-28,SO61953,537,15846,6,3,1
2017-01-12,2003-11-18,SO61949,485,15906,6,2,3
2017-01-12,2003-12-26,SO61949,354,15906,6,1,1
2017-01-12,2003-09-18,SO61967,226,24101,10,2,1
2017-01-12,2003-11-25,SO61967,387,24101,10,1,1
2017-01-12,2003-10-03,SO61932,528,13268,6,1,2
2017-01-12,2003-11-13,SO61932,536,13268,6,2,2
2017-01-12,2003-11-16,SO61932,220,13268,6,3,1
2017-01-12,2003-10-20,SO61956,220,20452,9,5,1
2017-01-12,2003-10-20,SO61956,379,20452,9,1,1
2017-01-12,2003-10-16,SO61956,473,20452,9,4,1
2017-01-12,2003-11-28,SO61956,529,20452,9,3,1
2017-01-12,2003-12-11,SO61956,540,20452,9,2,1
2017-01-12,2003-09-16,SO61963,215,26060,4,2,1
2017-01-12,2003-10-13,SO61963,562,26060,4,1,1
2017-01-12,2003-11-04,SO61955,223,25758,8,3,2
2017-01-12,2003-10-28,SO61955,214,25758,8,2,1
2017-01-12,2003-11-30,SO61955,573,25758,8,1,1
2017-01-12,2003-10-21,SO61936,477,17432,1,1,2
2017-01-12,2003-10-05,SO61964,529,22749,1,3,2
2017-01-12,2003-11-03,SO61964,214,22749,1,4,1
2017-01-12,2003-11-01,SO61964,538,22749,1,2,1
2017-01-12,2003-11-03,SO61964,604,22749,1,1,1
2017-01-12,2003-11-28,SO61934,462,17410,6,3,2
2017-01-12,2003-10-27,SO61934,235,17410,6,2,1
2017-01-12,2003-09-27,SO61934,474,17410,6,1,1
2017-01-12,2003-10-10,SO61942,529,23956,8,1,2
2017-01-12,2003-11-07,SO61942,472,23956,8,2,1
2017-01-12,2003-12-12,SO61924,480,25233,9,2,2
2017-01-12,2003-12-06,SO61924,528,25233,9,1,2
2017-01-12,2003-12-10,SO61950,485,14601,4,2,2
2017-01-12,2003-12-03,SO61950,214,14601,4,3,1
2017-01-12,2003-11-19,SO61950,356,14601,4,1,1
2017-01-12,2003-10-14,SO61960,479,25231,9,3,3
2017-01-12,2003-10-30,SO61960,383,25231,9,1,1
2017-01-12,2003-11-12,SO61960,477,25231,9,2,1
2017-01-12,2003-10-05,SO61960,487,25231,9,4,1
2017-01-12,2003-12-11,SO61923,485,18270,9,1,2
2017-01-12,2003-12-01,SO61923,473,18270,9,2,1
2017-01-12,2003-12-04,SO61970,479,27877,9,2,3
2017-01-12,2003-11-06,SO61970,477,27877,9,3,2
2017-01-12,2003-09-25,SO61970,579,27877,9,1,1
2017-01-12,2003-12-11,SO61938,485,13876,4,1,2
2017-01-12,2003-12-15,SO61933,478,21771,4,1,3
2017-01-12,2003-10-25,SO61933,477,21771,4,2,2
2017-01-12,2003-12-11,SO61933,484,21771,4,3,2
2017-01-12,2003-11-29,SO61925,226,19324,7,2,1
2017-01-12,2003-09-21,SO61925,588,19324,7,1,1
2017-01-12,2003-10-26,SO61952,480,14451,4,4,2
2017-01-12,2003-11-07,SO61952,354,14451,4,1,1
2017-01-12,2003-09-18,SO61952,528,14451,4,3,1
2017-01-12,2003-10-11,SO61952,537,14451,4,2,1
2017-01-12,2003-09-26,SO61961,223,23276,4,1,2
2017-01-12,2003-10-20,SO61961,573,23276,4,2,1
2017-01-12,2003-09-26,SO61939,540,15712,10,1,1
2017-01-12,2003-11-21,SO61922,485,19098,9,1,3
2017-01-12,2003-12-05,SO61922,215,19098,9,2,1
2017-01-12,2003-11-25,SO61922,223,19098,9,3,1
2017-01-12,2003-10-21,SO61922,490,19098,9,4,1
2017-01-13,2003-10-31,SO62005,485,12042,1,2,2
2017-01-13,2003-12-22,SO62005,356,12042,1,1,1
2017-01-13,2003-12-14,SO62005,487,12042,1,3,1
2017-01-13,2003-10-28,SO61990,477,13289,6,1,2
2017-01-13,2003-10-06,SO61994,485,18081,6,1,2
2017-01-13,2003-12-17,SO61984,480,16247,6,2,2
2017-01-13,2003-11-30,SO61984,540,16247,6,1,1
2017-01-13,2003-11-13,SO62009,528,13647,9,3,2
2017-01-13,2003-10-28,SO62009,354,13647,9,1,1
2017-01-13,2003-11-11,SO62009,537,13647,9,2,1
2017-01-13,2003-12-06,SO62003,477,14485,4,3,2
2017-01-13,2003-10-06,SO62003,478,14485,4,2,2
2017-01-13,2003-11-02,SO62003,480,14485,4,4,2
2017-01-13,2003-10-15,SO62003,362,14485,4,1,1
2017-01-13,2003-11-12,SO61982,530,11501,6,1,2
2017-01-13,2003-09-16,SO61982,487,11501,6,2,1
2017-01-13,2003-12-29,SO62012,477,25943,4,2,3
2017-01-13,2003-10-10,SO62012,479,25943,4,3,2
2017-01-13,2003-09-18,SO62012,215,25943,4,4,1
2017-01-13,2003-10-09,SO62012,573,25943,4,1,1
2017-01-13,2003-09-16,SO61985,480,24263,4,2,2
2017-01-13,2003-10-06,SO61985,540,24263,4,1,1
2017-01-13,2003-11-28,SO61983,480,27648,1,2,3
2017-01-13,2003-09-25,SO61983,538,27648,1,1,2
2017-01-13,2003-12-06,SO62021,480,23100,9,3,3
2017-01-13,2003-12-22,SO62021,538,23100,9,2,2
2017-01-13,2003-12-05,SO62021,604,23100,9,1,1
2017-01-13,2003-10-07,SO62008,383,24505,9,1,1
2017-01-13,2003-12-11,SO61977,214,11116,9,3,1
2017-01-13,2003-11-22,SO61977,473,11116,9,4,1
2017-01-13,2003-10-21,SO61977,477,11116,9,1,1
2017-01-13,2003-10-20,SO61977,478,11116,9,2,1
2017-01-13,2003-11-29,SO62002,477,15908,4,3,3
2017-01-13,2003-11-23,SO62002,478,15908,4,4,2
2017-01-13,2003-10-24,SO62002,485,15908,4,2,2
2017-01-13,2003-09-27,SO62002,488,15908,4,5,1
2017-01-13,2003-10-19,SO62002,596,15908,4,1,1
2017-01-13,2003-10-24,SO61987,529,24261,4,2,2
2017-01-13,2003-11-09,SO61987,215,24261,4,3,1
2017-01-13,2003-10-17,SO61987,540,24261,4,1,1
2017-01-13,2003-12-07,SO62016,529,20145,7,2,2
2017-01-13,2003-12-29,SO62016,539,20145,7,3,2
2017-01-13,2003-12-03,SO62016,220,20145,7,4,1
2017-01-13,2003-10-14,SO62016,381,20145,7,1,1
2017-01-13,2003-09-21,SO62015,214,20437,4,2,1
2017-01-13,2003-10-09,SO62015,385,20437,4,1,1
2017-01-13,2003-11-29,SO62018,575,11906,9,1,1
2017-01-13,2003-10-30,SO61992,528,21725,6,1,2
2017-01-13,2003-12-05,SO61976,462,12038,9,3,3
2017-01-13,2003-11-22,SO61976,528,12038,9,1,3
2017-01-13,2003-10-02,SO61976,220,12038,9,2,1
2017-01-13,2003-12-21,SO61981,485,16054,10,2,2
2017-01-13,2003-11-02,SO61981,220,16054,10,3,1
2017-01-13,2003-12-18,SO61981,588,16054,10,1,1
2017-01-13,2003-11-22,SO61993,485,13902,4,1,3
2017-01-13,2003-09-16,SO61980,477,17632,10,3,2
2017-01-13,2003-11-05,SO61980,478,17632,10,2,2
2017-01-13,2003-12-18,SO61980,215,17632,10,4,1
2017-01-13,2003-10-07,SO61980,589,17632,10,1,1
2017-01-13,2003-09-22,SO61998,537,11858,4,1,1
2017-01-13,2003-12-08,SO61974,528,16711,9,2,2
2017-01-13,2003-10-13,SO61974,220,16711,9,3,1
2017-01-13,2003-09-27,SO61974,536,16711,9,1,1
2017-01-13,2003-11-19,SO61973,528,16704,9,1,3
2017-01-13,2003-09-17,SO61973,480,16704,9,3,2
2017-01-13,2003-12-09,SO61973,536,16704,9,2,2
2017-01-13,2003-12-17,SO62013,477,22234,6,3,2
2017-01-13,2003-12-16,SO62013,479,22234,6,2,2
2017-01-13,2003-12-26,SO62013,561,22234,6,1,1
2017-01-13,2003-11-03,SO62000,481,13331,4,3,2
2017-01-13,2003-11-09,SO62000,485,13331,4,1,2
2017-01-13,2003-10-17,SO62000,220,13331,4,2,1
2017-01-13,2003-12-05,SO62001,474,14867,6,2,1
2017-01-13,2003-12-09,SO62001,589,14867,6,1,1
2017-01-13,2003-11-13,SO61988,478,21724,4,1,3
2017-01-13,2003-12-17,SO61988,477,21724,4,2,2
2017-01-13,2003-10-26,SO61999,477,11342,7,1,2
2017-01-13,2003-10-21,SO61999,479,11342,7,2,2
2017-01-13,2003-09-30,SO61999,215,11342,7,3,1
2017-01-13,2003-11-15,SO61978,529,27491,9,1,2
2017-01-13,2003-11-26,SO61978,215,27491,9,2,1
2017-01-13,2003-11-28,SO62020,462,11767,9,3,2
2017-01-13,2003-10-01,SO62020,214,11767,9,2,1
2017-01-13,2003-10-23,SO62020,576,11767,9,1,1
2017-01-13,2003-10-30,SO62014,562,25979,1,1,1
2017-01-13,2003-11-12,SO61997,528,11795,4,1,2
2017-01-13,2003-12-09,SO61997,537,11795,4,2,1
2017-01-13,2003-11-20,SO62017,584,12807,8,1,1
2017-01-13,2003-10-13,SO62006,223,24201,7,3,2
2017-01-13,2003-09-19,SO62006,220,24201,7,2,1
2017-01-13,2003-09-30,SO62006,575,24201,7,1,1
2017-01-13,2003-09-22,SO61972,484,11882,1,1,2
2017-01-13,2003-10-18,SO62007,580,23433,9,1,1
2017-01-13,2003-10-01,SO61995,480,19507,7,2,2
2017-01-13,2003-11-12,SO61995,529,19507,7,1,2
2017-01-13,2003-11-03,SO62010,528,13649,9,2,2
2017-01-13,2003-10-27,SO62010,214,13649,9,4,1
2017-01-13,2003-10-26,SO62010,362,13649,9,1,1
2017-01-13,2003-12-27,SO62010,537,13649,9,3,1
2017-01-13,2003-11-02,SO61991,478,27633,6,2,3
2017-01-13,2003-10-25,SO61991,477,27633,6,3,2
2017-01-13,2003-09-27,SO61991,480,27633,6,4,2
2017-01-13,2003-11-25,SO61991,528,27633,6,1,2
2017-01-13,2003-11-01,SO61996,529,27938,10,1,2
2017-01-13,2003-11-11,SO61996,215,27938,10,2,1
2017-01-13,2003-09-25,SO61989,477,21692,1,2,3
2017-01-13,2003-11-22,SO61989,478,21692,1,1,2
2017-01-13,2003-09-24,SO61986,536,23333,1,2,2
2017-01-13,2003-11-27,SO61986,215,23333,1,3,1
2017-01-13,2003-12-07,SO61986,235,23333,1,4,1
2017-01-13,2003-09-20,SO61986,528,23333,1,1,1
2017-01-13,2003-11-25,SO62019,215,14224,9,2,1
2017-01-13,2003-09-21,SO62019,560,14224,9,1,1
2017-01-13,2003-11-07,SO61979,477,24870,10,2,2
2017-01-13,2003-12-20,SO61979,479,24870,10,3,2
2017-01-13,2003-10-16,SO61979,377,24870,10,1,1
2017-01-13,2003-10-03,SO62004,485,15905,6,2,2
2017-01-13,2003-11-24,SO62004,352,15905,6,1,1
2017-01-13,2003-11-09,SO62004,486,15905,6,3,1
2017-01-13,2003-12-14,SO62011,482,23819,6,2,2
2017-01-13,2003-10-05,SO62011,579,23819,6,1,1
2017-01-13,2003-12-29,SO61975,480,21971,9,2,2
2017-01-13,2003-11-18,SO61975,536,21971,9,1,2
2017-01-14,2003-10-17,SO62037,530,28187,4,1,2
2017-01-14,2003-12-12,SO62037,214,28187,4,2,1
2017-01-14,2003-11-15,SO62066,528,14617,1,3,2
2017-01-14,2003-09-17,SO62066,536,14617,1,2,2
2017-01-14,2003-11-25,SO62066,215,14617,1,4,1
2017-01-14,2003-12-01,SO62066,588,14617,1,1,1
2017-01-14,2003-09-19,SO62064,215,13444,4,2,1
2017-01-14,2003-09-20,SO62064,485,13444,4,1,1
2017-01-14,2003-09-22,SO62027,214,15146,9,1,1
2017-01-14,2003-10-14,SO62039,540,24512,4,1,1
2017-01-14,2003-10-17,SO62049,477,17547,4,1,1
2017-01-14,2003-12-19,SO62040,536,12196,6,2,2
2017-01-14,2003-12-26,SO62040,215,12196,6,3,1
2017-01-14,2003-11-22,SO62040,528,12196,6,1,1
2017-01-14,2003-11-15,SO62023,528,11370,9,2,2
2017-01-14,2003-10-21,SO62023,535,11370,9,1,2
2017-01-14,2003-11-26,SO62042,529,24624,4,2,3
2017-01-14,2003-10-01,SO62042,480,24624,4,3,2
2017-01-14,2003-10-14,SO62042,540,24624,4,1,1
2017-01-14,2003-10-04,SO62031,477,19626,9,2,2
2017-01-14,2003-12-04,SO62031,479,19626,9,1,2
2017-01-14,2003-12-19,SO62026,491,17061,9,1,1
2017-01-14,2003-12-16,SO62083,383,27798,8,1,1
2017-01-14,2003-11-21,SO62083,490,27798,8,2,1
2017-01-14,2003-11-13,SO62069,477,14656,1,3,3
2017-01-14,2003-11-07,SO62069,478,14656,1,2,2
2017-01-14,2003-12-09,SO62069,229,14656,1,4,1
2017-01-14,2003-11-21,SO62069,356,14656,1,1,1
2017-01-14,2003-09-23,SO62055,477,19306,7,1,2
2017-01-14,2003-12-06,SO62055,466,19306,7,2,1
2017-01-14,2003-10-22,SO62035,214,14428,8,2,1
2017-01-14,2003-12-10,SO62035,360,14428,8,1,1
2017-01-14,2003-10-09,SO62080,604,23257,4,1,1
2017-01-14,2003-12-17,SO62072,477,14461,1,3,2
2017-01-14,2003-12-01,SO62072,478,14461,1,2,2
2017-01-14,2003-12-02,SO62072,358,14461,1,1,1
2017-01-14,2003-12-01,SO62053,223,16584,10,3,2
2017-01-14,2003-11-17,SO62053,474,16584,10,1,1
2017-01-14,2003-12-16,SO62053,489,16584,10,2,1
2017-01-14,2003-12-07,SO62059,529,18619,8,1,3
2017-01-14,2003-09-30,SO62059,214,18619,8,2,1
2017-01-14,2003-10-06,SO62032,583,21679,10,1,1
2017-01-14,2003-12-13,SO62036,529,11142,6,2,3
2017-01-14,2003-11-09,SO62036,539,11142,6,1,3
2017-01-14,2003-12-23,SO62036,220,11142,6,3,1
2017-01-14,2003-12-11,SO62060,223,28879,10,4,2
2017-01-14,2003-12-13,SO62060,529,28879,10,1,2
2017-01-14,2003-12-28,SO62060,215,28879,10,3,1
2017-01-14,2003-10-15,SO62060,487,28879,10,2,1
2017-01-14,2003-11-25,SO62046,475,19715,4,1,1
2017-01-14,2003-11-12,SO62046,488,19715,4,2,1
2017-01-14,2003-10-08,SO62079,528,13645,9,3,2
2017-01-14,2003-10-12,SO62079,220,13645,9,4,1
2017-01-14,2003-12-04,SO62079,358,13645,9,1,1
2017-01-14,2003-10-29,SO62079,537,13645,9,2,1
2017-01-14,2003-11-20,SO62086,214,22582,9,2,1
2017-01-14,2003-12-05,SO62086,604,22582,9,1,1
2017-01-14,2003-11-08,SO62054,528,17712,7,1,2
2017-01-14,2003-10-31,SO62054,536,17712,7,2,2
2017-01-14,2003-10-28,SO62054,485,17712,7,3,1
2017-01-14,2003-10-23,SO62050,528,14729,4,1,2
2017-01-14,2003-09-26,SO62025,488,18727,9,1,1
2017-01-14,2003-09-23,SO62022,484,11507,6,1,2
2017-01-14,2003-12-18,SO62043,477,23693,4,2,3
2017-01-14,2003-09-17,SO62043,536,23693,4,1,2
2017-01-14,2003-10-11,SO62043,220,23693,4,3,1
2017-01-14,2003-12-04,SO62043,235,23693,4,4,1
2017-01-14,2003-10-24,SO62029,223,17327,9,1,2
2017-01-14,2003-11-04,SO62067,478,13029,1,2,2
2017-01-14,2003-11-03,SO62067,587,13029,1,1,1
2017-01-14,2003-11-21,SO62074,220,28500,8,2,1
2017-01-14,2003-10-23,SO62074,565,28500,8,1,1
2017-01-14,2003-12-06,SO62028,229,14665,9,1,1
2017-01-14,2003-11-17,SO62081,477,23266,1,2,2
2017-01-14,2003-09-28,SO62081,226,23266,1,4,1
2017-01-14,2003-11-22,SO62081,479,23266,1,3,1
2017-01-14,2003-11-11,SO62081,584,23266,1,1,1
2017-01-14,2003-12-07,SO62038,528,26516,4,2,2
2017-01-14,2003-12-06,SO62038,480,26516,4,3,1
2017-01-14,2003-11-18,SO62038,535,26516,4,1,1
2017-01-14,2003-11-18,SO62082,477,22788,4,3,3
2017-01-14,2003-09-19,SO62082,232,22788,4,4,1
2017-01-14,2003-11-23,SO62082,479,22788,4,2,1
2017-01-14,2003-10-21,SO62082,606,22788,4,1,1
2017-01-14,2003-10-02,SO62077,356,13129,9,1,1
2017-01-14,2003-09-28,SO62077,537,13129,9,2,1
2017-01-14,2003-11-19,SO62084,489,11903,9,2,1
2017-01-14,2003-12-25,SO62084,575,11903,9,1,1
2017-01-14,2003-09-30,SO62076,484,20258,9,2,2
2017-01-14,2003-10-22,SO62076,371,20258,9,1,1
2017-01-14,2003-12-06,SO62041,535,17371,6,1,2
2017-01-14,2003-10-05,SO62041,214,17371,6,3,1
2017-01-14,2003-12-27,SO62041,528,17371,6,2,1
2017-01-14,2003-10-15,SO62075,223,19325,8,1,2
2017-01-14,2003-09-21,SO62075,578,19325,8,2,1
2017-01-14,2003-10-04,SO62057,466,22390,8,2,2
2017-01-14,2003-09-25,SO62057,477,22390,8,1,2
2017-01-14,2003-10-30,SO62065,214,12236,8,1,1
2017-01-14,2003-10-06,SO62073,360,12033,1,1,1
2017-01-14,2003-11-27,SO62073,485,12033,1,2,1
2017-01-14,2003-12-07,SO62073,488,12033,1,3,1
2017-01-14,2003-12-28,SO62034,485,15085,7,2,2
2017-01-14,2003-10-28,SO62034,226,15085,7,3,1
2017-01-14,2003-10-06,SO62034,362,15085,7,1,1
2017-01-14,2003-09-25,SO62058,214,23221,8,2,1
2017-01-14,2003-12-03,SO62058,529,23221,8,1,1
2017-01-14,2003-10-14,SO62085,491,11465,9,2,1
2017-01-14,2003-11-06,SO62085,562,11465,9,1,1
2017-01-14,2003-10-22,SO62068,480,19735,4,4,2
2017-01-14,2003-12-20,SO62068,528,19735,4,2,2
2017-01-14,2003-12-17,SO62068,535,19735,4,3,2
2017-01-14,2003-11-03,SO62068,596,19735,4,1,1
2017-01-14,2003-10-01,SO62048,223,19011,4,2,2
2017-01-14,2003-11-26,SO62048,474,19011,4,1,1
2017-01-14,2003-10-18,SO62024,480,22177,9,2,2
2017-01-14,2003-09-21,SO62024,485,22177,9,1,2
2017-01-14,2003-10-24,SO62044,477,14370,6,2,2
2017-01-14,2003-10-15,SO62044,478,14370,6,1,2
2017-01-14,2003-09-25,SO62070,485,12109,1,2,2
2017-01-14,2003-10-27,SO62070,215,12109,1,3,1
2017-01-14,2003-09-18,SO62070,358,12109,1,1,1
2017-01-14,2003-12-24,SO62062,480,11174,4,3,2
2017-01-14,2003-10-01,SO62062,528,11174,4,2,2
2017-01-14,2003-11-13,SO62062,537,11174,4,1,1
2017-01-14,2003-11-29,SO62061,529,22556,7,1,2
2017-01-14,2003-11-14,SO62061,214,22556,7,3,1
2017-01-14,2003-10-12,SO62061,538,22556,7,2,1
2017-01-14,2003-11-29,SO62056,490,11545,7,1,1
2017-01-14,2003-11-12,SO62071,362,14501,4,1,1
2017-01-14,2003-11-11,SO62047,475,16910,6,1,1
2017-01-14,2003-11-16,SO62030,488,14516,9,1,1
2017-01-14,2003-10-08,SO62078,478,11992,9,2,2
2017-01-14,2003-12-30,SO62078,354,11992,9,1,1
2017-01-14,2003-09-20,SO62087,529,22583,9,2,3
2017-01-14,2003-11-10,SO62087,464,22583,9,4,2
2017-01-14,2003-10-23,SO62087,538,22583,9,3,2
2017-01-14,2003-09-17,SO62087,235,22583,9,5,1
2017-01-14,2003-11-04,SO62087,606,22583,9,1,1
2017-01-14,2003-12-04,SO62033,214,15624,7,2,1
2017-01-14,2003-12-08,SO62033,352,15624,7,1,1
2017-01-14,2003-09-23,SO62051,528,22144,6,1,2
2017-01-14,2003-10-26,SO62051,220,22144,6,2,1
2017-01-14,2003-12-16,SO62051,232,22144,6,3,1
2017-01-15,2003-12-14,SO62105,214,15863,6,3,1
2017-01-15,2003-10-18,SO62105,529,15863,6,2,1
2017-01-15,2003-11-28,SO62105,540,15863,6,1,1
2017-01-15,2003-11-26,SO62131,223,19714,4,2,3
2017-01-15,2003-11-23,SO62131,598,19714,4,1,1
2017-01-15,2003-10-07,SO62137,215,23534,9,2,1
2017-01-15,2003-11-18,SO62137,581,23534,9,1,1
2017-01-15,2003-11-28,SO62106,536,18600,6,1,3
2017-01-15,2003-11-12,SO62092,528,16177,9,1,3
2017-01-15,2003-09-17,SO62092,464,16177,9,3,2
2017-01-15,2003-10-24,SO62092,536,16177,9,2,2
2017-01-15,2003-12-14,SO62092,215,16177,9,4,1
2017-01-15,2003-10-22,SO62133,485,14400,4,4,3
2017-01-15,2003-10-10,SO62133,528,14400,4,3,2
2017-01-15,2003-10-04,SO62133,360,14400,4,1,1
2017-01-15,2003-11-17,SO62133,537,14400,4,2,1
2017-01-15,2003-12-10,SO62097,478,15695,10,2,2
2017-01-15,2003-12-13,SO62097,215,15695,10,3,1
2017-01-15,2003-10-10,SO62097,362,15695,10,1,1
2017-01-15,2003-10-19,SO62118,477,17222,7,3,2
2017-01-15,2003-12-09,SO62118,478,17222,7,2,2
2017-01-15,2003-12-02,SO62118,485,17222,7,1,2
2017-01-15,2003-11-11,SO62088,223,11277,6,1,2
2017-01-15,2003-12-01,SO62143,352,13632,9,1,1
2017-01-15,2003-12-04,SO62107,477,21346,4,2,3
2017-01-15,2003-11-01,SO62107,478,21346,4,1,2
2017-01-15,2003-09-20,SO62156,215,11768,9,2,1
2017-01-15,2003-09-19,SO62156,564,11768,9,1,1
2017-01-15,2003-11-21,SO62122,541,23969,7,1,3
2017-01-15,2003-09-26,SO62122,480,23969,7,3,2
2017-01-15,2003-10-28,SO62122,530,23969,7,2,2
2017-01-15,2003-09-18,SO62147,223,26616,1,2,2
2017-01-15,2003-12-13,SO62147,586,26616,1,1,1
2017-01-15,2003-11-02,SO62142,214,13128,9,2,1
2017-01-15,2003-12-15,SO62142,358,13128,9,1,1
2017-01-15,2003-11-09,SO62149,605,23239,4,1,1
2017-01-15,2003-11-02,SO62129,477,15986,4,3,2
2017-01-15,2003-09-19,SO62129,215,15986,4,4,1
2017-01-15,2003-11-21,SO62129,232,15986,4,5,1
2017-01-15,2003-12-10,SO62129,478,15986,4,2,1
2017-01-15,2003-11-13,SO62129,600,15986,4,1,1
2017-01-15,2003-12-26,SO62103,536,23054,1,1,2
2017-01-15,2003-10-04,SO62120,529,24535,7,1,2
2017-01-15,2003-12-15,SO62135,220,11333,10,2,1
2017-01-15,2003-12-17,SO62135,575,11333,10,1,1
2017-01-15,2003-12-15,SO62112,477,24627,6,1,2
2017-01-15,2003-09-18,SO62112,472,24627,6,2,1
2017-01-15,2003-09-19,SO62093,485,21998,9,2,1
2017-01-15,2003-10-28,SO62093,537,21998,9,1,1
2017-01-15,2003-10-09,SO62117,485,13656,4,1,2
2017-01-15,2003-09-30,SO62117,220,13656,4,2,1
2017-01-15,2003-10-22,SO62096,581,21067,10,1,1
2017-01-15,2003-12-21,SO62141,385,24485,9,1,1
2017-01-15,2003-10-21,SO62141,489,24485,9,2,1
2017-01-15,2003-12-13,SO62091,536,17060,9,1,3
2017-01-15,2003-11-14,SO62091,220,17060,9,3,1
2017-01-15,2003-12-12,SO62091,528,17060,9,2,1
2017-01-15,2003-09-23,SO62094,489,17236,9,1,1
2017-01-15,2003-09-29,SO62139,484,17354,9,2,2
2017-01-15,2003-12-26,SO62139,377,17354,9,1,1
2017-01-15,2003-11-20,SO62089,484,11505,6,1,3
2017-01-15,2003-11-26,SO62136,477,17181,8,3,2
2017-01-15,2003-11-29,SO62136,215,17181,8,4,1
2017-01-15,2003-11-03,SO62136,479,17181,8,2,1
2017-01-15,2003-10-21,SO62136,573,17181,8,1,1
2017-01-15,2003-09-28,SO62095,486,13003,9,1,1
2017-01-15,2003-09-26,SO62108,215,21353,1,2,1
2017-01-15,2003-10-06,SO62108,478,21353,1,1,1
2017-01-15,2003-11-25,SO62146,214,25840,4,2,1
2017-01-15,2003-12-09,SO62146,577,25840,4,1,1
2017-01-15,2003-09-27,SO62151,214,20395,4,2,1
2017-01-15,2003-11-04,SO62151,387,20395,4,1,1
2017-01-15,2003-10-18,SO62151,466,20395,4,3,1
2017-01-15,2003-12-01,SO62104,529,24978,1,1,2
2017-01-15,2003-09-20,SO62104,471,24978,1,4,1
2017-01-15,2003-12-31,SO62104,487,24978,1,3,1
2017-01-15,2003-09-18,SO62104,540,24978,1,2,1
2017-01-15,2003-12-11,SO62124,484,24871,7,4,2
2017-01-15,2003-10-10,SO62124,529,24871,7,2,2
2017-01-15,2003-11-28,SO62124,538,24871,7,1,2
2017-01-15,2003-11-20,SO62124,480,24871,7,3,1
2017-01-15,2003-11-28,SO62157,584,23099,9,1,1
2017-01-15,2003-10-17,SO62154,476,17229,9,2,1
2017-01-15,2003-12-22,SO62154,488,17229,9,3,1
2017-01-15,2003-12-20,SO62154,590,17229,9,1,1
2017-01-15,2003-10-02,SO62155,477,14308,9,3,2
2017-01-15,2003-11-18,SO62155,479,14308,9,2,1
2017-01-15,2003-12-16,SO62155,585,14308,9,1,1
2017-01-15,2003-10-07,SO62134,220,28695,10,2,1
2017-01-15,2003-10-05,SO62134,561,28695,10,1,1
2017-01-15,2003-11-14,SO62128,223,14590,4,4,2
2017-01-15,2003-10-26,SO62128,226,14590,4,3,1
2017-01-15,2003-11-13,SO62128,474,14590,4,2,1
2017-01-15,2003-09-17,SO62128,588,14590,4,1,1
2017-01-15,2003-11-20,SO62116,480,21631,6,2,2
2017-01-15,2003-10-12,SO62116,528,21631,6,1,2
2017-01-15,2003-12-25,SO62111,477,17689,1,1,2
2017-01-15,2003-12-04,SO62102,528,23734,1,2,2
2017-01-15,2003-09-20,SO62102,536,23734,1,1,2
2017-01-15,2003-09-19,SO62102,214,23734,1,3,1
2017-01-15,2003-10-24,SO62114,528,22285,6,1,2
2017-01-15,2003-12-02,SO62114,220,22285,6,2,1
2017-01-15,2003-12-02,SO62114,226,22285,6,3,1
2017-01-15,2003-10-19,SO62099,480,26794,1,3,2
2017-01-15,2003-12-25,SO62099,484,26794,1,4,2
2017-01-15,2003-12-09,SO62099,530,26794,1,2,2
2017-01-15,2003-12-10,SO62099,541,26794,1,1,2
2017-01-15,2003-11-02,SO62090,535,14056,9,1,3
2017-01-15,2003-12-29,SO62123,480,29416,10,3,2
2017-01-15,2003-10-27,SO62123,529,29416,10,1,2
2017-01-15,2003-09-25,SO62123,538,29416,10,2,2
2017-01-15,2003-10-06,SO62121,541,29377,8,1,2
2017-01-15,2003-12-11,SO62121,530,29377,8,2,1
2017-01-15,2003-10-01,SO62109,474,19882,4,1,1
2017-01-15,2003-12-24,SO62109,488,19882,4,2,1
2017-01-15,2003-11-08,SO62101,535,26079,1,1,3
2017-01-15,2003-11-19,SO62101,528,26079,1,2,2
2017-01-15,2003-12-17,SO62101,220,26079,1,3,1
2017-01-15,2003-11-26,SO62148,479,22247,6,2,3
2017-01-15,2003-12-23,SO62148,477,22247,6,3,2
2017-01-15,2003-11-06,SO62148,480,22247,6,4,2
2017-01-15,2003-10-06,SO62148,573,22247,6,1,1
2017-01-15,2003-10-07,SO62125,528,11211,6,1,1
2017-01-15,2003-10-12,SO62125,537,11211,6,2,1
2017-01-15,2003-12-23,SO62100,530,26254,1,2,2
2017-01-15,2003-12-11,SO62100,541,26254,1,1,2
2017-01-15,2003-11-09,SO62153,473,23898,8,2,1
2017-01-15,2003-12-31,SO62153,605,23898,8,1,1
2017-01-15,2003-11-09,SO62098,529,29009,4,1,2
2017-01-15,2003-10-03,SO62098,539,29009,4,2,2
2017-01-15,2003-10-30,SO62130,477,22117,6,2,2
2017-01-15,2003-11-15,SO62130,478,22117,6,3,2
2017-01-15,2003-12-13,SO62130,593,22117,6,1,1
2017-01-15,2003-11-26,SO62126,223,12636,8,1,2
2017-01-15,2003-09-28,SO62132,477,19718,1,3,2
2017-01-15,2003-12-15,SO62132,478,19718,1,2,2
2017-01-15,2003-10-28,SO62132,595,19718,1,1,1
2017-01-15,2003-10-22,SO62152,604,27121,10,1,1
2017-01-15,2003-10-29,SO62140,529,17351,9,3,2
2017-01-15,2003-11-26,SO62140,214,17351,9,4,1
2017-01-15,2003-11-08,SO62140,373,17351,9,1,1
2017-01-15,2003-09-18,SO62140,464,17351,9,5,1
2017-01-15,2003-12-20,SO62140,540,17351,9,2,1
2017-01-15,2003-10-18,SO62144,480,13953,9,2,3
2017-01-15,2003-09-30,SO62144,356,13953,9,1,1
2017-01-15,2003-11-24,SO62138,529,13527,9,2,2
2017-01-15,2003-12-13,SO62138,377,13527,9,1,1
2017-01-15,2003-10-14,SO62138,540,13527,9,3,1
2017-01-15,2003-11-19,SO62127,466,11248,7,2,2
2017-01-15,2003-09-18,SO62127,477,11248,7,3,2
2017-01-15,2003-10-15,SO62127,479,11248,7,1,2
2017-01-15,2003-11-04,SO62150,477,23195,1,2,2
2017-01-15,2003-11-07,SO62150,479,23195,1,3,2
2017-01-15,2003-11-25,SO62150,220,23195,1,4,1
2017-01-15,2003-12-05,SO62150,232,23195,1,5,1
2017-01-15,2003-12-03,SO62150,584,23195,1,1,1
2017-01-16,2003-11-20,SO62180,480,28776,4,1,2
2017-01-16,2003-10-13,SO62172,539,17787,7,2,2
2017-01-16,2003-10-13,SO62172,581,17787,7,1,1
2017-01-16,2003-12-04,SO62176,223,17873,8,3,2
2017-01-16,2003-11-07,SO62176,226,17873,8,2,1
2017-01-16,2003-11-02,SO62176,580,17873,8,1,1
2017-01-16,2003-10-26,SO62181,464,28855,4,3,2
2017-01-16,2003-10-22,SO62181,529,28855,4,2,2
2017-01-16,2003-11-19,SO62181,539,28855,4,1,2
2017-01-16,2003-11-08,SO62181,232,28855,4,4,1
2017-01-16,2003-12-20,SO62186,538,27474,1,2,2
2017-01-16,2003-11-04,SO62186,215,27474,1,3,1
2017-01-16,2003-10-11,SO62186,529,27474,1,1,1
2017-01-16,2003-12-26,SO62202,538,11434,10,1,2
2017-01-16,2003-10-15,SO62179,488,11646,1,1,1
2017-01-16,2003-12-28,SO62190,478,16247,6,1,3
2017-01-16,2003-10-04,SO62190,477,16247,6,2,2
2017-01-16,2003-10-12,SO62164,477,22859,9,1,2
2017-01-16,2003-10-16,SO62231,223,23102,9,1,3
2017-01-16,2003-10-13,SO62231,605,23102,9,2,1
2017-01-16,2003-09-26,SO62210,485,18942,4,4,3
2017-01-16,2003-10-14,SO62210,528,18942,4,3,2
2017-01-16,2003-10-13,SO62210,536,18942,4,2,2
2017-01-16,2003-10-20,SO62210,484,18942,4,6,1
2017-01-16,2003-10-31,SO62210,487,18942,4,5,1
2017-01-16,2003-12-12,SO62210,587,18942,4,1,1
2017-01-16,2003-11-28,SO62161,480,17061,9,2,2
2017-01-16,2003-11-04,SO62161,536,17061,9,1,2
2017-01-16,2003-11-04,SO62221,362,13131,9,1,1
2017-01-16,2003-10-21,SO62174,464,22311,10,3,2
2017-01-16,2003-10-28,SO62174,477,22311,10,4,2
2017-01-16,2003-10-31,SO62174,479,22311,10,2,2
2017-01-16,2003-09-19,SO62174,580,22311,10,1,1
2017-01-16,2003-10-03,SO62183,529,27506,4,1,3
2017-01-16,2003-11-27,SO62183,484,27506,4,3,2
2017-01-16,2003-11-08,SO62183,538,27506,4,2,2
2017-01-16,2003-10-28,SO62175,476,17782,10,2,1
2017-01-16,2003-12-14,SO62175,588,17782,10,1,1
2017-01-16,2003-11-12,SO62220,358,13115,9,1,1
2017-01-16,2003-10-11,SO62220,480,13115,9,2,1
2017-01-16,2003-12-25,SO62201,529,23772,8,1,2
2017-01-16,2003-12-15,SO62201,214,23772,8,2,1
2017-01-16,2003-10-02,SO62177,477,15357,8,2,2
2017-01-16,2003-11-08,SO62177,478,15357,8,3,2
2017-01-16,2003-12-06,SO62177,215,15357,8,4,1
2017-01-16,2003-12-07,SO62177,352,15357,8,1,1
2017-01-16,2003-11-19,SO62215,564,14191,10,1,1
2017-01-16,2003-09-30,SO62169,223,18247,9,1,2
2017-01-16,2003-12-16,SO62162,480,22204,9,3,3
2017-01-16,2003-11-06,SO62162,528,22204,9,1,2
2017-01-16,2003-10-30,SO62162,537,22204,9,2,1
2017-01-16,2003-11-08,SO62200,529,26216,10,1,2
2017-01-16,2003-10-31,SO62200,220,26216,10,2,1
2017-01-16,2003-10-26,SO62200,491,26216,10,3,1
2017-01-16,2003-11-25,SO62168,464,13954,9,1,3
2017-01-16,2003-12-27,SO62208,528,13206,6,2,3
2017-01-16,2003-11-27,SO62208,223,13206,6,5,2
2017-01-16,2003-12-04,SO62208,477,13206,6,6,2
2017-01-16,2003-10-09,SO62208,478,13206,6,4,2
2017-01-16,2003-12-06,SO62208,485,13206,6,3,2
2017-01-16,2003-11-23,SO62208,537,13206,6,1,1
2017-01-16,2003-12-04,SO62171,540,14123,9,1,1
2017-01-16,2003-09-25,SO62230,587,14346,9,1,1
2017-01-16,2003-11-18,SO62225,489,26058,4,2,1
2017-01-16,2003-11-03,SO62225,563,26058,4,1,1
2017-01-16,2003-11-09,SO62189,528,23191,1,1,2
2017-01-16,2003-12-06,SO62189,536,23191,1,2,2
2017-01-16,2003-11-06,SO62163,528,24897,9,1,2
2017-01-16,2003-10-31,SO62159,235,11223,6,1,1
2017-01-16,2003-11-03,SO62167,223,17283,9,1,1
2017-01-16,2003-11-30,SO62167,229,17283,9,2,1
2017-01-16,2003-12-15,SO62193,223,17422,6,2,3
2017-01-16,2003-10-18,SO62193,475,17422,6,1,1
2017-01-16,2003-10-04,SO62194,482,13350,6,2,3
2017-01-16,2003-10-29,SO62194,477,13350,6,1,2
2017-01-16,2003-10-20,SO62224,477,26617,4,2,2
2017-01-16,2003-11-22,SO62224,479,26617,4,3,2
2017-01-16,2003-11-07,SO62224,489,26617,4,4,1
2017-01-16,2003-10-21,SO62224,586,26617,4,1,1
2017-01-16,2003-12-23,SO62185,480,26583,4,3,2
2017-01-16,2003-09-23,SO62185,530,26583,4,1,2
2017-01-16,2003-10-01,SO62185,541,26583,4,2,2
2017-01-16,2003-11-04,SO62211,223,14639,4,2,1
2017-01-16,2003-10-09,SO62211,475,14639,4,3,1
2017-01-16,2003-10-13,SO62211,587,14639,4,1,1
2017-01-16,2003-10-27,SO62205,480,16511,10,2,2
2017-01-16,2003-10-29,SO62205,530,16511,10,1,2
2017-01-16,2003-12-06,SO62198,481,19801,6,4,3
2017-01-16,2003-12-24,SO62198,477,19801,6,2,2
2017-01-16,2003-10-04,SO62198,478,19801,6,3,2
2017-01-16,2003-10-25,SO62198,485,19801,6,1,2
2017-01-16,2003-11-09,SO62199,235,12752,7,2,1
2017-01-16,2003-12-29,SO62199,476,12752,7,1,1
2017-01-16,2003-12-04,SO62173,599,11420,7,1,1
2017-01-16,2003-09-18,SO62217,214,23432,9,2,1
2017-01-16,2003-10-10,SO62217,583,23432,9,1,1
2017-01-16,2003-09-18,SO62197,528,15837,1,1,2
2017-01-16,2003-12-19,SO62197,215,15837,1,2,1
2017-01-16,2003-09-25,SO62195,477,17577,4,1,2
2017-01-16,2003-11-03,SO62195,214,17577,4,2,1
2017-01-16,2003-11-18,SO62232,477,23321,9,3,2
2017-01-16,2003-09-21,SO62232,479,23321,9,2,2
2017-01-16,2003-10-13,SO62232,471,23321,9,4,1
2017-01-16,2003-10-14,SO62232,604,23321,9,1,1
2017-01-16,2003-12-02,SO62204,480,28748,10,2,2
2017-01-16,2003-11-04,SO62204,538,28748,10,1,1
2017-01-16,2003-11-03,SO62229,477,23226,8,3,2
2017-01-16,2003-12-17,SO62229,479,23226,8,2,2
2017-01-16,2003-12-27,SO62229,214,23226,8,4,1
2017-01-16,2003-12-19,SO62229,605,23226,8,1,1
2017-01-16,2003-10-08,SO62218,214,20613,9,2,1
2017-01-16,2003-10-05,SO62218,377,20613,9,1,1
2017-01-16,2003-10-04,SO62182,541,27391,1,2,3
2017-01-16,2003-11-06,SO62182,530,27391,1,1,1
2017-01-16,2003-11-16,SO62212,588,14589,4,1,1
2017-01-16,2003-09-27,SO62228,235,20059,7,2,1
2017-01-16,2003-12-13,SO62228,389,20059,7,1,1
2017-01-16,2003-11-13,SO62209,466,15974,6,2,2
2017-01-16,2003-12-20,SO62209,485,15974,6,1,2
2017-01-16,2003-11-08,SO62223,220,25421,1,2,1
2017-01-16,2003-12-03,SO62223,577,25421,1,1,1
2017-01-16,2003-12-12,SO62184,480,26451,1,2,2
2017-01-16,2003-10-19,SO62184,535,26451,1,1,2
2017-01-16,2003-11-19,SO62188,540,14370,6,1,1
2017-01-16,2003-12-13,SO62216,477,26963,8,3,2
2017-01-16,2003-12-08,SO62216,223,26963,8,4,1
2017-01-16,2003-11-21,SO62216,479,26963,8,2,1
2017-01-16,2003-10-02,SO62216,578,26963,8,1,1
2017-01-16,2003-12-24,SO62165,478,28951,9,1,3
2017-01-16,2003-10-28,SO62219,389,25234,9,1,1
2017-01-16,2003-12-21,SO62219,491,25234,9,2,1
2017-01-16,2003-09-30,SO62166,478,15240,9,1,2
2017-01-16,2003-10-30,SO62226,466,19681,6,3,2
2017-01-16,2003-09-30,SO62226,214,19681,6,2,1
2017-01-16,2003-11-10,SO62226,387,19681,6,1,1
2017-01-16,2003-10-10,SO62158,479,12894,4,2,3
2017-01-16,2003-11-29,SO62158,477,12894,4,1,2
2017-01-16,2003-10-09,SO62191,477,20635,1,1,3
2017-01-16,2003-09-25,SO62191,478,20635,1,2,2
2017-01-16,2003-12-26,SO62191,215,20635,1,3,1
2017-01-16,2003-12-03,SO62187,528,26679,1,2,2
2017-01-16,2003-10-15,SO62187,535,26679,1,1,2
2017-01-16,2003-12-12,SO62214,480,19721,1,3,2
2017-01-16,2003-12-22,SO62214,485,19721,1,2,2
2017-01-16,2003-11-05,SO62214,597,19721,1,1,1
2017-01-16,2003-12-10,SO62213,477,19736,4,2,3
2017-01-16,2003-11-16,SO62213,478,19736,4,3,2
2017-01-16,2003-10-30,SO62213,487,19736,4,4,1
2017-01-16,2003-10-19,SO62213,490,19736,4,5,1
2017-01-16,2003-12-08,SO62213,596,19736,4,1,1
2017-01-16,2003-11-23,SO62160,480,14307,9,3,3
2017-01-16,2003-12-07,SO62160,528,14307,9,2,2
2017-01-16,2003-12-28,SO62160,535,14307,9,1,1
2017-01-16,2003-12-26,SO62170,223,11150,9,1,2
2017-01-16,2003-10-25,SO62227,223,17025,6,1,2
2017-01-16,2003-11-07,SO62227,583,17025,6,2,1
2017-01-16,2003-10-19,SO62203,480,12633,10,3,2
2017-01-16,2003-10-01,SO62203,541,12633,10,1,2
2017-01-16,2003-11-17,SO62203,530,12633,10,2,1
2017-01-16,2003-09-19,SO62196,528,16356,4,1,3
2017-01-16,2003-12-06,SO62196,480,16356,4,2,2
2017-01-16,2003-12-08,SO62192,477,21612,1,2,2
2017-01-16,2003-10-31,SO62192,478,21612,1,1,2
2017-01-16,2003-10-28,SO62207,480,14904,6,2,2
2017-01-16,2003-12-13,SO62207,483,14904,6,3,1
2017-01-16,2003-10-29,SO62207,537,14904,6,1,1
2017-01-16,2003-10-19,SO62222,356,11031,9,1,1
2017-01-16,2003-10-02,SO62222,480,11031,9,2,1
2017-01-16,2003-10-15,SO62178,214,12211,7,2,1
2017-01-16,2003-11-06,SO62178,358,12211,7,1,1
2017-01-16,2003-12-11,SO62206,537,11258,4,1,1
2017-01-17,2003-12-13,SO62255,477,15859,6,2,2
2017-01-17,2003-11-19,SO62255,478,15859,6,1,2
2017-01-17,2003-11-13,SO62271,485,14419,1,2,2
2017-01-17,2003-10-27,SO62271,358,14419,1,1,1
2017-01-17,2003-10-13,SO62271,491,14419,1,3,1
2017-01-17,2003-12-11,SO62249,541,26586,1,1,2
2017-01-17,2003-10-21,SO62243,477,12276,8,2,2
2017-01-17,2004-01-01,SO62243,478,12276,8,3,2
2017-01-17,2003-10-06,SO62243,215,12276,8,4,1
2017-01-17,2003-10-21,SO62243,358,12276,8,1,1
2017-01-17,2003-10-14,SO62274,389,17732,9,1,1
2017-01-17,2003-10-17,SO62274,489,17732,9,2,1
2017-01-17,2003-09-25,SO62246,529,11230,4,1,2
2017-01-17,2003-11-22,SO62246,484,11230,4,2,1
2017-01-17,2003-10-23,SO62275,214,25229,9,2,1
2017-01-17,2003-10-21,SO62275,383,25229,9,1,1
2017-01-17,2003-12-16,SO62252,480,23199,1,3,2
2017-01-17,2003-11-23,SO62252,484,23199,1,4,2
2017-01-17,2003-12-16,SO62252,528,23199,1,2,2
2017-01-17,2003-12-21,SO62252,536,23199,1,1,2
2017-01-17,2003-12-10,SO62251,485,12892,6,3,2
2017-01-17,2003-10-02,SO62251,528,12892,6,2,2
2017-01-17,2003-10-29,SO62251,536,12892,6,1,2
2017-01-17,2003-11-25,SO62251,215,12892,6,4,1
2017-01-17,2003-12-15,SO62251,235,12892,6,5,1
2017-01-17,2003-09-24,SO62262,529,14190,8,2,2
2017-01-17,2003-09-20,SO62262,540,14190,8,1,1
2017-01-17,2003-12-11,SO62284,220,22986,9,2,1
2017-01-17,2003-11-23,SO62284,606,22986,9,1,1
2017-01-17,2003-12-31,SO62244,480,14940,8,4,2
2017-01-17,2003-09-23,SO62244,484,14940,8,5,2
2017-01-17,2003-10-30,SO62244,528,14940,8,2,2
2017-01-17,2003-11-18,SO62244,356,14940,8,1,1
2017-01-17,2003-12-31,SO62244,537,14940,8,3,1
2017-01-17,2003-09-27,SO62253,529,11277,6,1,3
2017-01-17,2003-11-04,SO62253,466,11277,6,4,2
2017-01-17,2004-01-02,SO62253,220,11277,6,3,1
2017-01-17,2003-10-10,SO62253,540,11277,6,2,1
2017-01-17,2003-10-09,SO62279,223,25975,1,4,3
2017-01-17,2003-10-04,SO62279,477,25975,1,2,2
2017-01-17,2003-10-08,SO62279,479,25975,1,3,2
2017-01-17,2003-11-18,SO62279,562,25975,1,1,1
2017-01-17,2003-11-22,SO62247,530,11142,6,1,3
2017-01-17,2003-12-30,SO62247,214,11142,6,2,1
2017-01-17,2003-10-03,SO62237,528,21370,9,1,2
2017-01-17,2003-11-01,SO62237,220,21370,9,2,1
2017-01-17,2003-12-10,SO62245,480,11078,6,1,3
2017-01-17,2003-11-08,SO62245,486,11078,6,2,1
2017-01-17,2003-11-01,SO62236,474,26759,9,1,1
2017-01-17,2003-10-07,SO62236,488,26759,9,2,1
2017-01-17,2004-01-02,SO62259,464,17179,4,2,2
2017-01-17,2003-11-30,SO62259,477,17179,4,1,2
2017-01-17,2003-12-23,SO62263,536,21049,10,1,3
2017-01-17,2004-01-02,SO62263,480,21049,10,2,2
2017-01-17,2003-12-07,SO62277,480,13636,9,2,2
2017-01-17,2003-11-30,SO62277,356,13636,9,1,1
2017-01-17,2003-09-20,SO62272,477,15030,9,3,2
2017-01-17,2003-12-12,SO62272,479,15030,9,2,2
2017-01-17,2003-12-01,SO62272,580,15030,9,1,1
2017-01-17,2003-11-13,SO62260,528,15545,4,1,2
2017-01-17,2003-09-20,SO62260,220,15545,4,2,1
2017-01-17,2003-12-12,SO62276,528,12253,9,3,2
2017-01-17,2003-09-27,SO62276,535,12253,9,2,2
2017-01-17,2003-10-28,SO62276,235,12253,9,5,1
2017-01-17,2003-12-10,SO62276,485,12253,9,4,1
2017-01-17,2003-11-16,SO62276,593,12253,9,1,1
2017-01-17,2003-12-04,SO62250,540,23792,1,1,1
2017-01-17,2003-11-19,SO62248,530,11253,6,1,2
2017-01-17,2003-10-16,SO62233,220,11949,4,1,1
2017-01-17,2003-12-19,SO62239,484,11102,9,1,2
2017-01-17,2003-11-07,SO62273,377,20451,9,1,1
2017-01-17,2003-11-19,SO62273,540,20451,9,2,1
2017-01-17,2003-11-23,SO62278,220,25432,4,2,1
2017-01-17,2003-11-16,SO62278,579,25432,4,1,1
2017-01-17,2003-12-18,SO62268,477,11393,7,1,2
2017-01-17,2003-10-11,SO62268,479,11393,7,2,2
2017-01-17,2003-12-15,SO62283,477,14220,9,3,2
2017-01-17,2003-12-06,SO62283,479,14220,9,2,2
2017-01-17,2003-12-11,SO62283,220,14220,9,4,1
2017-01-17,2003-10-08,SO62283,579,14220,9,1,1
2017-01-17,2003-10-15,SO62266,530,25494,7,1,3
2017-01-17,2003-11-02,SO62266,214,25494,7,2,1
2017-01-17,2003-12-19,SO62265,528,21118,10,1,2
2017-01-17,2003-11-16,SO62265,536,21118,10,2,1
2017-01-17,2003-11-21,SO62270,223,14631,6,3,2
2017-01-17,2003-10-17,SO62270,474,14631,6,2,1
2017-01-17,2003-11-10,SO62270,588,14631,6,1,1
2017-01-17,2003-09-30,SO62238,220,18278,9,1,1
2017-01-17,2003-09-21,SO62281,538,22655,8,2,2
2017-01-17,2003-11-16,SO62281,529,22655,8,3,1
2017-01-17,2003-11-20,SO62281,604,22655,8,1,1
2017-01-17,2003-10-25,SO62256,475,11203,6,1,1
2017-01-17,2003-12-31,SO62254,477,21761,4,2,1
2017-01-17,2003-10-03,SO62254,478,21761,4,1,1
2017-01-17,2003-09-27,SO62254,483,21761,4,3,1
2017-01-17,2003-12-27,SO62261,480,19039,7,2,2
2017-01-17,2003-11-14,SO62261,528,19039,7,1,2
2017-01-17,2003-09-22,SO62235,528,12012,9,1,2
2017-01-17,2003-12-26,SO62235,214,12012,9,2,1
2017-01-17,2003-10-09,SO62234,480,15593,9,2,2
2017-01-17,2003-11-27,SO62234,539,15593,9,1,2
2017-01-17,2003-10-27,SO62257,478,20435,4,1,3
2017-01-17,2003-10-02,SO62257,477,20435,4,2,2
2017-01-17,2003-11-10,SO62257,215,20435,4,3,1
2017-01-17,2003-09-25,SO62258,477,13201,6,1,2
2017-01-17,2003-12-22,SO62258,484,13201,6,2,2
2017-01-17,2003-10-14,SO62269,485,13162,4,2,2
2017-01-17,2003-12-19,SO62269,471,13162,4,1,1
2017-01-17,2003-12-21,SO62280,214,17566,4,2,1
2017-01-17,2003-12-14,SO62280,580,17566,4,1,1
2017-01-17,2003-10-24,SO62264,480,21511,10,3,2
2017-01-17,2003-11-24,SO62264,528,21511,10,1,2
2017-01-17,2003-12-19,SO62264,535,21511,10,2,2
2017-01-17,2003-10-12,SO62267,480,11331,6,2,2
2017-01-17,2003-10-10,SO62267,537,11331,6,1,1
2017-01-17,2003-11-03,SO62240,220,22678,8,2,1
2017-01-17,2003-12-08,SO62240,488,22678,8,3,1
2017-01-17,2003-10-06,SO62240,594,22678,8,1,1
2017-01-17,2003-10-18,SO62282,466,14347,9,2,2
2017-01-17,2003-11-28,SO62282,214,14347,9,3,1
2017-01-17,2003-09-24,SO62282,590,14347,9,1,1
2017-01-17,2003-11-10,SO62241,478,24565,8,2,2
2017-01-17,2003-12-19,SO62241,594,24565,8,1,1
2017-01-18,2003-11-13,SO62344,477,23314,9,3,2
2017-01-18,2003-11-10,SO62344,479,23314,9,2,2
2017-01-18,2003-12-18,SO62344,223,23314,9,4,1
2017-01-18,2003-11-09,SO62344,606,23314,9,1,1
2017-01-18,2003-09-21,SO62308,476,27756,6,1,1
2017-01-18,2003-12-08,SO62285,480,13045,9,2,2
2017-01-18,2003-11-24,SO62285,535,13045,9,1,1
2017-01-18,2003-12-23,SO62325,541,27326,7,1,2
2017-01-18,2003-10-17,SO62325,226,27326,7,3,1
2017-01-18,2003-10-06,SO62325,530,27326,7,2,1
2017-01-18,2003-12-25,SO62321,529,22568,8,1,2
2017-01-18,2004-01-02,SO62316,480,13379,1,2,2
2017-01-18,2003-11-11,SO62316,485,13379,1,1,2
2017-01-18,2003-10-18,SO62287,480,15811,9,2,2
2017-01-18,2003-12-15,SO62287,536,15811,9,1,2
2017-01-18,2003-12-31,SO62312,232,20271,4,2,1
2017-01-18,2003-11-11,SO62312,474,20271,4,1,1
2017-01-18,2003-11-23,SO62342,215,29085,9,2,1
2017-01-18,2003-12-26,SO62342,572,29085,9,1,1
2017-01-18,2003-11-23,SO62292,479,16487,9,2,2
2017-01-18,2003-11-05,SO62292,215,16487,9,3,1
2017-01-18,2003-12-07,SO62292,477,16487,9,1,1
2017-01-18,2003-12-20,SO62337,477,22716,1,3,2
2017-01-18,2003-12-06,SO62337,479,22716,1,2,1
2017-01-18,2003-12-21,SO62337,605,22716,1,1,1
2017-01-18,2003-12-23,SO62332,488,23538,9,2,1
2017-01-18,2003-10-24,SO62332,582,23538,9,1,1
2017-01-18,2003-09-20,SO62338,214,20480,1,2,1
2017-01-18,2003-11-20,SO62338,381,20480,1,1,1
2017-01-18,2003-12-14,SO62291,539,26379,10,2,3
2017-01-18,2003-10-07,SO62291,529,26379,10,3,2
2017-01-18,2003-11-25,SO62291,490,26379,10,4,1
2017-01-18,2003-11-17,SO62291,580,26379,10,1,1
2017-01-18,2003-11-02,SO62290,477,28956,9,2,2
2017-01-18,2003-11-01,SO62290,478,28956,9,1,2
2017-01-18,2003-12-29,SO62294,479,24868,10,3,3
2017-01-18,2003-11-17,SO62294,223,24868,10,5,2
2017-01-18,2004-01-02,SO62294,214,24868,10,4,1
2017-01-18,2003-11-03,SO62294,379,24868,10,1,1
2017-01-18,2003-11-23,SO62294,477,24868,10,2,1
2017-01-18,2003-11-25,SO62334,462,24502,9,3,2
2017-01-18,2003-12-08,SO62334,220,24502,9,2,1
2017-01-18,2003-09-25,SO62334,381,24502,9,1,1
2017-01-18,2003-12-28,SO62328,528,11975,4,2,2
2017-01-18,2003-12-18,SO62328,483,11975,4,3,1
2017-01-18,2003-12-03,SO62328,537,11975,4,1,1
2017-01-18,2003-09-24,SO62295,477,15921,7,3,2
2017-01-18,2003-12-16,SO62295,214,15921,7,4,1
2017-01-18,2003-11-04,SO62295,356,15921,7,1,1
2017-01-18,2003-10-10,SO62295,478,15921,7,2,1
2017-01-18,2003-09-27,SO62303,536,19862,6,1,3
2017-01-18,2003-11-12,SO62303,472,19862,6,2,1
2017-01-18,2004-01-03,SO62304,480,22746,4,2,2
2017-01-18,2003-12-02,SO62304,484,22746,4,3,2
2017-01-18,2004-01-01,SO62304,536,22746,4,1,2
2017-01-18,2003-12-08,SO62289,480,12992,9,2,2
2017-01-18,2003-12-03,SO62289,528,12992,9,1,2
2017-01-18,2003-11-24,SO62299,539,29046,1,2,3
2017-01-18,2003-11-19,SO62299,480,29046,1,3,2
2017-01-18,2003-10-28,SO62299,529,29046,1,1,1
2017-01-18,2003-11-12,SO62340,477,22711,8,3,2
2017-01-18,2003-10-24,SO62340,479,22711,8,2,2
2017-01-18,2003-09-27,SO62340,220,22711,8,4,1
2017-01-18,2003-09-21,SO62340,584,22711,8,1,1
2017-01-18,2003-09-23,SO62301,480,25358,1,2,2
2017-01-18,2003-12-03,SO62301,535,25358,1,1,2
2017-01-18,2003-10-13,SO62323,530,27314,8,2,2
2017-01-18,2003-12-03,SO62323,541,27314,8,1,2
2017-01-18,2003-10-30,SO62323,220,27314,8,3,1
2017-01-18,2003-11-30,SO62333,375,20256,9,1,1
2017-01-18,2003-12-21,SO62333,484,20256,9,2,1
2017-01-18,2003-09-30,SO62317,528,16543,10,1,2
2017-01-18,2003-12-06,SO62317,220,16543,10,2,1
2017-01-18,2004-01-03,SO62329,485,16097,6,1,2
2017-01-18,2003-12-30,SO62329,220,16097,6,2,1
2017-01-18,2003-11-18,SO62302,530,27198,1,1,2
2017-01-18,2003-09-26,SO62302,223,27198,1,5,1
2017-01-18,2003-10-04,SO62302,226,27198,1,4,1
2017-01-18,2003-12-23,SO62302,487,27198,1,3,1
2017-01-18,2003-10-18,SO62302,541,27198,1,2,1
2017-01-18,2003-12-09,SO62310,481,14458,6,2,3
2017-01-18,2003-10-18,SO62310,475,14458,6,1,1
2017-01-18,2003-12-03,SO62339,214,26960,10,2,1
2017-01-18,2003-11-22,SO62339,606,26960,10,1,1
2017-01-18,2003-12-14,SO62311,477,18100,4,1,2
2017-01-18,2003-10-16,SO62311,487,18100,4,2,1
2017-01-18,2003-10-17,SO62307,481,18890,1,2,2
2017-01-18,2003-12-03,SO62307,474,18890,1,1,1
2017-01-18,2003-12-13,SO62309,232,19890,4,2,1
2017-01-18,2003-12-17,SO62309,475,19890,4,1,1
2017-01-18,2003-11-05,SO62306,477,21397,1,1,2
2017-01-18,2003-09-29,SO62306,478,21397,1,2,2
2017-01-18,2003-12-17,SO62306,220,21397,1,3,1
2017-01-18,2003-10-18,SO62327,528,11737,4,1,2
2017-01-18,2003-10-24,SO62327,480,11737,4,3,1
2017-01-18,2003-11-08,SO62327,537,11737,4,2,1
2017-01-18,2003-12-29,SO62326,464,13827,8,2,2
2017-01-18,2003-11-15,SO62326,530,13827,8,1,2
2017-01-18,2003-09-30,SO62314,528,19729,6,1,2
2017-01-18,2003-11-11,SO62341,223,29480,10,5,3
2017-01-18,2003-10-25,SO62341,477,29480,10,3,2
2017-01-18,2003-10-26,SO62341,479,29480,10,2,2
2017-01-18,2003-12-28,SO62341,215,29480,10,4,1
2017-01-18,2003-11-25,SO62341,562,29480,10,1,1
2017-01-18,2003-11-13,SO62297,530,28144,1,1,3
2017-01-18,2003-09-26,SO62297,480,28144,1,2,2
2017-01-18,2003-10-18,SO62297,484,28144,1,3,2
2017-01-18,2003-12-05,SO62330,478,19723,4,2,2
2017-01-18,2003-11-11,SO62330,592,19723,4,1,1
2017-01-18,2003-10-21,SO62286,480,24280,9,3,2
2017-01-18,2003-11-03,SO62286,529,24280,9,2,2
2017-01-18,2003-12-16,SO62286,538,24280,9,1,2
2017-01-18,2003-11-24,SO62288,481,21378,9,2,2
2017-01-18,2003-12-08,SO62288,474,21378,9,1,1
2017-01-18,2003-11-28,SO62335,214,22789,4,2,1
2017-01-18,2003-12-17,SO62335,606,22789,4,1,1
2017-01-18,2003-10-27,SO62346,604,29066,9,1,1
2017-01-18,2003-09-20,SO62320,480,17800,7,3,3
2017-01-18,2003-12-12,SO62320,528,17800,7,2,1
2017-01-18,2003-10-05,SO62320,536,17800,7,1,1
2017-01-18,2003-10-25,SO62345,471,28534,9,2,1
2017-01-18,2003-10-09,SO62345,584,28534,9,1,1
2017-01-18,2003-11-25,SO62300,464,26478,4,2,2
2017-01-18,2003-11-04,SO62300,535,26478,4,1,2
2017-01-18,2003-11-10,SO62336,481,26115,6,5,2
2017-01-18,2003-09-24,SO62336,529,26115,6,2,2
2017-01-18,2003-11-15,SO62336,538,26115,6,3,2
2017-01-18,2003-12-25,SO62336,214,26115,6,4,1
2017-01-18,2003-10-27,SO62336,584,26115,6,1,1
2017-01-18,2003-10-23,SO62324,223,14993,10,4,2
2017-01-18,2003-12-05,SO62324,530,14993,10,2,2
2017-01-18,2003-10-02,SO62324,541,14993,10,1,2
2017-01-18,2003-11-12,SO62324,215,14993,10,3,1
2017-01-18,2003-12-12,SO62319,528,18041,10,1,3
2017-01-18,2003-10-06,SO62319,535,18041,10,2,2
2017-01-18,2003-09-24,SO62319,480,18041,10,3,1
2017-01-18,2003-10-27,SO62331,528,14442,4,3,2
2017-01-18,2003-09-29,SO62331,214,14442,4,4,1
2017-01-18,2003-10-16,SO62331,360,14442,4,1,1
2017-01-18,2003-11-19,SO62331,537,14442,4,2,1
2017-01-18,2003-10-08,SO62298,223,26719,1,5,2
2017-01-18,2003-10-13,SO62298,530,26719,1,2,2
2017-01-18,2003-12-19,SO62298,541,26719,1,1,2
2017-01-18,2003-12-21,SO62298,214,26719,1,3,1
2017-01-18,2003-12-14,SO62298,226,26719,1,4,1
2017-01-18,2003-11-12,SO62322,529,25633,8,1,2
2017-01-18,2003-12-28,SO62322,538,25633,8,2,2
2017-01-18,2003-12-02,SO62322,220,25633,8,3,1
2017-01-18,2003-11-30,SO62322,232,25633,8,4,1
2017-01-18,2003-12-09,SO62305,536,23286,4,1,2
2017-01-18,2003-11-26,SO62343,573,11751,9,1,1
2017-01-18,2003-11-19,SO62293,478,17933,10,2,2
2017-01-18,2003-10-11,SO62293,215,17933,10,3,1
2017-01-18,2003-10-14,SO62293,235,17933,10,4,1
2017-01-18,2003-12-02,SO62293,591,17933,10,1,1
2017-01-18,2003-10-22,SO62318,535,19175,10,1,3
2017-01-18,2003-12-17,SO62315,485,14396,1,2,2
2017-01-18,2003-10-03,SO62315,528,14396,1,1,2
2017-01-18,2003-12-14,SO62315,229,14396,1,3,1
2017-01-19,2003-10-20,SO62386,561,13101,6,1,1
2017-01-19,2003-10-10,SO62362,477,18347,4,1,2
2017-01-19,2003-11-26,SO62362,215,18347,4,2,1
2017-01-19,2003-09-21,SO62349,229,14320,9,1,1
2017-01-19,2003-10-14,SO62372,530,27307,8,2,2
2017-01-19,2003-10-31,SO62372,541,27307,8,1,2
2017-01-19,2003-10-05,SO62372,214,27307,8,3,1
2017-01-19,2003-12-17,SO62393,571,14302,9,1,1
2017-01-19,2003-10-01,SO62392,223,27809,8,3,2
2017-01-19,2003-10-23,SO62392,215,27809,8,2,1
2017-01-19,2003-11-15,SO62392,381,27809,8,1,1
2017-01-19,2003-12-24,SO62373,530,24196,7,1,3
2017-01-19,2003-12-15,SO62373,214,24196,7,2,1
2017-01-19,2003-11-26,SO62355,530,26674,4,2,2
2017-01-19,2003-12-28,SO62355,541,26674,4,1,2
2017-01-19,2003-11-28,SO62355,215,26674,4,3,1
2017-01-19,2003-09-21,SO62394,466,23101,9,5,2
2017-01-19,2003-10-27,SO62394,477,23101,9,3,2
2017-01-19,2003-12-13,SO62394,479,23101,9,2,2
2017-01-19,2003-11-21,SO62394,214,23101,9,4,1
2017-01-19,2003-11-04,SO62394,605,23101,9,1,1
2017-01-19,2003-12-28,SO62367,536,22838,10,1,2
2017-01-19,2003-12-09,SO62368,480,26969,8,2,2
2017-01-19,2003-11-04,SO62368,538,26969,8,1,2
2017-01-19,2003-12-12,SO62382,484,20446,9,2,2
2017-01-19,2003-10-22,SO62382,371,20446,9,1,1
2017-01-19,2003-12-16,SO62371,530,26859,7,1,2
2017-01-19,2003-12-15,SO62371,541,26859,7,2,2
2017-01-19,2003-12-23,SO62383,220,20600,9,2,1
2017-01-19,2003-12-04,SO62383,377,20600,9,1,1
2017-01-19,2003-12-09,SO62377,528,14614,4,2,3
2017-01-19,2004-01-04,SO62377,485,14614,4,4,2
2017-01-19,2003-10-24,SO62377,536,14614,4,3,2
2017-01-19,2004-01-04,SO62377,483,14614,4,5,1
2017-01-19,2003-11-04,SO62377,588,14614,4,1,1
2017-01-19,2004-01-04,SO62385,223,26066,4,4,2
2017-01-19,2003-11-27,SO62385,477,26066,4,3,2
2017-01-19,2003-11-08,SO62385,479,26066,4,2,2
2017-01-19,2003-10-25,SO62385,235,26066,4,5,1
2017-01-19,2003-10-05,SO62385,573,26066,4,1,1
2017-01-19,2003-10-10,SO62365,477,14208,10,1,2
2017-01-19,2003-11-05,SO62365,478,14208,10,2,2
2017-01-19,2003-11-23,SO62365,214,14208,10,4,1
2017-01-19,2003-10-17,SO62365,223,14208,10,3,1
2017-01-19,2003-11-17,SO62375,485,13395,1,1,2
2017-01-19,2003-12-06,SO62381,223,14584,4,5,2
2017-01-19,2003-12-27,SO62381,477,14584,4,4,2
2017-01-19,2003-10-10,SO62381,478,14584,4,3,2
2017-01-19,2003-10-31,SO62381,485,14584,4,2,2
2017-01-19,2003-11-12,SO62381,362,14584,4,1,1
2017-01-19,2003-11-27,SO62370,480,22700,8,2,3
2017-01-19,2003-10-24,SO62370,529,22700,8,1,1
2017-01-19,2003-10-13,SO62387,477,26041,1,3,2
2017-01-19,2003-09-21,SO62387,484,26041,1,5,2
2017-01-19,2003-11-01,SO62387,479,26041,1,2,1
2017-01-19,2003-11-24,SO62387,487,26041,1,4,1
2017-01-19,2003-11-30,SO62387,561,26041,1,1,1
2017-01-19,2003-10-25,SO62352,475,17639,10,2,1
2017-01-19,2003-09-30,SO62352,490,17639,10,3,1
2017-01-19,2003-11-04,SO62352,589,17639,10,1,1
2017-01-19,2003-10-31,SO62360,223,27230,6,2,1
2017-01-19,2003-10-11,SO62360,477,27230,6,1,1
2017-01-19,2003-12-30,SO62376,466,12617,8,3,2
2017-01-19,2003-10-20,SO62376,477,12617,8,2,2
2017-01-19,2003-12-18,SO62376,478,12617,8,1,1
2017-01-19,2003-11-28,SO62366,480,17112,10,2,2
2017-01-19,2003-11-29,SO62366,529,17112,10,1,2
2017-01-19,2003-12-03,SO62369,530,27311,7,2,3
2017-01-19,2003-10-08,SO62369,541,27311,7,1,2
2017-01-19,2003-12-27,SO62380,223,12437,1,3,2
2017-01-19,2004-01-01,SO62380,485,12437,1,2,2
2017-01-19,2003-10-13,SO62380,354,12437,1,1,1
2017-01-19,2003-12-22,SO62380,490,12437,1,4,1
2017-01-19,2003-11-13,SO62356,529,24514,4,2,3
2017-01-19,2003-11-17,SO62356,540,24514,4,1,1
2017-01-19,2003-10-06,SO62391,480,22719,4,4,2
2017-01-19,2003-12-22,SO62391,529,22719,4,3,2
2017-01-19,2003-10-28,SO62391,538,22719,4,2,2
2017-01-19,2003-10-08,SO62391,605,22719,4,1,1
2017-01-19,2003-09-30,SO62364,529,27007,10,1,2
2017-01-19,2003-12-02,SO62364,539,27007,10,2,2
2017-01-19,2003-10-20,SO62364,215,27007,10,3,1
2017-01-19,2003-11-17,SO62364,229,27007,10,4,1
2017-01-19,2003-09-29,SO62378,481,12768,4,3,2
2017-01-19,2003-10-05,SO62378,474,12768,4,2,1
2017-01-19,2003-09-26,SO62378,589,12768,4,1,1
2017-01-19,2003-12-22,SO62357,528,19014,6,2,2
2017-01-19,2003-12-24,SO62357,536,19014,6,1,2
2017-01-19,2003-11-20,SO62353,478,15699,10,2,2
2017-01-19,2003-10-28,SO62353,362,15699,10,1,1
2017-01-19,2003-11-14,SO62361,528,27414,6,1,2
2017-01-19,2003-10-24,SO62348,528,28303,9,1,2
2017-01-19,2003-09-21,SO62348,214,28303,9,3,1
2017-01-19,2003-09-24,SO62348,537,28303,9,2,1
2017-01-19,2003-10-26,SO62354,529,29226,1,1,2
2017-01-19,2003-10-25,SO62354,215,29226,1,2,1
2017-01-19,2003-11-23,SO62358,480,22364,4,3,2
2017-01-19,2003-10-04,SO62358,484,22364,4,4,2
2017-01-19,2003-10-01,SO62358,528,22364,4,1,2
2017-01-19,2003-10-08,SO62358,536,22364,4,2,2
2017-01-19,2003-09-22,SO62388,223,12177,6,4,2
2017-01-19,2003-11-26,SO62388,477,12177,6,3,2
2017-01-19,2003-12-08,SO62388,479,12177,6,2,2
2017-01-19,2003-10-25,SO62388,561,12177,6,1,1
2017-01-19,2003-09-24,SO62374,480,25491,7,2,2
2017-01-19,2003-12-27,SO62374,530,25491,7,1,2
2017-01-19,2003-12-09,SO62350,214,13121,9,2,1
2017-01-19,2003-12-20,SO62350,529,13121,9,1,1
2017-01-19,2003-12-16,SO62395,477,28715,9,3,3
2017-01-19,2004-01-04,SO62395,479,28715,9,2,2
2017-01-19,2003-11-07,SO62395,215,28715,9,4,1
2017-01-19,2003-11-18,SO62395,584,28715,9,1,1
2017-01-19,2003-12-10,SO62379,485,15166,4,2,3
2017-01-19,2003-10-30,SO62379,352,15166,4,1,1
2017-01-19,2003-10-24,SO62390,584,18471,1,1,1
2017-01-19,2003-12-01,SO62359,478,21905,1,1,3
2017-01-19,2003-12-01,SO62359,477,21905,1,2,2
2017-01-19,2003-12-07,SO62347,529,14521,9,1,2
2017-01-19,2003-10-08,SO62347,539,14521,9,2,2
2017-01-19,2003-10-03,SO62347,214,14521,9,3,1
2017-01-19,2003-11-03,SO62389,584,22872,1,1,1
2017-01-19,2003-10-02,SO62363,528,15164,4,1,1
2017-01-19,2003-12-17,SO62351,462,19101,9,3,3
2017-01-19,2003-10-30,SO62351,530,19101,9,2,2
2017-01-19,2003-11-16,SO62351,541,19101,9,1,2
2017-01-19,2003-11-30,SO62384,466,13646,9,6,2
2017-01-19,2003-11-27,SO62384,477,13646,9,4,2
2017-01-19,2003-11-25,SO62384,478,13646,9,3,2
2017-01-19,2003-11-25,SO62384,485,13646,9,2,2
2017-01-19,2004-01-04,SO62384,362,13646,9,1,1
2017-01-19,2003-12-23,SO62384,491,13646,9,5,1
2017-01-20,2003-10-31,SO62438,480,11874,4,4,2
2017-01-20,2003-11-02,SO62438,485,11874,4,3,2
2017-01-20,2003-10-20,SO62438,528,11874,4,1,2
2017-01-20,2003-10-16,SO62438,537,11874,4,2,1
2017-01-20,2003-12-14,SO62445,477,12084,1,4,2
2017-01-20,2003-10-14,SO62445,478,12084,1,3,2
2017-01-20,2003-12-24,SO62445,232,12084,1,5,1
2017-01-20,2003-12-13,SO62445,352,12084,1,1,1
2017-01-20,2003-12-31,SO62445,485,12084,1,2,1
2017-01-20,2004-01-05,SO62417,478,21686,4,1,2
2017-01-20,2003-12-03,SO62433,530,14542,10,2,2
2017-01-20,2003-09-27,SO62433,541,14542,10,1,2
2017-01-20,2003-12-07,SO62433,480,14542,10,3,1
2017-01-20,2003-10-09,SO62467,223,11244,10,5,2
2017-01-20,2003-10-30,SO62467,529,11244,10,2,2
2017-01-20,2003-12-18,SO62467,538,11244,10,3,2
2017-01-20,2003-12-14,SO62467,214,11244,10,4,1
2017-01-20,2003-10-19,SO62467,605,11244,10,1,1
2017-01-20,2003-10-15,SO62396,215,11215,6,1,1
2017-01-20,2003-10-07,SO62431,529,24531,8,2,2
2017-01-20,2003-12-08,SO62431,472,24531,8,1,1
2017-01-20,2003-09-26,SO62462,477,23242,1,3,2
2017-01-20,2003-12-11,SO62462,479,23242,1,2,2
2017-01-20,2003-11-10,SO62462,605,23242,1,1,1
2017-01-20,2003-12-28,SO62436,485,12931,4,3,2
2017-01-20,2003-12-09,SO62436,215,12931,4,4,1
2017-01-20,2003-11-14,SO62436,235,12931,4,5,1
2017-01-20,2003-10-14,SO62436,528,12931,4,1,1
2017-01-20,2003-11-15,SO62436,537,12931,4,2,1
2017-01-20,2003-11-20,SO62428,481,15001,8,2,2
2017-01-20,2003-11-09,SO62428,485,15001,8,1,2
2017-01-20,2003-12-11,SO62418,477,21770,1,2,2
2017-01-20,2003-12-09,SO62418,478,21770,1,1,2
2017-01-20,2003-10-20,SO62418,482,21770,1,3,2
2017-01-20,2003-12-21,SO62411,354,15710,7,1,1
2017-01-20,2003-12-11,SO62446,480,14439,1,4,3
2017-01-20,2003-10-18,SO62446,477,14439,1,3,2
2017-01-20,2003-10-12,SO62446,478,14439,1,2,2
2017-01-20,2003-12-15,SO62446,360,14439,1,1,1
2017-01-20,2003-11-04,SO62465,604,11483,7,1,1
2017-01-20,2003-12-10,SO62442,528,15909,4,3,3
2017-01-20,2003-11-16,SO62442,480,15909,4,4,2
2017-01-20,2003-11-02,SO62442,535,15909,4,2,2
2017-01-20,2003-10-15,SO62442,594,15909,4,1,1
2017-01-20,2003-12-26,SO62424,528,15772,4,1,2
2017-01-20,2003-10-27,SO62424,215,15772,4,2,1
2017-01-20,2003-11-11,SO62439,477,12714,8,2,2
2017-01-20,2003-12-11,SO62439,478,12714,8,1,2
2017-01-20,2003-10-08,SO62439,215,12714,8,3,1
2017-01-20,2003-09-25,SO62405,480,12372,9,1,2
2017-01-20,2003-10-17,SO62421,223,28992,6,1,2
2017-01-20,2003-11-11,SO62421,476,28992,6,2,1
2017-01-20,2003-10-22,SO62426,485,14954,7,2,3
2017-01-20,2003-10-06,SO62426,223,14954,7,4,2
2017-01-20,2003-12-21,SO62426,528,14954,7,1,2
2017-01-20,2003-12-09,SO62426,220,14954,7,3,1
2017-01-20,2003-12-16,SO62403,223,19962,9,2,2
2017-01-20,2003-10-06,SO62403,538,19962,9,1,2
2017-01-20,2003-11-07,SO62470,214,28351,9,2,1
2017-01-20,2003-12-06,SO62470,584,28351,9,1,1
2017-01-20,2003-11-25,SO62400,538,19619,9,1,3
2017-01-20,2003-12-11,SO62400,480,19619,9,2,2
2017-01-20,2003-10-08,SO62432,529,25317,8,1,2
2017-01-20,2003-09-22,SO62432,538,25317,8,2,2
2017-01-20,2003-11-12,SO62432,471,25317,8,3,1
2017-01-20,2003-12-13,SO62463,477,23181,1,2,2
2017-01-20,2003-11-03,SO62463,479,23181,1,3,2
2017-01-20,2003-10-23,SO62463,214,23181,1,4,1
2017-01-20,2003-12-11,SO62463,606,23181,1,1,1
2017-01-20,2003-11-05,SO62466,477,26962,10,3,2
2017-01-20,2003-09-24,SO62466,479,26962,10,2,2
2017-01-20,2003-12-18,SO62466,605,26962,10,1,1
2017-01-20,2003-11-09,SO62423,528,16063,4,1,2
2017-01-20,2004-01-03,SO62451,223,11400,10,2,2
2017-01-20,2003-12-31,SO62451,232,11400,10,3,1
2017-01-20,2003-10-29,SO62451,577,11400,10,1,1
2017-01-20,2003-11-17,SO62401,485,18298,9,1,2
2017-01-20,2003-09-24,SO62413,480,11078,6,2,1
2017-01-20,2004-01-04,SO62413,530,11078,6,1,1
2017-01-20,2003-11-15,SO62440,537,12985,4,1,1
2017-01-20,2003-11-02,SO62416,480,25416,4,3,2
2017-01-20,2003-11-02,SO62416,484,25416,4,4,2
2017-01-20,2003-10-10,SO62416,528,25416,4,2,2
2017-01-20,2003-11-10,SO62416,535,25416,4,1,2
2017-01-20,2003-10-09,SO62427,223,17208,8,4,2
2017-01-20,2003-11-06,SO62427,477,17208,8,2,2
2017-01-20,2003-12-03,SO62427,478,17208,8,3,2
2017-01-20,2003-11-22,SO62427,485,17208,8,1,2
2017-01-20,2003-11-25,SO62456,381,24506,9,1,1
2017-01-20,2003-11-05,SO62437,528,11922,6,2,3
2017-01-20,2003-09-26,SO62437,215,11922,6,3,1
2017-01-20,2003-10-05,SO62437,488,11922,6,4,1
2017-01-20,2003-10-04,SO62437,537,11922,6,1,1
2017-01-20,2003-10-05,SO62407,529,17898,8,3,2
2017-01-20,2003-11-13,SO62407,539,17898,8,2,2
2017-01-20,2003-11-03,SO62407,214,17898,8,4,1
2017-01-20,2003-10-31,SO62407,582,17898,8,1,1
2017-01-20,2003-10-23,SO62464,480,20463,4,3,2
2017-01-20,2003-12-13,SO62464,539,20463,4,2,2
2017-01-20,2003-12-27,SO62464,383,20463,4,1,1
2017-01-20,2003-10-07,SO62434,480,24864,8,3,2
2017-01-20,2003-12-01,SO62434,484,24864,8,4,2
2017-01-20,2003-11-04,SO62434,529,24864,8,2,2
2017-01-20,2003-12-05,SO62434,538,24864,8,1,2
2017-01-20,2003-11-03,SO62434,483,24864,8,5,1
2017-01-20,2003-12-09,SO62455,484,20259,9,2,2
2017-01-20,2003-11-27,SO62455,377,20259,9,1,1
2017-01-20,2003-09-25,SO62420,477,18323,1,1,3
2017-01-20,2003-12-18,SO62420,215,18323,1,2,1
2017-01-20,2003-11-20,SO62449,477,11337,10,2,2
2017-01-20,2003-10-16,SO62449,479,11337,10,3,2
2017-01-20,2003-11-10,SO62449,573,11337,10,1,1
2017-01-20,2003-11-08,SO62454,373,20606,9,1,1
2017-01-20,2003-12-28,SO62454,540,20606,9,2,1
2017-01-20,2003-10-27,SO62447,485,14440,4,2,3
2017-01-20,2003-12-08,SO62447,477,14440,4,4,2
2017-01-20,2003-12-19,SO62447,478,14440,4,3,2
2017-01-20,2003-11-24,SO62447,215,14440,4,5,1
2017-01-20,2003-11-12,SO62447,362,14440,4,1,1
2017-01-20,2003-11-28,SO62399,536,17235,9,1,2
2017-01-20,2004-01-01,SO62422,477,18074,1,1,2
2017-01-20,2003-12-24,SO62422,490,18074,1,2,1
2017-01-20,2003-12-30,SO62453,583,23434,9,1,1
2017-01-20,2003-09-26,SO62443,485,14664,4,2,2
2017-01-20,2003-09-26,SO62443,214,14664,4,3,1
2017-01-20,2003-10-26,SO62443,352,14664,4,1,1
2017-01-20,2003-10-17,SO62443,464,14664,4,4,1
2017-01-20,2003-10-09,SO62459,356,13644,9,1,1
2017-01-20,2003-10-29,SO62429,480,17718,8,3,2
2017-01-20,2003-10-16,SO62429,528,17718,8,2,2
2017-01-20,2003-09-30,SO62429,535,17718,8,1,2
2017-01-20,2003-10-02,SO62430,539,21841,10,1,3
2017-01-20,2003-10-26,SO62419,478,20780,1,1,2
2017-01-20,2003-10-03,SO62452,229,25593,7,2,1
2017-01-20,2003-10-30,SO62452,577,25593,7,1,1
2017-01-20,2003-10-21,SO62412,529,11276,6,1,2
2017-01-20,2003-10-11,SO62412,480,11276,6,2,1
2017-01-20,2003-10-02,SO62412,484,11276,6,3,1
2017-01-20,2003-12-13,SO62414,530,26675,4,2,3
2017-01-20,2003-12-08,SO62414,214,26675,4,3,1
2017-01-20,2003-12-08,SO62414,541,26675,4,1,1
2017-01-20,2003-11-04,SO62441,371,16732,1,1,1
2017-01-20,2003-11-29,SO62441,484,16732,1,2,1
2017-01-20,2003-11-24,SO62398,529,14278,9,1,2
2017-01-20,2003-11-02,SO62398,539,14278,9,2,2
2017-01-20,2003-10-13,SO62398,214,14278,9,4,1
2017-01-20,2004-01-02,SO62398,473,14278,9,3,1
2017-01-20,2003-11-13,SO62425,477,14028,1,3,2
2017-01-20,2003-10-15,SO62425,478,14028,1,2,2
2017-01-20,2003-11-06,SO62425,485,14028,1,1,2
2017-01-20,2003-11-26,SO62425,487,14028,1,4,1
2017-01-20,2004-01-03,SO62406,220,15055,8,2,1
2017-01-20,2003-10-24,SO62406,592,15055,8,1,1
2017-01-20,2004-01-04,SO62450,541,11341,10,2,3
2017-01-20,2003-12-21,SO62450,530,11341,10,3,2
2017-01-20,2003-12-10,SO62450,215,11341,10,4,1
2017-01-20,2003-10-27,SO62450,573,11341,10,1,1
2017-01-20,2003-11-30,SO62461,215,25982,1,2,1
2017-01-20,2003-12-24,SO62461,573,25982,1,1,1
2017-01-20,2003-11-23,SO62460,477,29174,1,3,2
2017-01-20,2003-10-24,SO62460,479,29174,1,2,1
2017-01-20,2003-12-16,SO62460,565,29174,1,1,1
2017-01-20,2003-11-01,SO62444,360,15889,6,1,1
2017-01-20,2003-11-17,SO62444,483,15889,6,2,1
2017-01-20,2003-12-22,SO62448,223,28494,8,2,2
2017-01-20,2003-11-24,SO62448,565,28494,8,1,1
2017-01-20,2003-10-28,SO62469,481,14301,9,2,3
2017-01-20,2003-12-11,SO62469,585,14301,9,1,1
2017-01-20,2003-10-28,SO62408,528,15692,10,3,2
2017-01-20,2003-12-07,SO62408,220,15692,10,4,1
2017-01-20,2003-12-03,SO62408,356,15692,10,1,1
2017-01-20,2003-10-06,SO62408,537,15692,10,2,1
2017-01-20,2003-11-30,SO62468,214,13585,10,2,1
2017-01-20,2003-11-08,SO62468,573,13585,10,1,1
2017-01-20,2003-10-02,SO62397,529,15239,9,2,3
2017-01-20,2003-12-04,SO62397,539,15239,9,1,2
2017-01-20,2003-12-07,SO62397,214,15239,9,3,1
2017-01-20,2003-11-27,SO62457,383,25138,9,1,1
2017-01-20,2003-11-13,SO62402,529,26035,9,1,2
2017-01-20,2003-10-19,SO62402,538,26035,9,2,2
2017-01-20,2003-11-13,SO62402,472,26035,9,3,1
2017-01-20,2003-11-06,SO62410,477,15106,10,3,2
2017-01-20,2003-12-07,SO62410,478,15106,10,2,2
2017-01-20,2003-12-30,SO62410,215,15106,10,4,1
2017-01-20,2003-10-27,SO62410,354,15106,10,1,1
2017-01-20,2003-12-17,SO62409,484,15101,8,4,2
2017-01-20,2003-10-25,SO62409,528,15101,8,3,2
2017-01-20,2003-11-25,SO62409,360,15101,8,1,1
2017-01-20,2003-11-20,SO62409,537,15101,8,2,1
2017-01-20,2003-12-06,SO62415,541,26707,4,1,3
2017-01-20,2003-12-09,SO62415,530,26707,4,2,2
2017-01-20,2003-12-24,SO62458,478,12251,9,2,2
2017-01-20,2003-09-24,SO62458,598,12251,9,1,1
2017-01-20,2003-11-01,SO62404,530,23569,9,1,2
2017-01-20,2003-11-06,SO62404,220,23569,9,2,1
2017-01-21,2003-11-09,SO62510,477,16751,1,3,2
2017-01-21,2003-12-06,SO62510,479,16751,1,2,2
2017-01-21,2003-12-28,SO62510,214,16751,1,4,1
2017-01-21,2003-11-23,SO62510,373,16751,1,1,1
2017-01-21,2003-10-30,SO62519,462,17733,9,2,2
2017-01-21,2003-10-03,SO62519,215,17733,9,3,1
2017-01-21,2003-12-14,SO62519,385,17733,9,1,1
2017-01-21,2003-11-28,SO62493,528,22353,6,1,2
2017-01-21,2003-12-21,SO62493,214,22353,6,2,1
2017-01-21,2003-12-09,SO62485,480,11197,1,2,2
2017-01-21,2003-12-21,SO62485,529,11197,1,1,2
2017-01-21,2003-11-16,SO62485,486,11197,1,3,1
2017-01-21,2003-12-28,SO62504,223,11566,7,2,2
2017-01-21,2003-12-27,SO62504,529,11566,7,1,2
2017-01-21,2003-10-05,SO62497,476,15104,7,1,1
2017-01-21,2003-12-28,SO62502,223,21091,8,1,3
2017-01-21,2003-10-26,SO62502,477,21091,8,2,2
2017-01-21,2003-11-05,SO62508,485,13293,4,1,2
2017-01-21,2003-12-24,SO62472,485,22205,9,2,2
2017-01-21,2003-09-27,SO62472,473,22205,9,3,1
2017-01-21,2003-11-23,SO62472,537,22205,9,1,1
2017-01-21,2003-11-29,SO62481,214,12221,7,3,1
2017-01-21,2003-11-05,SO62481,356,12221,7,1,1
2017-01-21,2003-12-25,SO62481,537,12221,7,2,1
2017-01-21,2003-12-30,SO62511,480,12096,4,2,2
2017-01-21,2003-10-04,SO62511,352,12096,4,1,1
2017-01-21,2003-09-23,SO62525,479,26113,6,2,2
2017-01-21,2003-12-19,SO62525,604,26113,6,1,1
2017-01-21,2003-11-27,SO62500,528,20723,8,2,2
2017-01-21,2003-10-08,SO62500,487,20723,8,3,1
2017-01-21,2003-09-26,SO62500,490,20723,8,4,1
2017-01-21,2004-01-03,SO62500,536,20723,8,1,1
2017-01-21,2004-01-05,SO62516,479,20241,9,2,3
2017-01-21,2003-12-28,SO62516,477,20241,9,3,2
2017-01-21,2004-01-06,SO62516,489,20241,9,4,1
2017-01-21,2003-12-26,SO62516,583,20241,9,1,1
2017-01-21,2004-01-03,SO62488,477,21640,4,2,3
2017-01-21,2003-11-28,SO62488,478,21640,4,1,2
2017-01-21,2003-12-02,SO62488,487,21640,4,3,1
2017-01-21,2004-01-06,SO62488,491,21640,4,4,1
2017-01-21,2003-10-21,SO62526,604,22770,4,1,1
2017-01-21,2003-11-19,SO62473,536,15809,9,1,2
2017-01-21,2003-10-14,SO62482,220,15920,7,2,1
2017-01-21,2003-12-08,SO62482,362,15920,7,1,1
2017-01-21,2003-10-07,SO62486,529,16149,6,1,2
2017-01-21,2003-11-24,SO62486,540,16149,6,2,1
2017-01-21,2003-11-11,SO62529,220,27811,8,2,1
2017-01-21,2003-12-10,SO62529,383,27811,8,1,1
2017-01-21,2003-10-17,SO62512,215,14991,10,2,1
2017-01-21,2003-11-03,SO62512,572,14991,10,1,1
2017-01-21,2003-12-19,SO62514,477,26976,7,3,2
2017-01-21,2003-09-23,SO62514,479,26976,7,2,2
2017-01-21,2003-11-01,SO62514,214,26976,7,4,1
2017-01-21,2003-10-18,SO62514,571,26976,7,1,1
2017-01-21,2003-09-27,SO62528,383,24048,10,1,1
2017-01-21,2003-10-01,SO62528,489,24048,10,2,1
2017-01-21,2003-12-27,SO62484,490,11507,6,1,1
2017-01-21,2003-11-06,SO62509,223,13327,1,2,1
2017-01-21,2003-11-01,SO62509,485,13327,1,1,1
2017-01-21,2003-11-27,SO62520,478,13119,9,2,2
2017-01-21,2003-10-07,SO62520,214,13119,9,3,1
2017-01-21,2003-09-24,SO62520,354,13119,9,1,1
2017-01-21,2003-12-08,SO62522,566,29202,1,1,1
2017-01-21,2003-12-31,SO62507,528,12945,6,2,2
2017-01-21,2003-10-21,SO62507,215,12945,6,4,1
2017-01-21,2004-01-06,SO62507,472,12945,6,3,1
2017-01-21,2003-10-29,SO62507,537,12945,6,1,1
2017-01-21,2003-10-30,SO62496,484,17087,10,2,2
2017-01-21,2003-12-22,SO62496,528,17087,10,1,2
2017-01-21,2003-10-18,SO62483,215,11870,1,1,1
2017-01-21,2003-11-02,SO62487,462,20096,6,2,2
2017-01-21,2003-11-11,SO62487,535,20096,6,1,2
2017-01-21,2003-12-24,SO62521,489,25420,1,2,1
2017-01-21,2003-09-28,SO62521,578,25420,1,1,1
2017-01-21,2003-10-28,SO62471,535,13981,9,1,3
2017-01-21,2003-10-12,SO62471,480,13981,9,2,2
2017-01-21,2003-11-18,SO62471,484,13981,9,3,2
2017-01-21,2003-11-06,SO62490,477,20790,4,2,2
2017-01-21,2003-12-27,SO62490,478,20790,4,1,1
2017-01-21,2003-11-07,SO62479,529,16633,9,1,3
2017-01-21,2003-10-15,SO62479,220,16633,9,3,1
2017-01-21,2003-10-04,SO62479,540,16633,9,2,1
2017-01-21,2003-11-10,SO62513,566,13261,8,1,1
2017-01-21,2003-10-05,SO62477,529,16162,9,1,2
2017-01-21,2003-11-13,SO62477,540,16162,9,2,1
2017-01-21,2003-10-28,SO62499,540,14188,7,1,1
2017-01-21,2003-12-31,SO62515,477,15047,10,2,2
2017-01-21,2003-11-05,SO62515,479,15047,10,3,2
2017-01-21,2003-11-01,SO62515,565,15047,10,1,1
2017-01-21,2003-12-28,SO62503,530,23440,7,2,2
2017-01-21,2003-12-08,SO62503,541,23440,7,1,2
2017-01-21,2003-11-06,SO62492,476,18764,4,1,1
2017-01-21,2003-10-22,SO62523,215,25974,4,2,1
2017-01-21,2003-11-28,SO62523,564,25974,4,1,1
2017-01-21,2003-10-10,SO62527,235,20702,4,2,1
2017-01-21,2003-11-15,SO62527,583,20702,4,1,1
2017-01-21,2003-11-12,SO62517,214,23533,9,2,1
2017-01-21,2003-12-26,SO62517,583,23533,9,1,1
2017-01-21,2003-09-28,SO62506,223,26881,7,3,2
2017-01-21,2003-10-23,SO62506,530,26881,7,2,2
2017-01-21,2003-11-10,SO62506,541,26881,7,1,2
2017-01-21,2003-12-20,SO62478,223,17522,9,1,2
2017-01-21,2003-09-23,SO62518,482,25226,9,4,2
2017-01-21,2003-12-04,SO62518,529,25226,9,3,2
2017-01-21,2003-11-14,SO62518,539,25226,9,2,2
2017-01-21,2004-01-05,SO62518,385,25226,9,1,1
2017-01-21,2003-11-03,SO62480,478,12255,7,2,2
2017-01-21,2003-10-07,SO62480,360,12255,7,1,1
2017-01-21,2003-11-03,SO62501,464,21518,7,5,2
2017-01-21,2003-12-13,SO62501,528,21518,7,2,2
2017-01-21,2003-10-06,SO62501,536,21518,7,1,2
2017-01-21,2003-09-27,SO62501,214,21518,7,3,1
2017-01-21,2003-09-23,SO62501,235,21518,7,4,1
2017-01-21,2003-12-01,SO62491,466,11500,6,2,2
2017-01-21,2003-12-31,SO62491,476,11500,6,1,1
2017-01-21,2003-10-24,SO62530,489,11907,9,2,1
2017-01-21,2003-12-28,SO62530,573,11907,9,1,1
2017-01-21,2003-10-01,SO62494,485,18685,6,1,2
2017-01-21,2004-01-03,SO62494,471,18685,6,2,1
2017-01-21,2003-10-13,SO62476,477,11068,9,1,2
2017-01-21,2003-09-26,SO62476,478,11068,9,2,2
2017-01-21,2003-11-20,SO62524,223,22722,4,4,2
2017-01-21,2003-11-16,SO62524,477,22722,4,3,2
2017-01-21,2003-11-08,SO62524,479,22722,4,2,2
2017-01-21,2003-12-13,SO62524,604,22722,4,1,1
2017-01-21,2003-11-05,SO62475,477,19762,9,1,2
2017-01-21,2003-11-20,SO62475,214,19762,9,2,1
2017-01-21,2003-11-24,SO62475,481,19762,9,3,1
2017-01-21,2003-10-24,SO62498,539,17088,7,1,2
2017-01-21,2003-09-27,SO62489,477,12203,6,2,2
2017-01-21,2003-11-03,SO62489,478,12203,6,1,1
2017-01-22,2003-11-28,SO62557,530,11566,7,2,2
2017-01-22,2003-12-08,SO62557,541,11566,7,1,2
2017-01-22,2003-10-14,SO62557,215,11566,7,3,1
2017-01-22,2003-12-28,SO62549,528,17348,6,1,2
2017-01-22,2004-01-04,SO62549,536,17348,6,2,2
2017-01-22,2003-12-23,SO62533,537,21175,9,1,1
2017-01-22,2003-09-29,SO62567,223,13619,9,3,2
2017-01-22,2003-11-20,SO62567,485,13619,9,2,2
2017-01-22,2003-10-10,SO62567,362,13619,9,1,1
2017-01-22,2003-11-21,SO62578,387,24044,10,1,1
2017-01-22,2003-10-02,SO62578,488,24044,10,2,1
2017-01-22,2003-10-15,SO62543,529,11185,6,1,2
2017-01-22,2003-12-03,SO62543,220,11185,6,2,1
2017-01-22,2003-11-07,SO62575,529,20399,1,2,3
2017-01-22,2003-11-12,SO62575,539,20399,1,3,2
2017-01-22,2003-10-10,SO62575,220,20399,1,4,1
2017-01-22,2003-10-25,SO62575,389,20399,1,1,1
2017-01-22,2003-10-09,SO62531,477,12893,4,2,2
2017-01-22,2003-11-28,SO62531,479,12893,4,1,2
2017-01-22,2003-10-12,SO62565,529,23422,9,3,2
2017-01-22,2003-12-16,SO62565,539,23422,9,2,2
2017-01-22,2003-11-02,SO62565,581,23422,9,1,1
2017-01-22,2004-01-06,SO62563,462,25756,8,3,2
2017-01-22,2003-10-05,SO62563,215,25756,8,2,1
2017-01-22,2003-10-05,SO62563,235,25756,8,4,1
2017-01-22,2003-11-18,SO62563,576,25756,8,1,1
2017-01-22,2003-12-19,SO62555,485,13483,1,1,2
2017-01-22,2003-11-13,SO62555,220,13483,1,2,1
2017-01-22,2003-10-06,SO62579,223,24050,10,2,2
2017-01-22,2003-12-15,SO62579,215,24050,10,3,1
2017-01-22,2003-10-13,SO62579,389,24050,10,1,1
2017-01-22,2003-12-28,SO62566,477,20245,9,2,2
2017-01-22,2003-11-07,SO62566,479,20245,9,3,2
2017-01-22,2003-11-28,SO62566,229,20245,9,4,1
2017-01-22,2003-11-26,SO62566,373,20245,9,1,1
2017-01-22,2003-10-17,SO62574,480,20484,4,4,2
2017-01-22,2003-11-04,SO62574,529,20484,4,2,2
2017-01-22,2003-12-22,SO62574,539,20484,4,3,2
2017-01-22,2003-10-22,SO62574,387,20484,4,1,1
2017-01-22,2003-10-28,SO62534,528,25131,9,1,2
2017-01-22,2003-09-27,SO62544,529,11287,6,2,3
2017-01-22,2003-10-31,SO62544,480,11287,6,3,2
2017-01-22,2003-12-12,SO62544,539,11287,6,1,2
2017-01-22,2003-12-26,SO62540,529,16429,8,3,3
2017-01-22,2003-12-13,SO62540,214,16429,8,4,1
2017-01-22,2004-01-03,SO62540,377,16429,8,1,1
2017-01-22,2003-12-30,SO62540,540,16429,8,2,1
2017-01-22,2003-09-26,SO62547,535,11808,6,1,2
2017-01-22,2003-10-31,SO62547,220,11808,6,2,1
2017-01-22,2003-11-13,SO62552,536,11724,6,1,3
2017-01-22,2003-10-24,SO62552,480,11724,6,2,2
2017-01-22,2003-10-25,SO62553,477,21273,1,2,2
2017-01-22,2003-12-12,SO62553,478,21273,1,1,2
2017-01-22,2003-11-01,SO62569,477,25972,1,2,3
2017-01-22,2004-01-01,SO62569,479,25972,1,3,2
2017-01-22,2003-12-15,SO62569,484,25972,1,4,2
2017-01-22,2003-12-15,SO62569,576,25972,1,1,1
2017-01-22,2003-11-27,SO62558,480,24016,7,3,3
2017-01-22,2003-12-29,SO62558,484,24016,7,4,2
2017-01-22,2003-12-17,SO62558,530,24016,7,2,2
2017-01-22,2003-11-10,SO62558,541,24016,7,1,2
2017-01-22,2003-11-23,SO62572,480,23268,4,4,2
2017-01-22,2003-11-16,SO62572,529,23268,4,2,2
2017-01-22,2004-01-05,SO62572,538,23268,4,3,1
2017-01-22,2003-10-06,SO62572,606,23268,4,1,1
2017-01-22,2003-11-08,SO62576,583,17548,4,1,1
2017-01-22,2003-11-01,SO62536,490,19173,10,2,1
2017-01-22,2003-11-20,SO62536,597,19173,10,1,1
2017-01-22,2003-11-21,SO62556,528,12569,10,1,2
2017-01-22,2003-11-19,SO62556,220,12569,10,3,1
2017-01-22,2003-12-04,SO62556,537,12569,10,2,1
2017-01-22,2003-09-24,SO62577,229,24055,10,2,1
2017-01-22,2003-11-18,SO62577,385,24055,10,1,1
2017-01-22,2003-11-10,SO62550,483,12054,6,2,1
2017-01-22,2003-11-18,SO62550,540,12054,6,1,1
2017-01-22,2003-10-31,SO62554,480,22983,6,2,2
2017-01-22,2003-12-30,SO62554,528,22983,6,1,2
2017-01-22,2003-11-10,SO62545,538,19220,6,1,3
2017-01-22,2003-10-04,SO62545,480,19220,6,3,2
2017-01-22,2003-11-09,SO62545,529,19220,6,2,1
2017-01-22,2003-10-24,SO62538,477,20862,10,3,2
2017-01-22,2003-11-04,SO62538,479,20862,10,2,2
2017-01-22,2003-11-05,SO62538,379,20862,10,1,1
2017-01-22,2003-11-18,SO62539,379,28901,8,1,1
2017-01-22,2003-12-29,SO62570,490,25978,4,2,1
2017-01-22,2003-11-05,SO62570,576,25978,4,1,1
2017-01-22,2003-10-06,SO62546,541,11276,6,1,2
2017-01-22,2003-12-17,SO62559,484,13535,10,4,3
2017-01-22,2003-12-18,SO62559,541,13535,10,1,3
2017-01-22,2004-01-03,SO62559,480,13535,10,3,2
2017-01-22,2004-01-04,SO62559,530,13535,10,2,2
2017-01-22,2003-11-15,SO62564,530,26974,8,3,2
2017-01-22,2003-11-03,SO62564,214,26974,8,4,1
2017-01-22,2003-10-24,SO62564,223,26974,8,5,1
2017-01-22,2003-10-03,SO62564,541,26974,8,2,1
2017-01-22,2003-11-17,SO62564,577,26974,8,1,1
2017-01-22,2003-10-16,SO62561,214,14984,10,2,1
2017-01-22,2003-10-12,SO62561,567,14984,10,1,1
2017-01-22,2003-11-20,SO62573,604,22873,4,1,1
2017-01-22,2003-12-17,SO62541,485,16201,10,3,1
2017-01-22,2003-10-05,SO62541,487,16201,10,4,1
2017-01-22,2003-10-18,SO62541,536,16201,10,2,1
2017-01-22,2003-12-01,SO62541,590,16201,10,1,1
2017-01-22,2003-11-13,SO62535,477,16709,9,1,2
2017-01-22,2003-10-22,SO62535,479,16709,9,2,2
2017-01-22,2003-11-17,SO62535,491,16709,9,3,1
2017-01-22,2003-11-14,SO62542,214,11330,6,1,1
2017-01-22,2003-11-14,SO62560,528,11330,6,1,3
2017-01-22,2003-11-14,SO62560,537,11330,6,2,1
2017-01-22,2004-01-05,SO62568,488,13249,6,2,1
2017-01-22,2003-11-04,SO62568,563,13249,6,1,1
2017-01-22,2003-11-08,SO62548,466,24265,4,4,3
2017-01-22,2003-11-28,SO62548,215,24265,4,3,1
2017-01-22,2003-11-03,SO62548,529,24265,4,1,1
2017-01-22,2003-09-30,SO62548,540,24265,4,2,1
2017-01-22,2003-10-26,SO62562,479,17183,8,3,3
2017-01-22,2004-01-03,SO62562,477,17183,8,2,2
2017-01-22,2003-11-17,SO62562,464,17183,8,4,1
2017-01-22,2003-11-18,SO62562,576,17183,8,1,1
2017-01-22,2003-10-08,SO62537,485,14995,7,2,2
2017-01-22,2003-11-02,SO62537,473,14995,7,3,1
2017-01-22,2003-10-18,SO62537,594,14995,7,1,1
2017-01-22,2003-11-27,SO62580,215,11461,9,2,1
2017-01-22,2003-11-18,SO62580,573,11461,9,1,1
2017-01-22,2003-10-09,SO62571,606,23264,1,1,1
2017-01-22,2003-11-12,SO62532,536,16619,9,1,2
2017-01-23,2003-10-29,SO62621,358,13622,9,1,1
2017-01-23,2003-11-09,SO62621,485,13622,9,2,1
2017-01-23,2003-11-22,SO62608,480,25490,7,2,2
2017-01-23,2003-12-13,SO62608,530,25490,7,1,1
2017-01-23,2003-09-25,SO62617,477,14596,4,3,2
2017-01-23,2003-12-14,SO62617,478,14596,4,4,2
2017-01-23,2003-09-29,SO62617,485,14596,4,2,2
2017-01-23,2004-01-03,SO62617,356,14596,4,1,1
2017-01-23,2003-12-19,SO62609,223,16247,6,3,2
2017-01-23,2003-11-25,SO62609,477,16247,6,2,2
2017-01-23,2003-11-17,SO62609,478,16247,6,4,2
2017-01-23,2003-12-10,SO62609,485,16247,6,1,2
2017-01-23,2003-12-26,SO62607,541,27303,7,1,3
2017-01-23,2003-11-26,SO62598,477,21421,1,2,2
2017-01-23,2003-11-01,SO62598,478,21421,1,1,2
2017-01-23,2003-11-17,SO62598,215,21421,1,3,1
2017-01-23,2003-09-27,SO62598,229,21421,1,4,1
2017-01-23,2003-10-06,SO62592,480,26271,4,2,2
2017-01-23,2003-11-17,SO62592,538,26271,4,1,2
2017-01-23,2003-10-08,SO62582,538,19626,9,2,3
2017-01-23,2003-12-10,SO62582,529,19626,9,1,2
2017-01-23,2003-11-07,SO62584,480,19100,9,1,2
2017-01-23,2003-11-06,SO62587,529,15710,7,2,2
2017-01-23,2003-11-30,SO62587,539,15710,7,3,2
2017-01-23,2003-12-31,SO62587,220,15710,7,4,1
2017-01-23,2003-10-21,SO62587,226,15710,7,5,1
2017-01-23,2003-11-28,SO62587,583,15710,7,1,1
2017-01-23,2004-01-04,SO62594,480,25283,4,3,2
2017-01-23,2003-12-02,SO62594,529,25283,4,2,2
2017-01-23,2003-12-27,SO62594,540,25283,4,1,1
2017-01-23,2003-11-27,SO62619,480,15567,6,3,3
2017-01-23,2003-11-05,SO62619,484,15567,6,4,2
2017-01-23,2003-12-27,SO62619,358,15567,6,1,1
2017-01-23,2003-10-27,SO62619,485,15567,6,2,1
2017-01-23,2003-10-09,SO62627,584,27514,9,1,1
2017-01-23,2003-12-05,SO62623,480,22782,4,4,3
2017-01-23,2004-01-03,SO62623,538,22782,4,2,2
2017-01-23,2003-10-09,SO62623,529,22782,4,3,1
2017-01-23,2003-10-26,SO62623,584,22782,4,1,1
2017-01-23,2003-12-09,SO62597,529,11091,6,1,2
2017-01-23,2003-12-11,SO62597,223,11091,6,3,1
2017-01-23,2003-10-07,SO62597,488,11091,6,4,1
2017-01-23,2003-09-26,SO62597,540,11091,6,2,1
2017-01-23,2003-10-06,SO62586,595,14966,7,1,1
2017-01-23,2003-12-28,SO62581,480,11902,9,3,2
2017-01-23,2003-10-07,SO62581,528,11902,9,2,2
2017-01-23,2003-10-20,SO62581,535,11902,9,1,2
2017-01-23,2003-12-20,SO62589,485,15114,8,2,2
2017-01-23,2003-10-12,SO62589,360,15114,8,1,1
2017-01-23,2003-12-26,SO62625,477,13605,7,2,2
2017-01-23,2003-10-31,SO62625,479,13605,7,3,2
2017-01-23,2003-11-08,SO62625,573,13605,7,1,1
2017-01-23,2003-09-25,SO62611,477,13516,10,1,2
2017-01-23,2004-01-02,SO62611,478,13516,10,2,2
2017-01-23,2003-11-11,SO62599,477,21460,4,1,2
2017-01-23,2004-01-02,SO62599,478,21460,4,2,2
2017-01-23,2003-11-26,SO62604,485,18411,6,1,2
2017-01-23,2003-09-29,SO62585,223,18211,9,1,2
2017-01-23,2003-10-10,SO62620,485,14394,1,2,2
2017-01-23,2003-12-26,SO62620,356,14394,1,1,1
2017-01-23,2003-09-26,SO62620,480,14394,1,3,1
2017-01-23,2003-10-27,SO62615,220,20496,4,2,1
2017-01-23,2003-11-08,SO62615,379,20496,4,1,1
2017-01-23,2003-10-20,SO62606,528,22304,10,2,2
2017-01-23,2003-11-11,SO62606,536,22304,10,1,2
2017-01-23,2003-11-22,SO62606,480,22304,10,3,1
2017-01-23,2003-10-19,SO62593,538,11200,6,1,2
2017-01-23,2003-11-24,SO62605,223,21082,8,3,2
2017-01-23,2003-11-18,SO62605,477,21082,8,1,2
2017-01-23,2003-10-03,SO62605,220,21082,8,2,1
2017-01-23,2003-10-22,SO62605,232,21082,8,4,1
2017-01-23,2003-11-22,SO62622,528,13631,9,3,2
2017-01-23,2003-10-01,SO62622,214,13631,9,4,1
2017-01-23,2003-11-04,SO62622,362,13631,9,1,1
2017-01-23,2003-10-16,SO62622,537,13631,9,2,1
2017-01-23,2003-10-04,SO62596,540,24962,1,1,1
2017-01-23,2003-12-02,SO62603,480,15858,4,2,2
2017-01-23,2003-12-03,SO62603,528,15858,4,1,2
2017-01-23,2003-10-19,SO62626,574,11892,9,1,1
2017-01-23,2003-11-29,SO62624,479,13590,10,2,2
2017-01-23,2003-12-01,SO62624,477,13590,10,3,1
2017-01-23,2003-10-27,SO62624,575,13590,10,1,1
2017-01-23,2003-10-16,SO62612,484,15942,6,2,2
2017-01-23,2003-12-14,SO62612,485,15942,6,1,2
2017-01-23,2003-11-23,SO62590,223,27677,1,2,3
2017-01-23,2003-10-11,SO62590,489,27677,1,3,1
2017-01-23,2004-01-04,SO62590,538,27677,1,1,1
2017-01-23,2003-12-07,SO62618,485,14572,4,2,2
2017-01-23,2003-11-09,SO62618,360,14572,4,1,1
2017-01-23,2003-10-20,SO62595,480,24821,1,2,2
2017-01-23,2003-11-26,SO62595,484,24821,1,3,2
2017-01-23,2003-11-16,SO62595,540,24821,1,1,1
2017-01-23,2003-11-20,SO62613,223,13312,4,3,2
2017-01-23,2003-10-15,SO62613,485,13312,4,1,2
2017-01-23,2003-12-10,SO62613,226,13312,4,2,1
2017-01-23,2003-10-16,SO62610,480,14504,6,3,2
2017-01-23,2003-09-29,SO62610,528,14504,6,1,1
2017-01-23,2003-12-06,SO62610,537,14504,6,2,1
2017-01-23,2003-09-29,SO62602,528,20070,6,1,3
2017-01-23,2003-12-13,SO62602,214,20070,6,2,1
2017-01-23,2003-12-01,SO62588,485,15685,8,2,2
2017-01-23,2003-09-25,SO62588,362,15685,8,1,1
2017-01-23,2003-10-04,SO62601,528,15957,4,1,2
2017-01-23,2003-11-11,SO62601,486,15957,4,2,1
2017-01-23,2003-11-07,SO62600,477,18405,4,1,1
2017-01-23,2003-10-15,SO62614,220,20527,4,2,1
2017-01-23,2003-10-16,SO62614,379,20527,4,1,1
2017-01-23,2003-10-29,SO62591,529,26483,4,1,2
2017-01-23,2003-11-27,SO62591,538,26483,4,2,2
2017-01-23,2003-10-08,SO62616,480,12441,4,2,2
2017-01-23,2003-10-07,SO62616,358,12441,4,1,1
2017-01-23,2003-10-23,SO62583,480,11755,9,2,2
2017-01-23,2003-12-07,SO62583,528,11755,9,1,2
2017-01-24,2003-10-09,SO62692,466,14348,9,3,1
2017-01-24,2003-11-12,SO62692,475,14348,9,2,1
2017-01-24,2004-01-03,SO62692,489,14348,9,4,1
2017-01-24,2003-10-30,SO62692,590,14348,9,1,1
2017-01-24,2003-12-25,SO62636,232,14072,9,1,1
2017-01-24,2003-12-06,SO62661,484,13920,6,3,2
2017-01-24,2004-01-08,SO62661,528,13920,6,1,1
2017-01-24,2003-10-08,SO62661,537,13920,6,2,1
2017-01-24,2003-12-27,SO62691,574,11898,9,1,1
2017-01-24,2003-12-27,SO62646,480,28577,1,2,2
2017-01-24,2003-10-05,SO62646,530,28577,1,1,2
2017-01-24,2003-11-19,SO62672,462,20445,9,3,2
2017-01-24,2003-11-29,SO62672,371,20445,9,1,1
2017-01-24,2003-11-21,SO62672,540,20445,9,2,1
2017-01-24,2003-12-26,SO62682,464,26057,4,6,2
2017-01-24,2003-10-14,SO62682,530,26057,4,2,2
2017-01-24,2003-12-01,SO62682,541,26057,4,3,2
2017-01-24,2004-01-01,SO62682,214,26057,4,4,1
2017-01-24,2004-01-01,SO62682,232,26057,4,5,1
2017-01-24,2004-01-06,SO62682,563,26057,4,1,1
2017-01-24,2003-10-27,SO62660,528,12136,6,2,3
2017-01-24,2003-12-29,SO62660,466,12136,6,4,2
2017-01-24,2003-12-21,SO62660,214,12136,6,3,1
2017-01-24,2003-10-30,SO62660,537,12136,6,1,1
2017-01-24,2003-12-06,SO62689,223,26992,10,3,2
2017-01-24,2003-10-15,SO62689,214,26992,10,2,1
2017-01-24,2003-10-13,SO62689,604,26992,10,1,1
2017-01-24,2004-01-04,SO62645,477,28059,4,2,2
2017-01-24,2003-11-14,SO62645,479,28059,4,3,2
2017-01-24,2004-01-07,SO62645,530,28059,4,1,2
2017-01-24,2003-11-18,SO62645,473,28059,4,4,1
2017-01-24,2003-12-03,SO62649,474,28640,6,1,1
2017-01-24,2003-10-16,SO62648,462,22269,4,4,2
2017-01-24,2003-10-30,SO62648,528,22269,4,2,2
2017-01-24,2003-12-09,SO62648,536,22269,4,1,2
2017-01-24,2003-11-30,SO62648,214,22269,4,3,1
2017-01-24,2003-11-08,SO62671,477,20444,9,2,2
2017-01-24,2003-10-12,SO62671,479,20444,9,3,2
2017-01-24,2003-11-12,SO62671,226,20444,9,4,1
2017-01-24,2003-10-15,SO62671,379,20444,9,1,1
2017-01-24,2003-11-09,SO62678,528,13139,9,2,2
2017-01-24,2003-11-14,SO62678,360,13139,9,1,1
2017-01-24,2003-10-17,SO62678,487,13139,9,4,1
2017-01-24,2003-11-09,SO62678,537,13139,9,3,1
2017-01-24,2003-12-02,SO62637,223,15020,9,1,3
2017-01-24,2003-12-22,SO62676,485,13114,9,2,3
2017-01-24,2003-10-08,SO62676,214,13114,9,3,1
2017-01-24,2003-12-09,SO62676,362,13114,9,1,1
2017-01-24,2003-11-23,SO62662,477,16950,6,2,3
2017-01-24,2004-01-07,SO62662,478,16950,6,3,2
2017-01-24,2003-10-21,SO62662,485,16950,6,1,2
2017-01-24,2003-11-17,SO62662,232,16950,6,4,1
2017-01-24,2003-12-15,SO62685,466,16873,6,3,2
2017-01-24,2003-12-15,SO62685,477,16873,6,4,2
2017-01-24,2003-12-23,SO62685,479,16873,6,2,2
2017-01-24,2003-10-15,SO62685,584,16873,6,1,1
2017-01-24,2003-10-18,SO62629,538,24456,9,1,3
2017-01-24,2003-10-25,SO62635,232,14034,9,1,1
2017-01-24,2003-11-25,SO62680,477,29168,4,2,2
2017-01-24,2003-10-10,SO62680,223,29168,4,4,1
2017-01-24,2003-11-19,SO62680,479,29168,4,3,1
2017-01-24,2003-11-02,SO62680,585,29168,4,1,1
2017-01-24,2003-11-12,SO62679,541,25436,4,2,2
2017-01-24,2003-10-29,SO62679,560,25436,4,1,1
2017-01-24,2003-10-01,SO62650,464,17530,1,3,2
2017-01-24,2003-10-09,SO62650,477,17530,1,1,2
2017-01-24,2003-11-17,SO62650,232,17530,1,2,1
2017-01-24,2003-10-29,SO62673,379,17352,9,1,1
2017-01-24,2003-10-13,SO62639,480,14965,7,4,2
2017-01-24,2003-09-27,SO62639,528,14965,7,2,2
2017-01-24,2003-12-07,SO62639,535,14965,7,3,2
2017-01-24,2003-10-14,SO62639,600,14965,7,1,1
2017-01-24,2003-11-05,SO62640,539,25492,8,2,3
2017-01-24,2003-10-18,SO62640,529,25492,8,3,2
2017-01-24,2003-12-30,SO62640,215,25492,8,4,1
2017-01-24,2003-11-10,SO62640,582,25492,8,1,1
2017-01-24,2003-11-22,SO62688,387,24054,10,1,1
2017-01-24,2003-11-23,SO62688,490,24054,10,2,1
2017-01-24,2003-12-01,SO62669,564,17191,8,1,1
2017-01-24,2003-12-02,SO62643,223,12985,4,1,1
2017-01-24,2003-12-17,SO62683,220,12154,6,2,1
2017-01-24,2003-12-25,SO62683,561,12154,6,1,1
2017-01-24,2003-12-03,SO62667,481,14421,1,4,2
2017-01-24,2003-10-14,SO62667,528,14421,1,3,2
2017-01-24,2003-10-10,SO62667,352,14421,1,1,1
2017-01-24,2003-10-18,SO62667,537,14421,1,2,1
2017-01-24,2003-10-01,SO62686,529,20401,4,3,3
2017-01-24,2003-11-16,SO62686,539,20401,4,2,2
2017-01-24,2003-10-08,SO62686,215,20401,4,4,1
2017-01-24,2003-11-20,SO62686,389,20401,4,1,1
2017-01-24,2004-01-02,SO62670,489,20264,9,2,1
2017-01-24,2003-11-20,SO62670,580,20264,9,1,1
2017-01-24,2003-12-21,SO62638,581,21669,10,1,1
2017-01-24,2003-11-08,SO62668,462,11344,10,4,2
2017-01-24,2003-11-25,SO62668,477,11344,10,2,2
2017-01-24,2003-10-25,SO62668,479,11344,10,3,2
2017-01-24,2003-11-03,SO62668,561,11344,10,1,1
2017-01-24,2003-12-23,SO62674,377,20610,9,1,1
2017-01-24,2003-11-22,SO62690,538,22471,7,2,2
2017-01-24,2003-12-01,SO62690,604,22471,7,1,1
2017-01-24,2003-11-02,SO62681,223,24685,4,2,2
2017-01-24,2003-10-24,SO62681,575,24685,4,1,1
2017-01-24,2003-10-18,SO62677,528,13633,9,3,2
2017-01-24,2003-12-20,SO62677,220,13633,9,4,1
2017-01-24,2003-11-15,SO62677,358,13633,9,1,1
2017-01-24,2003-12-02,SO62677,537,13633,9,2,1
2017-01-24,2003-10-19,SO62665,352,12902,6,1,1
2017-01-24,2003-11-27,SO62665,478,12902,6,2,1
2017-01-24,2003-11-06,SO62642,477,15691,10,3,2
2017-01-24,2003-11-25,SO62642,478,15691,10,2,2
2017-01-24,2003-11-12,SO62642,214,15691,10,4,1
2017-01-24,2003-11-16,SO62642,223,15691,10,5,1
2017-01-24,2003-10-16,SO62642,352,15691,10,1,1
2017-01-24,2003-12-04,SO62658,223,19514,8,4,2
2017-01-24,2003-11-18,SO62658,528,19514,8,2,2
2017-01-24,2003-11-23,SO62658,536,19514,8,1,2
2017-01-24,2004-01-05,SO62658,220,19514,8,3,1
2017-01-24,2003-11-04,SO62655,539,20804,10,1,2
2017-01-24,2003-11-30,SO62644,539,28984,1,1,3
2017-01-24,2003-12-20,SO62644,529,28984,1,2,2
2017-01-24,2003-11-29,SO62664,485,14585,4,2,2
2017-01-24,2003-10-11,SO62664,358,14585,4,1,1
2017-01-24,2003-11-24,SO62666,528,14448,1,2,2
2017-01-24,2003-12-16,SO62666,220,14448,1,4,1
2017-01-24,2004-01-06,SO62666,362,14448,1,1,1
2017-01-24,2004-01-03,SO62666,537,14448,1,3,1
2017-01-24,2003-10-19,SO62656,480,21079,10,3,2
2017-01-24,2003-11-30,SO62656,528,21079,10,1,2
2017-01-24,2003-10-17,SO62656,536,21079,10,2,2
2017-01-24,2003-11-06,SO62659,480,11019,6,2,2
2017-01-24,2003-10-08,SO62659,537,11019,6,1,1
2017-01-24,2003-11-15,SO62630,485,18306,9,1,2
2017-01-24,2003-11-09,SO62630,471,18306,9,2,1
2017-01-24,2003-10-27,SO62634,462,14016,9,2,2
2017-01-24,2003-11-10,SO62634,540,14016,9,1,1
2017-01-24,2003-11-27,SO62684,484,22864,1,4,3
2017-01-24,2004-01-04,SO62684,480,22864,1,3,2
2017-01-24,2003-11-24,SO62684,538,22864,1,2,2
2017-01-24,2004-01-06,SO62684,604,22864,1,1,1
2017-01-24,2003-10-20,SO62651,528,15508,1,1,2
2017-01-24,2003-10-30,SO62651,215,15508,1,2,1
2017-01-24,2003-12-11,SO62632,475,13621,9,1,1
2017-01-24,2003-11-18,SO62657,480,17707,8,3,2
2017-01-24,2003-11-10,SO62657,528,17707,8,2,2
2017-01-24,2003-10-30,SO62657,535,17707,8,1,1
2017-01-24,2003-11-21,SO62693,482,11893,9,2,2
2017-01-24,2003-10-16,SO62693,214,11893,9,3,1
2017-01-24,2003-10-21,SO62693,575,11893,9,1,1
2017-01-24,2003-12-02,SO62641,466,15928,8,4,3
2017-01-24,2003-12-17,SO62641,478,15928,8,3,3
2017-01-24,2003-12-22,SO62641,356,15928,8,1,1
2017-01-24,2003-12-20,SO62641,477,15928,8,2,1
2017-01-24,2003-11-08,SO62675,529,25214,9,3,2
2017-01-24,2003-12-30,SO62675,381,25214,9,1,1
2017-01-24,2003-12-16,SO62675,539,25214,9,2,1
2017-01-24,2003-10-16,SO62687,214,17561,4,2,1
2017-01-24,2003-10-08,SO62687,581,17561,4,1,1
2017-01-24,2003-11-04,SO62628,223,12927,4,1,2
2017-01-24,2003-10-26,SO62631,528,25054,9,1,2
2017-01-24,2003-10-15,SO62631,220,25054,9,2,1
2017-01-24,2003-10-02,SO62631,472,25054,9,3,1
2017-01-24,2003-11-17,SO62694,477,23325,9,3,2
2017-01-24,2003-11-14,SO62694,479,23325,9,2,2
2017-01-24,2003-12-04,SO62694,584,23325,9,1,1
2017-01-24,2003-10-23,SO62654,528,15090,8,1,2
2017-01-24,2003-12-19,SO62654,486,15090,8,2,1
2017-01-24,2003-09-26,SO62652,528,23284,6,1,2
2017-01-24,2003-10-18,SO62652,220,23284,6,2,1
2017-01-24,2003-12-21,SO62653,466,17194,8,4,2
2017-01-24,2003-10-24,SO62653,478,17194,8,2,2
2017-01-24,2003-12-01,SO62653,485,17194,8,1,2
2017-01-24,2003-10-14,SO62653,487,17194,8,3,1
2017-01-24,2003-11-11,SO62647,540,24290,1,1,1
2017-01-25,2003-10-14,SO62715,484,13423,6,2,2
2017-01-25,2004-01-09,SO62715,477,13423,6,1,1
2017-01-25,2004-01-01,SO62720,485,13874,4,1,2
2017-01-25,2003-10-02,SO62720,487,13874,4,2,1
2017-01-25,2003-10-11,SO62737,223,11343,10,4,2
2017-01-25,2003-10-27,SO62737,477,11343,10,3,2
2017-01-25,2003-11-14,SO62737,479,11343,10,2,2
2017-01-25,2003-10-20,SO62737,220,11343,10,5,1
2017-01-25,2003-11-06,SO62737,575,11343,10,1,1
2017-01-25,2003-10-05,SO62739,354,11030,9,1,1
2017-01-25,2003-12-08,SO62701,215,17889,10,2,1
2017-01-25,2003-10-31,SO62701,592,17889,10,1,1
2017-01-25,2003-12-10,SO62698,477,29338,9,1,2
2017-01-25,2003-12-23,SO62698,220,29338,9,2,1
2017-01-25,2003-10-17,SO62711,477,21804,1,1,2
2017-01-25,2003-12-29,SO62711,478,21804,1,2,2
2017-01-25,2004-01-09,SO62724,235,28722,7,2,1
2017-01-25,2003-10-21,SO62724,474,28722,7,1,1
2017-01-25,2003-11-08,SO62713,229,19888,4,2,1
2017-01-25,2003-09-27,SO62713,476,19888,4,1,1
2017-01-25,2003-12-16,SO62714,476,20107,1,1,1
2017-01-25,2003-10-05,SO62749,568,29081,9,1,1
2017-01-25,2003-12-26,SO62743,538,22871,1,2,2
2017-01-25,2003-10-25,SO62743,606,22871,1,1,1
2017-01-25,2004-01-06,SO62727,529,21847,10,1,3
2017-01-25,2003-10-22,SO62727,486,21847,10,3,1
2017-01-25,2003-10-08,SO62727,539,21847,10,2,1
2017-01-25,2003-10-17,SO62722,539,20724,10,1,2
2017-01-25,2003-10-13,SO62750,214,11097,9,2,1
2017-01-25,2003-10-14,SO62750,562,11097,9,1,1
2017-01-25,2003-12-09,SO62702,477,13405,7,3,3
2017-01-25,2003-10-10,SO62702,479,13405,7,2,2
2017-01-25,2003-11-27,SO62702,379,13405,7,1,1
2017-01-25,2003-11-18,SO62719,528,14563,1,1,2
2017-01-25,2003-10-29,SO62719,220,14563,1,2,1
2017-01-25,2003-12-17,SO62705,480,11157,1,2,2
2017-01-25,2003-12-25,SO62705,529,11157,1,1,2
2017-01-25,2004-01-05,SO62741,220,25924,4,2,1
2017-01-25,2003-11-04,SO62741,563,25924,4,1,1
2017-01-25,2003-12-29,SO62742,561,25976,4,1,1
2017-01-25,2003-11-27,SO62695,464,11771,1,2,2
2017-01-25,2003-12-24,SO62695,220,11771,1,1,1
2017-01-25,2003-10-08,SO62703,362,15693,8,1,1
2017-01-25,2003-10-28,SO62706,480,29200,1,2,2
2017-01-25,2003-10-24,SO62706,529,29200,1,1,2
2017-01-25,2003-09-27,SO62707,480,28008,1,2,2
2017-01-25,2003-10-03,SO62707,530,28008,1,1,2
2017-01-25,2004-01-02,SO62746,477,19884,6,3,2
2017-01-25,2003-10-24,SO62746,479,19884,6,2,2
2017-01-25,2003-10-30,SO62746,381,19884,6,1,1
2017-01-25,2004-01-08,SO62746,490,19884,6,4,1
2017-01-25,2003-11-28,SO62716,223,18663,4,1,2
2017-01-25,2003-11-05,SO62716,477,18663,4,2,2
2017-01-25,2003-11-27,SO62726,481,27822,10,3,2
2017-01-25,2003-12-27,SO62726,529,27822,10,2,2
2017-01-25,2003-11-18,SO62726,538,27822,10,1,2
2017-01-25,2003-11-12,SO62735,481,14453,1,4,2
2017-01-25,2003-12-16,SO62735,485,14453,1,2,2
2017-01-25,2004-01-04,SO62735,232,14453,1,3,1
2017-01-25,2003-11-27,SO62735,352,14453,1,1,1
2017-01-25,2004-01-02,SO62717,477,29267,6,1,1
2017-01-25,2003-10-28,SO62734,477,12746,10,1,2
2017-01-25,2003-12-21,SO62734,478,12746,10,2,2
2017-01-25,2003-10-18,SO62734,489,12746,10,3,1
2017-01-25,2003-10-23,SO62696,535,13044,9,1,2
2017-01-25,2003-09-27,SO62729,529,24128,8,1,2
2017-01-25,2003-10-13,SO62729,214,24128,8,3,1
2017-01-25,2003-12-24,SO62729,487,24128,8,2,1
2017-01-25,2004-01-07,SO62700,477,11114,9,2,2
2017-01-25,2003-10-14,SO62700,214,11114,9,3,1
2017-01-25,2004-01-01,SO62700,478,11114,9,1,1
2017-01-25,2003-10-17,SO62744,464,22298,4,4,3
2017-01-25,2003-10-29,SO62744,477,22298,4,3,2
2017-01-25,2003-10-11,SO62744,479,22298,4,2,2
2017-01-25,2003-12-12,SO62744,606,22298,4,1,1
2017-01-25,2003-09-30,SO62697,482,19104,9,2,2
2017-01-25,2003-09-30,SO62697,485,19104,9,1,2
2017-01-25,2003-11-16,SO62699,477,23345,9,1,2
2017-01-25,2003-12-11,SO62745,223,16220,6,4,2
2017-01-25,2004-01-09,SO62745,477,16220,6,3,2
2017-01-25,2003-11-19,SO62745,479,16220,6,2,2
2017-01-25,2003-11-30,SO62745,604,16220,6,1,1
2017-01-25,2003-11-21,SO62740,479,13343,6,2,2
2017-01-25,2003-12-21,SO62740,484,13343,6,3,1
2017-01-25,2003-10-12,SO62740,564,13343,6,1,1
2017-01-25,2004-01-02,SO62736,358,14473,4,1,1
2017-01-25,2003-12-13,SO62736,473,14473,4,3,1
2017-01-25,2003-11-03,SO62736,487,14473,4,2,1
2017-01-25,2003-12-03,SO62704,488,11720,4,1,1
2017-01-25,2003-11-27,SO62732,528,11642,6,2,3
2017-01-25,2003-11-29,SO62732,215,11642,6,3,1
2017-01-25,2003-12-15,SO62732,537,11642,6,1,1
2017-01-25,2003-10-30,SO62718,528,16652,4,1,2
2017-01-25,2003-09-30,SO62718,214,16652,4,2,1
2017-01-25,2003-10-12,SO62718,482,16652,4,3,1
2017-01-25,2003-12-08,SO62723,223,17991,10,4,2
2017-01-25,2004-01-03,SO62723,528,17991,10,2,2
2017-01-25,2003-11-27,SO62723,535,17991,10,1,2
2017-01-25,2003-10-06,SO62723,215,17991,10,3,1
2017-01-25,2003-09-27,SO62731,528,11658,4,2,3
2017-01-25,2003-11-09,SO62731,481,11658,4,3,2
2017-01-25,2003-11-08,SO62731,537,11658,4,1,1
2017-01-25,2003-09-29,SO62725,529,23626,7,1,2
2017-01-25,2003-12-04,SO62725,215,23626,7,2,1
2017-01-25,2003-12-27,SO62708,480,25931,1,2,2
2017-01-25,2003-11-20,SO62708,535,25931,1,1,2
2017-01-25,2003-10-01,SO62710,536,11500,6,1,1
2017-01-25,2003-11-05,SO62728,529,27785,10,1,3
2017-01-25,2004-01-01,SO62728,214,27785,10,2,1
2017-01-25,2003-12-22,SO62730,530,26893,10,1,2
2017-01-25,2003-11-28,SO62730,487,26893,10,2,1
2017-01-25,2003-11-10,SO62747,385,20061,7,1,1
2017-01-25,2003-12-11,SO62747,488,20061,7,2,1
2017-01-25,2003-09-29,SO62733,223,12515,7,1,2
2017-01-25,2003-11-19,SO62709,529,27430,1,1,2
2017-01-25,2004-01-04,SO62709,538,27430,1,2,2
2017-01-25,2003-10-15,SO62709,484,27430,1,3,1
2017-01-25,2003-09-28,SO62738,490,20249,9,2,1
2017-01-25,2003-11-30,SO62738,582,20249,9,1,1
2017-01-25,2003-11-03,SO62721,485,13381,4,1,2
2017-01-25,2004-01-07,SO62721,232,13381,4,2,1
2017-01-26,2004-01-07,SO62766,528,14141,7,3,2
2017-01-26,2003-11-04,SO62766,220,14141,7,4,1
2017-01-26,2004-01-05,SO62766,536,14141,7,2,1
2017-01-26,2003-10-23,SO62766,587,14141,7,1,1
2017-01-26,2003-10-06,SO62773,480,27035,4,2,2
2017-01-26,2004-01-07,SO62773,530,27035,4,1,2
2017-01-26,2003-10-16,SO62796,462,11646,1,2,1
2017-01-26,2003-10-22,SO62796,537,11646,1,1,1
2017-01-26,2003-11-07,SO62765,214,24865,10,2,1
2017-01-26,2003-11-30,SO62765,371,24865,10,1,1
2017-01-26,2003-12-04,SO62804,480,12094,4,5,2
2017-01-26,2003-12-18,SO62804,485,12094,4,4,2
2017-01-26,2004-01-11,SO62804,528,12094,4,3,2
2017-01-26,2003-10-20,SO62804,352,12094,4,1,1
2017-01-26,2003-10-20,SO62804,537,12094,4,2,1
2017-01-26,2003-12-23,SO62814,529,22685,8,3,3
2017-01-26,2003-11-04,SO62814,538,22685,8,2,2
2017-01-26,2003-12-25,SO62814,215,22685,8,4,1
2017-01-26,2004-01-03,SO62814,605,22685,8,1,1
2017-01-26,2003-10-12,SO62819,479,27511,9,2,3
2017-01-26,2003-10-11,SO62819,584,27511,9,1,1
2017-01-26,2003-12-01,SO62759,484,11458,9,1,2
2017-01-26,2003-12-26,SO62776,480,26048,4,3,2
2017-01-26,2004-01-01,SO62776,528,26048,4,2,2
2017-01-26,2003-09-28,SO62776,486,26048,4,4,1
2017-01-26,2004-01-02,SO62776,535,26048,4,1,1
2017-01-26,2004-01-11,SO62768,358,12378,8,1,1
2017-01-26,2003-10-17,SO62805,356,12075,1,1,1
2017-01-26,2003-11-27,SO62805,537,12075,1,2,1
2017-01-26,2004-01-05,SO62763,229,17830,7,2,1
2017-01-26,2003-12-17,SO62763,583,17830,7,1,1
2017-01-26,2003-11-01,SO62795,464,11672,4,1,2
2017-01-26,2003-12-23,SO62795,537,11672,4,2,1
2017-01-26,2003-12-27,SO62777,529,24766,1,2,2
2017-01-26,2003-10-22,SO62777,215,24766,1,3,1
2017-01-26,2003-12-14,SO62777,540,24766,1,1,1
2017-01-26,2003-11-07,SO62760,480,18299,9,1,1
2017-01-26,2003-11-29,SO62816,486,14300,9,2,1
2017-01-26,2004-01-05,SO62816,585,14300,9,1,1
2017-01-26,2003-11-17,SO62813,477,11480,7,3,2
2017-01-26,2003-11-06,SO62813,479,11480,7,2,2
2017-01-26,2003-11-15,SO62813,606,11480,7,1,1
2017-01-26,2003-10-07,SO62789,480,15098,7,3,2
2017-01-26,2004-01-09,SO62789,529,15098,7,1,2
2017-01-26,2003-11-05,SO62789,540,15098,7,2,1
2017-01-26,2003-12-06,SO62808,485,13958,9,3,2
2017-01-26,2003-12-29,SO62808,354,13958,9,1,1
2017-01-26,2003-10-15,SO62808,473,13958,9,2,1
2017-01-26,2003-10-29,SO62815,215,11895,9,2,1
2017-01-26,2003-10-23,SO62815,575,11895,9,1,1
2017-01-26,2003-10-14,SO62772,530,28999,4,1,2
2017-01-26,2003-10-10,SO62782,477,25016,6,1,2
2017-01-26,2003-11-02,SO62751,223,11932,4,2,2
2017-01-26,2003-10-18,SO62751,214,11932,4,1,1
2017-01-26,2003-12-09,SO62751,232,11932,4,3,1
2017-01-26,2003-11-18,SO62784,223,25209,6,4,2
2017-01-26,2003-12-17,SO62784,477,25209,6,1,2
2017-01-26,2003-11-08,SO62784,220,25209,6,2,1
2017-01-26,2003-10-29,SO62784,229,25209,6,3,1
2017-01-26,2004-01-09,SO62802,485,19737,1,2,2
2017-01-26,2003-10-27,SO62802,214,19737,1,3,1
2017-01-26,2003-12-01,SO62802,595,19737,1,1,1
2017-01-26,2003-10-23,SO62771,529,29349,1,1,2
2017-01-26,2003-10-15,SO62771,220,29349,1,2,1
2017-01-26,2003-10-28,SO62752,529,15241,9,2,2
2017-01-26,2003-12-29,SO62752,539,15241,9,1,2
2017-01-26,2003-11-20,SO62778,466,11223,6,2,2
2017-01-26,2003-11-21,SO62778,535,11223,6,1,2
2017-01-26,2003-10-18,SO62783,477,26270,6,1,2
2017-01-26,2004-01-08,SO62761,464,21060,10,2,2
2017-01-26,2003-12-06,SO62761,583,21060,10,1,1
2017-01-26,2003-10-18,SO62779,528,24745,4,2,2
2017-01-26,2004-01-02,SO62779,535,24745,4,1,2
2017-01-26,2003-12-07,SO62812,385,24069,10,1,1
2017-01-26,2003-11-09,SO62812,490,24069,10,2,1
2017-01-26,2003-12-27,SO62798,528,11824,6,2,1
2017-01-26,2003-12-02,SO62798,537,11824,6,1,1
2017-01-26,2003-12-09,SO62769,360,12860,10,1,1
2017-01-26,2003-12-05,SO62769,483,12860,10,2,1
2017-01-26,2003-11-24,SO62792,529,25474,10,1,2
2017-01-26,2003-10-21,SO62792,214,25474,10,2,1
2017-01-26,2003-12-07,SO62786,215,14097,1,2,1
2017-01-26,2003-12-09,SO62786,485,14097,1,1,1
2017-01-26,2003-10-10,SO62753,529,14008,9,1,2
2017-01-26,2003-10-25,SO62753,539,14008,9,2,2
2017-01-26,2004-01-08,SO62758,223,14231,9,1,2
2017-01-26,2003-11-15,SO62758,226,14231,9,2,1
2017-01-26,2003-11-15,SO62755,485,18705,9,1,2
2017-01-26,2003-10-19,SO62755,220,18705,9,2,1
2017-01-26,2003-12-27,SO62780,477,21636,4,2,2
2017-01-26,2003-10-23,SO62780,478,21636,4,1,2
2017-01-26,2003-12-30,SO62797,480,13268,6,2,3
2017-01-26,2003-11-13,SO62797,537,13268,6,1,1
2017-01-26,2003-10-17,SO62794,529,22561,7,2,2
2017-01-26,2003-11-27,SO62794,538,22561,7,1,1
2017-01-26,2003-12-14,SO62806,220,20247,9,2,1
2017-01-26,2003-11-11,SO62806,379,20247,9,1,1
2017-01-26,2003-12-06,SO62757,477,22856,9,1,1
2017-01-26,2003-12-27,SO62818,214,11462,9,2,1
2017-01-26,2003-12-03,SO62818,574,11462,9,1,1
2017-01-26,2003-11-29,SO62774,530,26800,4,2,2
2017-01-26,2004-01-06,SO62774,541,26800,4,1,2
2017-01-26,2003-12-24,SO62774,220,26800,4,3,1
2017-01-26,2003-10-19,SO62801,485,19662,6,1,1
2017-01-26,2003-10-31,SO62801,491,19662,6,2,1
2017-01-26,2003-11-29,SO62787,214,16586,7,2,1
2017-01-26,2004-01-06,SO62787,537,16586,7,1,1
2017-01-26,2003-10-25,SO62790,485,14152,7,1,2
2017-01-26,2003-12-27,SO62790,226,14152,7,2,1
2017-01-26,2003-12-06,SO62810,215,22790,4,2,1
2017-01-26,2003-10-28,SO62810,584,22790,4,1,1
2017-01-26,2003-10-30,SO62785,223,26474,6,2,2
2017-01-26,2003-12-30,SO62785,477,26474,6,1,1
2017-01-26,2003-10-20,SO62767,215,12873,10,2,1
2017-01-26,2003-12-15,SO62767,354,12873,10,1,1
2017-01-26,2003-11-12,SO62762,488,17827,7,2,1
2017-01-26,2003-11-21,SO62762,583,17827,7,1,1
2017-01-26,2003-11-11,SO62800,226,16380,6,2,1
2017-01-26,2003-10-28,SO62800,485,16380,6,1,1
2017-01-26,2003-10-24,SO62799,528,14370,6,2,3
2017-01-26,2004-01-11,SO62799,215,14370,6,3,1
2017-01-26,2003-10-11,SO62799,537,14370,6,1,1
2017-01-26,2004-01-02,SO62803,478,22128,6,2,3
2017-01-26,2003-12-29,SO62803,477,22128,6,4,2
2017-01-26,2003-10-12,SO62803,223,22128,6,3,1
2017-01-26,2003-11-23,SO62803,599,22128,6,1,1
2017-01-26,2003-10-08,SO62770,480,11174,4,2,2
2017-01-26,2003-10-09,SO62770,529,11174,4,1,2
2017-01-26,2003-10-30,SO62811,529,20684,4,3,2
2017-01-26,2004-01-11,SO62811,539,20684,4,2,2
2017-01-26,2003-11-07,SO62811,580,20684,4,1,1
2017-01-26,2003-09-29,SO62807,223,12252,9,4,2
2017-01-26,2003-12-16,SO62807,477,12252,9,3,2
2017-01-26,2004-01-09,SO62807,478,12252,9,2,2
2017-01-26,2003-10-31,SO62807,598,12252,9,1,1
2017-01-26,2003-11-26,SO62809,477,13643,9,3,2
2017-01-26,2003-12-18,SO62809,478,13643,9,2,2
2017-01-26,2003-10-27,SO62809,356,13643,9,1,1
2017-01-26,2004-01-08,SO62756,485,16709,9,1,2
2017-01-26,2003-11-11,SO62756,490,16709,9,2,1
2017-01-26,2003-12-26,SO62754,536,16632,9,1,2
2017-01-26,2003-11-24,SO62775,480,11331,6,2,2
2017-01-26,2003-12-24,SO62775,484,11331,6,3,2
2017-01-26,2003-10-09,SO62775,535,11331,6,1,2
2017-01-26,2003-11-07,SO62793,529,22688,8,1,3
2017-01-26,2003-10-15,SO62793,214,22688,8,2,1
2017-01-26,2003-12-25,SO62788,464,15045,7,1,2
2017-01-26,2003-10-19,SO62788,535,15045,7,2,2
2017-01-26,2003-11-06,SO62764,220,17928,8,2,1
2017-01-26,2003-12-24,SO62764,582,17928,8,1,1
2017-01-26,2003-12-12,SO62791,529,25313,10,1,2
2017-01-26,2003-11-17,SO62781,477,15536,6,2,2
2017-01-26,2003-11-03,SO62781,471,15536,6,3,1
2017-01-26,2004-01-02,SO62781,478,15536,6,1,1
2017-01-26,2003-11-29,SO62817,220,29080,9,2,1
2017-01-26,2003-11-16,SO62817,585,29080,9,1,1
2017-01-27,2003-12-15,SO62850,528,12067,4,2,3
2017-01-27,2003-12-16,SO62850,214,12067,4,3,1
2017-01-27,2003-10-24,SO62850,537,12067,4,1,1
2017-01-27,2003-12-05,SO62845,480,24563,8,2,2
2017-01-27,2003-12-02,SO62845,529,24563,8,1,2
2017-01-27,2003-10-13,SO62844,477,25781,10,1,2
2017-01-27,2003-11-25,SO62844,215,25781,10,2,1
2017-01-27,2003-11-01,SO62851,476,14634,1,2,1
2017-01-27,2004-01-05,SO62851,589,14634,1,1,1
2017-01-27,2003-11-16,SO62858,485,12030,1,2,3
2017-01-27,2003-12-02,SO62858,226,12030,1,3,1
2017-01-27,2003-11-26,SO62858,354,12030,1,1,1
2017-01-27,2003-10-14,SO62849,485,13297,4,1,2
2017-01-27,2003-10-06,SO62837,529,24312,1,2,2
2017-01-27,2003-10-11,SO62837,540,24312,1,1,1
2017-01-27,2003-11-28,SO62826,356,15625,8,1,1
2017-01-27,2003-10-14,SO62826,485,15625,8,2,1
2017-01-27,2003-12-01,SO62839,477,18658,1,1,2
2017-01-27,2003-10-02,SO62839,490,18658,1,2,1
2017-01-27,2003-11-17,SO62867,220,12710,6,2,1
2017-01-27,2004-01-05,SO62867,562,12710,6,1,1
2017-01-27,2003-12-26,SO62865,477,13638,9,3,2
2017-01-27,2003-11-21,SO62865,478,13638,9,2,2
2017-01-27,2003-12-31,SO62865,358,13638,9,1,1
2017-01-27,2003-11-29,SO62865,491,13638,9,4,1
2017-01-27,2003-11-08,SO62842,477,19062,7,4,2
2017-01-27,2003-09-29,SO62842,478,19062,7,3,2
2017-01-27,2003-12-02,SO62842,528,19062,7,1,2
2017-01-27,2003-11-10,SO62842,535,19062,7,2,2
2017-01-27,2003-10-23,SO62842,220,19062,7,5,1
2017-01-27,2003-11-21,SO62869,479,28376,8,2,3
2017-01-27,2003-12-05,SO62869,477,28376,8,3,2
2017-01-27,2003-10-17,SO62869,381,28376,8,1,1
2017-01-27,2003-11-27,SO62822,478,11753,9,1,2
2017-01-27,2003-11-06,SO62856,485,14438,1,2,2
2017-01-27,2003-12-18,SO62856,214,14438,1,3,1
2017-01-27,2003-10-20,SO62856,358,14438,1,1,1
2017-01-27,2003-11-05,SO62857,477,12027,1,3,2
2017-01-27,2003-10-09,SO62857,478,12027,1,2,2
2017-01-27,2003-12-17,SO62857,352,12027,1,1,1
2017-01-27,2003-11-18,SO62832,529,28236,4,2,2
2017-01-27,2003-12-20,SO62832,538,28236,4,1,2
2017-01-27,2003-12-13,SO62832,220,28236,4,3,1
2017-01-27,2003-11-28,SO62872,530,13584,10,3,2
2017-01-27,2003-12-13,SO62872,541,13584,10,2,2
2017-01-27,2003-11-24,SO62872,220,13584,10,4,1
2017-01-27,2003-10-21,SO62872,561,13584,10,1,1
2017-01-27,2003-11-30,SO62829,223,11520,6,2,2
2017-01-27,2003-12-08,SO62829,489,11520,6,1,1
2017-01-27,2003-12-03,SO62853,477,22118,6,3,3
2017-01-27,2003-10-05,SO62853,478,22118,6,2,1
2017-01-27,2003-10-14,SO62853,592,22118,6,1,1
2017-01-27,2003-10-03,SO62860,477,20447,9,3,2
2017-01-27,2004-01-06,SO62860,479,20447,9,2,2
2017-01-27,2003-11-06,SO62860,379,20447,9,1,1
2017-01-27,2003-12-04,SO62863,215,16161,9,3,1
2017-01-27,2003-12-20,SO62863,485,16161,9,2,1
2017-01-27,2003-10-03,SO62863,488,16161,9,4,1
2017-01-27,2003-10-05,SO62863,596,16161,9,1,1
2017-01-27,2003-10-13,SO62854,485,15023,1,2,2
2017-01-27,2003-10-20,SO62854,358,15023,1,1,1
2017-01-27,2003-11-19,SO62854,472,15023,1,3,1
2017-01-27,2003-10-14,SO62871,477,14186,7,3,2
2017-01-27,2003-12-31,SO62871,479,14186,7,2,2
2017-01-27,2003-12-14,SO62871,220,14186,7,4,1
2017-01-27,2003-12-19,SO62871,562,14186,7,1,1
2017-01-27,2003-10-05,SO62843,477,21836,8,1,2
2017-01-27,2003-11-29,SO62852,588,14610,1,1,1
2017-01-27,2003-11-23,SO62841,480,17758,8,3,2
2017-01-27,2003-12-10,SO62841,528,17758,8,2,2
2017-01-27,2003-10-15,SO62841,535,17758,8,1,2
2017-01-27,2003-11-21,SO62862,220,24478,9,2,1
2017-01-27,2003-11-29,SO62862,387,24478,9,1,1
2017-01-27,2003-10-30,SO62870,529,26949,10,2,2
2017-01-27,2003-10-15,SO62870,538,26949,10,3,2
2017-01-27,2003-11-18,SO62870,606,26949,10,1,1
2017-01-27,2003-12-16,SO62823,215,13983,9,1,1
2017-01-27,2003-12-13,SO62825,529,16442,8,3,2
2017-01-27,2003-12-19,SO62825,371,16442,8,1,1
2017-01-27,2003-12-04,SO62825,540,16442,8,2,1
2017-01-27,2003-12-04,SO62873,214,11765,9,2,1
2017-01-27,2004-01-12,SO62873,488,11765,9,3,1
2017-01-27,2003-11-09,SO62873,564,11765,9,1,1
2017-01-27,2003-12-08,SO62835,541,27290,1,1,2
2017-01-27,2003-11-22,SO62859,220,20430,9,2,1
2017-01-27,2003-12-04,SO62859,375,20430,9,1,1
2017-01-27,2004-01-12,SO62840,223,17837,8,3,3
2017-01-27,2003-12-20,SO62840,528,17837,8,2,3
2017-01-27,2003-11-30,SO62840,535,17837,8,1,2
2017-01-27,2003-10-06,SO62840,214,17837,8,4,1
2017-01-27,2003-11-07,SO62833,480,26636,1,3,3
2017-01-27,2003-10-24,SO62833,541,26636,1,1,3
2017-01-27,2003-11-07,SO62833,530,26636,1,2,1
2017-01-27,2003-10-29,SO62838,536,23491,1,1,3
2017-01-27,2003-10-29,SO62838,482,23491,1,3,2
2017-01-27,2004-01-02,SO62838,528,23491,1,2,2
2017-01-27,2003-10-06,SO62828,485,15623,7,3,2
2017-01-27,2004-01-10,SO62828,354,15623,7,1,1
2017-01-27,2003-11-25,SO62828,473,15623,7,2,1
2017-01-27,2003-11-16,SO62834,529,11276,6,2,2
2017-01-27,2003-12-27,SO62834,538,11276,6,1,2
2017-01-27,2003-11-21,SO62846,214,17710,10,2,1
2017-01-27,2003-10-08,SO62846,223,17710,10,3,1
2017-01-27,2003-12-21,SO62846,530,17710,10,1,1
2017-01-27,2003-12-12,SO62868,481,19704,6,4,3
2017-01-27,2003-11-08,SO62868,477,19704,6,3,2
2017-01-27,2003-10-27,SO62868,479,19704,6,2,2
2017-01-27,2003-09-29,SO62868,381,19704,6,1,1
2017-01-27,2003-10-17,SO62820,538,24382,9,1,2
2017-01-27,2003-11-19,SO62820,480,24382,9,2,1
2017-01-27,2004-01-09,SO62820,483,24382,9,3,1
2017-01-27,2003-11-11,SO62874,480,23098,9,3,2
2017-01-27,2003-12-09,SO62874,538,23098,9,2,2
2017-01-27,2003-10-27,SO62874,604,23098,9,1,1
2017-01-27,2003-10-06,SO62824,235,14233,9,1,1
2017-01-27,2003-11-12,SO62830,480,11024,4,2,2
2017-01-27,2003-10-29,SO62830,484,11024,4,3,2
2017-01-27,2003-11-14,SO62830,529,11024,4,1,2
2017-01-27,2003-12-28,SO62831,480,11619,6,3,2
2017-01-27,2004-01-04,SO62831,529,11619,6,2,2
2017-01-27,2003-10-27,SO62831,539,11619,6,1,2
2017-01-27,2003-11-13,SO62827,485,13557,10,2,3
2017-01-27,2003-11-10,SO62827,358,13557,10,1,1
2017-01-27,2003-12-23,SO62827,487,13557,10,3,1
2017-01-27,2003-10-01,SO62836,464,25894,4,2,2
2017-01-27,2003-11-13,SO62836,535,25894,4,1,2
2017-01-27,2003-12-06,SO62866,477,25863,1,2,3
2017-01-27,2003-10-06,SO62866,479,25863,1,3,3
2017-01-27,2003-11-23,SO62866,480,25863,1,4,3
2017-01-27,2003-11-27,SO62866,578,25863,1,1,1
2017-01-27,2004-01-06,SO62821,220,25110,9,2,1
2017-01-27,2003-10-29,SO62821,528,25110,9,1,1
2017-01-27,2003-10-29,SO62847,485,16666,6,1,2
2017-01-27,2003-10-25,SO62847,220,16666,6,2,1
2017-01-27,2003-12-04,SO62847,464,16666,6,3,1
2017-01-27,2003-11-21,SO62848,485,13228,4,1,2
2017-01-27,2003-11-22,SO62848,215,13228,4,2,1
2017-01-27,2003-10-23,SO62861,477,20253,9,2,2
2017-01-27,2003-11-06,SO62861,479,20253,9,3,2
2017-01-27,2003-10-11,SO62861,375,20253,9,1,1
2017-01-27,2003-10-11,SO62864,352,13160,9,1,1
2017-01-27,2003-11-17,SO62864,487,13160,9,2,1
2017-01-28,2003-10-14,SO62917,537,11205,1,1,1
2017-01-28,2003-11-25,SO62916,480,11229,4,3,2
2017-01-28,2003-10-13,SO62916,528,11229,4,2,2
2017-01-28,2003-12-10,SO62916,537,11229,4,1,1
2017-01-28,2003-10-26,SO62887,477,15084,8,3,3
2017-01-28,2003-12-18,SO62887,478,15084,8,2,2
2017-01-28,2003-10-16,SO62887,352,15084,8,1,1
2017-01-28,2003-11-16,SO62887,472,15084,8,4,1
2017-01-28,2003-11-19,SO62930,484,20456,9,2,3
2017-01-28,2003-11-11,SO62930,371,20456,9,1,1
2017-01-28,2003-12-28,SO62935,477,13955,9,4,2
2017-01-28,2003-12-18,SO62935,478,13955,9,2,2
2017-01-28,2003-10-13,SO62935,358,13955,9,1,1
2017-01-28,2003-10-28,SO62935,472,13955,9,3,1
2017-01-28,2003-11-04,SO62899,536,22237,4,1,2
2017-01-28,2003-11-05,SO62912,541,12554,10,1,2
2017-01-28,2004-01-12,SO62923,477,12110,4,3,2
2017-01-28,2003-10-17,SO62923,478,12110,4,2,2
2017-01-28,2003-10-21,SO62923,362,12110,4,1,1
2017-01-28,2003-12-09,SO62934,477,13630,9,5,2
2017-01-28,2003-10-29,SO62934,478,13630,9,4,2
2017-01-28,2004-01-05,SO62934,480,13630,9,6,2
2017-01-28,2003-10-25,SO62934,485,13630,9,3,2
2017-01-28,2003-12-10,SO62934,358,13630,9,1,1
2017-01-28,2003-11-28,SO62934,537,13630,9,2,1
2017-01-28,2003-12-26,SO62940,226,20526,4,2,1
2017-01-28,2003-12-18,SO62940,383,20526,4,1,1
2017-01-28,2004-01-01,SO62898,223,22360,1,5,2
2017-01-28,2004-01-01,SO62898,477,22360,1,3,2
2017-01-28,2003-11-22,SO62898,478,22360,1,4,2
2017-01-28,2003-11-04,SO62898,528,22360,1,2,2
2017-01-28,2003-11-07,SO62898,536,22360,1,1,2
2017-01-28,2003-10-03,SO62918,220,11729,1,3,1
2017-01-28,2003-12-06,SO62918,232,11729,1,4,1
2017-01-28,2003-10-26,SO62918,528,11729,1,2,1
2017-01-28,2003-10-09,SO62918,537,11729,1,1,1
2017-01-28,2003-12-15,SO62931,477,20608,9,2,2
2017-01-28,2003-11-05,SO62931,479,20608,9,3,2
2017-01-28,2003-11-10,SO62931,377,20608,9,1,1
2017-01-28,2003-12-09,SO62913,530,14528,8,1,3
2017-01-28,2003-09-30,SO62943,477,26966,10,3,2
2017-01-28,2003-11-07,SO62943,479,26966,10,2,2
2017-01-28,2003-11-26,SO62943,214,26966,10,4,1
2017-01-28,2003-10-15,SO62943,584,26966,10,1,1
2017-01-28,2003-10-31,SO62895,535,25956,1,1,1
2017-01-28,2003-10-05,SO62909,477,21821,8,1,3
2017-01-28,2003-10-14,SO62909,223,21821,8,3,2
2017-01-28,2003-10-17,SO62909,214,21821,8,2,1
2017-01-28,2003-12-18,SO62933,484,13620,9,4,2
2017-01-28,2003-12-09,SO62933,358,13620,9,1,1
2017-01-28,2003-11-06,SO62933,485,13620,9,2,1
2017-01-28,2004-01-03,SO62933,487,13620,9,3,1
2017-01-28,2003-12-13,SO62907,464,20582,7,5,3
2017-01-28,2004-01-12,SO62907,539,20582,7,1,2
2017-01-28,2003-10-13,SO62907,220,20582,7,3,1
2017-01-28,2003-12-12,SO62907,490,20582,7,4,1
2017-01-28,2003-10-01,SO62907,529,20582,7,2,1
2017-01-28,2003-10-26,SO62892,530,27204,4,1,3
2017-01-28,2003-10-29,SO62932,477,13133,9,3,3
2017-01-28,2003-10-10,SO62932,478,13133,9,2,2
2017-01-28,2003-12-30,SO62932,220,13133,9,4,1
2017-01-28,2003-10-22,SO62932,362,13133,9,1,1
2017-01-28,2003-10-05,SO62903,528,15773,4,1,2
2017-01-28,2003-11-18,SO62903,214,15773,4,2,1
2017-01-28,2003-10-20,SO62903,466,15773,4,3,1
2017-01-28,2004-01-12,SO62936,223,26070,4,2,2
2017-01-28,2004-01-08,SO62936,564,26070,4,1,1
2017-01-28,2003-10-30,SO62901,477,12182,6,1,3
2017-01-28,2003-12-11,SO62919,462,12195,4,3,2
2017-01-28,2003-10-17,SO62919,485,12195,4,2,2
2017-01-28,2003-11-26,SO62919,214,12195,4,4,1
2017-01-28,2003-10-17,SO62919,537,12195,4,1,1
2017-01-28,2003-12-06,SO62906,535,17853,8,2,3
2017-01-28,2003-12-29,SO62906,528,17853,8,1,2
2017-01-28,2003-11-19,SO62876,220,11300,6,1,1
2017-01-28,2003-10-29,SO62896,528,11300,6,1,2
2017-01-28,2003-12-16,SO62896,535,11300,6,2,2
2017-01-28,2004-01-01,SO62896,471,11300,6,5,1
2017-01-28,2003-11-28,SO62896,477,11300,6,3,1
2017-01-28,2003-11-07,SO62896,478,11300,6,4,1
2017-01-28,2003-11-11,SO62942,215,17533,1,2,1
2017-01-28,2003-10-15,SO62942,580,17533,1,1,1
2017-01-28,2003-10-05,SO62945,530,25744,8,3,3
2017-01-28,2003-11-27,SO62945,480,25744,8,4,2
2017-01-28,2003-10-22,SO62945,484,25744,8,5,2
2017-01-28,2003-11-27,SO62945,541,25744,8,2,2
2017-01-28,2003-11-17,SO62945,574,25744,8,1,1
2017-01-28,2003-12-13,SO62875,462,11223,6,4,2
2017-01-28,2003-12-14,SO62875,477,11223,6,2,2
2017-01-28,2004-01-02,SO62875,479,11223,6,1,2
2017-01-28,2004-01-03,SO62875,229,11223,6,3,1
2017-01-28,2003-12-12,SO62880,480,17236,9,2,2
2017-01-28,2003-11-04,SO62880,536,17236,9,1,2
2017-01-28,2003-10-04,SO62882,477,22922,9,1,2
2017-01-28,2003-11-28,SO62882,482,22922,9,3,2
2017-01-28,2003-11-28,SO62882,487,22922,9,2,1
2017-01-28,2003-12-18,SO62905,481,14035,4,3,3
2017-01-28,2004-01-11,SO62905,485,14035,4,1,2
2017-01-28,2003-10-04,SO62905,214,14035,4,2,1
2017-01-28,2003-10-03,SO62889,235,11507,6,1,1
2017-01-28,2003-12-19,SO62878,481,15132,9,4,2
2017-01-28,2003-10-29,SO62878,529,15132,9,1,2
2017-01-28,2003-10-03,SO62878,539,15132,9,2,2
2017-01-28,2003-12-07,SO62878,487,15132,9,3,1
2017-01-28,2003-11-12,SO62915,528,11285,4,1,3
2017-01-28,2004-01-05,SO62915,485,11285,4,3,2
2017-01-28,2003-12-05,SO62915,472,11285,4,4,1
2017-01-28,2003-12-05,SO62915,537,11285,4,2,1
2017-01-28,2003-11-07,SO62914,480,17087,10,3,2
2017-01-28,2003-10-02,SO62914,530,17087,10,1,2
2017-01-28,2003-12-12,SO62914,487,17087,10,2,1
2017-01-28,2003-10-12,SO62939,232,20481,4,2,1
2017-01-28,2003-11-26,SO62939,383,20481,4,1,1
2017-01-28,2003-10-12,SO62885,375,24053,8,1,1
2017-01-28,2003-10-28,SO62890,235,11848,1,1,1
2017-01-28,2003-12-24,SO62938,477,23204,1,2,2
2017-01-28,2003-11-03,SO62938,223,23204,1,4,1
2017-01-28,2003-12-16,SO62938,479,23204,1,3,1
2017-01-28,2003-11-05,SO62938,604,23204,1,1,1
2017-01-28,2004-01-04,SO62886,477,12219,7,3,2
2017-01-28,2003-10-26,SO62886,478,12219,7,2,2
2017-01-28,2003-10-17,SO62886,352,12219,7,1,1
2017-01-28,2003-11-27,SO62886,489,12219,7,4,1
2017-01-28,2003-10-29,SO62908,478,13664,10,1,3
2017-01-28,2003-12-18,SO62908,477,13664,10,2,2
2017-01-28,2003-12-28,SO62925,352,14477,4,1,1
2017-01-28,2003-10-29,SO62925,485,14477,4,2,1
2017-01-28,2003-10-01,SO62902,477,16644,4,1,2
2017-01-28,2003-10-09,SO62941,482,19829,6,4,2
2017-01-28,2003-11-15,SO62941,529,19829,6,2,2
2017-01-28,2003-09-30,SO62941,539,19829,6,3,2
2017-01-28,2003-10-02,SO62941,385,19829,6,1,1
2017-01-28,2003-12-14,SO62922,484,14640,6,4,2
2017-01-28,2003-10-21,SO62922,528,14640,6,2,2
2017-01-28,2003-10-26,SO62922,536,14640,6,3,2
2017-01-28,2003-12-07,SO62922,590,14640,6,1,1
2017-01-28,2003-10-07,SO62920,229,12545,10,1,1
2017-01-28,2003-11-10,SO62877,214,28591,4,1,1
2017-01-28,2003-12-09,SO62921,214,11573,10,1,1
2017-01-28,2003-11-25,SO62888,480,11620,1,1,2
2017-01-28,2003-12-06,SO62910,529,18007,10,1,2
2017-01-28,2003-11-10,SO62910,214,18007,10,2,1
2017-01-28,2003-11-08,SO62924,485,14472,4,2,3
2017-01-28,2003-10-25,SO62924,480,14472,4,3,2
2017-01-28,2003-10-26,SO62924,356,14472,4,1,1
2017-01-28,2003-10-31,SO62924,486,14472,4,4,1
2017-01-28,2003-11-10,SO62926,220,11334,10,2,1
2017-01-28,2003-12-07,SO62926,562,11334,10,1,1
2017-01-28,2003-10-20,SO62891,539,28994,4,1,2
2017-01-28,2003-11-30,SO62944,479,13540,8,2,2
2017-01-28,2003-11-23,SO62944,584,13540,8,1,1
2017-01-28,2003-10-08,SO62883,476,13159,9,1,1
2017-01-28,2004-01-12,SO62883,491,13159,9,2,1
2017-01-28,2003-10-29,SO62911,530,16321,10,1,2
2017-01-28,2003-11-28,SO62911,215,16321,10,2,1
2017-01-28,2003-12-14,SO62911,229,16321,10,3,1
2017-01-28,2004-01-13,SO62897,528,24227,4,1,2
2017-01-28,2003-10-19,SO62897,536,24227,4,2,2
2017-01-28,2003-11-06,SO62893,480,26454,1,2,2
2017-01-28,2003-12-12,SO62893,535,26454,1,1,2
2017-01-28,2003-11-25,SO62879,529,15123,9,2,3
2017-01-28,2003-11-16,SO62879,480,15123,9,3,2
2017-01-28,2003-11-11,SO62879,539,15123,9,1,2
2017-01-28,2003-12-16,SO62900,476,19694,1,1,1
2017-01-28,2003-10-06,SO62884,528,25825,9,1,2
2017-01-28,2003-12-02,SO62937,214,23269,4,2,1
2017-01-28,2003-12-30,SO62937,604,23269,4,1,1
2017-01-28,2003-11-30,SO62928,214,16199,8,2,1
2017-01-28,2003-11-21,SO62928,576,16199,8,1,1
2017-01-28,2003-10-14,SO62904,484,14000,1,3,2
2017-01-28,2003-12-11,SO62904,485,14000,1,1,2
2017-01-28,2003-10-25,SO62904,487,14000,1,2,1
2017-01-28,2003-10-20,SO62881,528,21890,9,1,2
2017-01-28,2003-12-10,SO62881,537,21890,9,2,1
2017-01-28,2003-10-28,SO62929,529,23421,9,2,2
2017-01-28,2003-11-16,SO62929,539,23421,9,3,2
2017-01-28,2004-01-04,SO62929,215,23421,9,4,1
2017-01-28,2003-10-16,SO62929,583,23421,9,1,1
2017-01-28,2003-10-30,SO62894,530,26803,4,2,2
2017-01-28,2003-11-18,SO62894,541,26803,4,1,2
2017-01-28,2004-01-02,SO62894,487,26803,4,3,1
2017-01-29,2003-11-16,SO63002,538,23323,9,2,3
2017-01-29,2003-11-12,SO63002,480,23323,9,3,1
2017-01-29,2003-11-11,SO63002,605,23323,9,1,1
2017-01-29,2003-10-12,SO62992,387,25225,9,1,1
2017-01-29,2003-10-09,SO62992,479,25225,9,2,1
2017-01-29,2003-12-06,SO62946,214,11960,1,1,1
2017-01-29,2003-12-10,SO62986,528,14411,1,3,2
2017-01-29,2003-12-22,SO62986,356,14411,1,1,1
2017-01-29,2004-01-09,SO62986,537,14411,1,2,1
2017-01-29,2003-11-24,SO62960,529,27433,4,2,2
2017-01-29,2003-10-15,SO62960,538,27433,4,1,2
2017-01-29,2003-12-03,SO62960,480,27433,4,3,1
2017-01-29,2004-01-11,SO62976,529,24080,8,1,2
2017-01-29,2003-11-13,SO62976,226,24080,8,2,1
2017-01-29,2003-10-14,SO62967,528,22371,6,1,2
2017-01-29,2003-10-24,SO62967,215,22371,6,2,1
2017-01-29,2003-12-17,SO62948,215,15803,9,1,1
2017-01-29,2003-12-11,SO62991,379,20611,9,1,1
2017-01-29,2004-01-07,SO62947,477,15261,9,2,2
2017-01-29,2004-01-12,SO62947,478,15261,9,1,2
2017-01-29,2003-10-14,SO62947,480,15261,9,3,2
2017-01-29,2003-10-04,SO62998,220,11547,7,2,1
2017-01-29,2003-10-20,SO62998,605,11547,7,1,1
2017-01-29,2004-01-12,SO62969,477,16765,1,1,2
2017-01-29,2003-12-28,SO62952,478,17890,10,3,2
2017-01-29,2003-10-19,SO62952,485,17890,10,2,2
2017-01-29,2003-11-18,SO62952,600,17890,10,1,1
2017-01-29,2003-11-20,SO62993,606,22862,4,1,1
2017-01-29,2004-01-01,SO62959,538,27639,1,1,2
2017-01-29,2003-10-27,SO62957,489,11287,6,1,1
2017-01-29,2004-01-04,SO62966,466,29047,6,3,2
2017-01-29,2003-12-04,SO62966,485,29047,6,2,2
2017-01-29,2003-11-26,SO62966,528,29047,6,1,2
2017-01-29,2003-10-10,SO62975,477,21844,8,1,2
2017-01-29,2003-12-11,SO62975,215,21844,8,2,1
2017-01-29,2003-10-08,SO62999,485,11359,9,2,2
2017-01-29,2003-12-29,SO62999,214,11359,9,3,1
2017-01-29,2003-11-05,SO62999,587,11359,9,1,1
2017-01-29,2004-01-03,SO62961,529,11200,6,2,2
2017-01-29,2003-12-02,SO62961,540,11200,6,1,1
2017-01-29,2003-11-28,SO62985,358,12785,6,1,1
2017-01-29,2003-10-09,SO62955,480,19323,7,3,2
2017-01-29,2003-10-10,SO62955,536,19323,7,2,2
2017-01-29,2003-12-29,SO62955,587,19323,7,1,1
2017-01-29,2003-10-27,SO62980,478,13594,8,1,2
2017-01-29,2003-12-01,SO62980,220,13594,8,2,1
2017-01-29,2003-10-23,SO62977,484,20827,7,2,2
2017-01-29,2003-11-20,SO62977,529,20827,7,1,2
2017-01-29,2003-12-20,SO62973,480,20143,8,2,3
2017-01-29,2003-12-13,SO62973,536,20143,8,1,2
2017-01-29,2003-11-21,SO62964,232,19777,4,2,1
2017-01-29,2003-11-21,SO62964,475,19777,4,1,1
2017-01-29,2003-10-13,SO62968,477,25349,6,1,2
2017-01-29,2003-11-10,SO62994,464,23216,4,5,2
2017-01-29,2003-12-24,SO62994,477,23216,4,2,2
2017-01-29,2003-12-17,SO62994,479,23216,4,3,2
2017-01-29,2003-11-07,SO62994,215,23216,4,4,1
2017-01-29,2003-12-13,SO62994,606,23216,4,1,1
2017-01-29,2003-11-21,SO62949,235,17228,9,1,1
2017-01-29,2003-11-30,SO62997,226,17034,6,2,1
2017-01-29,2003-10-27,SO62997,581,17034,6,1,1
2017-01-29,2003-10-25,SO62981,223,14745,6,4,2
2017-01-29,2004-01-05,SO62981,475,14745,6,2,1
2017-01-29,2003-10-10,SO62981,490,14745,6,3,1
2017-01-29,2003-10-26,SO62981,587,14745,6,1,1
2017-01-29,2003-11-07,SO62996,480,17497,4,4,3
2017-01-29,2003-12-07,SO62996,477,17497,4,3,2
2017-01-29,2003-12-23,SO62996,479,17497,4,2,2
2017-01-29,2003-11-25,SO62996,581,17497,4,1,1
2017-01-29,2003-11-13,SO62978,530,14804,10,1,2
2017-01-29,2003-10-28,SO62978,541,14804,10,2,2
2017-01-29,2003-12-12,SO62978,214,14804,10,3,1
2017-01-29,2003-11-16,SO62983,528,14481,1,3,3
2017-01-29,2004-01-10,SO62983,354,14481,1,1,1
2017-01-29,2003-10-24,SO62983,537,14481,1,2,1
2017-01-29,2003-12-19,SO62958,529,11176,6,1,3
2017-01-29,2003-12-23,SO62958,480,11176,6,2,2
2017-01-29,2003-12-12,SO62988,489,11433,7,2,1
2017-01-29,2003-12-23,SO62988,579,11433,7,1,1
2017-01-29,2003-10-15,SO62987,541,25745,8,2,3
2017-01-29,2003-12-18,SO62987,487,25745,8,4,1
2017-01-29,2003-11-22,SO62987,530,25745,8,3,1
2017-01-29,2004-01-04,SO62987,562,25745,8,1,1
2017-01-29,2003-12-19,SO62989,226,15032,9,2,1
2017-01-29,2004-01-13,SO62989,581,15032,9,1,1
2017-01-29,2003-11-18,SO62979,528,13988,6,2,2
2017-01-29,2003-10-13,SO62979,215,13988,6,3,1
2017-01-29,2003-11-10,SO62979,537,13988,6,1,1
2017-01-29,2003-12-22,SO62984,477,12118,4,5,2
2017-01-29,2003-10-11,SO62984,478,12118,4,4,2
2017-01-29,2004-01-13,SO62984,485,12118,4,3,2
2017-01-29,2003-11-16,SO62984,226,12118,4,6,1
2017-01-29,2003-11-22,SO62984,358,12118,4,1,1
2017-01-29,2003-10-04,SO62984,481,12118,4,7,1
2017-01-29,2003-11-11,SO62984,537,12118,4,2,1
2017-01-29,2003-10-16,SO62965,478,20501,1,1,3
2017-01-29,2003-10-25,SO62965,487,20501,1,2,1
2017-01-29,2003-10-10,SO62974,480,21543,7,3,2
2017-01-29,2003-11-09,SO62974,528,21543,7,1,2
2017-01-29,2003-11-06,SO62974,536,21543,7,2,2
2017-01-29,2004-01-06,SO62962,528,22724,4,2,3
2017-01-29,2003-11-27,SO62962,536,22724,4,1,2
2017-01-29,2003-11-06,SO62962,220,22724,4,3,1
2017-01-29,2003-12-02,SO62970,480,26527,6,3,2
2017-01-29,2003-11-07,SO62970,485,26527,6,2,2
2017-01-29,2003-10-24,SO62970,528,26527,6,1,2
2017-01-29,2003-11-16,SO62950,530,19622,9,2,3
2017-01-29,2003-12-01,SO62950,480,19622,9,3,2
2017-01-29,2003-11-06,SO62950,541,19622,9,1,1
2017-01-29,2003-10-27,SO62951,223,17892,10,3,2
2017-01-29,2003-12-02,SO62951,485,17892,10,2,2
2017-01-29,2003-10-07,SO62951,215,17892,10,4,1
2017-01-29,2003-10-02,SO62951,598,17892,10,1,1
2017-01-29,2003-12-28,SO62990,214,23435,9,2,1
2017-01-29,2003-10-02,SO62990,583,23435,9,1,1
2017-01-29,2004-01-03,SO62982,477,14603,4,3,2
2017-01-29,2003-12-19,SO62982,478,14603,4,2,2
2017-01-29,2003-12-14,SO62982,356,14603,4,1,1
2017-01-29,2004-01-01,SO63000,479,28353,9,2,3
2017-01-29,2003-12-07,SO63000,584,28353,9,1,1
2017-01-29,2003-12-02,SO62954,529,28902,8,2,2
2017-01-29,2003-11-15,SO62954,232,28902,8,4,1
2017-01-29,2003-12-24,SO62954,371,28902,8,1,1
2017-01-29,2003-10-05,SO62954,540,28902,8,3,1
2017-01-29,2004-01-10,SO62963,477,21303,4,1,2
2017-01-29,2004-01-11,SO62963,478,21303,4,2,1
2017-01-29,2003-11-29,SO62963,489,21303,4,3,1
2017-01-29,2004-01-07,SO62972,462,14787,10,2,2
2017-01-29,2004-01-09,SO62972,476,14787,10,1,1
2017-01-29,2003-12-02,SO62956,482,13840,7,3,2
2017-01-29,2003-12-17,SO62956,232,13840,7,2,1
2017-01-29,2003-10-17,SO62956,589,13840,7,1,1
2017-01-29,2003-12-16,SO62971,485,20341,6,1,2
2017-01-29,2003-11-26,SO62971,214,20341,6,2,1
2017-01-29,2003-12-09,SO62953,373,20048,10,1,1
2017-01-29,2003-10-04,SO63001,466,23322,9,3,2
2017-01-29,2003-10-03,SO63001,215,23322,9,2,1
2017-01-29,2003-12-01,SO63001,606,23322,9,1,1
2017-01-29,2004-01-03,SO62995,529,22718,4,3,2
2017-01-29,2003-11-23,SO62995,538,22718,4,2,2
2017-01-29,2003-12-03,SO62995,214,22718,4,4,1
2017-01-29,2003-12-28,SO62995,584,22718,4,1,1
2017-01-30,2003-10-25,SO63056,229,17565,1,2,1
2017-01-30,2003-12-07,SO63056,581,17565,1,1,1
2017-01-30,2003-11-29,SO63010,477,23654,9,1,3
2017-01-30,2003-12-13,SO63010,487,23654,9,2,1
2017-01-30,2003-12-08,SO63027,477,14358,1,4,2
2017-01-30,2003-12-15,SO63027,478,14358,1,2,2
2017-01-30,2004-01-03,SO63027,223,14358,1,3,1
2017-01-30,2004-01-14,SO63027,485,14358,1,1,1
2017-01-30,2003-10-27,SO63050,215,26618,4,2,1
2017-01-30,2003-10-21,SO63050,570,26618,4,1,1
2017-01-30,2003-12-04,SO63022,477,22069,4,2,2
2017-01-30,2003-10-04,SO63022,478,22069,4,1,2
2017-01-30,2003-10-31,SO63022,484,22069,4,3,2
2017-01-30,2003-10-23,SO63048,541,26977,8,2,2
2017-01-30,2004-01-02,SO63048,220,26977,8,4,1
2017-01-30,2003-11-17,SO63048,530,26977,8,3,1
2017-01-30,2003-10-24,SO63048,579,26977,8,1,1
2017-01-30,2003-11-01,SO63060,462,23316,9,4,2
2017-01-30,2003-11-14,SO63060,214,23316,9,2,1
2017-01-30,2004-01-07,SO63060,490,23316,9,3,1
2017-01-30,2003-11-18,SO63060,605,23316,9,1,1
2017-01-30,2003-10-26,SO63026,484,15202,4,2,2
2017-01-30,2003-12-18,SO63026,528,15202,4,1,2
2017-01-30,2003-12-05,SO63039,477,14184,10,1,2
2017-01-30,2004-01-11,SO63039,478,14184,10,2,2
2017-01-30,2003-11-16,SO63039,489,14184,10,3,1
2017-01-30,2003-10-11,SO63015,478,12254,7,2,2
2017-01-30,2004-01-13,SO63015,220,12254,7,3,1
2017-01-30,2003-10-06,SO63015,226,12254,7,4,1
2017-01-30,2003-12-28,SO63015,358,12254,7,1,1
2017-01-30,2003-11-13,SO63029,528,23476,6,1,1
2017-01-30,2003-12-04,SO63047,477,17198,8,3,2
2017-01-30,2004-01-08,SO63047,479,17198,8,2,1
2017-01-30,2004-01-15,SO63047,561,17198,8,1,1
2017-01-30,2004-01-10,SO63021,528,23864,4,2,3
2017-01-30,2003-12-02,SO63021,536,23864,4,1,3
2017-01-30,2003-12-14,SO63021,232,23864,4,3,1
2017-01-30,2003-10-31,SO63044,485,12435,4,2,2
2017-01-30,2003-12-12,SO63044,354,12435,4,1,1
2017-01-30,2003-10-26,SO63059,538,23313,9,2,3
2017-01-30,2003-11-12,SO63059,529,23313,9,3,2
2017-01-30,2003-11-07,SO63059,486,23313,9,4,1
2017-01-30,2003-10-26,SO63059,604,23313,9,1,1
2017-01-30,2003-10-17,SO63051,481,26011,4,2,2
2017-01-30,2003-10-26,SO63051,561,26011,4,1,1
2017-01-30,2003-11-30,SO63017,477,15117,8,3,2
2017-01-30,2003-11-25,SO63017,478,15117,8,2,2
2017-01-30,2003-10-11,SO63017,215,15117,8,4,1
2017-01-30,2003-11-21,SO63017,232,15117,8,5,1
2017-01-30,2003-12-19,SO63017,362,15117,8,1,1
2017-01-30,2003-11-20,SO63049,480,29167,1,4,2
2017-01-30,2003-10-20,SO63049,484,29167,1,5,2
2017-01-30,2003-11-13,SO63049,530,29167,1,3,2
2017-01-30,2003-10-25,SO63049,541,29167,1,2,2
2017-01-30,2003-12-12,SO63049,565,29167,1,1,1
2017-01-30,2003-10-29,SO63052,563,26042,4,1,1
2017-01-30,2003-12-08,SO63014,528,20930,8,2,2
2017-01-30,2003-12-07,SO63014,536,20930,8,3,2
2017-01-30,2003-10-08,SO63014,589,20930,8,1,1
2017-01-30,2004-01-07,SO63058,223,11761,9,1,2
2017-01-30,2003-12-28,SO63058,576,11761,9,2,1
2017-01-30,2003-12-28,SO63023,477,20474,1,2,2
2017-01-30,2003-10-16,SO63023,478,20474,1,1,2
2017-01-30,2003-11-02,SO63023,215,20474,1,3,1
2017-01-30,2003-12-11,SO63019,480,15507,6,3,2
2017-01-30,2004-01-06,SO63019,529,15507,6,1,2
2017-01-30,2003-12-07,SO63019,540,15507,6,2,1
2017-01-30,2003-12-07,SO63054,529,22753,1,2,2
2017-01-30,2003-12-08,SO63054,538,22753,1,3,2
2017-01-30,2003-11-25,SO63054,486,22753,1,4,1
2017-01-30,2003-12-13,SO63054,606,22753,1,1,1
2017-01-30,2003-12-20,SO63003,223,11287,6,1,2
2017-01-30,2003-12-04,SO63007,539,15715,9,1,2
2017-01-30,2003-10-18,SO63035,529,24129,8,1,2
2017-01-30,2003-11-18,SO63040,223,13505,10,4,2
2017-01-30,2004-01-08,SO63040,477,13505,10,2,2
2017-01-30,2004-01-01,SO63040,478,13505,10,1,2
2017-01-30,2004-01-01,SO63040,220,13505,10,3,1
2017-01-30,2003-11-13,SO63038,215,11803,1,3,1
2017-01-30,2003-12-11,SO63038,473,11803,1,4,1
2017-01-30,2003-11-02,SO63038,485,11803,1,2,1
2017-01-30,2003-12-22,SO63038,537,11803,1,1,1
2017-01-30,2003-12-23,SO63045,485,12783,6,4,2
2017-01-30,2003-10-08,SO63045,528,12783,6,3,2
2017-01-30,2003-11-13,SO63045,360,12783,6,1,1
2017-01-30,2004-01-09,SO63045,473,12783,6,5,1
2017-01-30,2003-11-08,SO63045,537,12783,6,2,1
2017-01-30,2003-11-13,SO63046,358,14392,1,1,1
2017-01-30,2003-11-05,SO63006,539,15234,9,1,3
2017-01-30,2003-12-20,SO63008,539,14019,9,1,2
2017-01-30,2004-01-05,SO63018,480,27679,1,2,2
2017-01-30,2003-12-11,SO63018,484,27679,1,3,2
2017-01-30,2003-12-03,SO63018,538,27679,1,1,2
2017-01-30,2003-10-07,SO63043,484,12121,1,4,2
2017-01-30,2004-01-07,SO63043,528,12121,1,2,2
2017-01-30,2003-12-24,SO63043,354,12121,1,1,1
2017-01-30,2003-10-05,SO63043,537,12121,1,3,1
2017-01-30,2003-11-27,SO63028,485,13931,1,1,3
2017-01-30,2003-12-04,SO63055,220,20459,4,2,1
2017-01-30,2003-12-30,SO63055,389,20459,4,1,1
2017-01-30,2003-10-29,SO63009,536,21221,9,1,1
2017-01-30,2003-10-18,SO63041,223,12260,10,1,2
2017-01-30,2003-11-12,SO63041,232,12260,10,2,1
2017-01-30,2003-11-26,SO63012,223,17333,9,1,2
2017-01-30,2003-11-17,SO63005,529,14854,9,2,2
2017-01-30,2003-12-14,SO63005,539,14854,9,1,2
2017-01-30,2003-11-15,SO63005,220,14854,9,3,1
2017-01-30,2003-10-30,SO63031,477,19273,7,1,2
2017-01-30,2004-01-15,SO63031,220,19273,7,2,1
2017-01-30,2003-10-14,SO63020,528,12107,6,2,2
2017-01-30,2003-11-23,SO63020,536,12107,6,1,2
2017-01-30,2003-12-13,SO63025,480,16010,4,2,2
2017-01-30,2004-01-12,SO63025,528,16010,4,1,2
2017-01-30,2003-10-21,SO63037,223,22325,10,1,3
2017-01-30,2004-01-02,SO63037,530,22325,10,2,2
2017-01-30,2003-10-08,SO63024,462,18921,1,2,2
2017-01-30,2003-11-23,SO63024,476,18921,1,1,1
2017-01-30,2003-12-26,SO63032,530,26380,7,1,2
2017-01-30,2003-12-22,SO63032,541,26380,7,2,2
2017-01-30,2003-10-10,SO63013,464,12006,9,1,3
2017-01-30,2003-11-24,SO63036,480,11509,4,2,2
2017-01-30,2003-11-03,SO63036,486,11509,4,3,1
2017-01-30,2003-10-15,SO63036,537,11509,4,1,1
2017-01-30,2003-11-10,SO63030,528,19927,10,1,2
2017-01-30,2003-11-22,SO63034,480,25533,8,3,2
2017-01-30,2004-01-03,SO63034,529,25533,8,1,2
2017-01-30,2003-11-02,SO63034,538,25533,8,2,2
2017-01-30,2003-11-11,SO63057,223,25742,8,4,2
2017-01-30,2003-11-02,SO63057,541,25742,8,2,2
2017-01-30,2003-12-12,SO63057,214,25742,8,5,1
2017-01-30,2003-10-03,SO63057,530,25742,8,3,1
2017-01-30,2003-12-17,SO63057,574,25742,8,1,1
2017-01-30,2003-12-17,SO63004,535,13138,9,1,2
2017-01-30,2003-11-23,SO63053,479,24653,1,2,1
2017-01-30,2003-12-16,SO63053,563,24653,1,1,1
2017-01-30,2003-10-16,SO63011,480,11757,9,2,2
2017-01-30,2003-12-23,SO63011,529,11757,9,1,2
2017-01-30,2003-10-14,SO63016,362,12220,7,1,1
2017-01-30,2003-10-17,SO63016,485,12220,7,2,1
2017-01-30,2003-10-30,SO63016,487,12220,7,3,1
2017-01-30,2003-11-17,SO63033,529,22511,7,2,2
2017-01-30,2003-11-30,SO63033,538,22511,7,1,2
2017-01-30,2003-10-19,SO63033,487,22511,7,3,1
2017-01-30,2003-10-27,SO63042,360,12120,1,1,1
2017-01-30,2003-10-20,SO63042,537,12120,1,2,1
2017-01-31,2003-12-19,SO63069,478,12275,8,2,2
2017-01-31,2003-12-11,SO63069,360,12275,8,1,1
2017-01-31,2003-11-25,SO63069,477,12275,8,3,1
2017-01-31,2003-12-23,SO63069,488,12275,8,4,1
2017-01-31,2003-10-24,SO63106,539,25029,9,2,3
2017-01-31,2003-11-19,SO63106,480,25029,9,4,2
2017-01-31,2003-11-08,SO63106,529,25029,9,3,2
2017-01-31,2003-11-22,SO63106,381,25029,9,1,1
2017-01-31,2003-11-30,SO63106,483,25029,9,5,1
2017-01-31,2003-10-03,SO63089,528,17846,7,2,2
2017-01-31,2003-12-18,SO63089,536,17846,7,1,2
2017-01-31,2003-12-11,SO63089,214,17846,7,3,1
2017-01-31,2003-11-11,SO63081,536,18081,6,1,2
2017-01-31,2003-11-11,SO63115,223,11096,9,1,1
2017-01-31,2003-12-15,SO63115,564,11096,9,2,1
2017-01-31,2003-12-16,SO63070,535,14997,8,2,2
2017-01-31,2003-12-25,SO63070,599,14997,8,1,1
2017-01-31,2003-12-15,SO63080,223,21799,1,3,2
2017-01-31,2003-11-23,SO63080,477,21799,1,2,2
2017-01-31,2003-10-05,SO63080,478,21799,1,1,2
2017-01-31,2003-10-12,SO63112,477,20436,4,2,2
2017-01-31,2003-12-11,SO63112,381,20436,4,1,1
2017-01-31,2003-11-11,SO63112,479,20436,4,3,1
2017-01-31,2003-11-27,SO63072,223,11185,6,2,2
2017-01-31,2003-12-22,SO63072,488,11185,6,1,1
2017-01-31,2003-12-17,SO63095,528,11821,4,2,3
2017-01-31,2003-10-16,SO63095,462,11821,4,5,2
2017-01-31,2003-10-03,SO63095,477,11821,4,6,2
2017-01-31,2003-10-13,SO63095,478,11821,4,4,2
2017-01-31,2003-12-31,SO63095,485,11821,4,3,2
2017-01-31,2003-11-28,SO63095,537,11821,4,1,1
2017-01-31,2004-01-10,SO63105,389,25228,9,1,1
2017-01-31,2004-01-07,SO63108,528,13113,9,3,2
2017-01-31,2003-10-09,SO63108,356,13113,9,1,1
2017-01-31,2003-10-22,SO63108,537,13113,9,2,1
2017-01-31,2003-12-11,SO63113,389,27902,8,1,1
2017-01-31,2003-10-17,SO63113,488,27902,8,2,1
2017-01-31,2003-12-23,SO63102,577,25594,7,1,1
2017-01-31,2003-12-07,SO63079,482,23197,4,2,2
2017-01-31,2003-11-30,SO63079,536,23197,4,1,2
2017-01-31,2003-10-31,SO63110,484,13616,9,3,2
2017-01-31,2003-11-12,SO63110,485,13616,9,2,2
2017-01-31,2003-12-03,SO63110,352,13616,9,1,1
2017-01-31,2004-01-15,SO63063,223,23122,9,2,2
2017-01-31,2003-12-02,SO63063,477,23122,9,1,1
2017-01-31,2003-11-29,SO63082,478,21312,1,1,2
2017-01-31,2003-12-05,SO63082,214,21312,1,2,1
2017-01-31,2003-11-18,SO63082,229,21312,1,3,1
2017-01-31,2003-12-09,SO63098,462,19722,4,3,2
2017-01-31,2004-01-01,SO63098,485,19722,4,2,2
2017-01-31,2004-01-13,SO63098,598,19722,4,1,1
2017-01-31,2003-12-09,SO63092,538,28459,10,1,2
2017-01-31,2003-12-31,SO63065,223,20153,9,2,2
2017-01-31,2003-11-25,SO63065,477,20153,9,1,2
2017-01-31,2004-01-10,SO63076,482,24401,4,3,2
2017-01-31,2003-12-07,SO63076,529,24401,4,1,2
2017-01-31,2003-10-23,SO63076,540,24401,4,2,1
2017-01-31,2003-12-26,SO63088,481,15245,4,1,2
2017-01-31,2003-10-31,SO63088,485,15245,4,2,1
2017-01-31,2003-11-08,SO63064,477,28306,9,1,2
2017-01-31,2003-10-06,SO63074,223,27209,4,2,2
2017-01-31,2003-11-18,SO63074,530,27209,4,1,2
2017-01-31,2003-10-15,SO63086,235,14376,1,2,1
2017-01-31,2003-11-03,SO63086,485,14376,1,1,1
2017-01-31,2003-11-01,SO63084,477,27061,6,1,3
2017-01-31,2004-01-08,SO63090,477,12748,7,1,2
2017-01-31,2003-10-08,SO63090,478,12748,7,2,2
2017-01-31,2003-10-23,SO63090,214,12748,7,3,1
2017-01-31,2003-10-20,SO63087,485,13861,1,1,2
2017-01-31,2003-10-18,SO63077,215,12056,6,3,1
2017-01-31,2003-12-06,SO63077,528,12056,6,1,1
2017-01-31,2003-11-06,SO63077,536,12056,6,2,1
2017-01-31,2003-10-24,SO63116,466,11754,9,3,3
2017-01-31,2003-12-18,SO63116,215,11754,9,2,1
2017-01-31,2003-12-09,SO63116,574,11754,9,1,1
2017-01-31,2003-10-15,SO63099,223,28489,8,2,3
2017-01-31,2003-12-06,SO63099,215,28489,8,3,1
2017-01-31,2003-11-21,SO63099,586,28489,8,1,1
2017-01-31,2003-12-08,SO63075,540,24951,4,1,1
2017-01-31,2004-01-03,SO63118,606,27517,9,1,1
2017-01-31,2003-12-27,SO63078,536,23292,1,1,2
2017-01-31,2003-12-08,SO63078,528,23292,1,2,1
2017-01-31,2004-01-09,SO63071,464,11722,1,2,2
2017-01-31,2003-12-09,SO63071,489,11722,1,1,1
2017-01-31,2003-10-20,SO63097,478,15953,4,2,2
2017-01-31,2004-01-01,SO63097,595,15953,4,1,1
2017-01-31,2003-12-23,SO63111,541,24668,4,2,3
2017-01-31,2003-11-01,SO63111,530,24668,4,3,2
2017-01-31,2004-01-10,SO63111,487,24668,4,4,1
2017-01-31,2004-01-02,SO63111,564,24668,4,1,1
2017-01-31,2004-01-11,SO63107,215,25133,9,2,1
2017-01-31,2003-12-05,SO63107,381,25133,9,1,1
2017-01-31,2003-11-29,SO63114,466,22484,7,4,2
2017-01-31,2003-10-29,SO63114,529,22484,7,2,2
2017-01-31,2003-12-12,SO63114,538,22484,7,3,1
2017-01-31,2003-10-18,SO63114,604,22484,7,1,1
2017-01-31,2003-12-13,SO63104,381,24503,9,1,1
2017-01-31,2003-11-01,SO63104,491,24503,9,2,1
2017-01-31,2003-10-17,SO63062,484,19972,9,4,3
2017-01-31,2003-12-01,SO63062,529,19972,9,1,3
2017-01-31,2003-11-21,SO63062,480,19972,9,3,2
2017-01-31,2003-12-14,SO63062,538,19972,9,2,2
2017-01-31,2004-01-13,SO63109,478,13126,9,2,2
2017-01-31,2003-12-02,SO63109,214,13126,9,3,1
2017-01-31,2003-11-08,SO63109,352,13126,9,1,1
2017-01-31,2003-11-10,SO63103,220,20261,9,2,1
2017-01-31,2004-01-14,SO63103,580,20261,9,1,1
2017-01-31,2003-12-25,SO63085,484,20498,6,2,3
2017-01-31,2003-10-09,SO63085,528,20498,6,1,2
2017-01-31,2003-11-17,SO63100,477,28493,8,4,3
2017-01-31,2003-12-10,SO63100,479,28493,8,5,2
2017-01-31,2003-11-23,SO63100,462,28493,8,6,1
2017-01-31,2003-12-28,SO63100,530,28493,8,3,1
2017-01-31,2003-12-06,SO63100,541,28493,8,2,1
2017-01-31,2003-10-14,SO63100,572,28493,8,1,1
2017-01-31,2003-11-07,SO63073,529,11506,6,1,2
2017-01-31,2003-11-16,SO63083,462,11506,6,2,2
2017-01-31,2003-11-17,SO63083,476,11506,6,1,1
2017-01-31,2003-10-11,SO63094,484,12077,6,4,2
2017-01-31,2003-11-19,SO63094,528,12077,6,1,2
2017-01-31,2003-11-27,SO63094,480,12077,6,3,1
2017-01-31,2003-11-13,SO63094,537,12077,6,2,1
2017-01-31,2003-11-17,SO63093,480,27962,7,2,2
2017-01-31,2003-11-01,SO63093,530,27962,7,1,1
2017-01-31,2003-12-07,SO63068,530,19618,9,2,2
2017-01-31,2003-10-21,SO63068,541,19618,9,1,2
2017-01-31,2003-10-22,SO63068,487,19618,9,3,1
2017-01-31,2003-10-11,SO63096,479,20543,4,2,2
2017-01-31,2003-11-29,SO63096,220,20543,4,4,1
2017-01-31,2004-01-12,SO63096,375,20543,4,1,1
2017-01-31,2003-10-19,SO63096,477,20543,4,3,1
2017-01-31,2003-11-08,SO63067,477,29122,9,2,2
2017-01-31,2004-01-01,SO63067,478,29122,9,1,2
2017-01-31,2003-12-09,SO63067,215,29122,9,3,1
2017-01-31,2003-10-30,SO63061,529,24373,9,2,2
2017-01-31,2003-11-08,SO63061,538,24373,9,1,2
2017-01-31,2003-12-31,SO63061,480,24373,9,3,1
2017-01-31,2003-12-31,SO63101,220,27005,7,2,1
2017-01-31,2003-11-20,SO63101,566,27005,7,1,1
2017-01-31,2003-11-07,SO63066,480,25816,9,2,2
2017-01-31,2003-10-03,SO63066,528,25816,9,1,2
2017-01-31,2004-01-06,SO63117,477,23097,9,2,3
2017-01-31,2003-12-17,SO63117,479,23097,9,3,3
2017-01-31,2003-11-25,SO63117,214,23097,9,4,1
2017-01-31,2003-11-11,SO63117,606,23097,9,1,1
2017-01-31,2003-10-29,SO63091,223,14968,10,2,3
2017-01-31,2003-12-11,SO63091,477,14968,10,1,3
2017-01-31,2003-12-19,SO63091,214,14968,10,3,1
2017-02-01,2003-10-21,SO63300,477,17187,7,3,3
2017-02-01,2003-11-03,SO63300,478,17187,7,2,2
2017-02-01,2003-11-14,SO63300,362,17187,7,1,1
2017-02-01,2003-12-17,SO63314,480,15945,1,2,2
2017-02-01,2003-12-12,SO63314,528,15945,1,1,2
2017-02-01,2003-10-09,SO63320,535,16397,8,2,2
2017-02-01,2003-10-06,SO63320,214,16397,8,3,1
2017-02-01,2003-10-27,SO63320,528,16397,8,1,1
2017-02-01,2003-12-11,SO63312,477,24665,6,1,2
2017-02-01,2003-11-07,SO63312,226,24665,6,3,1
2017-02-01,2003-12-13,SO63312,487,24665,6,2,1
2017-02-01,2003-12-08,SO63303,535,11467,9,1,2
2017-02-01,2003-12-11,SO63306,223,26712,4,3,3
2017-02-01,2003-12-08,SO63306,530,26712,4,2,3
2017-02-01,2003-10-24,SO63306,541,26712,4,1,2
2017-02-01,2003-10-30,SO63328,538,25685,8,1,2
2017-02-01,2003-11-24,SO63330,537,11719,6,1,1
2017-02-01,2003-12-01,SO63348,480,20629,9,4,2
2017-02-01,2003-11-12,SO63348,529,20629,9,2,2
2017-02-01,2003-12-06,SO63348,371,20629,9,1,1
2017-02-01,2003-12-16,SO63348,540,20629,9,3,1
2017-02-01,2003-12-05,SO63354,477,23334,1,2,2
2017-02-01,2003-10-23,SO63354,479,23334,1,3,2
2017-02-01,2003-10-13,SO63354,605,23334,1,1,1
2017-02-01,2003-11-15,SO63338,356,15419,1,1,1
2017-02-01,2004-01-17,SO63294,535,12582,9,1,2
2017-02-01,2003-10-16,SO63327,530,23766,8,1,2
2017-02-01,2003-10-06,SO63327,541,23766,8,2,2
2017-02-01,2003-11-09,SO63327,215,23766,8,3,1
2017-02-01,2003-11-26,SO63326,541,28754,8,1,2
2017-02-01,2003-10-17,SO63326,220,28754,8,3,1
2017-02-01,2003-12-17,SO63326,530,28754,8,2,1
2017-02-01,2003-10-05,SO63352,477,26091,4,3,2
2017-02-01,2003-12-30,SO63352,479,26091,4,2,2
2017-02-01,2003-10-04,SO63352,487,26091,4,4,1
2017-02-01,2003-12-13,SO63352,575,26091,4,1,1
2017-02-01,2003-12-03,SO63331,484,17409,6,2,2
2017-02-01,2003-12-19,SO63331,483,17409,6,3,1
2017-02-01,2003-10-11,SO63331,485,17409,6,1,1
2017-02-01,2003-10-05,SO63356,462,20660,1,3,3
2017-02-01,2004-01-02,SO63356,215,20660,1,2,1
2017-02-01,2003-10-08,SO63356,381,20660,1,1,1
2017-02-01,2003-12-16,SO63334,223,11579,10,2,2
2017-02-01,2004-01-05,SO63334,214,11579,10,1,1
2017-02-01,2004-01-13,SO63346,539,15033,9,2,2
2017-02-01,2003-10-25,SO63346,581,15033,9,1,1
2017-02-01,2003-12-17,SO63310,474,15378,6,1,1
2017-02-01,2003-11-27,SO63335,215,18947,4,2,1
2017-02-01,2003-11-05,SO63335,590,18947,4,1,1
2017-02-01,2004-01-07,SO63345,220,28502,8,2,1
2017-02-01,2003-11-04,SO63345,565,28502,8,1,1
2017-02-01,2003-12-02,SO63316,483,14748,4,2,1
2017-02-01,2004-01-04,SO63316,528,14748,4,1,1
2017-02-01,2003-11-09,SO63297,528,12715,9,1,3
2017-02-01,2003-12-23,SO63297,480,12715,9,2,1
2017-02-01,2003-12-02,SO63307,528,11300,6,2,2
2017-02-01,2003-11-19,SO63307,535,11300,6,1,1
2017-02-01,2003-12-18,SO63298,529,14185,7,3,2
2017-02-01,2003-10-10,SO63298,373,14185,7,1,1
2017-02-01,2004-01-17,SO63298,472,14185,7,4,1
2017-02-01,2004-01-12,SO63298,540,14185,7,2,1
2017-02-01,2004-01-16,SO63319,484,14241,4,3,3
2017-02-01,2003-10-09,SO63319,485,14241,4,1,2
2017-02-01,2004-01-04,SO63319,487,14241,4,2,1
2017-02-01,2003-12-12,SO63340,528,12448,1,3,2
2017-02-01,2003-10-28,SO63340,358,12448,1,1,1
2017-02-01,2003-11-05,SO63340,480,12448,1,4,1
2017-02-01,2003-12-29,SO63340,537,12448,1,2,1
2017-02-01,2003-12-04,SO63295,529,19608,9,2,2
2017-02-01,2003-11-11,SO63295,538,19608,9,1,2
2017-02-01,2003-11-19,SO63322,490,29408,7,1,1
2017-02-01,2003-12-12,SO63336,528,19738,1,2,2
2017-02-01,2003-12-19,SO63336,535,19738,1,3,2
2017-02-01,2003-10-12,SO63336,215,19738,1,4,1
2017-02-01,2004-01-10,SO63336,598,19738,1,1,1
2017-02-01,2003-10-28,SO63309,484,18756,6,3,2
2017-02-01,2003-10-10,SO63309,528,18756,6,2,2
2017-02-01,2003-11-21,SO63309,536,18756,6,1,2
2017-02-01,2004-01-14,SO63313,223,16677,4,2,2
2017-02-01,2003-11-10,SO63313,477,16677,4,1,2
2017-02-01,2003-12-05,SO63349,352,14071,9,1,1
2017-02-01,2004-01-13,SO63329,480,11137,1,2,2
2017-02-01,2003-12-18,SO63329,486,11137,1,3,1
2017-02-01,2003-12-21,SO63329,537,11137,1,1,1
2017-02-01,2003-12-10,SO63323,477,22557,10,1,3
2017-02-01,2003-10-11,SO63317,487,16017,4,2,1
2017-02-01,2003-11-22,SO63317,528,16017,4,1,1
2017-02-01,2003-10-07,SO63358,462,20826,7,4,2
2017-02-01,2003-11-27,SO63358,529,20826,7,3,2
2017-02-01,2003-12-04,SO63358,539,20826,7,2,2
2017-02-01,2003-10-26,SO63358,381,20826,7,1,1
2017-02-01,2003-11-02,SO63332,223,25733,7,4,2
2017-02-01,2003-12-29,SO63332,479,25733,7,1,2
2017-02-01,2003-10-07,SO63332,477,25733,7,2,1
2017-02-01,2003-11-07,SO63332,491,25733,7,3,1
2017-02-01,2003-11-27,SO63359,223,24114,10,2,2
2017-02-01,2003-12-06,SO63359,229,24114,10,3,1
2017-02-01,2003-11-21,SO63359,381,24114,10,1,1
2017-02-01,2004-01-02,SO63308,485,25254,1,3,2
2017-02-01,2003-12-11,SO63308,528,25254,1,1,2
2017-02-01,2003-12-21,SO63308,535,25254,1,2,2
2017-02-01,2003-12-09,SO63360,479,11417,7,2,3
2017-02-01,2004-01-10,SO63360,605,11417,7,1,1
2017-02-01,2003-10-30,SO63357,220,17677,1,2,1
2017-02-01,2003-12-24,SO63357,583,17677,1,1,1
2017-02-01,2003-11-17,SO63361,562,18125,8,1,1
2017-02-01,2003-11-24,SO63353,215,22252,6,2,1
2017-02-01,2003-10-25,SO63353,235,22252,6,3,1
2017-02-01,2003-10-20,SO63353,576,22252,6,1,1
2017-02-01,2003-12-12,SO63299,220,15061,7,2,1
2017-02-01,2003-10-20,SO63299,593,15061,7,1,1
2017-02-01,2004-01-05,SO63296,528,24911,9,1,2
2017-02-01,2003-11-10,SO63296,215,24911,9,2,1
2017-02-01,2003-12-06,SO63296,223,24911,9,4,1
2017-02-01,2003-10-14,SO63296,488,24911,9,3,1
2017-02-01,2003-11-03,SO63325,529,22867,8,1,3
2017-02-01,2003-10-15,SO63325,220,22867,8,2,1
2017-02-01,2003-10-09,SO63344,223,11413,10,5,2
2017-02-01,2003-10-25,SO63344,530,11413,10,3,2
2017-02-01,2004-01-14,SO63344,541,11413,10,2,2
2017-02-01,2004-01-13,SO63344,226,11413,10,4,1
2017-02-01,2003-11-10,SO63344,571,11413,10,1,1
2017-02-01,2003-12-27,SO63333,477,13334,1,2,2
2017-02-01,2003-10-26,SO63333,478,13334,1,3,2
2017-02-01,2003-10-24,SO63333,485,13334,1,1,2
2017-02-01,2003-10-18,SO63333,220,13334,1,4,1
2017-02-01,2003-12-09,SO63318,485,14111,1,1,2
2017-02-01,2003-10-14,SO63318,487,14111,1,2,1
2017-02-01,2003-11-04,SO63355,477,23058,4,3,2
2017-02-01,2003-11-02,SO63355,479,23058,4,2,2
2017-02-01,2003-12-30,SO63355,214,23058,4,4,1
2017-02-01,2003-11-16,SO63355,606,23058,4,1,1
2017-02-01,2003-10-24,SO63351,530,25888,1,3,2
2017-02-01,2003-12-01,SO63351,541,25888,1,2,2
2017-02-01,2003-11-24,SO63351,560,25888,1,1,1
2017-02-01,2003-12-20,SO63337,477,15994,1,3,2
2017-02-01,2003-10-26,SO63337,478,15994,1,2,2
2017-02-01,2003-10-28,SO63337,491,15994,1,4,1
2017-02-01,2003-10-09,SO63337,600,15994,1,1,1
2017-02-01,2003-11-20,SO63301,485,15924,7,2,2
2017-02-01,2004-01-11,SO63301,229,15924,7,3,1
2017-02-01,2003-12-19,SO63301,354,15924,7,1,1
2017-02-01,2003-10-14,SO63347,482,18255,9,4,3
2017-02-01,2003-11-03,SO63347,529,18255,9,3,3
2017-02-01,2003-10-23,SO63347,371,18255,9,1,1
2017-02-01,2004-01-09,SO63347,540,18255,9,2,1
2017-02-01,2003-11-24,SO63302,223,16824,8,3,2
2017-02-01,2003-10-14,SO63302,215,16824,8,2,1
2017-02-01,2003-12-20,SO63302,356,16824,8,1,1
2017-02-01,2003-11-18,SO63362,220,15692,10,2,1
2017-02-01,2004-01-13,SO63362,573,15692,10,1,1
2017-02-01,2003-12-24,SO63311,477,25147,6,1,2
2017-02-01,2003-12-14,SO63311,220,25147,6,2,1
2017-02-01,2003-10-25,SO63341,480,12452,1,3,2
2017-02-01,2003-12-17,SO63341,352,12452,1,1,1
2017-02-01,2003-12-08,SO63341,537,12452,1,2,1
2017-02-01,2003-12-16,SO63339,477,15491,5,4,2
2017-02-01,2003-12-28,SO63339,478,15491,5,2,2
2017-02-01,2003-12-10,SO63339,352,15491,5,1,1
2017-02-01,2003-11-27,SO63339,473,15491,5,3,1
2017-02-01,2003-10-20,SO63321,480,19248,8,2,2
2017-02-01,2003-11-04,SO63321,539,19248,8,1,2
2017-02-01,2003-11-30,SO63321,483,19248,8,3,1
2017-02-01,2004-01-08,SO63350,478,14215,9,5,2
2017-02-01,2003-10-14,SO63350,485,14215,9,4,2
2017-02-01,2003-10-13,SO63350,528,14215,9,2,2
2017-02-01,2003-11-04,SO63350,360,14215,9,1,1
2017-02-01,2003-10-13,SO63350,537,14215,9,3,1
2017-02-01,2003-12-30,SO63343,484,28518,8,2,1
2017-02-01,2003-11-02,SO63343,569,28518,8,1,1
2017-02-01,2003-12-27,SO63324,480,26834,10,2,2
2017-02-01,2003-11-10,SO63324,529,26834,10,1,2
2017-02-01,2004-01-13,SO63315,466,27451,6,3,2
2017-02-01,2004-01-08,SO63315,484,27451,6,2,2
2017-02-01,2003-12-01,SO63315,528,27451,6,1,2
2017-02-01,2003-10-14,SO63342,477,15388,4,2,2
2017-02-01,2003-11-20,SO63342,478,15388,4,3,2
2017-02-01,2003-10-12,SO63342,220,15388,4,4,1
2017-02-01,2004-01-12,SO63342,362,15388,4,1,1
2017-02-02,2003-11-30,SO63403,480,15429,4,4,2
2017-02-02,2004-01-13,SO63403,484,15429,4,5,2
2017-02-02,2003-10-22,SO63403,485,15429,4,3,2
2017-02-02,2003-12-15,SO63403,352,15429,4,1,1
2017-02-02,2003-10-22,SO63403,537,15429,4,2,1
2017-02-02,2004-01-07,SO63370,358,17188,7,1,1
2017-02-02,2004-01-12,SO63370,487,17188,7,2,1
2017-02-02,2003-10-13,SO63381,477,17507,4,1,2
2017-02-02,2003-11-19,SO63381,481,17507,4,3,1
2017-02-02,2003-10-25,SO63381,487,17507,4,2,1
2017-02-02,2004-01-06,SO63366,223,14518,9,2,2
2017-02-02,2003-12-25,SO63366,488,14518,9,1,1
2017-02-02,2003-11-14,SO63399,530,27959,8,1,2
2017-02-02,2003-12-16,SO63399,232,27959,8,2,1
2017-02-02,2003-10-06,SO63398,223,22314,7,3,2
2017-02-02,2003-11-25,SO63398,489,22314,7,2,1
2017-02-02,2003-12-06,SO63398,538,22314,7,1,1
2017-02-02,2003-12-16,SO63394,477,20978,8,1,2
2017-02-02,2003-11-13,SO63406,490,23640,9,2,1
2017-02-02,2003-12-13,SO63406,582,23640,9,1,1
2017-02-02,2003-12-23,SO63378,477,14077,6,2,2
2017-02-02,2003-12-08,SO63378,478,14077,6,1,2
2017-02-02,2003-11-20,SO63378,491,14077,6,3,1
2017-02-02,2003-10-16,SO63380,223,28986,6,2,2
2017-02-02,2003-12-17,SO63380,474,28986,6,1,1
2017-02-02,2003-10-22,SO63371,480,16595,10,2,2
2017-02-02,2003-10-28,SO63371,362,16595,10,1,1
2017-02-02,2003-10-25,SO63377,476,19804,1,1,1
2017-02-02,2003-11-26,SO63377,489,19804,1,2,1
2017-02-02,2003-11-10,SO63404,485,15371,1,2,2
2017-02-02,2003-12-30,SO63404,356,15371,1,1,1
2017-02-02,2003-12-14,SO63404,491,15371,1,3,1
2017-02-02,2003-11-06,SO63419,529,26955,10,3,2
2017-02-02,2003-12-10,SO63419,538,26955,10,2,2
2017-02-02,2003-12-30,SO63419,605,26955,10,1,1
2017-02-02,2004-01-08,SO63391,462,21073,8,1,2
2017-02-02,2003-10-29,SO63391,477,21073,8,2,2
2017-02-02,2003-11-02,SO63416,539,17609,4,2,2
2017-02-02,2004-01-01,SO63416,582,17609,4,1,1
2017-02-02,2004-01-11,SO63387,480,20764,6,2,3
2017-02-02,2003-11-14,SO63387,528,20764,6,1,2
2017-02-02,2003-12-02,SO63364,484,18299,9,2,2
2017-02-02,2003-12-15,SO63364,485,18299,9,1,2
2017-02-02,2003-12-29,SO63395,477,22383,10,1,3
2017-02-02,2003-11-13,SO63395,223,22383,10,2,2
2017-02-02,2003-11-17,SO63395,491,22383,10,3,1
2017-02-02,2003-12-08,SO63389,529,16544,7,2,2
2017-02-02,2003-12-17,SO63389,539,16544,7,1,2
2017-02-02,2003-12-27,SO63384,477,18069,4,1,2
2017-02-02,2003-11-22,SO63407,223,25221,9,4,3
2017-02-02,2003-11-01,SO63407,477,25221,9,2,2
2017-02-02,2003-11-23,SO63407,479,25221,9,3,2
2017-02-02,2003-10-13,SO63407,389,25221,9,1,1
2017-02-02,2003-10-09,SO63386,480,21251,6,2,2
2017-02-02,2003-12-05,SO63386,486,21251,6,3,1
2017-02-02,2003-10-19,SO63386,528,21251,6,1,1
2017-02-02,2003-12-27,SO63415,389,19989,6,1,1
2017-02-02,2003-11-05,SO63367,214,13605,7,2,1
2017-02-02,2003-10-23,SO63367,379,13605,7,1,1
2017-02-02,2003-11-29,SO63401,223,17422,6,5,2
2017-02-02,2004-01-13,SO63401,477,17422,6,3,2
2017-02-02,2003-10-15,SO63401,478,17422,6,2,2
2017-02-02,2003-11-05,SO63401,226,17422,6,4,1
2017-02-02,2003-12-03,SO63401,485,17422,6,1,1
2017-02-02,2004-01-07,SO63382,477,17152,1,1,2
2017-02-02,2003-11-19,SO63382,484,17152,1,2,2
2017-02-02,2004-01-11,SO63413,479,22999,4,2,3
2017-02-02,2003-10-06,SO63413,477,22999,4,3,2
2017-02-02,2003-12-12,SO63413,604,22999,4,1,1
2017-02-02,2003-11-13,SO63390,529,20976,7,2,2
2017-02-02,2003-12-25,SO63390,538,20976,7,1,2
2017-02-02,2003-10-08,SO63390,214,20976,7,3,1
2017-02-02,2003-10-10,SO63405,573,17209,8,1,1
2017-02-02,2003-10-19,SO63400,223,12518,8,1,2
2017-02-02,2004-01-16,SO63375,480,27052,1,3,3
2017-02-02,2003-10-13,SO63375,530,27052,1,2,3
2017-02-02,2003-10-27,SO63375,541,27052,1,1,2
2017-02-02,2003-10-09,SO63409,220,11033,9,2,1
2017-02-02,2003-12-24,SO63409,356,11033,9,1,1
2017-02-02,2004-01-10,SO63374,480,27386,4,3,2
2017-02-02,2003-10-06,SO63374,530,27386,4,2,2
2017-02-02,2003-10-22,SO63374,541,27386,4,1,2
2017-02-02,2003-12-16,SO63385,528,23208,6,1,2
2017-02-02,2004-01-04,SO63385,487,23208,6,2,1
2017-02-02,2003-12-03,SO63369,358,17182,10,1,1
2017-02-02,2003-11-16,SO63369,487,17182,10,2,1
2017-02-02,2003-11-19,SO63418,477,22487,7,2,2
2017-02-02,2003-12-01,SO63418,479,22487,7,3,2
2017-02-02,2003-11-30,SO63418,215,22487,7,4,1
2017-02-02,2003-11-05,SO63418,606,22487,7,1,1
2017-02-02,2003-10-12,SO63412,477,23287,4,2,2
2017-02-02,2003-12-01,SO63412,479,23287,4,3,2
2017-02-02,2003-11-13,SO63412,487,23287,4,4,1
2017-02-02,2003-10-26,SO63412,605,23287,4,1,1
2017-02-02,2003-12-10,SO63422,564,18130,8,1,1
2017-02-02,2003-11-25,SO63388,528,14620,4,1,2
2017-02-02,2003-11-05,SO63363,539,14685,9,1,3
2017-02-02,2003-12-02,SO63363,480,14685,9,2,2
2017-02-02,2003-10-28,SO63373,480,11621,1,1,1
2017-02-02,2003-12-20,SO63365,528,21279,9,1,2
2017-02-02,2003-12-13,SO63424,477,14102,9,3,2
2017-02-02,2003-12-30,SO63424,479,14102,9,2,2
2017-02-02,2003-12-18,SO63424,568,14102,9,1,1
2017-02-02,2003-12-15,SO63392,528,20865,8,2,2
2017-02-02,2003-10-05,SO63392,536,20865,8,1,2
2017-02-02,2004-01-16,SO63414,471,23125,1,2,1
2017-02-02,2003-11-02,SO63414,584,23125,1,1,1
2017-02-02,2003-10-23,SO63410,485,14038,9,2,3
2017-02-02,2003-11-23,SO63410,220,14038,9,3,1
2017-02-02,2003-10-19,SO63410,354,14038,9,1,1
2017-02-02,2003-11-09,SO63379,462,16009,6,1,3
2017-02-02,2003-12-22,SO63379,474,16009,6,2,1
2017-02-02,2003-11-30,SO63397,538,29376,10,1,2
2017-02-02,2003-10-25,SO63396,530,29406,8,2,2
2017-02-02,2003-11-15,SO63396,214,29406,8,3,1
2017-02-02,2004-01-14,SO63396,541,29406,8,1,1
2017-02-02,2003-11-24,SO63408,223,21169,9,4,2
2017-02-02,2004-01-04,SO63408,477,21169,9,3,2
2017-02-02,2003-12-19,SO63408,479,21169,9,2,2
2017-02-02,2003-11-12,SO63408,377,21169,9,1,1
2017-02-02,2003-12-21,SO63402,235,12273,8,1,1
2017-02-02,2003-12-02,SO63423,477,11909,9,3,2
2017-02-02,2003-12-04,SO63423,479,11909,9,2,2
2017-02-02,2003-10-30,SO63423,215,11909,9,4,1
2017-02-02,2003-11-11,SO63423,575,11909,9,1,1
2017-02-02,2003-11-23,SO63383,477,18665,1,1,3
2017-02-02,2003-10-31,SO63383,484,18665,1,3,1
2017-02-02,2004-01-17,SO63383,487,18665,1,2,1
2017-02-02,2003-10-10,SO63411,354,13970,9,1,1
2017-02-02,2004-01-10,SO63411,487,13970,9,2,1
2017-02-02,2003-11-01,SO63417,223,28393,7,3,2
2017-02-02,2003-10-23,SO63417,215,28393,7,2,1
2017-02-02,2003-12-10,SO63417,385,28393,7,1,1
2017-02-02,2003-10-19,SO63368,474,14170,7,2,1
2017-02-02,2003-11-05,SO63368,482,14170,7,3,1
2017-02-02,2004-01-06,SO63368,590,14170,7,1,1
2017-02-02,2003-12-26,SO63376,477,22339,1,2,2
2017-02-02,2004-01-14,SO63376,478,22339,1,1,2
2017-02-02,2003-11-06,SO63372,354,13679,10,1,1
2017-02-02,2003-12-20,SO63372,537,13679,10,2,1
2017-02-02,2003-11-06,SO63420,606,27778,10,1,1
2017-02-02,2003-10-08,SO63393,480,26845,8,3,3
2017-02-02,2003-10-18,SO63393,538,26845,8,1,3
2017-02-02,2003-12-24,SO63393,529,26845,8,2,1
2017-02-02,2003-12-10,SO63421,477,24219,7,2,2
2017-02-02,2003-12-08,SO63421,479,24219,7,3,2
2017-02-02,2003-12-15,SO63421,215,24219,7,4,1
2017-02-02,2003-11-13,SO63421,564,24219,7,1,1
2017-02-03,2003-10-26,SO63474,480,16754,6,4,2
2017-02-03,2003-11-19,SO63474,528,16754,6,3,2
2017-02-03,2003-11-06,SO63474,356,16754,6,1,1
2017-02-03,2003-10-21,SO63474,537,16754,6,2,1
2017-02-03,2003-11-09,SO63471,480,12442,4,2,2
2017-02-03,2003-10-30,SO63471,356,12442,4,1,1
2017-02-03,2003-12-15,SO63457,232,12491,10,3,1
2017-02-03,2003-10-14,SO63457,529,12491,10,2,1
2017-02-03,2003-11-27,SO63457,540,12491,10,1,1
2017-02-03,2004-01-03,SO63489,477,23270,4,2,2
2017-02-03,2003-11-03,SO63489,479,23270,4,3,2
2017-02-03,2003-11-09,SO63489,471,23270,4,4,1
2017-02-03,2003-11-11,SO63489,606,23270,4,1,1
2017-02-03,2004-01-12,SO63473,223,15345,4,4,3
2017-02-03,2003-12-04,SO63473,478,15345,4,3,3
2017-02-03,2003-10-30,SO63473,477,15345,4,2,2
2017-02-03,2003-12-30,SO63473,360,15345,4,1,1
2017-02-03,2003-12-03,SO63432,215,11782,4,1,1
2017-02-03,2003-11-07,SO63432,226,11782,4,2,1
2017-02-03,2004-01-12,SO63432,466,11782,4,3,1
2017-02-03,2003-12-18,SO63446,476,20274,1,1,1
2017-02-03,2003-10-10,SO63453,480,16014,4,2,2
2017-02-03,2003-12-09,SO63453,528,16014,4,1,2
2017-02-03,2003-10-22,SO63494,215,11398,10,2,1
2017-02-03,2003-12-13,SO63494,562,11398,10,1,1
2017-02-03,2003-10-07,SO63467,477,12029,4,3,2
2017-02-03,2003-10-11,SO63467,478,12029,4,4,2
2017-02-03,2003-11-27,SO63467,528,12029,4,1,2
2017-02-03,2003-12-24,SO63467,537,12029,4,2,1
2017-02-03,2003-11-19,SO63469,528,14646,4,2,2
2017-02-03,2003-12-07,SO63469,536,14646,4,3,2
2017-02-03,2004-01-16,SO63469,215,14646,4,4,1
2017-02-03,2003-11-23,SO63469,587,14646,4,1,1
2017-02-03,2004-01-15,SO63458,528,17797,8,1,2
2017-02-03,2003-11-11,SO63458,535,17797,8,2,2
2017-02-03,2004-01-02,SO63458,220,17797,8,3,1
2017-02-03,2003-12-21,SO63443,481,23288,4,2,2
2017-02-03,2003-10-28,SO63443,536,23288,4,1,2
2017-02-03,2003-12-19,SO63433,536,21551,9,1,2
2017-02-03,2004-01-16,SO63426,480,17195,7,2,2
2017-02-03,2003-10-30,SO63426,484,17195,7,3,2
2017-02-03,2003-12-14,SO63426,356,17195,7,1,1
2017-02-03,2003-11-24,SO63465,530,23977,7,2,2
2017-02-03,2004-01-14,SO63465,541,23977,7,1,2
2017-02-03,2003-12-21,SO63465,220,23977,7,4,1
2017-02-03,2003-11-26,SO63465,487,23977,7,3,1
2017-02-03,2003-11-21,SO63493,214,11394,10,2,1
2017-02-03,2003-11-17,SO63493,573,11394,10,1,1
2017-02-03,2003-10-27,SO63439,482,17284,9,1,2
2017-02-03,2003-12-04,SO63439,232,17284,9,2,1
2017-02-03,2004-01-03,SO63476,223,23999,9,1,2
2017-02-03,2003-12-29,SO63476,606,23999,9,2,1
2017-02-03,2004-01-06,SO63470,223,14649,4,4,2
2017-02-03,2003-10-19,SO63470,476,14649,4,2,1
2017-02-03,2004-01-17,SO63470,490,14649,4,3,1
2017-02-03,2003-12-05,SO63470,588,14649,4,1,1
2017-02-03,2003-10-16,SO63472,214,13143,6,2,1
2017-02-03,2003-12-24,SO63472,226,13143,6,3,1
2017-02-03,2003-10-13,SO63472,354,13143,6,1,1
2017-02-03,2003-11-12,SO63487,479,24770,4,3,2
2017-02-03,2003-10-29,SO63487,477,24770,4,2,1
2017-02-03,2003-11-19,SO63487,563,24770,4,1,1
2017-02-03,2004-01-10,SO63486,541,26622,1,2,2
2017-02-03,2003-11-04,SO63486,586,26622,1,1,1
2017-02-03,2003-11-11,SO63434,528,16172,9,1,3
2017-02-03,2003-11-17,SO63434,462,16172,9,4,2
2017-02-03,2003-10-09,SO63434,536,16172,9,2,2
2017-02-03,2003-12-31,SO63434,220,16172,9,3,1
2017-02-03,2003-11-23,SO63431,464,11200,6,2,2
2017-02-03,2004-01-06,SO63431,215,11200,6,1,1
2017-02-03,2003-10-10,SO63431,226,11200,6,3,1
2017-02-03,2003-12-23,SO63492,215,20653,4,2,1
2017-02-03,2003-10-20,SO63492,389,20653,4,1,1
2017-02-03,2003-11-13,SO63478,220,29098,9,2,1
2017-02-03,2003-12-17,SO63478,491,29098,9,3,1
2017-02-03,2003-10-19,SO63478,605,29098,9,1,1
2017-02-03,2003-11-15,SO63483,477,11999,9,3,2
2017-02-03,2003-10-23,SO63483,478,11999,9,2,2
2017-02-03,2003-11-30,SO63483,354,11999,9,1,1
2017-02-03,2003-12-26,SO63496,563,15691,10,1,1
2017-02-03,2004-01-04,SO63455,485,19827,6,1,1
2017-02-03,2003-11-28,SO63428,477,17185,10,3,2
2017-02-03,2003-11-20,SO63428,478,17185,10,2,2
2017-02-03,2003-11-03,SO63428,220,17185,10,4,1
2017-02-03,2003-12-21,SO63428,362,17185,10,1,1
2017-02-03,2003-10-31,SO63459,477,13665,10,2,2
2017-02-03,2003-12-01,SO63459,478,13665,10,1,2
2017-02-03,2003-12-22,SO63427,356,18125,8,1,1
2017-02-03,2003-12-18,SO63427,537,18125,8,2,1
2017-02-03,2003-11-18,SO63456,528,16577,7,2,3
2017-02-03,2003-10-31,SO63456,214,16577,7,3,1
2017-02-03,2004-01-17,SO63456,537,16577,7,1,1
2017-02-03,2003-11-13,SO63435,485,18292,9,1,3
2017-02-03,2003-12-13,SO63435,477,18292,9,3,2
2017-02-03,2003-12-29,SO63435,478,18292,9,2,1
2017-02-03,2004-01-02,SO63482,480,18193,9,3,2
2017-02-03,2003-11-04,SO63482,535,18193,9,2,2
2017-02-03,2003-10-08,SO63482,598,18193,9,1,1
2017-02-03,2003-11-01,SO63466,480,11203,6,2,2
2017-02-03,2003-10-24,SO63466,484,11203,6,3,2
2017-02-03,2004-01-05,SO63466,537,11203,6,1,1
2017-02-03,2003-12-10,SO63451,476,27522,6,1,1
2017-02-03,2003-11-19,SO63436,223,18283,9,3,2
2017-02-03,2003-10-07,SO63436,485,18283,9,1,2
2017-02-03,2003-11-14,SO63436,215,18283,9,2,1
2017-02-03,2003-10-26,SO63436,491,18283,9,4,1
2017-02-03,2003-12-27,SO63464,480,14809,10,3,2
2017-02-03,2003-10-14,SO63464,530,14809,10,2,2
2017-02-03,2003-12-28,SO63464,541,14809,10,1,2
2017-02-03,2003-12-29,SO63479,529,25032,9,3,2
2017-02-03,2004-01-11,SO63479,539,25032,9,2,2
2017-02-03,2003-11-11,SO63479,220,25032,9,4,1
2017-02-03,2003-10-26,SO63479,381,25032,9,1,1
2017-02-03,2003-11-07,SO63425,485,17247,9,2,2
2017-02-03,2003-12-15,SO63425,223,17247,9,3,1
2017-02-03,2003-12-23,SO63425,488,17247,9,4,1
2017-02-03,2003-11-10,SO63425,588,17247,9,1,1
2017-02-03,2003-12-20,SO63454,528,26678,6,1,1
2017-02-03,2003-10-10,SO63447,223,18383,1,2,2
2017-02-03,2003-11-17,SO63447,477,18383,1,1,2
2017-02-03,2003-12-17,SO63491,220,20675,1,2,1
2017-02-03,2003-10-17,SO63491,387,20675,1,1,1
2017-02-03,2004-01-10,SO63488,462,23699,4,2,2
2017-02-03,2004-01-09,SO63488,220,23699,4,3,1
2017-02-03,2003-10-18,SO63488,579,23699,4,1,1
2017-02-03,2004-01-12,SO63475,389,25920,9,1,1
2017-02-03,2003-11-04,SO63485,352,14063,9,1,1
2017-02-03,2003-10-31,SO63485,537,14063,9,2,1
2017-02-03,2004-01-01,SO63438,530,27979,9,1,2
2017-02-03,2003-11-03,SO63460,484,17823,7,3,2
2017-02-03,2003-12-16,SO63460,536,17823,7,1,2
2017-02-03,2003-11-01,SO63460,480,17823,7,2,1
2017-02-03,2003-12-01,SO63441,220,25637,10,3,1
2017-02-03,2003-10-13,SO63441,375,25637,10,1,1
2017-02-03,2004-01-06,SO63441,540,25637,10,2,1
2017-02-03,2003-12-26,SO63495,479,17221,8,2,3
2017-02-03,2003-12-14,SO63495,223,17221,8,5,2
2017-02-03,2003-12-22,SO63495,477,17221,8,3,2
2017-02-03,2003-12-05,SO63495,214,17221,8,4,1
2017-02-03,2003-10-17,SO63495,562,17221,8,1,1
2017-02-03,2004-01-03,SO63429,477,11211,6,2,2
2017-02-03,2003-11-13,SO63429,479,11211,6,1,2
2017-02-03,2003-11-24,SO63452,223,17155,4,2,2
2017-02-03,2004-01-02,SO63452,477,17155,4,1,2
2017-02-03,2003-11-07,SO63490,223,20674,1,3,3
2017-02-03,2003-12-16,SO63490,477,20674,1,2,2
2017-02-03,2003-10-11,SO63490,479,20674,1,4,2
2017-02-03,2003-12-08,SO63490,387,20674,1,1,1
2017-02-03,2003-10-20,SO63437,477,23428,9,1,2
2017-02-03,2003-11-16,SO63437,215,23428,9,2,1
2017-02-03,2003-10-12,SO63462,529,21098,7,2,3
2017-02-03,2003-12-15,SO63462,223,21098,7,4,2
2017-02-03,2003-10-23,SO63462,538,21098,7,1,2
2017-02-03,2003-12-15,SO63462,215,21098,7,3,1
2017-02-03,2003-10-07,SO63449,477,12959,6,1,2
2017-02-03,2003-11-12,SO63449,223,12959,6,3,1
2017-02-03,2004-01-17,SO63449,226,12959,6,2,1
2017-02-03,2003-11-27,SO63450,466,18915,4,2,1
2017-02-03,2003-11-11,SO63450,475,18915,4,1,1
2017-02-03,2003-10-28,SO63481,480,14224,9,2,2
2017-02-03,2003-11-23,SO63481,354,14224,9,1,1
2017-02-03,2003-12-09,SO63445,528,17482,6,2,3
2017-02-03,2003-12-21,SO63445,536,17482,6,1,2
2017-02-03,2003-10-08,SO63445,220,17482,6,3,1
2017-02-03,2003-12-15,SO63461,477,19390,7,1,2
2017-02-03,2004-01-16,SO63440,477,19629,9,1,2
2017-02-03,2004-01-17,SO63440,479,19629,9,2,2
2017-02-03,2003-11-22,SO63440,214,19629,9,3,1
2017-02-03,2003-10-11,SO63468,479,11384,7,1,3
2017-02-03,2003-11-06,SO63468,477,11384,7,2,2
2017-02-03,2003-12-01,SO63468,220,11384,7,3,1
2017-02-03,2003-10-17,SO63444,480,14641,6,2,2
2017-02-03,2003-12-17,SO63444,540,14641,6,1,1
2017-02-03,2004-01-04,SO63480,214,25243,9,2,1
2017-02-03,2003-11-04,SO63480,387,25243,9,1,1
2017-02-03,2003-11-17,SO63430,215,11940,4,1,1
2017-02-03,2003-12-24,SO63463,541,28710,8,2,2
2017-02-03,2003-10-31,SO63463,530,28710,8,1,1
2017-02-03,2003-10-10,SO63484,478,11996,9,3,2
2017-02-03,2003-12-20,SO63484,485,11996,9,2,2
2017-02-03,2003-12-04,SO63484,215,11996,9,5,1
2017-02-03,2003-11-30,SO63484,356,11996,9,1,1
2017-02-03,2004-01-12,SO63484,477,11996,9,4,1
2017-02-03,2003-11-12,SO63477,220,24003,9,2,1
2017-02-03,2003-11-06,SO63477,232,24003,9,3,1
2017-02-03,2003-12-24,SO63477,605,24003,9,1,1
2017-02-03,2003-12-13,SO63442,529,24984,4,1,2
2017-02-03,2003-10-26,SO63442,540,24984,4,2,1
2017-02-03,2003-10-29,SO63448,476,29021,6,1,1
2017-02-04,2003-12-19,SO63549,541,12002,9,2,2
2017-02-04,2003-11-30,SO63549,575,12002,9,1,1
2017-02-04,2003-10-10,SO63515,528,26550,1,2,2
2017-02-04,2004-01-16,SO63515,535,26550,1,1,2
2017-02-04,2003-12-16,SO63515,473,26550,1,3,1
2017-02-04,2003-12-18,SO63504,479,13575,7,3,2
2017-02-04,2003-11-03,SO63504,375,13575,7,1,1
2017-02-04,2004-01-01,SO63504,477,13575,7,2,1
2017-02-04,2003-10-16,SO63527,480,19492,7,2,2
2017-02-04,2003-10-28,SO63527,529,19492,7,1,2
2017-02-04,2004-01-04,SO63497,477,11185,6,1,2
2017-02-04,2003-11-22,SO63497,479,11185,6,2,2
2017-02-04,2004-01-14,SO63497,215,11185,6,3,1
2017-02-04,2003-12-09,SO63532,466,15482,4,3,2
2017-02-04,2003-11-02,SO63532,485,15482,4,2,2
2017-02-04,2003-11-21,SO63532,362,15482,4,1,1
2017-02-04,2003-10-28,SO63507,223,12095,4,1,2
2017-02-04,2004-01-03,SO63531,535,19814,4,2,3
2017-02-04,2003-10-20,SO63531,591,19814,4,1,1
2017-02-04,2004-01-15,SO63543,477,23081,4,2,2
2017-02-04,2003-11-26,SO63543,479,23081,4,3,2
2017-02-04,2003-12-11,SO63543,487,23081,4,4,1
2017-02-04,2003-12-11,SO63543,606,23081,4,1,1
2017-02-04,2004-01-18,SO63530,528,15340,6,1,2
2017-02-04,2003-11-09,SO63530,537,15340,6,2,1
2017-02-04,2003-11-12,SO63508,483,12117,1,1,1
2017-02-04,2003-11-15,SO63533,485,12755,4,2,2
2017-02-04,2003-11-26,SO63533,352,12755,4,1,1
2017-02-04,2003-12-26,SO63533,472,12755,4,4,1
2017-02-04,2004-01-10,SO63533,477,12755,4,3,1
2017-02-04,2003-10-17,SO63533,478,12755,4,5,1
2017-02-04,2003-12-25,SO63509,539,29006,1,1,3
2017-02-04,2003-12-13,SO63509,529,29006,1,2,2
2017-02-04,2003-12-10,SO63509,480,29006,1,3,1
2017-02-04,2003-11-27,SO63509,483,29006,1,4,1
2017-02-04,2003-11-08,SO63502,540,16683,9,1,1
2017-02-04,2003-11-08,SO63541,575,26339,1,1,1
2017-02-04,2003-11-20,SO63550,220,12339,9,2,1
2017-02-04,2003-11-03,SO63550,575,12339,9,1,1
2017-02-04,2003-11-16,SO63540,223,26106,4,2,2
2017-02-04,2003-10-28,SO63540,562,26106,4,1,1
2017-02-04,2003-10-29,SO63516,528,11091,6,1,2
2017-02-04,2004-01-17,SO63516,215,11091,6,3,1
2017-02-04,2003-12-14,SO63516,226,11091,6,4,1
2017-02-04,2003-11-10,SO63516,535,11091,6,2,1
2017-02-04,2003-11-10,SO63536,580,23539,9,1,1
2017-02-04,2003-10-09,SO63535,530,17199,8,3,2
2017-02-04,2003-11-18,SO63535,541,17199,8,2,2
2017-02-04,2003-12-10,SO63535,573,17199,8,1,1
2017-02-04,2004-01-15,SO63548,541,27878,9,2,3
2017-02-04,2003-11-15,SO63548,530,27878,9,3,2
2017-02-04,2003-11-11,SO63548,215,27878,9,4,1
2017-02-04,2003-11-22,SO63548,560,27878,9,1,1
2017-02-04,2003-12-21,SO63500,480,12715,9,1,3
2017-02-04,2003-11-30,SO63514,529,15564,6,2,2
2017-02-04,2004-01-20,SO63514,229,15564,6,3,1
2017-02-04,2003-11-16,SO63514,540,15564,6,1,1
2017-02-04,2004-01-03,SO63538,220,14216,9,2,1
2017-02-04,2003-12-20,SO63538,352,14216,9,1,1
2017-02-04,2003-10-25,SO63498,464,11287,6,2,3
2017-02-04,2003-12-07,SO63498,220,11287,6,1,1
2017-02-04,2003-11-02,SO63547,530,11910,9,3,2
2017-02-04,2003-12-07,SO63547,541,11910,9,2,2
2017-02-04,2004-01-02,SO63547,573,11910,9,1,1
2017-02-04,2003-11-22,SO63524,477,21860,7,1,1
2017-02-04,2003-11-27,SO63522,477,16905,4,1,2
2017-02-04,2003-11-12,SO63503,215,22313,10,2,1
2017-02-04,2003-10-20,SO63503,581,22313,10,1,1
2017-02-04,2003-11-25,SO63545,477,27796,7,3,2
2017-02-04,2003-11-10,SO63545,479,27796,7,2,2
2017-02-04,2003-12-04,SO63545,389,27796,7,1,1
2017-02-04,2003-11-27,SO63539,480,14058,9,2,2
2017-02-04,2003-12-27,SO63539,362,14058,9,1,1
2017-02-04,2003-10-15,SO63521,477,18417,4,1,2
2017-02-04,2004-01-06,SO63521,215,18417,4,2,1
2017-02-04,2003-11-06,SO63499,229,17073,9,1,1
2017-02-04,2003-10-28,SO63546,477,11420,7,3,3
2017-02-04,2003-11-29,SO63546,220,11420,7,4,1
2017-02-04,2003-12-27,SO63546,479,11420,7,2,1
2017-02-04,2003-11-09,SO63546,574,11420,7,1,1
2017-02-04,2003-11-25,SO63520,475,18874,1,1,1
2017-02-04,2003-11-30,SO63537,539,23593,9,3,3
2017-02-04,2003-10-27,SO63537,462,23593,9,5,2
2017-02-04,2003-11-24,SO63537,529,23593,9,2,2
2017-02-04,2004-01-13,SO63537,489,23593,9,4,1
2017-02-04,2003-11-20,SO63537,580,23593,9,1,1
2017-02-04,2003-12-07,SO63528,223,12726,8,4,3
2017-02-04,2003-12-06,SO63528,530,12726,8,1,2
2017-02-04,2003-12-01,SO63528,214,12726,8,2,1
2017-02-04,2003-12-17,SO63528,229,12726,8,3,1
2017-02-04,2003-12-18,SO63525,480,19250,8,3,2
2017-02-04,2003-10-19,SO63525,529,19250,8,2,2
2017-02-04,2003-10-18,SO63525,539,19250,8,1,2
2017-02-04,2003-10-13,SO63519,466,21767,4,5,2
2017-02-04,2004-01-02,SO63519,478,21767,4,1,2
2017-02-04,2003-12-02,SO63519,220,21767,4,3,1
2017-02-04,2003-10-15,SO63519,226,21767,4,4,1
2017-02-04,2003-12-03,SO63519,477,21767,4,2,1
2017-02-04,2003-12-05,SO63526,528,17884,10,1,2
2017-02-04,2003-11-20,SO63526,535,17884,10,2,2
2017-02-04,2003-10-21,SO63513,541,27618,1,2,3
2017-02-04,2003-11-05,SO63513,530,27618,1,1,2
2017-02-04,2003-12-02,SO63513,215,27618,1,3,1
2017-02-04,2003-12-08,SO63544,583,17620,1,1,1
2017-02-04,2003-10-27,SO63534,477,15097,10,4,2
2017-02-04,2003-10-10,SO63534,479,15097,10,2,2
2017-02-04,2003-12-22,SO63534,472,15097,10,3,1
2017-02-04,2003-12-30,SO63534,562,15097,10,1,1
2017-02-04,2003-12-15,SO63518,529,23740,4,2,1
2017-02-04,2003-11-29,SO63518,540,23740,4,1,1
2017-02-04,2003-11-17,SO63542,538,23318,4,2,2
2017-02-04,2003-10-13,SO63542,604,23318,4,1,1
2017-02-04,2003-12-17,SO63523,474,15919,10,1,1
2017-02-04,2004-01-09,SO63512,535,25355,1,1,2
2017-02-04,2003-10-29,SO63512,215,25355,1,2,1
2017-02-04,2003-12-02,SO63517,482,22725,1,2,2
2017-02-04,2003-10-16,SO63517,536,22725,1,1,2
2017-02-04,2003-12-17,SO63505,223,14192,7,3,2
2017-02-04,2003-10-29,SO63505,220,14192,7,2,1
2017-02-04,2003-11-25,SO63505,373,14192,7,1,1
2017-02-04,2003-12-12,SO63501,480,18492,9,1,2
2017-02-04,2003-10-27,SO63501,486,18492,9,2,1
2017-02-04,2003-12-26,SO63529,480,28453,8,3,3
2017-02-04,2003-12-11,SO63529,530,28453,8,2,2
2017-02-04,2003-11-29,SO63529,541,28453,8,1,2
2017-02-04,2003-10-26,SO63506,220,16585,10,2,1
2017-02-04,2003-12-10,SO63506,360,16585,10,1,1
2017-02-04,2003-12-22,SO63511,538,27503,3,1,2
2017-02-05,2003-12-30,SO63617,215,20855,7,2,1
2017-02-05,2003-10-10,SO63617,389,20855,7,1,1
2017-02-05,2003-11-08,SO63559,480,17950,7,4,2
2017-02-05,2003-11-04,SO63559,529,17950,7,3,2
2017-02-05,2003-12-05,SO63559,539,17950,7,2,2
2017-02-05,2003-11-05,SO63559,583,17950,7,1,1
2017-02-05,2004-01-18,SO63584,530,12598,10,2,2
2017-02-05,2003-11-16,SO63584,541,12598,10,1,2
2017-02-05,2003-10-30,SO63610,223,21335,1,2,2
2017-02-05,2003-12-23,SO63610,385,21335,1,1,1
2017-02-05,2004-01-01,SO63610,488,21335,1,3,1
2017-02-05,2003-12-18,SO63573,478,21708,1,1,3
2017-02-05,2003-11-03,SO63573,477,21708,1,2,2
2017-02-05,2003-10-11,SO63573,220,21708,1,3,1
2017-02-05,2003-10-25,SO63618,477,22495,7,3,2
2017-02-05,2003-10-08,SO63618,479,22495,7,2,2
2017-02-05,2003-12-13,SO63618,491,22495,7,4,1
2017-02-05,2003-10-15,SO63618,584,22495,7,1,1
2017-02-05,2003-11-18,SO63605,477,14032,9,3,2
2017-02-05,2003-12-25,SO63605,478,14032,9,2,2
2017-02-05,2003-12-29,SO63605,223,14032,9,4,1
2017-02-05,2003-11-21,SO63605,226,14032,9,5,1
2017-02-05,2003-10-20,SO63605,360,14032,9,1,1
2017-02-05,2003-11-24,SO63555,223,15253,9,1,2
2017-02-05,2003-11-03,SO63620,529,23992,9,2,2
2017-02-05,2003-11-19,SO63620,538,23992,9,3,2
2017-02-05,2003-12-17,SO63620,486,23992,9,4,1
2017-02-05,2003-10-21,SO63620,604,23992,9,1,1
2017-02-05,2004-01-16,SO63597,480,15916,6,3,2
2017-02-05,2003-12-05,SO63597,362,15916,6,1,1
2017-02-05,2004-01-19,SO63597,537,15916,6,2,1
2017-02-05,2003-10-12,SO63557,214,24209,7,2,1
2017-02-05,2003-10-10,SO63557,581,24209,7,1,1
2017-02-05,2003-11-17,SO63564,491,11212,6,1,1
2017-02-05,2003-12-26,SO63553,535,14312,9,1,1
2017-02-05,2003-12-28,SO63580,464,16714,4,2,2
2017-02-05,2003-10-10,SO63580,215,16714,4,3,1
2017-02-05,2003-12-06,SO63580,528,16714,4,1,1
2017-02-05,2003-12-25,SO63561,223,16580,7,3,2
2017-02-05,2003-12-22,SO63561,485,16580,7,2,2
2017-02-05,2003-11-22,SO63561,220,16580,7,4,1
2017-02-05,2003-10-31,SO63561,356,16580,7,1,1
2017-02-05,2003-11-17,SO63602,375,21205,9,1,1
2017-02-05,2003-12-31,SO63594,479,11411,8,2,3
2017-02-05,2003-11-22,SO63594,477,11411,8,1,2
2017-02-05,2004-01-11,SO63594,466,11411,8,3,1
2017-02-05,2003-12-13,SO63552,480,16733,9,3,2
2017-02-05,2003-11-15,SO63552,539,16733,9,2,2
2017-02-05,2004-01-13,SO63552,529,16733,9,1,1
2017-02-05,2003-11-02,SO63608,530,26342,4,3,3
2017-02-05,2003-12-06,SO63608,541,26342,4,2,2
2017-02-05,2003-10-19,SO63608,576,26342,4,1,1
2017-02-05,2003-11-01,SO63589,471,16837,6,2,1
2017-02-05,2003-10-27,SO63589,485,16837,6,1,1
2017-02-05,2003-12-20,SO63566,480,27426,4,2,2
2017-02-05,2003-11-15,SO63566,538,27426,4,1,2
2017-02-05,2003-12-16,SO63581,485,19001,6,1,2
2017-02-05,2003-12-05,SO63593,223,12597,10,1,1
2017-02-05,2003-11-04,SO63576,477,17471,1,1,2
2017-02-05,2003-10-22,SO63576,220,17471,1,2,1
2017-02-05,2003-11-08,SO63612,214,20699,4,2,1
2017-02-05,2003-10-11,SO63612,383,20699,4,1,1
2017-02-05,2003-10-14,SO63612,488,20699,4,3,1
2017-02-05,2003-10-24,SO63598,462,15196,4,4,3
2017-02-05,2003-11-09,SO63598,485,15196,4,2,2
2017-02-05,2003-10-25,SO63598,214,15196,4,3,1
2017-02-05,2003-10-28,SO63598,362,15196,4,1,1
2017-02-05,2004-01-19,SO63556,539,26390,10,2,2
2017-02-05,2003-11-20,SO63556,581,26390,10,1,1
2017-02-05,2003-11-02,SO63571,528,23206,4,1,2
2017-02-05,2003-10-15,SO63571,536,23206,4,2,2
2017-02-05,2003-11-29,SO63571,215,23206,4,3,1
2017-02-05,2003-12-08,SO63575,223,14661,6,3,2
2017-02-05,2003-11-04,SO63575,477,14661,6,1,2
2017-02-05,2003-12-17,SO63575,478,14661,6,2,2
2017-02-05,2003-12-19,SO63572,536,24225,4,1,2
2017-02-05,2003-12-18,SO63572,473,24225,4,2,1
2017-02-05,2003-10-08,SO63603,528,12571,9,2,1
2017-02-05,2003-11-25,SO63603,535,12571,9,3,1
2017-02-05,2004-01-19,SO63603,599,12571,9,1,1
2017-02-05,2003-10-23,SO63614,581,17147,6,1,1
2017-02-05,2004-01-12,SO63615,479,17659,1,2,2
2017-02-05,2004-01-16,SO63615,583,17659,1,1,1
2017-02-05,2003-12-05,SO63585,530,13786,8,1,2
2017-02-05,2004-01-04,SO63592,485,16005,6,1,3
2017-02-05,2003-12-31,SO63592,462,16005,6,3,2
2017-02-05,2003-11-01,SO63592,229,16005,6,2,1
2017-02-05,2003-12-13,SO63586,541,26982,7,1,2
2017-02-05,2003-12-07,SO63616,223,17662,4,3,2
2017-02-05,2003-10-11,SO63616,488,17662,4,2,1
2017-02-05,2003-10-23,SO63616,582,17662,4,1,1
2017-02-05,2003-12-08,SO63560,360,12290,7,1,1
2017-02-05,2003-12-06,SO63578,528,15382,4,1,2
2017-02-05,2003-11-02,SO63578,214,15382,4,2,1
2017-02-05,2004-01-10,SO63578,471,15382,4,3,1
2017-02-05,2003-10-25,SO63587,530,28911,7,1,2
2017-02-05,2003-10-20,SO63600,479,15059,10,2,3
2017-02-05,2003-11-13,SO63600,477,15059,10,3,2
2017-02-05,2004-01-02,SO63600,220,15059,10,4,1
2017-02-05,2003-12-03,SO63600,235,15059,10,5,1
2017-02-05,2003-12-03,SO63600,571,15059,10,1,1
2017-02-05,2003-11-12,SO63582,485,18686,6,1,1
2017-02-05,2004-01-15,SO63611,480,20686,4,4,2
2017-02-05,2004-01-21,SO63611,529,20686,4,2,2
2017-02-05,2004-01-17,SO63611,389,20686,4,1,1
2017-02-05,2003-10-15,SO63611,539,20686,4,3,1
2017-02-05,2003-11-08,SO63574,478,20533,4,1,3
2017-02-05,2003-12-10,SO63574,223,20533,4,4,2
2017-02-05,2003-10-17,SO63574,477,20533,4,2,2
2017-02-05,2003-10-09,SO63574,484,20533,4,3,1
2017-02-05,2003-12-14,SO63619,477,29091,9,3,2
2017-02-05,2004-01-21,SO63619,479,29091,9,2,2
2017-02-05,2003-10-30,SO63619,567,29091,9,1,1
2017-02-05,2003-12-21,SO63554,536,18266,9,1,3
2017-02-05,2003-12-08,SO63554,528,18266,9,2,2
2017-02-05,2003-11-10,SO63554,480,18266,9,3,1
2017-02-05,2003-11-06,SO63606,220,14050,9,2,1
2017-02-05,2003-11-28,SO63606,354,14050,9,1,1
2017-02-05,2003-11-02,SO63613,223,20700,4,6,3
2017-02-05,2004-01-14,SO63613,529,20700,4,3,2
2017-02-05,2004-01-08,SO63613,539,20700,4,2,2
2017-02-05,2003-11-06,SO63613,215,20700,4,4,1
2017-02-05,2003-11-22,SO63613,232,20700,4,5,1
2017-02-05,2003-10-27,SO63613,381,20700,4,1,1
2017-02-05,2003-12-01,SO63579,528,14918,1,1,3
2017-02-05,2003-10-09,SO63579,484,14918,1,2,2
2017-02-05,2004-01-20,SO63551,466,11176,6,2,2
2017-02-05,2003-11-15,SO63551,529,11176,6,1,1
2017-02-05,2003-10-16,SO63609,220,21334,4,2,1
2017-02-05,2004-01-11,SO63609,389,21334,4,1,1
2017-02-05,2003-11-15,SO63595,223,12595,10,1,2
2017-02-05,2003-12-28,SO63591,485,12937,1,1,2
2017-02-05,2003-12-24,SO63591,488,12937,1,2,1
2017-02-05,2003-12-02,SO63607,480,24782,4,4,2
2017-02-05,2003-11-26,SO63607,530,24782,4,3,2
2017-02-05,2003-11-16,SO63607,541,24782,4,2,2
2017-02-05,2003-11-09,SO63607,561,24782,4,1,1
2017-02-05,2003-12-28,SO63568,462,26639,4,2,2
2017-02-05,2003-10-08,SO63568,535,26639,4,1,2
2017-02-05,2003-12-05,SO63604,360,14214,9,1,1
2017-02-05,2003-12-28,SO63583,530,26383,7,2,2
2017-02-05,2003-12-30,SO63583,541,26383,7,1,2
2017-02-05,2003-12-22,SO63565,466,14096,6,1,2
2017-02-05,2004-01-06,SO63565,488,14096,6,2,1
2017-02-05,2003-10-20,SO63577,485,23083,6,2,3
2017-02-05,2003-10-22,SO63577,477,23083,6,4,2
2017-02-05,2003-10-24,SO63577,478,23083,6,3,2
2017-02-05,2003-10-12,SO63577,484,23083,6,5,2
2017-02-05,2003-12-28,SO63577,528,23083,6,1,2
2017-02-05,2003-12-14,SO63590,485,18523,6,1,3
2017-02-05,2003-10-20,SO63590,478,18523,6,2,2
2017-02-05,2003-11-03,SO63588,528,11305,4,2,2
2017-02-05,2003-12-02,SO63588,215,11305,4,3,1
2017-02-05,2003-12-30,SO63588,537,11305,4,1,1
2017-02-05,2003-11-25,SO63596,587,14722,1,1,1
2017-02-05,2003-10-18,SO63567,529,25103,4,1,3
2017-02-05,2004-01-01,SO63567,488,25103,4,3,1
2017-02-05,2003-12-16,SO63567,540,25103,4,2,1
2017-02-05,2003-11-02,SO63599,477,15349,4,4,2
2017-02-05,2004-01-01,SO63599,478,15349,4,3,2
2017-02-05,2003-11-04,SO63599,485,15349,4,2,2
2017-02-05,2004-01-08,SO63599,354,15349,4,1,1
2017-02-05,2003-12-31,SO63570,536,23052,4,1,2
2017-02-05,2003-10-18,SO63558,528,15004,7,2,2
2017-02-05,2003-10-31,SO63558,535,15004,7,3,2
2017-02-05,2003-12-10,SO63558,214,15004,7,4,1
2017-02-05,2003-12-27,SO63558,592,15004,7,1,1
2017-02-05,2003-12-10,SO63563,220,11731,4,1,1
2017-02-05,2004-01-11,SO63562,480,15676,7,4,2
2017-02-05,2004-01-09,SO63562,352,15676,7,1,1
2017-02-05,2004-01-15,SO63562,528,15676,7,2,1
2017-02-05,2004-01-19,SO63562,537,15676,7,3,1
2017-02-06,2003-12-08,SO63633,480,28781,4,1,3
2017-02-06,2003-12-09,SO63654,528,19068,8,2,2
2017-02-06,2003-12-17,SO63654,535,19068,8,1,2
2017-02-06,2003-11-27,SO63654,214,19068,8,3,1
2017-02-06,2003-11-11,SO63631,215,16594,10,2,1
2017-02-06,2003-12-14,SO63631,352,16594,10,1,1
2017-02-06,2003-11-02,SO63639,462,26473,1,3,2
2017-02-06,2003-10-25,SO63639,528,26473,1,2,2
2017-02-06,2003-10-17,SO63639,535,26473,1,1,2
2017-02-06,2003-12-12,SO63639,220,26473,1,4,1
2017-02-06,2004-01-20,SO63669,220,12756,4,2,1
2017-02-06,2003-11-07,SO63669,360,12756,4,1,1
2017-02-06,2003-10-26,SO63658,223,28430,8,3,3
2017-02-06,2004-01-14,SO63658,530,28430,8,2,3
2017-02-06,2003-10-22,SO63658,541,28430,8,1,2
2017-02-06,2003-12-31,SO63643,530,26689,4,2,3
2017-02-06,2003-10-18,SO63643,484,26689,4,4,2
2017-02-06,2004-01-14,SO63643,541,26689,4,1,2
2017-02-06,2003-10-16,SO63643,487,26689,4,3,1
2017-02-06,2003-12-17,SO63657,538,24867,8,1,2
2017-02-06,2003-10-25,SO63674,385,25946,9,1,1
2017-02-06,2003-10-17,SO63674,489,25946,9,2,1
2017-02-06,2003-10-14,SO63650,481,22545,6,3,2
2017-02-06,2003-10-29,SO63650,528,22545,6,1,2
2017-02-06,2003-12-28,SO63650,214,22545,6,2,1
2017-02-06,2003-12-31,SO63670,220,12492,10,2,1
2017-02-06,2003-12-05,SO63670,586,12492,10,1,1
2017-02-06,2003-12-19,SO63646,476,20379,4,1,1
2017-02-06,2003-11-23,SO63646,488,20379,4,2,1
2017-02-06,2003-10-17,SO63686,381,20650,4,1,1
2017-02-06,2003-11-01,SO63686,489,20650,4,2,1
2017-02-06,2003-10-17,SO63648,214,17598,4,2,1
2017-02-06,2003-11-17,SO63648,477,17598,4,1,1
2017-02-06,2003-12-23,SO63629,232,14524,7,2,1
2017-02-06,2003-10-19,SO63629,590,14524,7,1,1
2017-02-06,2003-11-09,SO63661,541,24062,7,1,2
2017-02-06,2003-12-23,SO63636,529,11091,6,1,2
2017-02-06,2003-12-27,SO63636,538,11091,6,2,2
2017-02-06,2003-10-22,SO63625,477,24591,9,1,2
2017-02-06,2003-10-16,SO63625,491,24591,9,2,1
2017-02-06,2003-11-21,SO63662,528,11164,4,1,2
2017-02-06,2004-01-20,SO63662,214,11164,4,4,1
2017-02-06,2004-01-19,SO63662,472,11164,4,3,1
2017-02-06,2004-01-02,SO63662,537,11164,4,2,1
2017-02-06,2003-12-11,SO63671,215,15077,10,2,1
2017-02-06,2004-01-13,SO63671,572,15077,10,1,1
2017-02-06,2003-12-02,SO63656,480,25472,8,3,2
2017-02-06,2003-11-07,SO63656,529,25472,8,2,2
2017-02-06,2003-11-01,SO63656,538,25472,8,1,1
2017-02-06,2003-11-05,SO63684,214,26328,4,2,1
2017-02-06,2003-11-09,SO63684,232,26328,4,3,1
2017-02-06,2003-11-27,SO63684,563,26328,4,1,1
2017-02-06,2003-10-19,SO63677,387,25272,9,1,1
2017-02-06,2003-11-21,SO63677,488,25272,9,2,1
2017-02-06,2003-10-23,SO63679,477,14211,9,2,2
2017-02-06,2003-11-02,SO63679,478,14211,9,3,2
2017-02-06,2003-11-25,SO63679,356,14211,9,1,1
2017-02-06,2003-10-25,SO63679,487,14211,9,4,1
2017-02-06,2003-10-29,SO63652,485,13457,1,1,2
2017-02-06,2003-11-30,SO63652,220,13457,1,2,1
2017-02-06,2004-01-15,SO63647,476,27656,6,1,1
2017-02-06,2004-01-17,SO63663,528,11163,4,1,3
2017-02-06,2003-11-23,SO63663,480,11163,4,3,2
2017-02-06,2004-01-22,SO63663,537,11163,4,2,1
2017-02-06,2004-01-04,SO63676,215,17904,9,2,1
2017-02-06,2003-11-13,SO63676,389,17904,9,1,1
2017-02-06,2003-10-15,SO63660,530,12325,10,2,2
2017-02-06,2003-11-20,SO63660,541,12325,10,1,2
2017-02-06,2003-12-25,SO63660,223,12325,10,3,1
2017-02-06,2004-01-12,SO63660,487,12325,10,4,1
2017-02-06,2003-10-10,SO63668,360,16103,6,1,1
2017-02-06,2003-11-25,SO63668,487,16103,6,2,1
2017-02-06,2003-10-21,SO63680,477,24738,4,3,3
2017-02-06,2003-12-25,SO63680,479,24738,4,2,2
2017-02-06,2003-12-30,SO63680,214,24738,4,4,1
2017-02-06,2003-11-04,SO63680,573,24738,4,1,1
2017-02-06,2003-11-15,SO63659,538,25772,8,1,2
2017-02-06,2003-11-26,SO63659,488,25772,8,2,1
2017-02-06,2003-12-11,SO63630,485,17937,10,2,2
2017-02-06,2003-12-24,SO63630,471,17937,10,3,1
2017-02-06,2003-12-01,SO63630,600,17937,10,1,1
2017-02-06,2003-12-20,SO63637,530,27379,4,2,2
2017-02-06,2004-01-17,SO63637,541,27379,4,1,2
2017-02-06,2004-01-10,SO63637,471,27379,4,4,1
2017-02-06,2003-12-11,SO63637,487,27379,4,3,1
2017-02-06,2003-11-28,SO63651,528,27628,6,1,2
2017-02-06,2003-12-15,SO63681,477,13460,6,3,2
2017-02-06,2004-01-06,SO63681,479,13460,6,2,2
2017-02-06,2003-12-10,SO63681,562,13460,6,1,1
2017-02-06,2003-11-07,SO63640,541,26798,1,1,2
2017-02-06,2003-10-24,SO63667,480,12777,1,2,2
2017-02-06,2003-11-01,SO63667,356,12777,1,1,1
2017-02-06,2004-01-17,SO63689,574,18133,8,1,1
2017-02-06,2003-12-23,SO63672,581,23648,9,1,1
2017-02-06,2003-10-18,SO63673,581,21180,9,1,1
2017-02-06,2003-11-18,SO63645,478,21801,4,1,2
2017-02-06,2003-10-30,SO63645,220,21801,4,2,1
2017-02-06,2003-11-20,SO63621,485,13150,9,3,2
2017-02-06,2003-11-28,SO63621,528,13150,9,2,2
2017-02-06,2004-01-22,SO63621,535,13150,9,1,2
2017-02-06,2003-10-15,SO63621,480,13150,9,4,1
2017-02-06,2003-12-02,SO63622,529,17066,9,2,2
2017-02-06,2003-11-08,SO63622,480,17066,9,3,1
2017-02-06,2004-01-21,SO63622,539,17066,9,1,1
2017-02-06,2003-11-18,SO63683,223,26292,1,3,2
2017-02-06,2003-11-10,SO63683,477,26292,1,2,2
2017-02-06,2003-10-23,SO63683,479,26292,1,4,2
2017-02-06,2003-10-20,SO63683,561,26292,1,1,1
2017-02-06,2004-01-14,SO63635,539,29220,4,1,2
2017-02-06,2004-01-01,SO63641,529,27652,1,1,2
2017-02-06,2003-12-23,SO63641,538,27652,1,2,2
2017-02-06,2003-12-13,SO63641,229,27652,1,3,1
2017-02-06,2003-12-28,SO63623,466,20267,9,3,2
2017-02-06,2003-10-15,SO63623,529,20267,9,1,2
2017-02-06,2004-01-22,SO63623,538,20267,9,2,2
2017-02-06,2003-10-11,SO63626,477,29118,9,2,2
2017-02-06,2003-11-13,SO63626,478,29118,9,1,2
2017-02-06,2003-10-14,SO63626,223,29118,9,4,1
2017-02-06,2003-12-15,SO63626,235,29118,9,3,1
2017-02-06,2003-11-22,SO63675,385,25033,9,1,1
2017-02-06,2003-12-22,SO63678,214,20628,9,2,1
2017-02-06,2003-10-30,SO63678,371,20628,9,1,1
2017-02-06,2004-01-17,SO63664,478,13539,10,1,1
2017-02-06,2004-01-10,SO63634,529,11331,6,1,2
2017-02-06,2003-12-10,SO63634,539,11331,6,2,2
2017-02-06,2003-10-18,SO63687,539,20709,4,2,3
2017-02-06,2003-11-07,SO63687,529,20709,4,3,2
2017-02-06,2003-10-28,SO63687,580,20709,4,1,1
2017-02-06,2003-12-24,SO63632,489,11500,6,1,1
2017-02-06,2003-10-31,SO63627,466,15239,9,2,2
2017-02-06,2003-11-07,SO63627,220,15239,9,1,1
2017-02-06,2003-12-29,SO63655,480,28373,7,3,1
2017-02-06,2003-10-25,SO63655,529,28373,7,1,1
2017-02-06,2003-12-09,SO63655,540,28373,7,2,1
2017-02-06,2003-11-03,SO63624,538,19807,9,1,2
2017-02-06,2004-01-20,SO63688,480,24186,10,3,2
2017-02-06,2003-12-01,SO63688,539,24186,10,2,2
2017-02-06,2004-01-18,SO63688,385,24186,10,1,1
2017-02-06,2003-10-10,SO63644,528,22085,4,1,2
2017-02-06,2003-11-28,SO63644,536,22085,4,2,2
2017-02-06,2004-01-20,SO63666,223,14653,4,3,1
2017-02-06,2003-10-22,SO63666,474,14653,4,2,1
2017-02-06,2003-11-03,SO63666,590,14653,4,1,1
2017-02-06,2003-11-03,SO63653,473,13937,1,1,1
2017-02-06,2004-01-10,SO63653,485,13937,1,2,1
2017-02-06,2003-11-05,SO63685,538,23016,4,2,3
2017-02-06,2004-01-18,SO63685,604,23016,4,1,1
2017-02-06,2003-12-24,SO63682,479,26487,1,2,3
2017-02-06,2003-12-02,SO63682,223,26487,1,4,2
2017-02-06,2004-01-03,SO63682,477,26487,1,3,2
2017-02-06,2003-12-08,SO63682,576,26487,1,1,1
2017-02-06,2003-11-22,SO63642,529,24732,1,2,3
2017-02-06,2003-12-09,SO63642,223,24732,1,4,2
2017-02-06,2003-10-20,SO63642,488,24732,1,3,1
2017-02-06,2003-11-05,SO63642,540,24732,1,1,1
2017-02-06,2003-11-22,SO63628,223,18194,9,1,2
2017-02-07,2003-11-10,SO63747,479,23982,8,2,2
2017-02-07,2003-11-11,SO63747,606,23982,8,1,1
2017-02-07,2003-11-13,SO63728,485,15364,1,2,2
2017-02-07,2003-12-04,SO63728,223,15364,1,4,1
2017-02-07,2003-12-28,SO63728,226,15364,1,3,1
2017-02-07,2004-01-14,SO63728,356,15364,1,1,1
2017-02-07,2003-11-04,SO63704,223,12265,7,3,2
2017-02-07,2003-12-01,SO63704,485,12265,7,2,2
2017-02-07,2004-01-17,SO63704,220,12265,7,4,1
2017-02-07,2003-11-29,SO63704,356,12265,7,1,1
2017-02-07,2003-10-11,SO63714,528,19541,6,1,2
2017-02-07,2003-12-01,SO63714,220,19541,6,2,1
2017-02-07,2003-11-24,SO63714,223,19541,6,4,1
2017-02-07,2004-01-04,SO63714,229,19541,6,3,1
2017-02-07,2003-11-12,SO63729,528,15367,1,2,2
2017-02-07,2003-12-25,SO63729,214,15367,1,4,1
2017-02-07,2003-10-11,SO63729,356,15367,1,1,1
2017-02-07,2003-12-03,SO63729,537,15367,1,3,1
2017-02-07,2003-12-22,SO63703,477,13661,10,3,3
2017-02-07,2003-12-11,SO63703,478,13661,10,2,2
2017-02-07,2003-12-23,SO63703,354,13661,10,1,1
2017-02-07,2003-11-04,SO63713,528,15270,1,1,2
2017-02-07,2003-11-28,SO63713,220,15270,1,2,1
2017-02-07,2003-12-11,SO63754,215,23998,9,2,1
2017-02-07,2003-12-19,SO63754,605,23998,9,1,1
2017-02-07,2004-01-06,SO63705,480,11185,6,2,3
2017-02-07,2003-10-26,SO63705,539,11185,6,1,2
2017-02-07,2004-01-21,SO63730,362,15321,4,1,1
2017-02-07,2003-11-19,SO63730,537,15321,4,2,1
2017-02-07,2003-11-24,SO63720,480,19251,8,2,2
2017-02-07,2003-12-07,SO63720,539,19251,8,1,1
2017-02-07,2003-10-21,SO63744,223,17615,1,3,3
2017-02-07,2003-12-06,SO63744,489,17615,1,2,1
2017-02-07,2003-10-26,SO63744,581,17615,1,1,1
2017-02-07,2003-10-26,SO63743,582,17608,1,1,1
2017-02-07,2003-10-15,SO63700,223,16277,10,2,2
2017-02-07,2003-10-26,SO63700,235,16277,10,3,1
2017-02-07,2003-11-25,SO63700,589,16277,10,1,1
2017-02-07,2004-01-02,SO63749,215,16206,8,2,1
2017-02-07,2004-01-16,SO63749,562,16206,8,1,1
2017-02-07,2004-01-05,SO63692,466,15147,9,2,2
2017-02-07,2003-12-17,SO63692,215,15147,9,1,1
2017-02-07,2003-12-21,SO63696,215,22320,10,2,1
2017-02-07,2003-11-08,SO63696,581,22320,10,1,1
2017-02-07,2003-10-19,SO63727,478,16022,1,2,3
2017-02-07,2003-11-05,SO63727,477,16022,1,3,2
2017-02-07,2004-01-23,SO63727,215,16022,1,4,1
2017-02-07,2003-10-24,SO63727,597,16022,1,1,1
2017-02-07,2003-10-19,SO63693,529,16733,9,1,2
2017-02-07,2003-12-29,SO63737,360,11034,9,1,1
2017-02-07,2004-01-07,SO63708,477,22070,4,2,2
2017-02-07,2003-11-19,SO63708,478,22070,4,1,2
2017-02-07,2003-12-02,SO63726,485,15847,6,1,2
2017-02-07,2003-11-09,SO63726,471,15847,6,2,1
2017-02-07,2003-11-30,SO63735,381,25108,9,1,1
2017-02-07,2003-10-20,SO63735,462,25108,9,3,1
2017-02-07,2003-12-16,SO63735,491,25108,9,2,1
2017-02-07,2003-12-07,SO63691,477,15241,9,2,2
2017-02-07,2003-12-23,SO63691,478,15241,9,1,2
2017-02-07,2004-01-01,SO63691,484,15241,9,3,2
2017-02-07,2003-12-21,SO63734,538,24162,9,2,2
2017-02-07,2004-01-21,SO63734,605,24162,9,1,1
2017-02-07,2003-11-19,SO63746,604,23903,8,1,1
2017-02-07,2003-11-17,SO63741,477,26114,4,3,2
2017-02-07,2003-10-30,SO63741,479,26114,4,2,2
2017-02-07,2004-01-22,SO63741,487,26114,4,4,1
2017-02-07,2003-12-25,SO63741,561,26114,4,1,1
2017-02-07,2003-10-24,SO63702,220,17209,8,2,1
2017-02-07,2003-11-25,SO63702,352,17209,8,1,1
2017-02-07,2003-10-29,SO63701,478,13680,10,4,2
2017-02-07,2003-11-17,SO63701,356,13680,10,1,1
2017-02-07,2003-12-06,SO63701,528,13680,10,2,1
2017-02-07,2003-11-01,SO63701,537,13680,10,3,1
2017-02-07,2003-12-12,SO63725,528,11187,1,2,1
2017-02-07,2004-01-16,SO63725,537,11187,1,1,1
2017-02-07,2003-11-11,SO63733,223,17909,9,3,1
2017-02-07,2003-12-16,SO63733,383,17909,9,1,1
2017-02-07,2003-12-28,SO63733,489,17909,9,2,1
2017-02-07,2003-11-16,SO63716,478,13757,1,2,3
2017-02-07,2004-01-08,SO63716,485,13757,1,1,2
2017-02-07,2003-11-16,SO63716,487,13757,1,3,1
2017-02-07,2003-12-19,SO63722,480,12729,10,3,2
2017-02-07,2003-12-12,SO63722,530,12729,10,2,2
2017-02-07,2004-01-10,SO63722,541,12729,10,1,2
2017-02-07,2003-11-20,SO63710,477,21243,4,2,2
2017-02-07,2003-11-05,SO63710,478,21243,4,1,2
2017-02-07,2004-01-09,SO63690,528,21177,9,2,2
2017-02-07,2004-01-04,SO63690,537,21177,9,1,1
2017-02-07,2003-11-16,SO63751,575,11989,9,1,1
2017-02-07,2003-12-02,SO63750,223,11988,9,2,2
2017-02-07,2003-12-10,SO63750,563,11988,9,1,1
2017-02-07,2003-11-18,SO63709,223,14566,6,3,3
2017-02-07,2004-01-15,SO63709,477,14566,6,2,2
2017-02-07,2003-11-13,SO63709,478,14566,6,1,2
2017-02-07,2003-11-29,SO63709,487,14566,6,4,1
2017-02-07,2003-11-17,SO63736,485,11995,9,2,2
2017-02-07,2003-12-28,SO63736,352,11995,9,1,1
2017-02-07,2003-11-12,SO63736,472,11995,9,3,1
2017-02-07,2004-01-04,SO63718,476,13512,7,1,1
2017-02-07,2003-10-17,SO63738,360,14030,9,1,1
2017-02-07,2003-12-21,SO63738,483,14030,9,2,1
2017-02-07,2003-11-10,SO63721,528,17749,7,2,3
2017-02-07,2003-12-08,SO63721,536,17749,7,1,3
2017-02-07,2003-11-25,SO63721,220,17749,7,3,1
2017-02-07,2003-11-04,SO63707,535,26522,1,1,2
2017-02-07,2003-12-22,SO63715,485,22366,6,1,2
2017-02-07,2004-01-18,SO63715,215,22366,6,2,1
2017-02-07,2003-11-11,SO63724,530,18186,10,1,3
2017-02-07,2003-12-24,SO63724,477,18186,10,2,2
2017-02-07,2004-01-01,SO63724,479,18186,10,3,2
2017-02-07,2004-01-22,SO63724,220,18186,10,4,1
2017-02-07,2003-11-03,SO63719,540,12509,7,1,1
2017-02-07,2003-10-26,SO63755,464,12010,9,3,2
2017-02-07,2003-12-20,SO63755,220,12010,9,2,1
2017-02-07,2003-12-19,SO63755,563,12010,9,1,1
2017-02-07,2003-11-23,SO63732,491,15041,9,2,1
2017-02-07,2003-12-26,SO63732,583,15041,9,1,1
2017-02-07,2003-11-04,SO63745,223,17661,4,2,2
2017-02-07,2003-12-22,SO63745,583,17661,4,1,1
2017-02-07,2003-11-10,SO63712,477,18473,4,1,2
2017-02-07,2003-10-28,SO63712,480,18473,4,2,2
2017-02-07,2004-01-23,SO63712,483,18473,4,3,1
2017-02-07,2003-11-29,SO63731,232,27004,8,2,1
2017-02-07,2003-12-23,SO63731,560,27004,8,1,1
2017-02-07,2003-10-14,SO63753,214,23993,9,2,1
2017-02-07,2003-11-23,SO63753,488,23993,9,3,1
2017-02-07,2003-11-17,SO63753,605,23993,9,1,1
2017-02-07,2003-10-21,SO63694,486,13004,9,1,1
2017-02-07,2003-12-07,SO63756,462,12039,9,3,2
2017-02-07,2003-12-03,SO63756,215,12039,9,2,1
2017-02-07,2003-11-08,SO63756,575,12039,9,1,1
2017-02-07,2003-11-28,SO63723,530,25316,7,1,2
2017-02-07,2003-12-06,SO63706,529,11500,6,1,2
2017-02-07,2003-11-09,SO63706,214,11500,6,2,1
2017-02-07,2003-10-18,SO63711,223,18981,4,2,3
2017-02-07,2003-12-03,SO63711,476,18981,4,1,1
2017-02-07,2003-10-20,SO63748,529,11250,10,2,3
2017-02-07,2003-10-18,SO63748,538,11250,10,3,3
2017-02-07,2004-01-02,SO63748,462,11250,10,4,2
2017-02-07,2004-01-18,SO63748,606,11250,10,1,1
2017-02-07,2003-12-12,SO63697,214,17891,7,2,1
2017-02-07,2003-12-19,SO63697,580,17891,7,1,1
2017-02-07,2004-01-04,SO63717,485,13371,1,1,2
2017-02-07,2003-10-29,SO63717,235,13371,1,2,1
2017-02-07,2003-12-05,SO63740,490,13440,6,2,1
2017-02-07,2003-11-05,SO63740,562,13440,6,1,1
2017-02-07,2004-01-07,SO63698,529,22416,10,3,2
2017-02-07,2004-01-06,SO63698,539,22416,10,2,2
2017-02-07,2004-01-08,SO63698,214,22416,10,4,1
2017-02-07,2003-12-08,SO63698,582,22416,10,1,1
2017-02-07,2003-10-30,SO63752,477,29088,9,2,2
2017-02-07,2003-11-24,SO63752,479,29088,9,3,2
2017-02-07,2003-11-17,SO63752,567,29088,9,1,1
2017-02-07,2004-01-09,SO63699,580,17940,8,1,1
2017-02-07,2003-12-28,SO63742,529,20677,4,2,3
2017-02-07,2004-01-07,SO63742,539,20677,4,3,3
2017-02-07,2003-10-15,SO63742,214,20677,4,4,1
2017-02-07,2003-11-14,SO63742,387,20677,4,1,1
2017-02-07,2004-01-04,SO63739,477,25866,1,3,2
2017-02-07,2003-11-13,SO63739,479,25866,1,2,2
2017-02-07,2003-11-11,SO63739,579,25866,1,1,1
2017-02-08,2003-11-21,SO63811,489,17617,4,2,1
2017-02-08,2003-10-26,SO63811,582,17617,4,1,1
2017-02-08,2004-01-22,SO63788,528,11941,1,2,2
2017-02-08,2003-11-22,SO63788,537,11941,1,1,1
2017-02-08,2003-12-12,SO63818,215,27867,9,3,1
2017-02-08,2003-12-15,SO63818,464,27867,9,2,1
2017-02-08,2003-11-12,SO63818,573,27867,9,1,1
2017-02-08,2003-12-21,SO63802,226,26623,1,2,1
2017-02-08,2003-12-18,SO63802,585,26623,1,1,1
2017-02-08,2004-01-15,SO63786,223,24574,10,4,2
2017-02-08,2003-10-26,SO63786,477,24574,10,1,2
2017-02-08,2003-11-29,SO63786,215,24574,10,2,1
2017-02-08,2003-11-30,SO63786,235,24574,10,3,1
2017-02-08,2003-12-27,SO63803,215,26490,4,2,1
2017-02-08,2003-11-15,SO63803,573,26490,4,1,1
2017-02-08,2004-01-11,SO63816,538,22626,7,3,2
2017-02-08,2003-12-21,SO63816,529,22626,7,2,1
2017-02-08,2003-12-22,SO63816,606,22626,7,1,1
2017-02-08,2003-11-06,SO63789,477,13534,10,2,2
2017-02-08,2003-10-15,SO63789,478,13534,10,1,2
2017-02-08,2003-11-26,SO63789,214,13534,10,3,1
2017-02-08,2004-01-23,SO63800,478,13971,9,2,2
2017-02-08,2003-11-30,SO63800,358,13971,9,1,1
2017-02-08,2004-01-10,SO63800,477,13971,9,3,1
2017-02-08,2003-12-31,SO63783,485,14027,1,1,2
2017-02-08,2003-12-08,SO63796,223,24004,9,4,2
2017-02-08,2003-12-12,SO63796,477,24004,9,3,2
2017-02-08,2003-12-14,SO63796,479,24004,9,2,1
2017-02-08,2003-11-10,SO63796,584,24004,9,1,1
2017-02-08,2004-01-15,SO63799,214,21173,9,2,1
2017-02-08,2003-12-22,SO63799,375,21173,9,1,1
2017-02-08,2003-10-11,SO63776,536,22721,1,1,2
2017-02-08,2003-12-23,SO63776,480,22721,1,3,1
2017-02-08,2003-10-22,SO63776,528,22721,1,2,1
2017-02-08,2004-01-18,SO63795,223,15354,10,1,2
2017-02-08,2003-10-12,SO63795,563,15354,10,2,1
2017-02-08,2003-11-03,SO63775,536,23207,4,1,2
2017-02-08,2003-10-11,SO63804,223,26201,4,3,3
2017-02-08,2003-10-20,SO63804,530,26201,4,4,2
2017-02-08,2003-11-21,SO63804,541,26201,4,2,2
2017-02-08,2003-11-05,SO63804,575,26201,4,1,1
2017-02-08,2003-11-07,SO63805,530,24739,4,3,2
2017-02-08,2003-12-13,SO63805,541,24739,4,2,2
2017-02-08,2003-11-06,SO63805,220,24739,4,4,1
2017-02-08,2003-11-23,SO63805,564,24739,4,1,1
2017-02-08,2004-01-19,SO63768,477,17199,8,3,3
2017-02-08,2003-12-18,SO63768,223,17199,8,5,2
2017-02-08,2003-11-03,SO63768,478,17199,8,2,2
2017-02-08,2004-01-14,SO63768,356,17199,8,1,1
2017-02-08,2003-11-07,SO63768,491,17199,8,4,1
2017-02-08,2003-10-14,SO63769,488,11747,1,1,1
2017-02-08,2004-01-13,SO63817,477,11952,9,3,2
2017-02-08,2003-12-26,SO63817,479,11952,9,2,2
2017-02-08,2003-11-16,SO63817,576,11952,9,1,1
2017-02-08,2003-11-06,SO63813,477,17568,4,3,2
2017-02-08,2003-10-16,SO63813,479,17568,4,2,1
2017-02-08,2003-11-15,SO63813,581,17568,4,1,1
2017-02-08,2004-01-14,SO63787,528,11697,4,2,3
2017-02-08,2003-11-01,SO63787,229,11697,4,3,1
2017-02-08,2003-11-29,SO63787,537,11697,4,1,1
2017-02-08,2003-10-18,SO63814,215,28405,8,2,1
2017-02-08,2003-11-26,SO63814,389,28405,8,1,1
2017-02-08,2003-12-16,SO63770,480,11300,6,1,2
2017-02-08,2003-12-05,SO63771,462,11300,6,2,2
2017-02-08,2003-11-20,SO63771,529,11300,6,1,2
2017-02-08,2004-01-17,SO63815,477,22612,7,2,3
2017-02-08,2003-12-22,SO63815,479,22612,7,3,2
2017-02-08,2004-01-01,SO63815,484,22612,7,4,1
2017-02-08,2003-12-13,SO63815,605,22612,7,1,1
2017-02-08,2003-10-27,SO63766,477,16260,10,2,2
2017-02-08,2003-11-08,SO63766,478,16260,10,3,2
2017-02-08,2003-12-03,SO63766,214,16260,10,4,1
2017-02-08,2003-11-24,SO63766,587,16260,10,1,1
2017-02-08,2003-12-27,SO63807,477,23356,4,3,2
2017-02-08,2004-01-04,SO63807,479,23356,4,2,2
2017-02-08,2003-12-17,SO63807,220,23356,4,4,1
2017-02-08,2003-11-24,SO63807,584,23356,4,1,1
2017-02-08,2003-12-02,SO63793,478,16654,6,2,3
2017-02-08,2003-10-19,SO63793,360,16654,6,1,1
2017-02-08,2003-11-18,SO63780,223,18382,6,3,2
2017-02-08,2003-12-17,SO63780,476,18382,6,1,1
2017-02-08,2003-11-19,SO63780,489,18382,6,2,1
2017-02-08,2003-11-18,SO63782,477,17172,4,1,2
2017-02-08,2003-12-09,SO63782,472,17172,4,2,1
2017-02-08,2004-01-15,SO63808,472,23082,4,2,1
2017-02-08,2003-11-12,SO63808,584,23082,4,1,1
2017-02-08,2003-11-09,SO63772,223,26476,4,2,3
2017-02-08,2003-11-14,SO63772,538,26476,4,1,3
2017-02-08,2003-11-21,SO63762,528,12665,9,1,2
2017-02-08,2003-12-19,SO63762,480,12665,9,2,1
2017-02-08,2003-10-30,SO63779,223,19720,1,2,2
2017-02-08,2003-10-20,SO63779,476,19720,1,1,1
2017-02-08,2003-10-28,SO63791,480,15483,4,4,2
2017-02-08,2003-12-17,SO63791,528,15483,4,2,2
2017-02-08,2003-11-09,SO63791,360,15483,4,1,1
2017-02-08,2003-12-26,SO63791,537,15483,4,3,1
2017-02-08,2003-11-15,SO63764,371,20060,10,1,1
2017-02-08,2003-12-30,SO63759,539,15025,9,1,3
2017-02-08,2003-12-25,SO63801,480,14020,9,2,2
2017-02-08,2003-10-29,SO63801,352,14020,9,1,1
2017-02-08,2003-12-01,SO63806,472,23355,4,1,1
2017-02-08,2003-11-12,SO63806,584,23355,4,2,1
2017-02-08,2003-11-09,SO63819,477,11100,9,3,2
2017-02-08,2003-11-22,SO63819,479,11100,9,2,2
2017-02-08,2003-12-25,SO63819,563,11100,9,1,1
2017-02-08,2004-01-07,SO63820,215,11967,9,2,1
2017-02-08,2004-01-11,SO63820,574,11967,9,1,1
2017-02-08,2003-11-19,SO63781,223,20094,4,2,2
2017-02-08,2003-12-27,SO63781,477,20094,4,1,2
2017-02-08,2004-01-24,SO63773,540,25255,4,1,1
2017-02-08,2004-01-24,SO63778,223,21463,4,3,3
2017-02-08,2003-11-09,SO63778,477,21463,4,2,3
2017-02-08,2003-12-11,SO63778,478,21463,4,1,2
2017-02-08,2004-01-11,SO63785,528,20889,10,2,2
2017-02-08,2004-01-01,SO63785,536,20889,10,1,2
2017-02-08,2004-01-23,SO63785,214,20889,10,3,1
2017-02-08,2004-01-22,SO63757,232,14147,8,2,1
2017-02-08,2003-10-21,SO63757,587,14147,8,1,1
2017-02-08,2004-01-14,SO63822,214,29096,9,2,1
2017-02-08,2003-12-01,SO63822,604,29096,9,1,1
2017-02-08,2003-10-27,SO63761,477,24380,9,1,2
2017-02-08,2003-12-17,SO63758,464,20621,9,5,2
2017-02-08,2004-01-01,SO63758,529,20621,9,3,2
2017-02-08,2003-11-27,SO63758,215,20621,9,4,1
2017-02-08,2003-12-15,SO63758,377,20621,9,1,1
2017-02-08,2003-11-12,SO63758,540,20621,9,2,1
2017-02-08,2004-01-03,SO63797,215,24163,9,2,1
2017-02-08,2003-12-29,SO63797,584,24163,9,1,1
2017-02-08,2003-11-24,SO63792,478,12771,4,2,2
2017-02-08,2003-11-22,SO63792,352,12771,4,1,1
2017-02-08,2003-12-17,SO63774,529,24822,4,1,3
2017-02-08,2004-01-06,SO63774,486,24822,4,3,1
2017-02-08,2003-12-26,SO63774,540,24822,4,2,1
2017-02-08,2004-01-24,SO63767,223,14167,8,3,2
2017-02-08,2004-01-20,SO63767,226,14167,8,2,1
2017-02-08,2004-01-23,SO63767,590,14167,8,1,1
2017-02-08,2003-11-23,SO63810,223,17574,4,2,2
2017-02-08,2003-12-26,SO63810,583,17574,4,1,1
2017-02-08,2003-12-11,SO63790,478,13609,10,1,2
2017-02-08,2004-01-05,SO63760,480,16606,9,2,2
2017-02-08,2003-11-25,SO63760,536,16606,9,1,2
2017-02-08,2003-11-13,SO63763,477,14998,7,3,2
2017-02-08,2003-10-23,SO63763,478,14998,7,2,2
2017-02-08,2004-01-23,SO63763,220,14998,7,4,1
2017-02-08,2003-11-24,SO63763,595,14998,7,1,1
2017-02-08,2004-01-23,SO63794,223,28696,10,3,2
2017-02-08,2003-12-16,SO63794,214,28696,10,2,1
2017-02-08,2003-11-12,SO63794,563,28696,10,1,1
2017-02-08,2003-12-23,SO63765,484,16513,7,4,2
2017-02-08,2003-10-14,SO63765,529,16513,7,3,2
2017-02-08,2003-12-15,SO63765,379,16513,7,1,1
2017-02-08,2003-11-17,SO63765,540,16513,7,2,1
2017-02-08,2003-12-15,SO63821,584,29067,9,1,1
2017-02-08,2003-11-09,SO63812,477,17660,4,3,2
2017-02-08,2004-01-10,SO63812,479,17660,4,2,2
2017-02-08,2003-12-30,SO63812,582,17660,4,1,1
2017-02-08,2004-01-21,SO63798,385,25242,9,1,1
2017-02-08,2003-10-17,SO63784,215,28384,7,2,1
2017-02-08,2004-01-10,SO63784,540,28384,7,1,1
2017-02-08,2003-11-07,SO63809,215,21342,4,2,1
2017-02-08,2004-01-10,SO63809,383,21342,4,1,1
2017-02-08,2004-01-06,SO63777,477,21164,4,2,2
2017-02-08,2003-11-16,SO63777,478,21164,4,1,2
2017-02-08,2003-10-16,SO63777,490,21164,4,3,1
2017-02-09,2003-12-12,SO63846,475,18669,4,1,1
2017-02-09,2004-01-20,SO63823,356,12383,7,1,1
2017-02-09,2003-10-14,SO63844,477,23271,4,2,2
2017-02-09,2003-11-27,SO63844,478,23271,4,1,2
2017-02-09,2003-12-09,SO63844,220,23271,4,3,1
2017-02-09,2003-12-01,SO63875,220,24184,10,2,1
2017-02-09,2003-10-31,SO63875,389,24184,10,1,1
2017-02-09,2003-11-03,SO63835,529,15244,6,1,1
2017-02-09,2003-11-09,SO63830,477,17929,8,3,2
2017-02-09,2003-12-22,SO63830,479,17929,8,2,2
2017-02-09,2004-01-02,SO63830,580,17929,8,1,1
2017-02-09,2004-01-19,SO63845,476,18852,6,1,1
2017-02-09,2003-10-16,SO63845,491,18852,6,2,1
2017-02-09,2004-01-17,SO63871,220,29223,1,2,1
2017-02-09,2003-12-14,SO63871,585,29223,1,1,1
2017-02-09,2003-12-06,SO63828,529,12704,9,1,2
2017-02-09,2004-01-10,SO63828,464,12704,9,2,1
2017-02-09,2003-10-31,SO63838,530,28060,1,1,2
2017-02-09,2003-11-12,SO63838,214,28060,1,2,1
2017-02-09,2003-11-08,SO63866,477,27583,9,3,2
2017-02-09,2004-01-01,SO63866,479,27583,9,2,1
2017-02-09,2003-11-17,SO63866,604,27583,9,1,1
2017-02-09,2003-10-18,SO63859,485,12445,1,1,2
2017-02-09,2004-01-18,SO63863,481,11353,10,2,2
2017-02-09,2003-12-13,SO63863,575,11353,10,1,1
2017-02-09,2004-01-01,SO63876,479,23917,8,3,2
2017-02-09,2003-11-29,SO63876,477,23917,8,2,1
2017-02-09,2003-10-24,SO63876,606,23917,8,1,1
2017-02-09,2004-01-01,SO63826,223,23014,9,2,2
2017-02-09,2003-12-09,SO63826,530,23014,9,1,2
2017-02-09,2003-11-04,SO63834,480,11277,6,1,2
2017-02-09,2003-12-21,SO63839,529,11277,6,1,2
2017-02-09,2003-12-06,SO63839,538,11277,6,2,1
2017-02-09,2003-12-04,SO63861,477,19740,1,3,2
2017-02-09,2004-01-18,SO63861,478,19740,1,2,2
2017-02-09,2003-10-15,SO63861,220,19740,1,4,1
2017-02-09,2004-01-15,SO63861,596,19740,1,1,1
2017-02-09,2003-10-27,SO63841,462,26345,4,2,2
2017-02-09,2004-01-07,SO63841,535,26345,4,1,2
2017-02-09,2003-10-29,SO63867,383,17735,9,1,1
2017-02-09,2004-01-02,SO63867,490,17735,9,2,1
2017-02-09,2003-11-20,SO63847,477,17602,4,1,2
2017-02-09,2003-11-05,SO63879,223,12337,9,2,2
2017-02-09,2003-10-12,SO63879,576,12337,9,1,1
2017-02-09,2003-10-20,SO63852,485,13940,4,1,2
2017-02-09,2003-12-11,SO63852,471,13940,4,2,1
2017-02-09,2003-12-11,SO63825,528,12992,9,2,2
2017-02-09,2003-10-25,SO63825,535,12992,9,1,2
2017-02-09,2003-12-28,SO63825,214,12992,9,3,1
2017-02-09,2003-10-15,SO63825,226,12992,9,4,1
2017-02-09,2003-10-17,SO63856,538,11557,10,1,2
2017-02-09,2003-11-25,SO63860,214,12223,8,1,1
2017-02-09,2003-10-25,SO63849,477,22100,6,3,2
2017-02-09,2003-10-17,SO63849,478,22100,6,2,2
2017-02-09,2003-12-11,SO63849,485,22100,6,1,2
2017-02-09,2004-01-20,SO63849,490,22100,6,4,1
2017-02-09,2003-12-22,SO63854,480,20715,8,3,3
2017-02-09,2003-12-10,SO63854,528,20715,8,1,3
2017-02-09,2003-10-15,SO63854,486,20715,8,4,1
2017-02-09,2003-12-22,SO63854,536,20715,8,2,1
2017-02-09,2003-11-02,SO63850,485,14001,1,1,2
2017-02-09,2003-10-12,SO63850,214,14001,1,2,1
2017-02-09,2003-10-25,SO63850,235,14001,1,3,1
2017-02-09,2004-01-16,SO63857,477,22528,10,1,2
2017-02-09,2003-12-05,SO63857,220,22528,10,2,1
2017-02-09,2003-12-30,SO63877,214,29095,9,2,1
2017-02-09,2004-01-16,SO63877,565,29095,9,1,1
2017-02-09,2004-01-23,SO63878,220,12004,9,2,1
2017-02-09,2003-11-27,SO63878,575,12004,9,1,1
2017-02-09,2004-01-25,SO63870,529,18188,9,3,2
2017-02-09,2004-01-04,SO63870,215,18188,9,4,1
2017-02-09,2003-12-29,SO63870,375,18188,9,1,1
2017-02-09,2004-01-21,SO63870,540,18188,9,2,1
2017-02-09,2003-10-22,SO63836,529,11262,6,1,3
2017-02-09,2003-10-14,SO63836,480,11262,6,3,2
2017-02-09,2003-11-03,SO63836,484,11262,6,4,2
2017-02-09,2004-01-01,SO63836,539,11262,6,2,2
2017-02-09,2003-11-21,SO63874,214,20841,8,2,1
2017-02-09,2003-10-21,SO63874,381,20841,8,1,1
2017-02-09,2004-01-10,SO63829,489,11146,9,1,1
2017-02-09,2003-11-10,SO63851,484,21345,6,2,2
2017-02-09,2003-11-27,SO63851,485,21345,6,1,2
2017-02-09,2003-12-04,SO63865,477,27582,9,3,3
2017-02-09,2003-12-11,SO63865,479,27582,9,2,2
2017-02-09,2004-01-24,SO63865,484,27582,9,4,2
2017-02-09,2003-10-19,SO63865,584,27582,9,1,1
2017-02-09,2003-12-25,SO63853,484,16187,10,2,2
2017-02-09,2003-11-10,SO63853,485,16187,10,1,2
2017-02-09,2003-11-08,SO63848,480,14635,1,3,2
2017-02-09,2004-01-11,SO63848,485,14635,1,2,2
2017-02-09,2004-01-15,SO63848,528,14635,1,1,2
2017-02-09,2004-01-08,SO63848,484,14635,1,4,1
2017-02-09,2004-01-17,SO63872,529,26373,6,3,2
2017-02-09,2003-12-23,SO63872,538,26373,6,2,2
2017-02-09,2004-01-04,SO63872,606,26373,6,1,1
2017-02-09,2003-10-29,SO63862,352,15200,4,1,1
2017-02-09,2004-01-02,SO63862,528,15200,4,3,1
2017-02-09,2003-10-15,SO63862,537,15200,4,2,1
2017-02-09,2003-12-19,SO63842,464,27481,4,3,2
2017-02-09,2003-12-29,SO63842,530,27481,4,2,1
2017-02-09,2003-10-20,SO63842,541,27481,4,1,1
2017-02-09,2003-10-20,SO63858,480,11770,1,3,2
2017-02-09,2003-11-23,SO63858,528,11770,1,1,2
2017-02-09,2003-12-11,SO63858,537,11770,1,2,1
2017-02-09,2003-11-10,SO63824,477,13563,10,2,2
2017-02-09,2003-12-18,SO63824,478,13563,10,3,2
2017-02-09,2003-10-30,SO63824,215,13563,10,4,1
2017-02-09,2003-11-16,SO63824,354,13563,10,1,1
2017-02-09,2003-12-31,SO63869,484,20625,9,2,2
2017-02-09,2003-11-27,SO63869,371,20625,9,1,1
2017-02-09,2003-11-21,SO63837,480,11280,1,1,1
2017-02-09,2003-12-29,SO63864,539,23652,9,2,3
2017-02-09,2004-01-01,SO63864,580,23652,9,1,1
2017-02-09,2004-01-10,SO63840,530,26720,1,2,2
2017-02-09,2004-01-08,SO63840,541,26720,1,1,2
2017-02-09,2004-01-08,SO63840,220,26720,1,3,1
2017-02-09,2003-11-10,SO63873,214,20703,1,2,1
2017-02-09,2004-01-08,SO63873,582,20703,1,1,1
2017-02-09,2003-10-29,SO63832,223,14148,8,3,2
2017-02-09,2004-01-21,SO63832,226,14148,8,2,1
2017-02-09,2003-12-25,SO63832,588,14148,8,1,1
2017-02-09,2003-10-31,SO63868,477,21165,9,3,3
2017-02-09,2003-12-14,SO63868,479,21165,9,2,2
2017-02-09,2003-10-17,SO63868,214,21165,9,4,1
2017-02-09,2003-11-13,SO63868,375,21165,9,1,1
2017-02-09,2004-01-08,SO63827,474,27367,9,1,1
2017-02-09,2003-12-19,SO63831,477,22632,7,3,2
2017-02-09,2003-10-20,SO63831,220,22632,7,4,1
2017-02-09,2003-10-13,SO63831,377,22632,7,1,1
2017-02-09,2003-10-24,SO63831,479,22632,7,2,1
2017-02-09,2003-11-27,SO63855,223,21530,7,5,2
2017-02-09,2003-10-19,SO63855,528,21530,7,2,2
2017-02-09,2003-10-24,SO63855,220,21530,7,3,1
2017-02-09,2004-01-16,SO63855,232,21530,7,4,1
2017-02-09,2003-10-14,SO63855,536,21530,7,1,1
2017-02-09,2003-10-26,SO63843,529,24616,4,1,2
2017-02-09,2003-11-30,SO63843,215,24616,4,3,1
2017-02-09,2004-01-14,SO63843,540,24616,4,2,1
2017-02-10,2003-11-08,SO63928,485,12761,1,2,2
2017-02-10,2003-11-25,SO63928,356,12761,1,1,1
2017-02-10,2004-01-24,SO63928,482,12761,1,3,1
2017-02-10,2004-01-26,SO63937,362,14225,9,1,1
2017-02-10,2003-10-29,SO63937,478,14225,9,2,1
2017-02-10,2003-10-28,SO63929,480,15417,4,4,2
2017-02-10,2003-12-16,SO63929,528,15417,4,3,2
2017-02-10,2003-12-05,SO63929,362,15417,4,1,1
2017-02-10,2003-10-27,SO63929,537,15417,4,2,1
2017-02-10,2004-01-22,SO63923,478,13714,1,2,2
2017-02-10,2004-01-08,SO63923,220,13714,1,4,1
2017-02-10,2003-12-28,SO63923,477,13714,1,3,1
2017-02-10,2004-01-09,SO63923,596,13714,1,1,1
2017-02-10,2003-12-09,SO63920,478,12400,8,1,2
2017-02-10,2003-11-24,SO63920,477,12400,8,2,1
2017-02-10,2003-10-26,SO63920,491,12400,8,3,1
2017-02-10,2003-12-22,SO63906,482,19906,10,2,2
2017-02-10,2003-12-01,SO63906,528,19906,10,1,1
2017-02-10,2004-01-19,SO63934,584,24001,9,1,1
2017-02-10,2003-12-09,SO63905,477,11185,6,1,2
2017-02-10,2004-01-14,SO63905,215,11185,6,2,1
2017-02-10,2004-01-05,SO63905,472,11185,6,3,1
2017-02-10,2003-12-04,SO63902,223,19528,1,2,2
2017-02-10,2003-10-19,SO63902,475,19528,1,1,1
2017-02-10,2003-11-22,SO63908,535,19079,7,1,3
2017-02-10,2004-01-19,SO63925,485,15302,4,2,2
2017-02-10,2003-11-19,SO63925,215,15302,4,3,1
2017-02-10,2004-01-01,SO63925,358,15302,4,1,1
2017-02-10,2003-11-11,SO63886,536,16680,9,1,3
2017-02-10,2003-11-22,SO63886,528,16680,9,2,2
2017-02-10,2003-11-19,SO63886,215,16680,9,3,1
2017-02-10,2003-11-24,SO63897,541,11277,6,1,2
2017-02-10,2004-01-14,SO63897,487,11277,6,3,1
2017-02-10,2003-11-16,SO63897,530,11277,6,2,1
2017-02-10,2003-10-31,SO63919,485,11699,1,2,3
2017-02-10,2003-12-09,SO63919,480,11699,1,3,2
2017-02-10,2004-01-20,SO63919,537,11699,1,1,1
2017-02-10,2003-10-16,SO63892,473,14313,9,1,1
2017-02-10,2004-01-23,SO63892,487,14313,9,2,1
2017-02-10,2003-12-26,SO63946,480,17240,9,4,2
2017-02-10,2003-10-15,SO63946,528,17240,9,3,2
2017-02-10,2003-10-28,SO63946,536,17240,9,2,2
2017-02-10,2004-01-24,SO63946,588,17240,9,1,1
2017-02-10,2003-10-30,SO63894,490,11142,6,1,1
2017-02-10,2003-11-08,SO63921,223,18355,6,3,3
2017-02-10,2003-10-21,SO63921,485,18355,6,1,2
2017-02-10,2003-12-22,SO63921,235,18355,6,2,1
2017-02-10,2003-10-23,SO63912,529,11469,10,2,3
2017-02-10,2003-12-04,SO63912,538,11469,10,1,2
2017-02-10,2003-12-13,SO63911,529,26364,10,1,2
2017-02-10,2003-10-17,SO63911,215,26364,10,2,1
2017-02-10,2003-11-27,SO63927,478,16000,6,3,2
2017-02-10,2004-01-18,SO63927,485,16000,6,2,2
2017-02-10,2003-10-29,SO63927,358,16000,6,1,1
2017-02-10,2003-10-24,SO63927,477,16000,6,4,1
2017-02-10,2003-12-16,SO63927,484,16000,6,6,1
2017-02-10,2004-01-15,SO63927,487,16000,6,5,1
2017-02-10,2003-12-27,SO63907,539,20721,10,1,2
2017-02-10,2003-11-13,SO63909,528,19061,7,2,2
2017-02-10,2003-11-08,SO63909,535,19061,7,1,2
2017-02-10,2003-12-18,SO63909,214,19061,7,3,1
2017-02-10,2003-12-27,SO63915,466,14554,10,4,2
2017-02-10,2003-11-21,SO63915,530,14554,10,2,2
2017-02-10,2003-11-03,SO63915,541,14554,10,1,2
2017-02-10,2003-10-17,SO63915,226,14554,10,3,1
2017-02-10,2003-12-24,SO63893,480,22418,10,4,2
2017-02-10,2003-11-25,SO63893,529,22418,10,2,2
2017-02-10,2003-12-15,SO63893,539,22418,10,3,2
2017-02-10,2003-11-28,SO63893,583,22418,10,1,1
2017-02-10,2003-10-24,SO63939,576,26110,1,1,1
2017-02-10,2003-12-09,SO63922,232,12472,7,1,1
2017-02-10,2003-11-07,SO63900,477,14244,6,2,2
2017-02-10,2003-12-27,SO63900,215,14244,6,3,1
2017-02-10,2003-11-25,SO63900,478,14244,6,1,1
2017-02-10,2003-11-23,SO63938,215,25895,1,2,1
2017-02-10,2004-01-24,SO63938,577,25895,1,1,1
2017-02-10,2003-10-24,SO63888,485,21573,9,3,2
2017-02-10,2004-01-21,SO63888,528,21573,9,2,2
2017-02-10,2003-12-21,SO63888,537,21573,9,1,1
2017-02-10,2003-11-05,SO63917,529,12551,10,1,2
2017-02-10,2003-12-31,SO63917,538,12551,10,2,1
2017-02-10,2003-11-03,SO63880,464,18130,8,4,2
2017-02-10,2004-01-22,SO63880,477,18130,8,3,2
2017-02-10,2003-12-03,SO63880,478,18130,8,2,2
2017-02-10,2003-11-28,SO63880,354,18130,8,1,1
2017-02-10,2004-01-23,SO63910,477,21550,8,1,2
2017-02-10,2003-12-13,SO63910,490,21550,8,2,1
2017-02-10,2003-10-17,SO63884,529,14314,9,2,2
2017-02-10,2003-12-06,SO63884,539,14314,9,1,2
2017-02-10,2003-11-22,SO63884,215,14314,9,3,1
2017-02-10,2003-11-24,SO63904,477,18933,1,1,2
2017-02-10,2003-10-22,SO63904,487,18933,1,2,1
2017-02-10,2003-10-31,SO63883,480,15131,9,3,2
2017-02-10,2003-11-30,SO63883,539,15131,9,1,2
2017-02-10,2003-12-02,SO63883,529,15131,9,2,1
2017-02-10,2004-01-14,SO63916,530,27932,8,1,2
2017-02-10,2003-10-20,SO63916,473,27932,8,3,1
2017-02-10,2003-12-16,SO63916,487,27932,8,2,1
2017-02-10,2004-01-03,SO63891,488,17298,9,1,1
2017-02-10,2004-01-20,SO63935,604,24161,9,1,1
2017-02-10,2004-01-07,SO63898,480,25276,1,3,2
2017-02-10,2003-10-16,SO63898,529,25276,1,1,2
2017-02-10,2003-11-08,SO63898,540,25276,1,2,1
2017-02-10,2003-12-04,SO63890,491,11098,9,1,1
2017-02-10,2003-11-13,SO63887,485,18221,9,1,3
2017-02-10,2003-12-13,SO63887,477,18221,9,3,2
2017-02-10,2004-01-16,SO63887,478,18221,9,2,2
2017-02-10,2003-11-08,SO63933,215,23651,9,2,1
2017-02-10,2003-12-15,SO63933,581,23651,9,1,1
2017-02-10,2004-01-12,SO63942,580,17614,4,1,1
2017-02-10,2003-12-10,SO63926,480,15997,6,4,2
2017-02-10,2004-01-14,SO63926,528,15997,6,3,2
2017-02-10,2003-11-22,SO63926,352,15997,6,1,1
2017-02-10,2003-11-17,SO63926,537,15997,6,2,1
2017-02-10,2004-01-20,SO63945,477,14066,9,3,3
2017-02-10,2003-10-15,SO63945,479,14066,9,2,2
2017-02-10,2003-11-30,SO63945,480,14066,9,4,2
2017-02-10,2003-12-04,SO63945,571,14066,9,1,1
2017-02-10,2003-10-26,SO63932,214,25606,7,2,1
2017-02-10,2003-10-28,SO63932,579,25606,7,1,1
2017-02-10,2004-01-23,SO63931,480,16810,6,2,2
2017-02-10,2003-10-20,SO63931,354,16810,6,1,1
2017-02-10,2003-10-29,SO63882,484,12201,4,1,2
2017-02-10,2003-11-29,SO63913,481,21820,7,2,3
2017-02-10,2004-01-20,SO63913,536,21820,7,1,2
2017-02-10,2003-11-10,SO63903,477,17440,4,1,2
2017-02-10,2003-11-19,SO63914,538,22529,7,1,3
2017-02-10,2003-10-18,SO63914,480,22529,7,2,2
2017-02-10,2003-12-19,SO63943,480,23933,8,3,2
2017-02-10,2003-11-12,SO63943,538,23933,8,2,2
2017-02-10,2003-12-22,SO63943,605,23933,8,1,1
2017-02-10,2003-11-07,SO63930,478,12773,1,2,3
2017-02-10,2004-01-05,SO63930,356,12773,1,1,1
2017-02-10,2003-12-22,SO63944,464,11964,9,3,2
2017-02-10,2003-11-09,SO63944,214,11964,9,2,1
2017-02-10,2003-11-13,SO63944,573,11964,9,1,1
2017-02-10,2003-12-15,SO63896,480,11619,6,2,2
2017-02-10,2003-11-28,SO63896,530,11619,6,1,1
2017-02-10,2004-01-15,SO63881,358,17206,7,1,1
2017-02-10,2003-12-02,SO63918,480,11087,4,2,2
2017-02-10,2003-10-24,SO63918,537,11087,4,1,1
2017-02-10,2004-01-23,SO63936,223,21166,9,4,2
2017-02-10,2004-01-06,SO63936,477,21166,9,2,2
2017-02-10,2003-10-27,SO63936,479,21166,9,3,2
2017-02-10,2003-11-17,SO63936,373,21166,9,1,1
2017-02-10,2003-10-28,SO63899,528,22792,1,2,2
2017-02-10,2003-10-19,SO63899,536,22792,1,1,2
2017-02-10,2003-11-02,SO63899,214,22792,1,3,1
2017-02-10,2003-10-28,SO63924,528,12769,1,3,2
2017-02-10,2003-11-05,SO63924,214,12769,1,4,1
2017-02-10,2004-01-21,SO63924,360,12769,1,1,1
2017-02-10,2003-12-25,SO63924,537,12769,1,2,1
2017-02-10,2003-12-22,SO63889,477,15581,9,2,2
2017-02-10,2003-11-28,SO63889,478,15581,9,1,2
2017-02-10,2003-12-04,SO63889,214,15581,9,3,1
2017-02-10,2004-01-02,SO63901,485,18055,6,3,3
2017-02-10,2003-12-03,SO63901,528,18055,6,1,2
2017-02-10,2003-11-21,SO63901,229,18055,6,4,1
2017-02-10,2004-01-17,SO63901,536,18055,6,2,1
2017-02-10,2004-01-23,SO63885,528,16023,9,2,2
2017-02-10,2003-11-28,SO63885,536,16023,9,1,2
2017-02-10,2003-10-26,SO63885,214,16023,9,3,1
2017-02-10,2003-11-16,SO63941,223,20645,1,3,2
2017-02-10,2003-11-25,SO63941,387,20645,1,1,1
2017-02-10,2003-11-17,SO63941,477,20645,1,4,1
2017-02-10,2003-12-14,SO63941,479,20645,1,2,1
2017-02-10,2003-11-19,SO63940,215,23339,1,2,1
2017-02-10,2003-11-29,SO63940,605,23339,1,1,1
2017-02-11,2003-10-26,SO63971,475,28496,7,1,1
2017-02-11,2003-10-20,SO63973,480,13179,6,3,2
2017-02-11,2003-10-21,SO63973,528,13179,6,2,2
2017-02-11,2003-12-23,SO63973,537,13179,6,1,1
2017-02-11,2003-12-04,SO63992,477,22515,7,2,3
2017-02-11,2003-11-08,SO63992,479,22515,7,3,2
2017-02-11,2003-10-25,SO63992,604,22515,7,1,1
2017-02-11,2003-12-22,SO63982,462,24009,9,2,2
2017-02-11,2003-11-16,SO63982,606,24009,9,1,1
2017-02-11,2004-01-16,SO63991,229,28364,7,2,1
2017-02-11,2003-12-21,SO63991,389,28364,7,1,1
2017-02-11,2003-11-10,SO63978,223,16019,4,2,2
2017-02-11,2004-01-25,SO63978,591,16019,4,1,1
2017-02-11,2003-12-30,SO63972,480,18623,7,3,2
2017-02-11,2003-11-13,SO63972,528,18623,7,1,2
2017-02-11,2003-12-19,SO63972,536,18623,7,2,2
2017-02-11,2003-10-14,SO63995,223,12003,9,4,3
2017-02-11,2003-10-27,SO63995,220,12003,9,2,1
2017-02-11,2004-01-21,SO63995,489,12003,9,3,1
2017-02-11,2003-12-17,SO63995,574,12003,9,1,1
2017-02-11,2003-10-15,SO63979,528,16906,6,2,2
2017-02-11,2003-10-17,SO63979,352,16906,6,1,1
2017-02-11,2003-12-31,SO63979,537,16906,6,3,1
2017-02-11,2003-10-30,SO63959,480,15933,10,2,3
2017-02-11,2003-11-23,SO63959,360,15933,10,1,1
2017-02-11,2003-11-16,SO63980,478,15369,1,2,2
2017-02-11,2003-11-03,SO63980,220,15369,1,4,1
2017-02-11,2003-11-04,SO63980,362,15369,1,1,1
2017-02-11,2003-12-24,SO63980,477,15369,1,3,1
2017-02-11,2003-11-28,SO63994,466,14671,9,5,3
2017-02-11,2003-10-21,SO63994,477,14671,9,3,2
2017-02-11,2003-10-20,SO63994,478,14671,9,2,2
2017-02-11,2004-01-02,SO63994,490,14671,9,4,1
2017-02-11,2003-12-30,SO63994,589,14671,9,1,1
2017-02-11,2003-11-18,SO63986,481,26098,4,2,2
2017-02-11,2004-01-14,SO63986,573,26098,4,1,1
2017-02-11,2003-12-05,SO63957,476,16275,10,2,1
2017-02-11,2003-12-27,SO63957,589,16275,10,1,1
2017-02-11,2003-12-23,SO63987,214,26245,4,2,1
2017-02-11,2004-01-12,SO63987,574,26245,4,1,1
2017-02-11,2003-10-14,SO63974,480,14561,6,2,2
2017-02-11,2003-11-28,SO63974,537,14561,6,1,1
2017-02-11,2004-01-07,SO63964,528,23027,4,2,2
2017-02-11,2003-11-16,SO63964,536,23027,4,1,2
2017-02-11,2004-01-27,SO63964,480,23027,4,3,1
2017-02-11,2003-11-22,SO63977,235,14660,1,3,1
2017-02-11,2003-11-21,SO63977,476,14660,1,2,1
2017-02-11,2004-01-26,SO63977,587,14660,1,1,1
2017-02-11,2003-12-12,SO63966,229,18822,1,2,1
2017-02-11,2003-10-29,SO63966,474,18822,1,1,1
2017-02-11,2004-01-23,SO63950,530,27592,9,1,3
2017-02-11,2004-01-01,SO63968,477,21745,6,3,2
2017-02-11,2003-12-25,SO63968,478,21745,6,2,2
2017-02-11,2003-12-16,SO63968,485,21745,6,1,2
2017-02-11,2003-11-22,SO63968,214,21745,6,4,1
2017-02-11,2003-11-24,SO63984,477,21179,9,3,2
2017-02-11,2003-12-15,SO63984,479,21179,9,2,2
2017-02-11,2003-12-03,SO63984,220,21179,9,4,1
2017-02-11,2003-10-15,SO63984,375,21179,9,1,1
2017-02-11,2003-10-19,SO63948,528,16705,9,2,2
2017-02-11,2003-11-30,SO63948,536,16705,9,1,2
2017-02-11,2003-11-08,SO63961,538,28231,1,1,2
2017-02-11,2003-12-01,SO63961,480,28231,1,2,1
2017-02-11,2004-01-26,SO63988,479,26529,6,2,3
2017-02-11,2004-01-08,SO63988,605,26529,6,1,1
2017-02-11,2003-12-24,SO63965,477,11724,6,2,2
2017-02-11,2004-01-23,SO63965,478,11724,6,1,2
2017-02-11,2003-12-19,SO63976,480,11800,1,3,2
2017-02-11,2004-01-07,SO63976,528,11800,1,2,2
2017-02-11,2003-10-16,SO63976,537,11800,1,1,1
2017-02-11,2003-11-13,SO63981,477,12599,10,2,2
2017-02-11,2003-12-12,SO63981,479,12599,10,3,2
2017-02-11,2003-10-24,SO63981,578,12599,10,1,1
2017-02-11,2003-12-16,SO63963,480,24320,1,3,2
2017-02-11,2003-12-14,SO63963,529,24320,1,1,1
2017-02-11,2004-01-16,SO63963,540,24320,1,2,1
2017-02-11,2003-12-13,SO63955,477,15063,8,2,2
2017-02-11,2003-11-06,SO63955,478,15063,8,3,2
2017-02-11,2003-12-08,SO63955,600,15063,8,1,1
2017-02-11,2003-10-20,SO63954,487,14685,9,1,1
2017-02-11,2003-12-17,SO63970,477,23458,6,3,3
2017-02-11,2003-10-14,SO63970,478,23458,6,4,3
2017-02-11,2004-01-09,SO63970,528,23458,6,1,3
2017-02-11,2003-11-21,SO63970,485,23458,6,2,2
2017-02-11,2003-10-19,SO63975,485,11184,4,3,2
2017-02-11,2003-10-30,SO63975,528,11184,4,2,2
2017-02-11,2003-11-27,SO63975,537,11184,4,1,1
2017-02-11,2003-12-03,SO63969,477,13858,4,2,3
2017-02-11,2003-12-25,SO63969,485,13858,4,1,2
2017-02-11,2003-10-20,SO63969,215,13858,4,4,1
2017-02-11,2004-01-03,SO63969,478,13858,4,3,1
2017-02-11,2003-10-23,SO63993,585,29452,9,1,1
2017-02-11,2003-11-25,SO63958,223,15931,7,4,2
2017-02-11,2004-01-24,SO63958,477,15931,7,2,2
2017-02-11,2003-12-27,SO63958,478,15931,7,3,2
2017-02-11,2004-01-18,SO63958,356,15931,7,1,1
2017-02-11,2003-12-17,SO63952,464,17076,9,2,2
2017-02-11,2003-11-20,SO63952,235,17076,9,1,1
2017-02-11,2004-01-14,SO63949,537,27145,9,1,1
2017-02-11,2003-11-15,SO63983,606,27581,9,1,1
2017-02-11,2003-10-23,SO63947,528,21248,9,2,2
2017-02-11,2003-11-14,SO63947,536,21248,9,1,1
2017-02-11,2003-12-31,SO63956,539,22396,10,2,2
2017-02-11,2003-12-28,SO63956,581,22396,10,1,1
2017-02-11,2003-12-26,SO63985,480,14065,9,2,2
2017-02-11,2003-12-24,SO63985,354,14065,9,1,1
2017-02-11,2003-11-27,SO63967,477,24755,6,1,2
2017-02-11,2003-11-24,SO63967,220,24755,6,2,1
2017-02-11,2004-01-21,SO63953,480,19085,9,1,2
2017-02-11,2003-12-04,SO63962,529,11619,6,1,2
2017-02-11,2003-11-06,SO63962,538,11619,6,2,2
2017-02-11,2003-12-31,SO63989,529,23059,1,2,2
2017-02-11,2004-01-18,SO63989,538,23059,1,3,2
2017-02-11,2003-12-26,SO63989,220,23059,1,4,1
2017-02-11,2003-11-10,SO63989,584,23059,1,1,1
2017-02-11,2003-10-19,SO63951,528,26136,9,1,2
2017-02-11,2003-10-26,SO63951,214,26136,9,2,1
2017-02-11,2004-01-22,SO63990,462,17600,1,3,2
2017-02-11,2003-10-17,SO63990,226,17600,1,2,1
2017-02-11,2003-12-17,SO63990,581,17600,1,1,1
2017-02-11,2004-01-08,SO63960,223,16575,10,4,2
2017-02-11,2003-11-26,SO63960,477,16575,10,3,2
2017-02-11,2003-10-29,SO63960,478,16575,10,2,2
2017-02-11,2003-12-04,SO63960,354,16575,10,1,1
2017-02-12,2003-10-26,SO63998,477,11962,4,2,2
2017-02-12,2003-11-14,SO63998,479,11962,4,1,1
2017-02-12,2004-01-02,SO63998,491,11962,4,3,1
2017-02-12,2003-11-29,SO64020,478,21639,1,1,2
2017-02-12,2004-01-27,SO63997,479,11631,6,1,3
2017-02-12,2003-11-09,SO63997,477,11631,6,2,2
2017-02-12,2004-01-02,SO64008,464,11185,6,2,2
2017-02-12,2003-11-18,SO64008,214,11185,6,1,1
2017-02-12,2003-11-28,SO64022,482,18873,1,3,2
2017-02-12,2003-11-18,SO64022,232,18873,1,2,1
2017-02-12,2004-01-21,SO64022,474,18873,1,1,1
2017-02-12,2003-11-28,SO64017,540,25024,4,1,1
2017-02-12,2004-01-14,SO64015,530,27913,4,1,2
2017-02-12,2003-11-13,SO64011,529,28811,4,2,2
2017-02-12,2004-01-07,SO64011,215,28811,4,3,1
2017-02-12,2003-11-10,SO64011,539,28811,4,1,1
2017-02-12,2004-01-18,SO64051,464,29342,9,3,2
2017-02-12,2003-11-04,SO64051,220,29342,9,2,1
2017-02-12,2003-11-06,SO64051,569,29342,9,1,1
2017-02-12,2003-12-13,SO64037,480,15346,4,3,2
2017-02-12,2004-01-01,SO64037,485,15346,4,2,2
2017-02-12,2003-10-20,SO64037,352,15346,4,1,1
2017-02-12,2003-11-07,SO64037,483,15346,4,4,1
2017-02-12,2003-11-29,SO64018,540,14658,6,1,1
2017-02-12,2003-10-23,SO64028,528,20951,10,2,2
2017-02-12,2003-12-23,SO64028,480,20951,10,3,1
2017-02-12,2004-01-26,SO64028,536,20951,10,1,1
2017-02-12,2004-01-12,SO64006,232,13956,9,1,1
2017-02-12,2003-11-07,SO64042,477,11032,9,6,2
2017-02-12,2003-10-16,SO64042,478,11032,9,5,2
2017-02-12,2003-12-14,SO64042,480,11032,9,7,2
2017-02-12,2003-11-09,SO64042,485,11032,9,4,2
2017-02-12,2004-01-17,SO64042,528,11032,9,3,2
2017-02-12,2004-01-15,SO64042,354,11032,9,1,1
2017-02-12,2004-01-26,SO64042,537,11032,9,2,1
2017-02-12,2003-10-28,SO64039,529,21189,9,2,2
2017-02-12,2003-10-26,SO64039,539,21189,9,3,2
2017-02-12,2004-01-23,SO64039,214,21189,9,4,1
2017-02-12,2003-12-03,SO64039,581,21189,9,1,1
2017-02-12,2003-10-31,SO64047,481,22490,7,2,2
2017-02-12,2003-12-24,SO64047,584,22490,7,1,1
2017-02-12,2003-11-09,SO64000,215,14311,9,3,1
2017-02-12,2004-01-23,SO64000,529,14311,9,2,1
2017-02-12,2003-11-20,SO64000,539,14311,9,1,1
2017-02-12,2004-01-17,SO64003,530,15026,9,1,2
2017-02-12,2003-12-08,SO64007,214,13592,7,2,1
2017-02-12,2004-01-02,SO64007,373,13592,7,1,1
2017-02-12,2003-11-26,SO64031,223,22707,8,2,3
2017-02-12,2003-12-18,SO64031,529,22707,8,1,2
2017-02-12,2003-12-11,SO64031,229,22707,8,3,1
2017-02-12,2003-10-22,SO64043,477,24754,4,4,3
2017-02-12,2004-01-23,SO64043,479,24754,4,5,3
2017-02-12,2003-11-15,SO64043,484,24754,4,6,2
2017-02-12,2003-10-18,SO64043,530,24754,4,3,2
2017-02-12,2004-01-18,SO64043,541,24754,4,2,1
2017-02-12,2003-11-04,SO64043,561,24754,4,1,1
2017-02-12,2003-10-28,SO64046,477,18651,1,3,2
2017-02-12,2003-11-06,SO64046,479,18651,1,2,2
2017-02-12,2003-12-01,SO64046,491,18651,1,4,1
2017-02-12,2003-11-29,SO64046,606,18651,1,1,1
2017-02-12,2003-11-20,SO64016,528,25983,1,2,2
2017-02-12,2004-01-03,SO64016,535,25983,1,1,2
2017-02-12,2003-12-09,SO64035,472,14662,4,3,1
2017-02-12,2003-10-17,SO64035,475,14662,4,2,1
2017-02-12,2003-11-07,SO64035,587,14662,4,1,1
2017-02-12,2003-12-22,SO64004,530,28213,9,1,2
2017-02-12,2004-01-03,SO64004,215,28213,9,2,1
2017-02-12,2003-10-26,SO64009,529,11502,6,1,3
2017-02-12,2003-11-20,SO64009,466,11502,6,3,2
2017-02-12,2003-11-06,SO64009,490,11502,6,2,1
2017-02-12,2003-12-19,SO64012,480,27627,4,3,2
2017-02-12,2003-12-12,SO64012,530,27627,4,2,2
2017-02-12,2003-10-15,SO64012,541,27627,4,1,2
2017-02-12,2003-12-06,SO64019,477,21625,1,2,2
2017-02-12,2003-11-18,SO64019,478,21625,1,1,2
2017-02-12,2003-11-15,SO64019,490,21625,1,3,1
2017-02-12,2003-10-17,SO64036,480,13027,6,3,2
2017-02-12,2003-12-11,SO64036,485,13027,6,2,2
2017-02-12,2003-11-08,SO64036,360,13027,6,1,1
2017-02-12,2003-12-10,SO63996,223,20622,9,3,2
2017-02-12,2003-12-22,SO63996,377,20622,9,1,1
2017-02-12,2003-12-20,SO63996,487,20622,9,2,1
2017-02-12,2003-10-21,SO63996,490,20622,9,4,1
2017-02-12,2003-12-21,SO64050,488,29094,9,2,1
2017-02-12,2003-12-03,SO64050,571,29094,9,1,1
2017-02-12,2003-11-04,SO64049,477,15699,10,3,2
2017-02-12,2003-12-17,SO64049,479,15699,10,2,2
2017-02-12,2003-11-03,SO64049,214,15699,10,4,1
2017-02-12,2003-12-15,SO64049,232,15699,10,5,1
2017-02-12,2003-12-02,SO64049,562,15699,10,1,1
2017-02-12,2003-10-27,SO64040,215,24005,9,2,1
2017-02-12,2004-01-20,SO64040,604,24005,9,1,1
2017-02-12,2004-01-28,SO64013,464,28010,1,2,3
2017-02-12,2003-12-12,SO64013,530,28010,1,1,2
2017-02-12,2003-11-19,SO64013,220,28010,1,3,1
2017-02-12,2003-11-06,SO64005,481,14237,9,2,3
2017-02-12,2004-01-21,SO64005,229,14237,9,1,1
2017-02-12,2003-12-18,SO64023,223,20016,1,3,2
2017-02-12,2003-12-14,SO64023,476,20016,1,1,1
2017-02-12,2003-11-29,SO64023,491,20016,1,2,1
2017-02-12,2003-11-08,SO64014,480,27248,1,3,2
2017-02-12,2004-01-03,SO64014,530,27248,1,2,2
2017-02-12,2003-12-22,SO64014,541,27248,1,1,2
2017-02-12,2004-01-11,SO64025,480,21494,6,2,2
2017-02-12,2003-12-27,SO64025,528,21494,6,1,2
2017-02-12,2004-01-11,SO64052,215,27879,9,2,1
2017-02-12,2003-11-30,SO64052,472,27879,9,3,1
2017-02-12,2004-01-25,SO64052,560,27879,9,1,1
2017-02-12,2003-10-22,SO64048,477,27171,10,2,2
2017-02-12,2003-10-24,SO64048,479,27171,10,3,2
2017-02-12,2003-12-30,SO64048,214,27171,10,4,1
2017-02-12,2004-01-13,SO64048,606,27171,10,1,1
2017-02-12,2003-12-12,SO64029,477,24555,10,4,3
2017-02-12,2004-01-24,SO64029,223,24555,10,5,2
2017-02-12,2004-01-20,SO64029,478,24555,10,3,2
2017-02-12,2003-10-29,SO64029,528,24555,10,1,2
2017-02-12,2003-11-04,SO64029,536,24555,10,2,2
2017-02-12,2004-01-16,SO64033,538,27832,8,1,2
2017-02-12,2003-11-22,SO64032,529,21684,7,1,3
2017-02-12,2003-12-25,SO64032,538,21684,7,2,2
2017-02-12,2003-12-13,SO64032,214,21684,7,3,1
2017-02-12,2003-12-30,SO64026,485,14383,4,1,2
2017-02-12,2003-10-20,SO64026,220,14383,4,2,1
2017-02-12,2004-01-25,SO64021,223,12074,6,3,3
2017-02-12,2003-12-14,SO64021,477,12074,6,2,2
2017-02-12,2003-10-17,SO64021,478,12074,6,1,2
2017-02-12,2004-01-11,SO64021,489,12074,6,4,1
2017-02-12,2004-01-12,SO64044,538,23041,4,2,2
2017-02-12,2003-10-27,SO64044,606,23041,4,1,1
2017-02-12,2003-11-28,SO64002,477,22957,9,1,2
2017-02-12,2003-12-20,SO64002,214,22957,9,2,1
2017-02-12,2003-10-28,SO64024,229,19012,4,2,1
2017-02-12,2003-11-04,SO64024,476,19012,4,1,1
2017-02-12,2003-10-15,SO64041,529,13529,9,2,3
2017-02-12,2003-11-01,SO64041,373,13529,9,1,1
2017-02-12,2003-12-01,SO64041,473,13529,9,4,1
2017-02-12,2003-10-29,SO64041,540,13529,9,3,1
2017-02-12,2003-10-21,SO64030,484,22498,7,4,2
2017-02-12,2004-01-24,SO64030,529,22498,7,2,2
2017-02-12,2004-01-03,SO64030,538,22498,7,1,2
2017-02-12,2003-12-06,SO64030,480,22498,7,3,1
2017-02-12,2004-01-22,SO64034,223,25496,7,1,2
2017-02-12,2003-10-29,SO64034,530,25496,7,2,2
2017-02-12,2003-12-20,SO64053,223,23996,9,4,3
2017-02-12,2003-11-02,SO64053,479,23996,9,2,2
2017-02-12,2003-11-12,SO64053,477,23996,9,3,1
2017-02-12,2004-01-12,SO64053,605,23996,9,1,1
2017-02-12,2003-12-02,SO64010,529,28983,4,1,2
2017-02-12,2003-10-23,SO64010,539,28983,4,2,2
2017-02-12,2004-01-16,SO64010,220,28983,4,3,1
2017-02-12,2004-01-07,SO64001,477,17724,9,3,2
2017-02-12,2003-10-26,SO64001,478,17724,9,2,2
2017-02-12,2003-12-04,SO64001,485,17724,9,1,2
2017-02-12,2003-10-17,SO64038,477,15404,4,4,2
2017-02-12,2003-10-23,SO64038,485,15404,4,2,2
2017-02-12,2004-01-15,SO64038,362,15404,4,1,1
2017-02-12,2003-11-13,SO64038,478,15404,4,3,1
2017-02-12,2003-10-20,SO63999,529,16175,9,1,3
2017-02-12,2003-11-26,SO63999,480,16175,9,3,2
2017-02-12,2003-12-02,SO63999,539,16175,9,2,2
2017-02-12,2003-10-23,SO64027,485,14786,8,1,3
2017-02-12,2004-01-28,SO64027,478,14786,8,2,2
2017-02-12,2004-01-08,SO64027,220,14786,8,3,1
2017-02-13,2003-12-31,SO64054,580,22321,10,1,1
2017-02-13,2003-12-23,SO64077,529,25195,4,1,2
2017-02-13,2003-12-10,SO64077,540,25195,4,2,1
2017-02-13,2004-01-06,SO64085,477,13231,6,1,3
2017-02-13,2003-12-17,SO64085,478,13231,6,2,3
2017-02-13,2003-10-22,SO64075,530,11631,6,1,2
2017-02-13,2003-12-17,SO64079,529,11185,6,1,3
2017-02-13,2004-01-04,SO64079,215,11185,6,3,1
2017-02-13,2004-01-15,SO64079,540,11185,6,2,1
2017-02-13,2004-01-05,SO64108,215,13965,9,4,1
2017-02-13,2003-11-23,SO64108,354,13965,9,1,1
2017-02-13,2003-11-30,SO64108,528,13965,9,3,1
2017-02-13,2004-01-14,SO64108,537,13965,9,2,1
2017-02-13,2004-01-07,SO64086,474,18946,4,1,1
2017-02-13,2003-12-29,SO64081,528,24226,4,1,2
2017-02-13,2003-12-29,SO64081,536,24226,4,2,2
2017-02-13,2003-12-12,SO64081,214,24226,4,3,1
2017-02-13,2003-12-16,SO64069,223,17792,10,4,2
2017-02-13,2003-12-22,SO64069,478,17792,10,2,2
2017-02-13,2003-11-12,SO64069,220,17792,10,3,1
2017-02-13,2004-01-26,SO64069,588,17792,10,1,1
2017-02-13,2004-01-13,SO64096,529,27165,10,1,2
2017-02-13,2003-12-09,SO64105,220,12570,9,4,1
2017-02-13,2003-10-28,SO64105,528,12570,9,3,1
2017-02-13,2003-11-25,SO64105,535,12570,9,2,1
2017-02-13,2003-10-31,SO64105,600,12570,9,1,1
2017-02-13,2003-10-22,SO64099,477,13215,4,2,2
2017-02-13,2004-01-08,SO64099,478,13215,4,3,2
2017-02-13,2003-11-05,SO64099,485,13215,4,1,2
2017-02-13,2003-12-08,SO64099,215,13215,4,4,1
2017-02-13,2004-01-28,SO64057,480,22206,9,3,2
2017-02-13,2003-12-05,SO64057,528,22206,9,1,2
2017-02-13,2004-01-20,SO64057,486,22206,9,4,1
2017-02-13,2003-12-16,SO64057,537,22206,9,2,1
2017-02-13,2004-01-01,SO64066,488,11428,8,2,1
2017-02-13,2003-12-01,SO64066,581,11428,8,1,1
2017-02-13,2003-12-23,SO64094,528,24554,10,1,3
2017-02-13,2004-01-14,SO64094,536,24554,10,2,2
2017-02-13,2003-11-03,SO64094,220,24554,10,3,1
2017-02-13,2003-11-21,SO64056,536,17058,9,1,2
2017-02-13,2003-12-20,SO64093,477,21852,8,1,2
2017-02-13,2003-11-27,SO64080,536,23737,4,2,2
2017-02-13,2003-10-29,SO64080,528,23737,4,1,1
2017-02-13,2003-10-29,SO64088,477,16153,1,1,2
2017-02-13,2003-12-03,SO64088,214,16153,1,2,1
2017-02-13,2004-01-06,SO64074,480,11310,4,1,2
2017-02-13,2003-12-13,SO64103,223,27122,7,2,2
2017-02-13,2004-01-14,SO64103,220,27122,7,3,1
2017-02-13,2003-12-30,SO64103,565,27122,7,1,1
2017-02-13,2003-10-24,SO64102,485,15348,1,2,2
2017-02-13,2003-11-19,SO64102,220,15348,1,3,1
2017-02-13,2003-11-23,SO64102,358,15348,1,1,1
2017-02-13,2004-01-17,SO64102,472,15348,1,4,1
2017-02-13,2003-12-02,SO64098,220,11804,1,3,1
2017-02-13,2003-10-28,SO64098,528,11804,1,1,1
2017-02-13,2004-01-25,SO64098,537,11804,1,2,1
2017-02-13,2003-12-09,SO64082,477,21908,1,2,2
2017-02-13,2004-01-04,SO64082,478,21908,1,1,2
2017-02-13,2004-01-16,SO64082,226,21908,1,3,1
2017-02-13,2003-11-30,SO64083,477,14480,6,2,2
2017-02-13,2003-12-01,SO64083,478,14480,6,1,2
2017-02-13,2003-12-04,SO64083,215,14480,6,3,1
2017-02-13,2003-11-22,SO64104,477,25823,9,3,2
2017-02-13,2003-10-16,SO64104,479,25823,9,2,2
2017-02-13,2004-01-24,SO64104,381,25823,9,1,1
2017-02-13,2004-01-22,SO64104,491,25823,9,4,1
2017-02-13,2004-01-15,SO64090,223,14435,4,3,2
2017-02-13,2004-01-10,SO64090,485,14435,4,1,2
2017-02-13,2003-11-18,SO64090,232,14435,4,2,1
2017-02-13,2004-01-29,SO64109,214,29237,4,2,1
2017-02-13,2003-11-15,SO64109,569,29237,4,1,1
2017-02-13,2004-01-29,SO64065,214,15002,7,2,1
2017-02-13,2004-01-04,SO64065,592,15002,7,1,1
2017-02-13,2004-01-10,SO64058,528,21178,9,2,1
2017-02-13,2003-11-08,SO64058,537,21178,9,1,1
2017-02-13,2003-11-01,SO64110,214,24760,1,2,1
2017-02-13,2003-11-22,SO64110,574,24760,1,1,1
2017-02-13,2003-10-29,SO64062,214,15142,9,1,1
2017-02-13,2003-12-20,SO64062,462,15142,9,2,1
2017-02-13,2003-11-01,SO64062,490,15142,9,3,1
2017-02-13,2003-12-05,SO64068,529,14186,7,2,2
2017-02-13,2003-12-07,SO64068,377,14186,7,1,1
2017-02-13,2004-01-03,SO64068,540,14186,7,3,1
2017-02-13,2003-12-06,SO64076,529,28100,4,1,2
2017-02-13,2003-10-18,SO64076,538,28100,4,2,2
2017-02-13,2003-12-14,SO64076,464,28100,4,3,1
2017-02-13,2003-12-24,SO64063,541,19585,9,1,2
2017-02-13,2003-10-23,SO64091,535,13803,8,1,3
2017-02-13,2003-10-22,SO64091,480,13803,8,2,2
2017-02-13,2003-12-30,SO64091,486,13803,8,3,1
2017-02-13,2003-12-06,SO64084,474,21237,4,1,1
2017-02-13,2004-01-19,SO64111,215,26112,1,2,1
2017-02-13,2004-01-18,SO64111,563,26112,1,1,1
2017-02-13,2003-12-31,SO64071,478,16822,10,2,2
2017-02-13,2003-10-19,SO64071,358,16822,10,1,1
2017-02-13,2003-11-21,SO64061,462,15577,9,2,2
2017-02-13,2004-01-11,SO64061,220,15577,9,1,1
2017-02-13,2003-12-31,SO64095,223,22512,7,1,2
2017-02-13,2004-01-15,SO64095,538,22512,7,2,2
2017-02-13,2003-12-08,SO64101,480,16061,4,3,2
2017-02-13,2004-01-28,SO64101,535,16061,4,2,2
2017-02-13,2003-12-07,SO64101,595,16061,4,1,1
2017-02-13,2003-12-02,SO64073,535,12012,9,1,1
2017-02-13,2004-01-23,SO64078,529,24678,4,1,2
2017-02-13,2003-12-19,SO64078,473,24678,4,2,1
2017-02-13,2003-10-19,SO64078,540,24678,4,3,1
2017-02-13,2003-12-19,SO64107,354,14051,9,1,1
2017-02-13,2003-12-08,SO64055,480,15242,9,2,3
2017-02-13,2003-11-09,SO64055,539,15242,9,1,2
2017-02-13,2003-11-18,SO64060,474,26741,9,1,1
2017-02-13,2003-10-20,SO64087,477,12140,6,1,3
2017-02-13,2003-12-22,SO64087,223,12140,6,2,1
2017-02-13,2003-11-13,SO64092,528,14932,7,1,3
2017-02-13,2003-12-03,SO64092,482,14932,7,4,2
2017-02-13,2004-01-01,SO64092,214,14932,7,2,1
2017-02-13,2004-01-12,SO64092,235,14932,7,3,1
2017-02-13,2003-12-05,SO64106,352,14070,9,1,1
2017-02-13,2004-01-09,SO64112,529,23042,4,3,2
2017-02-13,2003-11-26,SO64112,464,23042,4,4,1
2017-02-13,2003-10-18,SO64112,538,23042,4,2,1
2017-02-13,2003-12-29,SO64112,605,23042,4,1,1
2017-02-13,2003-11-10,SO64097,477,11128,1,4,3
2017-02-13,2003-10-30,SO64097,478,11128,1,3,2
2017-02-13,2003-12-13,SO64097,220,11128,1,5,1
2017-02-13,2003-10-27,SO64097,528,11128,1,2,1
2017-02-13,2004-01-17,SO64097,537,11128,1,1,1
2017-02-13,2003-11-03,SO64072,223,16603,8,4,3
2017-02-13,2003-11-13,SO64072,485,16603,8,2,2
2017-02-13,2003-11-16,SO64072,215,16603,8,3,1
2017-02-13,2004-01-19,SO64072,352,16603,8,1,1
2017-02-13,2003-11-23,SO64064,223,17317,9,1,3
2017-02-13,2003-11-26,SO64059,477,22919,9,1,2
2017-02-13,2003-11-26,SO64059,490,22919,9,2,1
2017-02-13,2003-10-30,SO64100,480,20638,4,3,2
2017-02-13,2003-12-03,SO64100,379,20638,4,1,1
2017-02-13,2004-01-10,SO64100,540,20638,4,2,1
2017-02-13,2003-10-20,SO64114,214,27141,10,2,1
2017-02-13,2003-10-28,SO64114,584,27141,10,1,1
2017-02-13,2003-11-06,SO64089,480,26095,6,2,2
2017-02-13,2003-11-24,SO64089,484,26095,6,3,2
2017-02-13,2003-12-18,SO64089,528,26095,6,1,2
2017-02-13,2003-11-25,SO64067,232,17900,7,2,1
2017-02-13,2003-11-08,SO64067,580,17900,7,1,1
2017-02-13,2004-01-28,SO64070,478,16829,10,2,2
2017-02-13,2004-01-18,SO64070,220,16829,10,3,1
2017-02-13,2003-12-09,SO64070,223,16829,10,4,1
2017-02-13,2003-12-01,SO64070,360,16829,10,1,1
2017-02-13,2003-11-07,SO64113,462,20765,4,3,2
2017-02-13,2003-10-21,SO64113,220,20765,4,2,1
2017-02-13,2003-12-21,SO64113,383,20765,4,1,1
2017-02-14,2003-11-14,SO64171,235,17596,1,2,1
2017-02-14,2003-11-04,SO64171,581,17596,1,1,1
2017-02-14,2003-12-12,SO64168,480,23017,1,3,2
2017-02-14,2003-12-08,SO64168,538,23017,1,2,1
2017-02-14,2004-01-26,SO64168,604,23017,1,1,1
2017-02-14,2003-12-30,SO64135,536,23201,4,1,1
2017-02-14,2003-12-20,SO64157,466,15379,4,4,3
2017-02-14,2004-01-25,SO64157,485,15379,4,2,2
2017-02-14,2003-11-06,SO64157,215,15379,4,3,1
2017-02-14,2003-11-21,SO64157,356,15379,4,1,1
2017-02-14,2003-10-30,SO64138,223,29323,6,1,1
2017-02-14,2003-11-02,SO64138,476,29323,6,2,1
2017-02-14,2004-01-20,SO64177,220,12009,9,2,1
2017-02-14,2003-10-21,SO64177,564,12009,9,1,1
2017-02-14,2003-12-28,SO64154,466,14727,1,3,2
2017-02-14,2003-12-03,SO64154,476,14727,1,2,1
2017-02-14,2004-01-17,SO64154,587,14727,1,1,1
2017-02-14,2003-12-29,SO64147,529,21005,7,1,2
2017-02-14,2003-11-27,SO64147,538,21005,7,2,2
2017-02-14,2004-01-05,SO64133,530,27018,4,2,2
2017-02-14,2003-11-26,SO64133,541,27018,4,1,2
2017-02-14,2003-12-01,SO64121,529,16622,9,2,3
2017-02-14,2004-01-26,SO64121,540,16622,9,1,1
2017-02-14,2004-01-27,SO64143,535,17832,8,1,2
2017-02-14,2003-12-22,SO64164,385,25819,9,1,1
2017-02-14,2004-01-06,SO64164,489,25819,9,2,1
2017-02-14,2003-11-18,SO64173,214,17573,4,2,1
2017-02-14,2004-01-20,SO64173,582,17573,4,1,1
2017-02-14,2004-01-03,SO64139,475,19686,4,1,1
2017-02-14,2003-11-05,SO64162,215,24159,9,2,1
2017-02-14,2003-11-08,SO64162,584,24159,9,1,1
2017-02-14,2003-12-05,SO64174,214,24187,10,2,1
2017-02-14,2003-12-17,SO64174,385,24187,10,1,1
2017-02-14,2003-11-23,SO64134,480,11711,6,3,2
2017-02-14,2003-12-25,SO64134,528,11711,6,2,2
2017-02-14,2003-12-13,SO64134,535,11711,6,1,2
2017-02-14,2003-11-23,SO64119,477,23535,9,1,2
2017-02-14,2004-01-19,SO64122,464,12344,9,1,2
2017-02-14,2003-12-12,SO64155,485,15493,1,2,2
2017-02-14,2003-11-25,SO64155,358,15493,1,1,1
2017-02-14,2003-10-29,SO64148,529,23634,8,1,2
2017-02-14,2004-01-29,SO64117,223,20415,9,1,2
2017-02-14,2003-11-24,SO64117,477,20415,9,2,2
2017-02-14,2004-01-17,SO64176,477,14101,9,2,3
2017-02-14,2003-12-12,SO64176,479,14101,9,3,2
2017-02-14,2003-11-28,SO64176,215,14101,9,4,1
2017-02-14,2004-01-24,SO64176,565,14101,9,1,1
2017-02-14,2004-01-20,SO64126,214,17191,8,2,1
2017-02-14,2003-10-31,SO64126,360,17191,8,1,1
2017-02-14,2003-10-29,SO64161,479,17220,8,2,2
2017-02-14,2003-11-03,SO64161,575,17220,8,1,1
2017-02-14,2004-01-04,SO64159,214,15051,10,2,1
2017-02-14,2003-11-18,SO64159,569,15051,10,1,1
2017-02-14,2004-01-28,SO64152,480,12413,1,3,2
2017-02-14,2003-12-14,SO64152,528,12413,1,1,2
2017-02-14,2003-10-28,SO64152,537,12413,1,2,1
2017-02-14,2004-01-15,SO64170,214,20647,4,2,1
2017-02-14,2004-01-17,SO64170,389,20647,4,1,1
2017-02-14,2004-01-07,SO64116,214,11800,1,1,1
2017-02-14,2004-01-25,SO64153,477,12952,4,2,3
2017-02-14,2004-01-22,SO64153,478,12952,4,3,2
2017-02-14,2003-12-08,SO64153,485,12952,4,1,1
2017-02-14,2003-12-24,SO64120,223,17290,9,2,2
2017-02-14,2003-12-27,SO64120,491,17290,9,1,1
2017-02-14,2004-01-01,SO64115,223,25602,8,2,2
2017-02-14,2003-11-26,SO64115,488,25602,8,3,1
2017-02-14,2003-12-09,SO64115,580,25602,8,1,1
2017-02-14,2004-01-19,SO64151,473,12100,4,2,1
2017-02-14,2003-11-20,SO64151,485,12100,4,3,1
2017-02-14,2004-01-15,SO64151,537,12100,4,1,1
2017-02-14,2004-01-14,SO64158,362,15398,4,1,1
2017-02-14,2004-01-25,SO64158,487,15398,4,2,1
2017-02-14,2003-10-30,SO64167,480,23015,4,3,2
2017-02-14,2004-01-01,SO64167,538,23015,4,2,2
2017-02-14,2003-12-22,SO64167,604,23015,4,1,1
2017-02-14,2003-10-26,SO64123,580,17885,7,1,1
2017-02-14,2003-12-15,SO64142,528,16457,8,2,2
2017-02-14,2004-01-29,SO64142,535,16457,8,1,2
2017-02-14,2004-01-13,SO64142,483,16457,8,3,1
2017-02-14,2004-01-17,SO64128,480,12874,10,3,2
2017-02-14,2003-12-16,SO64128,362,12874,10,1,1
2017-02-14,2003-11-21,SO64128,487,12874,10,2,1
2017-02-14,2004-01-23,SO64125,478,21055,8,3,3
2017-02-14,2004-01-01,SO64125,477,21055,8,4,2
2017-02-14,2003-11-09,SO64125,481,21055,8,5,2
2017-02-14,2004-01-09,SO64125,485,21055,8,2,2
2017-02-14,2003-11-20,SO64125,587,21055,8,1,1
2017-02-14,2004-01-17,SO64144,480,20599,10,3,2
2017-02-14,2003-12-10,SO64144,528,20599,10,1,2
2017-02-14,2003-12-17,SO64144,535,20599,10,2,2
2017-02-14,2003-10-17,SO64160,235,19339,8,2,1
2017-02-14,2004-01-30,SO64160,579,19339,8,1,1
2017-02-14,2003-11-30,SO64124,220,22309,10,2,1
2017-02-14,2003-12-28,SO64124,235,22309,10,3,1
2017-02-14,2003-12-17,SO64124,583,22309,10,1,1
2017-02-14,2003-12-27,SO64166,480,14047,9,2,3
2017-02-14,2004-01-04,SO64166,352,14047,9,1,1
2017-02-14,2003-11-01,SO64172,220,17572,4,2,1
2017-02-14,2003-12-14,SO64172,582,17572,4,1,1
2017-02-14,2003-12-05,SO64132,480,28242,4,2,3
2017-02-14,2003-12-09,SO64132,530,28242,4,1,3
2017-02-14,2004-01-13,SO64169,214,20678,4,2,1
2017-02-14,2003-10-29,SO64169,387,20678,4,1,1
2017-02-14,2003-11-23,SO64150,530,25663,7,1,2
2017-02-14,2004-01-23,SO64150,214,25663,7,3,1
2017-02-14,2004-01-02,SO64150,487,25663,7,2,1
2017-02-14,2004-01-16,SO64127,485,12279,7,2,2
2017-02-14,2004-01-25,SO64127,356,12279,7,1,1
2017-02-14,2003-11-15,SO64127,491,12279,7,3,1
2017-02-14,2003-12-05,SO64145,491,29405,7,1,1
2017-02-14,2003-12-14,SO64156,362,16987,6,1,1
2017-02-14,2004-01-13,SO64156,483,16987,6,2,1
2017-02-14,2003-11-04,SO64149,530,16386,10,1,2
2017-02-14,2004-01-11,SO64149,215,16386,10,2,1
2017-02-14,2003-12-28,SO64165,480,11993,9,4,2
2017-02-14,2003-11-22,SO64165,528,11993,9,3,2
2017-02-14,2004-01-12,SO64165,360,11993,9,1,1
2017-02-14,2003-10-22,SO64165,537,11993,9,2,1
2017-02-14,2004-01-22,SO64136,478,21938,1,2,2
2017-02-14,2003-12-31,SO64136,477,21938,1,1,1
2017-02-14,2004-01-15,SO64141,480,16359,1,2,2
2017-02-14,2004-01-19,SO64141,528,16359,1,1,2
2017-02-14,2003-10-20,SO64131,226,11619,6,1,1
2017-02-14,2003-12-07,SO64130,229,28594,1,1,1
2017-02-14,2004-01-02,SO64146,536,20907,10,1,2
2017-02-14,2004-01-03,SO64146,480,20907,10,2,1
2017-02-14,2003-12-01,SO64129,477,12280,7,3,2
2017-02-14,2004-01-11,SO64129,478,12280,7,2,2
2017-02-14,2004-01-29,SO64129,220,12280,7,4,1
2017-02-14,2003-12-24,SO64129,362,12280,7,1,1
2017-02-14,2003-12-26,SO64137,478,21338,4,1,3
2017-02-14,2003-12-23,SO64137,477,21338,4,2,2
2017-02-14,2003-12-22,SO64137,481,21338,4,3,2
2017-02-14,2004-01-28,SO64118,485,24599,9,2,2
2017-02-14,2004-01-03,SO64118,528,24599,9,1,2
2017-02-15,2003-11-30,SO64234,477,24764,1,3,2
2017-02-15,2004-01-10,SO64234,479,24764,1,2,2
2017-02-15,2003-11-18,SO64234,576,24764,1,1,1
2017-02-15,2004-01-30,SO64211,485,12905,1,1,2
2017-02-15,2003-11-24,SO64211,226,12905,1,2,1
2017-02-15,2004-01-31,SO64201,477,13758,6,2,2
2017-02-15,2003-10-22,SO64201,478,13758,6,1,2
2017-02-15,2004-01-09,SO64201,480,13758,6,3,2
2017-02-15,2003-12-17,SO64193,538,27749,4,1,2
2017-02-15,2004-01-08,SO64213,229,14651,1,3,1
2017-02-15,2004-01-23,SO64213,475,14651,1,2,1
2017-02-15,2003-11-08,SO64213,590,14651,1,1,1
2017-02-15,2003-10-29,SO64218,214,28509,8,2,1
2017-02-15,2004-01-06,SO64218,571,28509,8,1,1
2017-02-15,2003-11-17,SO64186,214,12285,7,3,1
2017-02-15,2003-11-03,SO64186,356,12285,7,1,1
2017-02-15,2003-11-17,SO64186,537,12285,7,2,1
2017-02-15,2003-12-09,SO64178,479,11501,6,2,3
2017-02-15,2003-12-03,SO64178,220,11501,6,3,1
2017-02-15,2004-01-16,SO64178,477,11501,6,1,1
2017-02-15,2004-01-16,SO64190,539,28812,4,1,2
2017-02-15,2004-01-26,SO64217,485,15329,4,2,3
2017-02-15,2003-12-12,SO64217,214,15329,4,3,1
2017-02-15,2003-11-19,SO64217,362,15329,4,1,1
2017-02-15,2003-11-23,SO64224,477,27585,9,4,2
2017-02-15,2003-11-18,SO64224,479,27585,9,2,2
2017-02-15,2003-11-05,SO64224,223,27585,9,3,1
2017-02-15,2003-12-11,SO64224,606,27585,9,1,1
2017-02-15,2003-11-15,SO64223,472,24160,9,2,1
2017-02-15,2003-12-17,SO64223,606,24160,9,1,1
2017-02-15,2003-11-27,SO64209,530,25534,7,1,2
2017-02-15,2003-10-19,SO64192,480,11214,1,1,3
2017-02-15,2003-11-04,SO64184,477,17948,10,4,2
2017-02-15,2004-01-28,SO64184,478,17948,10,3,2
2017-02-15,2003-11-03,SO64184,485,17948,10,2,2
2017-02-15,2004-01-28,SO64184,591,17948,10,1,1
2017-02-15,2003-11-08,SO64221,385,25948,9,1,1
2017-02-15,2003-11-17,SO64208,529,21127,7,2,2
2017-02-15,2003-12-13,SO64208,538,21127,7,1,2
2017-02-15,2003-12-02,SO64208,214,21127,7,3,1
2017-02-15,2003-12-15,SO64220,215,15036,9,2,1
2017-02-15,2003-12-08,SO64220,582,15036,9,1,1
2017-02-15,2003-12-08,SO64199,477,20518,4,2,2
2017-02-15,2003-12-01,SO64199,478,20518,4,1,2
2017-02-15,2003-11-30,SO64199,214,20518,4,3,1
2017-02-15,2003-11-14,SO64205,480,22812,10,2,2
2017-02-15,2003-11-06,SO64205,536,22812,10,1,1
2017-02-15,2003-11-29,SO64231,491,13418,6,2,1
2017-02-15,2003-11-22,SO64231,573,13418,6,1,1
2017-02-15,2003-10-24,SO64179,536,18300,9,1,2
2017-02-15,2004-01-06,SO64236,479,13660,6,3,2
2017-02-15,2003-11-02,SO64236,477,13660,6,2,1
2017-02-15,2003-11-14,SO64236,561,13660,6,1,1
2017-02-15,2004-01-27,SO64195,538,11300,6,1,2
2017-02-15,2003-11-09,SO64196,479,13701,6,3,2
2017-02-15,2003-12-14,SO64196,530,13701,6,2,2
2017-02-15,2004-01-10,SO64196,541,13701,6,1,2
2017-02-15,2003-11-17,SO64227,371,21183,9,1,1
2017-02-15,2004-01-12,SO64227,540,21183,9,2,1
2017-02-15,2003-10-25,SO64204,485,13752,4,1,2
2017-02-15,2004-01-06,SO64204,480,13752,4,2,1
2017-02-15,2004-01-21,SO64235,541,26301,4,2,1
2017-02-15,2003-12-19,SO64235,573,26301,4,1,1
2017-02-15,2004-01-05,SO64237,561,26327,4,1,1
2017-02-15,2004-01-17,SO64187,528,15675,8,2,2
2017-02-15,2003-12-05,SO64187,360,15675,8,1,1
2017-02-15,2004-01-02,SO64187,537,15675,8,3,1
2017-02-15,2003-12-05,SO64203,528,21916,6,1,2
2017-02-15,2003-11-17,SO64203,215,21916,6,2,1
2017-02-15,2004-01-09,SO64214,478,15995,4,2,3
2017-02-15,2003-12-22,SO64214,477,15995,4,3,2
2017-02-15,2003-12-15,SO64214,488,15995,4,4,1
2017-02-15,2004-01-24,SO64214,599,15995,4,1,1
2017-02-15,2004-01-27,SO64207,477,21086,8,1,2
2017-02-15,2003-11-27,SO64207,214,21086,8,3,1
2017-02-15,2003-10-19,SO64207,223,21086,8,2,1
2017-02-15,2003-12-20,SO64189,529,27990,4,1,2
2017-02-15,2004-01-07,SO64189,220,27990,4,2,1
2017-02-15,2003-11-23,SO64241,214,24203,7,2,1
2017-02-15,2004-01-15,SO64241,226,24203,7,3,1
2017-02-15,2003-11-08,SO64241,576,24203,7,1,1
2017-02-15,2004-01-19,SO64233,215,26096,4,3,1
2017-02-15,2004-01-17,SO64233,466,26096,4,2,1
2017-02-15,2003-12-12,SO64233,573,26096,4,1,1
2017-02-15,2003-11-02,SO64229,223,11997,9,4,2
2017-02-15,2003-11-29,SO64229,485,11997,9,2,2
2017-02-15,2003-11-07,SO64229,358,11997,9,1,1
2017-02-15,2004-01-05,SO64229,491,11997,9,3,1
2017-02-15,2003-10-18,SO64181,477,20407,9,1,2
2017-02-15,2003-11-23,SO64230,477,26625,1,2,2
2017-02-15,2003-11-13,SO64230,479,26625,1,3,1
2017-02-15,2003-12-03,SO64230,565,26625,1,1,1
2017-02-15,2003-11-29,SO64210,537,12150,4,1,1
2017-02-15,2004-01-06,SO64232,223,26084,4,1,2
2017-02-15,2003-12-05,SO64232,563,26084,4,2,1
2017-02-15,2003-12-25,SO64238,479,23035,4,3,3
2017-02-15,2003-11-08,SO64238,477,23035,4,2,2
2017-02-15,2003-11-14,SO64238,484,23035,4,4,2
2017-02-15,2003-12-06,SO64238,584,23035,4,1,1
2017-02-15,2004-01-04,SO64206,538,28892,10,1,2
2017-02-15,2003-10-22,SO64183,480,16589,10,2,2
2017-02-15,2003-12-14,SO64183,356,16589,10,1,1
2017-02-15,2003-12-11,SO64183,486,16589,10,3,1
2017-02-15,2003-12-24,SO64202,474,17126,6,1,1
2017-02-15,2004-01-31,SO64200,223,19756,4,2,2
2017-02-15,2003-12-14,SO64200,476,19756,4,1,1
2017-02-15,2003-12-17,SO64194,530,26721,4,3,3
2017-02-15,2003-11-01,SO64194,466,26721,4,2,2
2017-02-15,2003-11-13,SO64194,541,26721,4,1,2
2017-02-15,2003-11-27,SO64185,476,16272,10,2,1
2017-02-15,2003-12-02,SO64185,587,16272,10,1,1
2017-02-15,2003-10-18,SO64198,481,23712,4,2,2
2017-02-15,2003-12-17,SO64198,536,23712,4,1,2
2017-02-15,2003-11-29,SO64191,539,14084,6,1,3
2017-02-15,2003-11-20,SO64191,462,14084,6,3,2
2017-02-15,2003-11-13,SO64191,529,14084,6,2,2
2017-02-15,2003-11-24,SO64242,561,24383,7,1,1
2017-02-15,2004-01-20,SO64226,389,25240,9,1,1
2017-02-15,2003-10-21,SO64215,223,15167,1,5,2
2017-02-15,2003-12-17,SO64215,477,15167,1,3,2
2017-02-15,2003-11-10,SO64215,478,15167,1,2,2
2017-02-15,2004-01-24,SO64215,356,15167,1,1,1
2017-02-15,2003-11-28,SO64215,489,15167,1,4,1
2017-02-15,2003-11-08,SO64197,480,23108,1,2,2
2017-02-15,2003-12-01,SO64197,536,23108,1,1,2
2017-02-15,2003-11-25,SO64219,214,15106,10,2,1
2017-02-15,2004-01-26,SO64219,489,15106,10,3,1
2017-02-15,2003-11-06,SO64219,563,15106,10,1,1
2017-02-15,2003-12-17,SO64244,215,12001,9,2,1
2017-02-15,2004-01-20,SO64244,562,12001,9,1,1
2017-02-15,2003-10-29,SO64239,462,23021,4,2,2
2017-02-15,2003-11-29,SO64239,584,23021,4,1,1
2017-02-15,2004-01-03,SO64243,477,29087,9,3,2
2017-02-15,2003-10-22,SO64243,479,29087,9,2,1
2017-02-15,2004-01-20,SO64243,489,29087,9,4,1
2017-02-15,2003-12-10,SO64243,568,29087,9,1,1
2017-02-15,2004-01-17,SO64228,485,14045,9,2,2
2017-02-15,2003-10-22,SO64228,362,14045,9,1,1
2017-02-15,2003-12-26,SO64228,489,14045,9,3,1
2017-02-15,2004-01-07,SO64240,381,20661,4,1,1
2017-02-15,2003-10-29,SO64240,490,20661,4,2,1
2017-02-15,2003-12-26,SO64225,464,24164,9,3,2
2017-02-15,2004-01-19,SO64225,477,24164,9,4,2
2017-02-15,2003-12-01,SO64225,479,24164,9,2,2
2017-02-15,2003-12-11,SO64225,605,24164,9,1,1
2017-02-15,2003-12-31,SO64222,477,24002,9,3,2
2017-02-15,2003-12-09,SO64222,481,24002,9,4,2
2017-02-15,2003-11-08,SO64222,479,24002,9,2,1
2017-02-15,2004-01-16,SO64222,606,24002,9,1,1
2017-02-15,2003-11-09,SO64182,223,18253,9,1,1
2017-02-15,2003-10-20,SO64212,477,20545,1,3,2
2017-02-15,2004-01-09,SO64212,479,20545,1,2,2
2017-02-15,2003-11-15,SO64212,214,20545,1,4,1
2017-02-15,2003-11-02,SO64212,226,20545,1,5,1
2017-02-15,2003-12-24,SO64212,373,20545,1,1,1
2017-02-16,2003-10-25,SO64256,529,27396,1,3,2
2017-02-16,2003-11-21,SO64256,472,27396,1,2,1
2017-02-16,2004-01-09,SO64256,538,27396,1,1,1
2017-02-16,2003-11-29,SO64290,583,14109,4,1,1
2017-02-16,2003-11-02,SO64295,223,14055,9,2,2
2017-02-16,2003-12-27,SO64295,566,14055,9,1,1
2017-02-16,2003-11-11,SO64278,530,28889,8,1,3
2017-02-16,2003-12-08,SO64278,484,28889,8,2,1
2017-02-16,2003-12-02,SO64264,223,23263,1,2,2
2017-02-16,2003-12-12,SO64264,477,23263,1,1,2
2017-02-16,2004-01-30,SO64264,478,23263,1,3,2
2017-02-16,2003-12-23,SO64280,485,15572,6,1,2
2017-02-16,2003-10-26,SO64283,214,21201,9,2,1
2017-02-16,2003-12-27,SO64283,379,21201,9,1,1
2017-02-16,2003-12-19,SO64258,480,11631,6,2,2
2017-02-16,2003-12-26,SO64258,538,11631,6,1,2
2017-02-16,2003-12-10,SO64296,541,12000,9,2,3
2017-02-16,2004-01-15,SO64296,487,12000,9,4,1
2017-02-16,2003-12-02,SO64296,530,12000,9,3,1
2017-02-16,2003-11-13,SO64296,562,12000,9,1,1
2017-02-16,2003-11-09,SO64294,479,11977,9,4,3
2017-02-16,2003-10-29,SO64294,477,11977,9,2,2
2017-02-16,2003-11-04,SO64294,471,11977,9,3,1
2017-02-16,2003-11-09,SO64294,573,11977,9,1,1
2017-02-16,2003-10-19,SO64272,485,14936,7,2,3
2017-02-16,2003-11-10,SO64272,477,14936,7,4,2
2017-02-16,2003-12-07,SO64272,478,14936,7,3,2
2017-02-16,2004-01-20,SO64272,528,14936,7,1,2
2017-02-16,2003-11-14,SO64272,489,14936,7,5,1
2017-02-16,2003-11-15,SO64289,381,20735,1,1,1
2017-02-16,2003-11-15,SO64269,477,26806,6,1,2
2017-02-16,2003-11-24,SO64279,530,24111,7,1,2
2017-02-16,2003-12-30,SO64262,484,24743,1,3,2
2017-02-16,2003-10-24,SO64262,528,24743,1,2,2
2017-02-16,2003-11-15,SO64262,535,24743,1,1,2
2017-02-16,2003-10-29,SO64261,480,25275,1,2,2
2017-02-16,2003-11-21,SO64261,540,25275,1,1,1
2017-02-16,2003-10-31,SO64257,530,28007,4,1,2
2017-02-16,2004-01-24,SO64257,215,28007,4,2,1
2017-02-16,2004-01-21,SO64250,529,13595,7,2,2
2017-02-16,2003-12-19,SO64250,373,13595,7,1,1
2017-02-16,2003-11-13,SO64250,540,13595,7,3,1
2017-02-16,2003-12-18,SO64245,528,13005,9,2,2
2017-02-16,2003-10-25,SO64245,535,13005,9,1,2
2017-02-16,2004-01-30,SO64245,214,13005,9,3,1
2017-02-16,2004-01-13,SO64253,215,11732,2,1,1
2017-02-16,2004-01-01,SO64253,473,11732,2,2,1
2017-02-16,2003-10-19,SO64293,529,23960,8,2,3
2017-02-16,2003-11-18,SO64293,538,23960,8,3,2
2017-02-16,2003-12-23,SO64293,214,23960,8,4,1
2017-02-16,2003-11-11,SO64293,605,23960,8,1,1
2017-02-16,2003-11-11,SO64247,529,25245,9,1,2
2017-02-16,2003-12-27,SO64247,487,25245,9,2,1
2017-02-16,2003-11-25,SO64277,480,25530,8,2,2
2017-02-16,2003-11-17,SO64277,538,25530,8,1,2
2017-02-16,2003-12-07,SO64266,464,20542,4,3,2
2017-02-16,2003-11-15,SO64266,477,20542,4,2,2
2017-02-16,2004-01-10,SO64266,478,20542,4,1,2
2017-02-16,2004-01-09,SO64266,489,20542,4,4,1
2017-02-16,2003-11-28,SO64271,528,15470,4,1,2
2017-02-16,2004-01-05,SO64271,235,15470,4,3,1
2017-02-16,2004-01-08,SO64271,485,15470,4,2,1
2017-02-16,2003-11-16,SO64291,462,17667,4,3,2
2017-02-16,2003-11-19,SO64291,220,17667,4,2,1
2017-02-16,2004-01-25,SO64291,581,17667,4,1,1
2017-02-16,2003-12-09,SO64284,484,20626,9,3,2
2017-02-16,2003-10-23,SO64284,373,20626,9,1,1
2017-02-16,2003-12-04,SO64284,479,20626,9,2,1
2017-02-16,2004-01-24,SO64255,480,11200,6,2,2
2017-02-16,2003-11-25,SO64255,539,11200,6,1,2
2017-02-16,2003-12-06,SO64260,535,26555,4,1,2
2017-02-16,2004-01-02,SO64260,480,26555,4,2,1
2017-02-16,2003-12-02,SO64288,214,19988,6,2,1
2017-02-16,2003-12-02,SO64288,385,19988,6,1,1
2017-02-16,2004-01-04,SO64259,539,28622,4,1,2
2017-02-16,2003-12-23,SO64259,214,28622,4,3,1
2017-02-16,2003-11-18,SO64259,462,28622,4,4,1
2017-02-16,2004-01-02,SO64259,529,28622,4,2,1
2017-02-16,2004-01-06,SO64292,466,23902,8,2,2
2017-02-16,2003-12-18,SO64292,584,23902,8,1,1
2017-02-16,2003-11-21,SO64275,480,15609,7,2,3
2017-02-16,2003-12-23,SO64275,535,15609,7,1,2
2017-02-16,2004-01-23,SO64252,477,15929,10,2,2
2017-02-16,2003-11-25,SO64252,478,15929,10,3,2
2017-02-16,2004-01-30,SO64252,214,15929,10,4,1
2017-02-16,2003-12-05,SO64252,354,15929,10,1,1
2017-02-16,2003-11-02,SO64270,477,17560,1,1,2
2017-02-16,2003-12-28,SO64270,214,17560,1,2,1
2017-02-16,2004-01-14,SO64268,478,21287,4,1,2
2017-02-16,2004-01-10,SO64268,214,21287,4,2,1
2017-02-16,2003-11-18,SO64274,528,15458,8,1,3
2017-02-16,2003-12-23,SO64285,570,29225,1,1,1
2017-02-16,2003-12-20,SO64254,489,11276,6,1,1
2017-02-16,2003-11-10,SO64248,214,25498,8,2,1
2017-02-16,2003-12-04,SO64248,229,25498,8,3,1
2017-02-16,2003-10-27,SO64248,580,25498,8,1,1
2017-02-16,2003-11-15,SO64249,375,16476,7,1,1
2017-02-16,2003-11-01,SO64249,490,16476,7,4,1
2017-02-16,2003-12-22,SO64249,529,16476,7,2,1
2017-02-16,2004-01-14,SO64249,540,16476,7,3,1
2017-02-16,2003-12-25,SO64267,477,20409,1,1,3
2017-02-16,2004-01-12,SO64267,478,20409,1,2,2
2017-02-16,2003-11-02,SO64273,528,14826,7,1,2
2017-02-16,2004-01-24,SO64273,220,14826,7,2,1
2017-02-16,2003-10-19,SO64276,480,12126,10,3,2
2017-02-16,2003-11-26,SO64276,529,12126,10,1,2
2017-02-16,2003-11-16,SO64276,538,12126,10,2,1
2017-02-16,2004-01-01,SO64265,528,15879,6,1,3
2017-02-16,2003-12-16,SO64265,536,15879,6,2,3
2017-02-16,2004-01-19,SO64265,215,15879,6,3,1
2017-02-16,2003-11-29,SO64263,528,23157,1,1,3
2017-02-16,2003-11-10,SO64263,536,23157,1,2,2
2017-02-16,2003-12-26,SO64263,215,23157,1,3,1
2017-02-16,2004-01-01,SO64281,477,15365,4,4,2
2017-02-16,2004-01-11,SO64281,478,15365,4,3,2
2017-02-16,2003-10-24,SO64281,480,15365,4,5,2
2017-02-16,2003-11-16,SO64281,485,15365,4,2,2
2017-02-16,2003-10-23,SO64281,352,15365,4,1,1
2017-02-16,2004-01-18,SO64246,480,11366,9,2,2
2017-02-16,2003-11-06,SO64246,535,11366,9,1,2
2017-02-16,2003-12-16,SO64286,223,24762,1,1,2
2017-02-16,2003-12-08,SO64286,561,24762,1,2,1
2017-02-16,2004-01-25,SO64251,215,12487,8,2,1
2017-02-16,2004-01-04,SO64251,358,12487,8,1,1
2017-02-17,2003-10-25,SO64318,466,26332,1,2,3
2017-02-17,2003-11-28,SO64318,535,26332,1,1,2
2017-02-17,2003-12-09,SO64373,232,17576,4,2,1
2017-02-17,2003-11-27,SO64373,581,17576,4,1,1
2017-02-17,2004-01-06,SO64370,477,23358,4,3,3
2017-02-17,2004-01-06,SO64370,479,23358,4,2,2
2017-02-17,2003-11-23,SO64370,484,23358,4,4,2
2017-02-17,2003-10-21,SO64370,606,23358,4,1,1
2017-02-17,2003-12-05,SO64348,537,11962,4,1,1
2017-02-17,2003-10-28,SO64300,485,23521,9,1,2
2017-02-17,2003-12-06,SO64369,464,23056,4,3,2
2017-02-17,2004-01-27,SO64369,214,23056,4,2,1
2017-02-17,2003-12-23,SO64369,605,23056,4,1,1
2017-02-17,2004-01-14,SO64332,484,15744,1,2,3
2017-02-17,2004-01-24,SO64332,528,15744,1,1,2
2017-02-17,2004-01-10,SO64320,536,23710,1,1,1
2017-02-17,2004-01-31,SO64327,223,18688,1,2,2
2017-02-17,2004-01-09,SO64327,474,18688,1,1,1
2017-02-17,2004-01-04,SO64335,528,14549,8,2,2
2017-02-17,2003-12-15,SO64335,215,14549,8,3,1
2017-02-17,2003-11-21,SO64335,537,14549,8,1,1
2017-02-17,2004-01-27,SO64313,223,11501,6,2,2
2017-02-17,2004-01-03,SO64313,490,11501,6,1,1
2017-02-17,2003-11-11,SO64323,528,23031,1,2,2
2017-02-17,2004-01-31,SO64323,536,23031,1,1,2
2017-02-17,2004-01-22,SO64323,220,23031,1,3,1
2017-02-17,2004-01-17,SO64334,485,18884,6,1,2
2017-02-17,2003-10-24,SO64334,487,18884,6,2,1
2017-02-17,2003-11-07,SO64329,223,26318,6,1,2
2017-02-17,2003-12-22,SO64329,477,26318,6,2,2
2017-02-17,2003-11-11,SO64368,529,23036,4,3,3
2017-02-17,2003-11-20,SO64368,462,23036,4,4,2
2017-02-17,2003-10-20,SO64368,538,23036,4,2,2
2017-02-17,2003-12-20,SO64368,215,23036,4,5,1
2017-02-17,2003-12-31,SO64368,605,23036,4,1,1
2017-02-17,2004-02-02,SO64362,478,14046,9,2,2
2017-02-17,2003-12-31,SO64362,358,14046,9,1,1
2017-02-17,2003-12-12,SO64366,481,26082,4,2,2
2017-02-17,2003-12-05,SO64366,574,26082,4,1,1
2017-02-17,2003-11-22,SO64371,604,23073,1,1,1
2017-02-17,2003-10-20,SO64375,479,27137,10,3,2
2017-02-17,2004-01-06,SO64375,473,27137,10,4,1
2017-02-17,2003-10-24,SO64375,477,27137,10,2,1
2017-02-17,2003-12-03,SO64375,606,27137,10,1,1
2017-02-17,2003-10-23,SO64310,358,12267,7,1,1
2017-02-17,2004-01-22,SO64338,528,22819,10,1,2
2017-02-17,2003-11-21,SO64338,536,22819,10,2,2
2017-02-17,2004-01-17,SO64338,220,22819,10,3,1
2017-02-17,2003-12-08,SO64328,477,18343,4,1,3
2017-02-17,2003-11-10,SO64328,215,18343,4,2,1
2017-02-17,2003-10-31,SO64364,528,13966,9,3,2
2017-02-17,2003-12-04,SO64364,215,13966,9,4,1
2017-02-17,2003-11-21,SO64364,356,13966,9,1,1
2017-02-17,2004-01-14,SO64364,537,13966,9,2,1
2017-02-17,2003-10-28,SO64351,462,16836,6,3,3
2017-02-17,2003-10-29,SO64351,485,16836,6,2,2
2017-02-17,2003-10-29,SO64351,229,16836,6,4,1
2017-02-17,2004-01-02,SO64351,354,16836,6,1,1
2017-02-17,2003-11-24,SO64299,538,19610,9,2,3
2017-02-17,2004-01-16,SO64299,462,19610,9,3,2
2017-02-17,2003-11-01,SO64299,529,19610,9,1,2
2017-02-17,2003-12-17,SO64304,540,16167,9,1,1
2017-02-17,2003-12-07,SO64360,215,25114,9,2,1
2017-02-17,2003-12-13,SO64360,389,25114,9,1,1
2017-02-17,2003-11-20,SO64353,528,15320,1,2,2
2017-02-17,2004-01-12,SO64353,214,15320,1,4,1
2017-02-17,2003-11-05,SO64353,360,15320,1,1,1
2017-02-17,2004-01-25,SO64353,537,15320,1,3,1
2017-02-17,2004-01-10,SO64367,477,26640,6,2,2
2017-02-17,2003-11-07,SO64367,479,26640,6,3,2
2017-02-17,2004-01-17,SO64367,214,26640,6,4,1
2017-02-17,2003-11-07,SO64367,605,26640,6,1,1
2017-02-17,2004-01-29,SO64341,480,17748,7,2,2
2017-02-17,2004-01-23,SO64341,536,17748,7,1,2
2017-02-17,2004-01-07,SO64339,529,16322,7,2,2
2017-02-17,2003-11-19,SO64339,539,16322,7,1,2
2017-02-17,2004-01-15,SO64333,485,21656,6,1,2
2017-02-17,2003-12-23,SO64333,215,21656,6,2,1
2017-02-17,2003-11-26,SO64345,541,13516,10,1,2
2017-02-17,2003-11-21,SO64315,480,29235,4,2,2
2017-02-17,2003-11-13,SO64315,539,29235,4,1,2
2017-02-17,2004-01-30,SO64355,478,16098,6,2,3
2017-02-17,2003-11-21,SO64355,477,16098,6,3,2
2017-02-17,2003-12-11,SO64355,214,16098,6,4,1
2017-02-17,2004-01-06,SO64355,358,16098,6,1,1
2017-02-17,2003-12-27,SO64314,229,29328,4,1,1
2017-02-17,2003-12-20,SO64305,480,16692,9,2,2
2017-02-17,2003-11-13,SO64305,529,16692,9,1,2
2017-02-17,2003-12-31,SO64340,528,21521,7,1,2
2017-02-17,2003-10-26,SO64340,536,21521,7,2,2
2017-02-17,2004-01-05,SO64340,484,21521,7,3,1
2017-02-17,2003-11-05,SO64306,214,17943,10,2,1
2017-02-17,2004-01-14,SO64306,593,17943,10,1,1
2017-02-17,2003-12-09,SO64346,530,14955,10,1,2
2017-02-17,2004-01-24,SO64346,541,14955,10,2,2
2017-02-17,2004-01-29,SO64349,480,12022,1,2,2
2017-02-17,2003-12-21,SO64349,537,12022,1,1,1
2017-02-17,2003-11-21,SO64324,478,20522,4,1,3
2017-02-17,2003-11-03,SO64324,214,20522,4,2,1
2017-02-17,2003-12-16,SO64356,214,14429,10,2,1
2017-02-17,2004-01-16,SO64356,562,14429,10,1,1
2017-02-17,2004-01-26,SO64358,582,23545,9,1,1
2017-02-17,2003-10-24,SO64298,528,14067,9,1,3
2017-02-17,2003-11-20,SO64298,535,14067,9,2,3
2017-02-17,2003-11-09,SO64298,215,14067,9,3,1
2017-02-17,2004-01-24,SO64337,480,23755,8,2,2
2017-02-17,2003-12-23,SO64337,529,23755,8,1,2
2017-02-17,2003-11-14,SO64361,477,21211,9,2,2
2017-02-17,2003-12-06,SO64361,479,21211,9,3,2
2017-02-17,2004-01-03,SO64361,371,21211,9,1,1
2017-02-17,2004-01-26,SO64330,528,15513,1,1,2
2017-02-17,2003-12-26,SO64330,214,15513,1,2,1
2017-02-17,2004-01-06,SO64363,354,14062,9,1,1
2017-02-17,2003-11-14,SO64363,487,14062,9,2,1
2017-02-17,2003-11-21,SO64319,530,15826,6,2,2
2017-02-17,2003-12-16,SO64319,541,15826,6,1,2
2017-02-17,2004-01-12,SO64316,480,11176,6,3,2
2017-02-17,2004-01-30,SO64316,539,11176,6,2,2
2017-02-17,2004-01-29,SO64316,529,11176,6,1,1
2017-02-17,2004-01-17,SO64344,541,13547,10,1,2
2017-02-17,2003-11-27,SO64344,530,13547,10,2,1
2017-02-17,2003-12-12,SO64325,476,11660,6,1,1
2017-02-17,2003-12-24,SO64325,489,11660,6,2,1
2017-02-17,2003-12-28,SO64317,223,11276,6,5,2
2017-02-17,2003-12-16,SO64317,528,11276,6,1,2
2017-02-17,2004-01-22,SO64317,215,11276,6,3,1
2017-02-17,2003-11-16,SO64317,490,11276,6,4,1
2017-02-17,2003-10-29,SO64317,535,11276,6,2,1
2017-02-17,2004-01-17,SO64354,480,15380,1,4,2
2017-02-17,2003-11-19,SO64354,528,15380,1,3,2
2017-02-17,2003-12-30,SO64354,356,15380,1,1,1
2017-02-17,2004-01-19,SO64354,537,15380,1,2,1
2017-02-17,2004-01-10,SO64374,215,20844,7,2,1
2017-02-17,2004-01-30,SO64374,385,20844,7,1,1
2017-02-17,2004-01-07,SO64308,481,19338,7,3,2
2017-02-17,2004-01-06,SO64308,485,19338,7,2,2
2017-02-17,2003-10-24,SO64308,590,19338,7,1,1
2017-02-17,2003-12-20,SO64302,478,15603,9,1,3
2017-02-17,2003-10-27,SO64302,477,15603,9,2,2
2017-02-17,2004-01-25,SO64326,223,28996,6,2,2
2017-02-17,2004-02-02,SO64326,476,28996,6,1,1
2017-02-17,2003-10-26,SO64365,466,25886,1,4,2
2017-02-17,2003-12-02,SO64365,530,25886,1,3,2
2017-02-17,2004-01-20,SO64365,541,25886,1,2,2
2017-02-17,2003-12-31,SO64365,577,25886,1,1,1
2017-02-17,2004-01-26,SO64350,477,11415,8,1,2
2017-02-17,2004-02-01,SO64350,479,11415,8,2,2
2017-02-17,2004-01-15,SO64376,479,11969,9,2,3
2017-02-17,2003-12-30,SO64376,477,11969,9,3,1
2017-02-17,2003-11-15,SO64376,487,11969,9,4,1
2017-02-17,2004-01-15,SO64376,561,11969,9,1,1
2017-02-17,2003-11-29,SO64322,480,23246,1,2,3
2017-02-17,2003-12-11,SO64322,536,23246,1,1,2
2017-02-17,2004-01-15,SO64331,528,26682,6,1,2
2017-02-17,2004-01-14,SO64331,220,26682,6,2,1
2017-02-17,2003-11-25,SO64331,466,26682,6,3,1
2017-02-17,2003-12-16,SO64303,480,16606,9,2,2
2017-02-17,2003-11-28,SO64303,540,16606,9,1,1
2017-02-17,2003-11-03,SO64312,214,15702,10,2,1
2017-02-17,2003-12-20,SO64312,358,15702,10,1,1
2017-02-17,2003-11-08,SO64359,220,25947,9,2,1
2017-02-17,2003-10-28,SO64359,385,25947,9,1,1
2017-02-17,2003-11-16,SO64321,480,24626,4,3,2
2017-02-17,2003-11-06,SO64321,529,24626,4,1,2
2017-02-17,2004-01-16,SO64321,540,24626,4,2,1
2017-02-17,2004-01-16,SO64309,477,17183,8,3,2
2017-02-17,2003-11-04,SO64309,478,17183,8,2,2
2017-02-17,2003-12-12,SO64309,360,17183,8,1,1
2017-02-17,2003-12-16,SO64342,538,12294,10,1,2
2017-02-17,2004-01-15,SO64357,464,25607,7,4,3
2017-02-17,2003-11-18,SO64357,477,25607,7,3,2
2017-02-17,2004-01-08,SO64357,479,25607,7,2,2
2017-02-17,2004-01-31,SO64357,577,25607,7,1,1
2017-02-17,2003-11-06,SO64372,229,20654,4,2,1
2017-02-17,2004-01-17,SO64372,385,20654,4,1,1
2017-02-17,2003-11-19,SO64336,528,21046,10,2,2
2017-02-17,2004-01-23,SO64336,536,21046,10,1,2
2017-02-17,2003-11-28,SO64307,529,13577,7,2,2
2017-02-17,2004-01-29,SO64307,375,13577,7,1,1
2017-02-17,2003-11-14,SO64307,472,13577,7,4,1
2017-02-17,2003-10-29,SO64307,540,13577,7,3,1
2017-02-17,2003-11-22,SO64301,484,16729,9,2,2
2017-02-17,2003-12-31,SO64301,485,16729,9,1,1
2017-02-17,2003-11-27,SO64343,541,27306,7,1,2
2017-02-17,2003-11-13,SO64347,528,14291,6,1,2
2017-02-17,2003-11-28,SO64347,214,14291,6,4,1
2017-02-17,2004-01-24,SO64347,472,14291,6,3,1
2017-02-17,2003-11-12,SO64347,537,14291,6,2,1
2017-02-17,2003-11-25,SO64297,479,17502,9,2,3
2017-02-17,2003-11-23,SO64297,477,17502,9,3,2
2017-02-17,2003-12-19,SO64297,215,17502,9,4,1
2017-02-17,2003-12-25,SO64297,373,17502,9,1,1
2017-02-17,2003-11-29,SO64311,354,12256,7,1,1
2017-02-17,2003-10-23,SO64311,487,12256,7,2,1
2017-02-18,2003-11-07,SO64448,479,27125,10,2,2
2017-02-18,2003-12-03,SO64448,477,27125,10,3,1
2017-02-18,2003-12-21,SO64448,491,27125,10,4,1
2017-02-18,2004-01-26,SO64448,605,27125,10,1,1
2017-02-18,2003-12-25,SO64379,480,13008,9,2,2
2017-02-18,2003-11-30,SO64379,535,13008,9,1,2
2017-02-18,2004-01-12,SO64444,481,20755,4,2,2
2017-02-18,2004-01-27,SO64444,220,20755,4,3,1
2017-02-18,2003-11-27,SO64444,385,20755,4,1,1
2017-02-18,2003-12-02,SO64378,477,11982,4,1,2
2017-02-18,2003-11-24,SO64378,479,11982,4,2,2
2017-02-18,2003-10-29,SO64378,489,11982,4,3,1
2017-02-18,2004-01-30,SO64438,482,25879,4,2,2
2017-02-18,2003-11-26,SO64438,214,25879,4,3,1
2017-02-18,2003-12-02,SO64438,578,25879,4,1,1
2017-02-18,2003-11-20,SO64439,480,13908,6,4,2
2017-02-18,2004-02-02,SO64439,541,13908,6,3,2
2017-02-18,2004-01-25,SO64439,530,13908,6,2,1
2017-02-18,2004-01-17,SO64439,575,13908,6,1,1
2017-02-18,2004-01-20,SO64406,480,14742,4,2,2
2017-02-18,2003-11-30,SO64406,528,14742,4,1,2
2017-02-18,2003-11-22,SO64398,480,18927,6,2,2
2017-02-18,2004-01-20,SO64398,536,18927,6,1,2
2017-02-18,2003-11-17,SO64399,482,19818,4,2,2
2017-02-18,2003-11-22,SO64399,475,19818,4,1,1
2017-02-18,2003-12-01,SO64437,220,25878,4,2,1
2017-02-18,2003-11-19,SO64437,579,25878,4,1,1
2017-02-18,2003-12-03,SO64386,480,18717,9,1,2
2017-02-18,2003-12-23,SO64428,484,12770,4,4,2
2017-02-18,2004-01-31,SO64428,356,12770,4,1,1
2017-02-18,2003-12-29,SO64428,480,12770,4,3,1
2017-02-18,2003-12-10,SO64428,537,12770,4,2,1
2017-02-18,2003-12-15,SO64421,220,12320,10,1,1
2017-02-18,2003-12-05,SO64449,477,11247,10,3,2
2017-02-18,2003-11-18,SO64449,479,11247,10,2,2
2017-02-18,2004-01-31,SO64449,220,11247,10,4,1
2017-02-18,2003-11-22,SO64449,584,11247,10,1,1
2017-02-18,2003-11-18,SO64409,529,19935,8,1,2
2017-02-18,2004-01-07,SO64409,539,19935,8,2,2
2017-02-18,2004-02-03,SO64409,488,19935,8,3,1
2017-02-18,2003-11-24,SO64420,220,11594,7,1,1
2017-02-18,2003-10-28,SO64420,491,11594,7,2,1
2017-02-18,2003-11-03,SO64419,223,14175,10,4,2
2017-02-18,2003-11-19,SO64419,478,14175,10,1,2
2017-02-18,2003-11-13,SO64419,220,14175,10,3,1
2017-02-18,2003-12-04,SO64419,487,14175,10,2,1
2017-02-18,2003-11-01,SO64440,491,26313,4,2,1
2017-02-18,2003-11-30,SO64440,575,26313,4,1,1
2017-02-18,2003-12-18,SO64387,223,14853,9,1,2
2017-02-18,2003-11-04,SO64395,529,18759,6,2,2
2017-02-18,2004-01-14,SO64395,540,18759,6,1,1
2017-02-18,2003-10-28,SO64390,485,17184,8,2,2
2017-02-18,2003-12-08,SO64390,220,17184,8,3,1
2017-02-18,2003-10-27,SO64390,354,17184,8,1,1
2017-02-18,2004-02-02,SO64404,528,15522,1,1,3
2017-02-18,2003-11-29,SO64404,485,15522,1,2,1
2017-02-18,2003-11-07,SO64435,490,29222,4,2,1
2017-02-18,2003-11-03,SO64435,572,29222,4,1,1
2017-02-18,2004-01-02,SO64397,480,11300,6,3,2
2017-02-18,2003-11-23,SO64397,529,11300,6,2,1
2017-02-18,2003-11-03,SO64397,540,11300,6,1,1
2017-02-18,2003-10-21,SO64417,477,11300,6,4,2
2017-02-18,2003-12-29,SO64417,478,11300,6,3,2
2017-02-18,2003-10-27,SO64417,528,11300,6,2,2
2017-02-18,2003-12-27,SO64417,487,11300,6,5,1
2017-02-18,2003-12-02,SO64417,537,11300,6,1,1
2017-02-18,2003-12-17,SO64405,480,15313,1,2,2
2017-02-18,2004-01-12,SO64405,528,15313,1,1,2
2017-02-18,2003-10-21,SO64433,528,12005,9,2,2
2017-02-18,2003-11-26,SO64433,220,12005,9,4,1
2017-02-18,2004-01-31,SO64433,360,12005,9,1,1
2017-02-18,2003-12-13,SO64433,537,12005,9,3,1
2017-02-18,2003-12-31,SO64443,479,18648,4,2,2
2017-02-18,2003-10-24,SO64443,484,18648,4,3,1
2017-02-18,2003-12-31,SO64443,584,18648,4,1,1
2017-02-18,2003-10-29,SO64394,480,11769,6,3,2
2017-02-18,2004-01-04,SO64394,529,11769,6,2,2
2017-02-18,2003-10-30,SO64394,538,11769,6,1,2
2017-02-18,2003-12-11,SO64377,462,12373,7,3,2
2017-02-18,2004-01-01,SO64377,477,12373,7,2,2
2017-02-18,2004-01-29,SO64377,478,12373,7,4,2
2017-02-18,2003-10-29,SO64377,356,12373,7,1,1
2017-02-18,2003-11-09,SO64424,475,14645,4,2,1
2017-02-18,2003-12-03,SO64424,589,14645,4,1,1
2017-02-18,2004-01-23,SO64446,223,17571,4,2,2
2017-02-18,2003-11-30,SO64446,489,17571,4,3,1
2017-02-18,2003-10-23,SO64446,581,17571,4,1,1
2017-02-18,2004-01-02,SO64427,528,15481,4,3,2
2017-02-18,2004-01-26,SO64427,215,15481,4,4,1
2017-02-18,2003-12-30,SO64427,360,15481,4,1,1
2017-02-18,2003-10-30,SO64427,537,15481,4,2,1
2017-02-18,2004-01-08,SO64396,528,23581,4,2,2
2017-02-18,2003-11-07,SO64396,220,23581,4,3,1
2017-02-18,2004-02-03,SO64396,536,23581,4,1,1
2017-02-18,2003-12-17,SO64410,539,19513,10,1,2
2017-02-18,2003-11-24,SO64445,583,17263,6,1,1
2017-02-18,2003-11-21,SO64426,358,15501,4,1,1
2017-02-18,2003-11-09,SO64426,483,15501,4,2,1
2017-02-18,2003-11-03,SO64431,466,25273,9,3,2
2017-02-18,2003-11-12,SO64431,387,25273,9,1,1
2017-02-18,2003-12-09,SO64431,491,25273,9,2,1
2017-02-18,2003-12-04,SO64381,480,21995,9,2,2
2017-02-18,2004-01-29,SO64381,537,21995,9,1,1
2017-02-18,2003-11-21,SO64380,529,19617,9,1,2
2017-02-18,2003-11-17,SO64380,538,19617,9,2,2
2017-02-18,2004-02-03,SO64385,480,19569,9,3,2
2017-02-18,2003-11-06,SO64385,530,19569,9,1,2
2017-02-18,2004-01-20,SO64385,541,19569,9,2,2
2017-02-18,2003-10-28,SO64451,561,11968,9,1,1
2017-02-18,2003-12-29,SO64442,604,23352,1,1,1
2017-02-18,2004-01-31,SO64412,466,22550,10,2,3
2017-02-18,2003-11-09,SO64412,477,22550,10,1,1
2017-02-18,2004-01-21,SO64450,214,11417,7,2,1
2017-02-18,2003-12-03,SO64450,562,11417,7,1,1
2017-02-18,2003-11-26,SO64441,480,23338,4,4,2
2017-02-18,2004-01-30,SO64441,529,23338,4,3,2
2017-02-18,2003-12-15,SO64441,538,23338,4,2,2
2017-02-18,2003-12-31,SO64441,606,23338,4,1,1
2017-02-18,2003-12-08,SO64430,223,12560,10,2,2
2017-02-18,2004-01-20,SO64430,560,12560,10,1,1
2017-02-18,2004-01-04,SO64402,528,22349,6,1,3
2017-02-18,2003-12-12,SO64402,483,22349,6,2,1
2017-02-18,2003-12-31,SO64422,477,16752,4,3,3
2017-02-18,2003-11-17,SO64422,479,16752,4,2,3
2017-02-18,2003-12-04,SO64422,379,16752,4,1,1
2017-02-18,2003-11-29,SO64422,487,16752,4,4,1
2017-02-18,2003-12-23,SO64403,484,15775,1,3,2
2017-02-18,2003-12-23,SO64403,528,15775,1,1,2
2017-02-18,2003-11-23,SO64403,480,15775,1,2,1
2017-02-18,2004-01-23,SO64401,477,16900,4,1,2
2017-02-18,2003-12-04,SO64401,480,16900,4,2,2
2017-02-18,2004-01-25,SO64408,477,24853,10,1,2
2017-02-18,2003-10-22,SO64408,215,24853,10,2,1
2017-02-18,2003-12-26,SO64429,480,15372,1,2,2
2017-02-18,2003-12-27,SO64429,356,15372,1,1,1
2017-02-18,2004-01-26,SO64452,477,12338,9,2,3
2017-02-18,2004-01-24,SO64452,479,12338,9,3,1
2017-02-18,2003-12-27,SO64452,487,12338,9,4,1
2017-02-18,2003-12-21,SO64452,564,12338,9,1,1
2017-02-18,2004-01-03,SO64393,480,11276,6,2,2
2017-02-18,2003-12-27,SO64393,539,11276,6,1,2
2017-02-18,2003-11-25,SO64425,477,19749,4,3,3
2017-02-18,2004-01-03,SO64425,478,19749,4,2,2
2017-02-18,2003-12-24,SO64425,484,19749,4,4,2
2017-02-18,2004-01-04,SO64425,483,19749,4,5,1
2017-02-18,2004-01-03,SO64425,596,19749,4,1,1
2017-02-18,2003-12-10,SO64414,529,25523,10,1,2
2017-02-18,2003-11-11,SO64414,214,25523,10,2,1
2017-02-18,2003-11-25,SO64423,371,20640,4,1,1
2017-02-18,2003-12-06,SO64423,487,20640,4,2,1
2017-02-18,2003-11-17,SO64400,477,17618,1,1,2
2017-02-18,2004-01-29,SO64400,214,17618,1,2,1
2017-02-18,2003-12-09,SO64432,604,24000,9,1,1
2017-02-18,2003-12-18,SO64411,529,19497,10,2,2
2017-02-18,2003-12-10,SO64411,539,19497,10,1,2
2017-02-18,2003-10-23,SO64384,464,28934,9,3,2
2017-02-18,2004-01-13,SO64384,530,28934,9,1,2
2017-02-18,2003-10-21,SO64384,220,28934,9,2,1
2017-02-18,2004-01-27,SO64447,480,27140,10,4,2
2017-02-18,2003-12-23,SO64447,529,27140,10,3,2
2017-02-18,2004-01-02,SO64447,538,27140,10,2,2
2017-02-18,2003-11-15,SO64447,484,27140,10,5,1
2017-02-18,2003-10-28,SO64447,606,27140,10,1,1
2017-02-18,2004-01-19,SO64383,477,29189,9,2,2
2017-02-18,2003-12-28,SO64383,478,29189,9,1,2
2017-02-18,2003-12-07,SO64383,481,29189,9,3,2
2017-02-18,2003-11-21,SO64434,477,14031,9,3,2
2017-02-18,2003-10-30,SO64434,478,14031,9,2,2
2017-02-18,2003-11-30,SO64434,480,14031,9,4,2
2017-02-18,2003-10-28,SO64434,352,14031,9,1,1
2017-02-18,2003-11-08,SO64434,486,14031,9,5,1
2017-02-18,2004-01-30,SO64392,529,14096,6,1,3
2017-02-18,2004-01-19,SO64392,539,14096,6,2,2
2017-02-18,2003-11-19,SO64418,528,12024,1,2,2
2017-02-18,2003-11-07,SO64418,215,12024,1,3,1
2017-02-18,2004-01-03,SO64418,537,12024,1,1,1
2017-02-18,2004-01-07,SO64416,480,23927,7,3,2
2017-02-18,2003-12-20,SO64416,530,23927,7,1,2
2017-02-18,2003-12-03,SO64416,541,23927,7,2,2
2017-02-18,2003-11-20,SO64382,223,26156,9,2,3
2017-02-18,2004-01-06,SO64382,475,26156,9,1,1
2017-02-18,2003-12-15,SO64415,223,16590,10,3,2
2017-02-18,2004-01-12,SO64415,530,16590,10,1,2
2017-02-18,2003-12-23,SO64415,220,16590,10,2,1
2017-02-18,2004-01-10,SO64391,214,16831,10,2,1
2017-02-18,2003-12-05,SO64391,360,16831,10,1,1
2017-02-18,2003-12-24,SO64436,486,26619,1,2,1
2017-02-18,2003-12-23,SO64436,572,26619,1,1,1
2017-02-18,2003-12-25,SO64388,223,11755,9,1,2
2017-02-18,2003-12-16,SO64389,477,24837,8,2,2
2017-02-18,2003-12-01,SO64389,478,24837,8,3,2
2017-02-18,2003-10-27,SO64389,484,24837,8,4,2
2017-02-18,2003-12-14,SO64389,591,24837,8,1,1
2017-02-18,2004-01-21,SO64413,538,26872,8,1,3
2017-02-18,2004-01-21,SO64413,480,26872,8,2,2
2017-02-19,2003-12-26,SO64484,477,17525,4,1,2
2017-02-19,2004-01-27,SO64463,235,17075,9,1,1
2017-02-19,2004-01-23,SO64514,479,23033,4,2,3
2017-02-19,2004-01-26,SO64514,477,23033,4,3,2
2017-02-19,2004-01-20,SO64514,215,23033,4,4,1
2017-02-19,2003-12-12,SO64514,584,23033,4,1,1
2017-02-19,2004-01-15,SO64460,477,28350,9,1,3
2017-02-19,2004-01-20,SO64460,223,28350,9,2,1
2017-02-19,2003-12-05,SO64495,530,27812,7,1,2
2017-02-19,2003-11-03,SO64495,214,27812,7,2,1
2017-02-19,2003-12-14,SO64456,535,14072,9,1,2
2017-02-19,2003-11-18,SO64469,477,15677,7,3,3
2017-02-19,2003-12-02,SO64469,478,15677,7,2,3
2017-02-19,2003-12-23,SO64469,354,15677,7,1,1
2017-02-19,2003-11-03,SO64518,389,20652,1,1,1
2017-02-19,2003-12-16,SO64518,491,20652,1,2,1
2017-02-19,2004-01-19,SO64472,529,11067,1,1,2
2017-02-19,2004-01-15,SO64472,480,11067,1,2,1
2017-02-19,2004-01-07,SO64473,462,29325,1,3,2
2017-02-19,2004-01-21,SO64473,220,29325,1,2,1
2017-02-19,2003-12-28,SO64473,529,29325,1,1,1
2017-02-19,2004-01-01,SO64467,232,14169,7,2,1
2017-02-19,2004-01-02,SO64467,588,14169,7,1,1
2017-02-19,2003-12-06,SO64500,528,12972,6,1,3
2017-02-19,2003-12-16,SO64500,537,12972,6,2,1
2017-02-19,2003-12-04,SO64455,529,20617,9,2,2
2017-02-19,2003-12-18,SO64455,371,20617,9,1,1
2017-02-19,2003-11-03,SO64455,540,20617,9,3,1
2017-02-19,2003-11-15,SO64503,485,12450,4,2,2
2017-02-19,2003-11-27,SO64503,214,12450,4,3,1
2017-02-19,2004-01-02,SO64503,352,12450,4,1,1
2017-02-19,2004-01-21,SO64475,480,11091,6,3,2
2017-02-19,2003-12-18,SO64475,529,11091,6,2,2
2017-02-19,2004-01-13,SO64475,539,11091,6,1,1
2017-02-19,2004-01-18,SO64466,466,17897,7,2,2
