OrderDate,StockDate,OrderNumber,ProductKey,CustomerKey,TerritoryKey,OrderLineItem,OrderQuantity
1/1/2016,10/17/2002,SO48797,385,14335,1,1,1
1/1/2016,9/30/2002,SO48802,383,24923,9,1,1
1/1/2016,11/29/2002,SO48801,326,15493,1,1,1
1/1/2016,11/16/2002,SO48799,352,26708,4,1,1
1/1/2016,12/16/2002,SO48798,369,23332,9,1,1
1/1/2016,12/2/2002,SO48800,342,15491,5,1,1
1/1/2016,10/19/2002,SO48795,375,16538,8,1,1
1/1/2016,11/23/2002,SO48796,375,15094,7,1,1
1/2/2016,12/1/2002,SO48804,356,12276,8,1,1
1/2/2016,9/12/2002,SO48814,360,13647,9,1,1
1/2/2016,10/30/2002,SO48812,356,13630,9,1,1
1/2/2016,9/15/2002,SO48803,383,19416,10,1,1
1/2/2016,11/23/2002,SO48809,369,23411,9,1,1
1/2/2016,10/27/2002,SO48807,324,20892,10,1,1
1/2/2016,10/10/2002,SO48805,330,19318,7,1,1
1/2/2016,12/11/2002,SO48808,368,16552,8,1,1
1/2/2016,10/18/2002,SO48813,362,13631,9,1,1
1/2/2016,10/22/2002,SO48810,369,23415,9,1,1
1/2/2016,11/30/2002,SO48806,340,20885,10,1,1
1/2/2016,10/6/2002,SO48811,334,15517,4,1,1
1/3/2016,9/6/2002,SO48819,352,13622,9,1,1
1/3/2016,10/29/2002,SO48817,373,26049,6,1,1
1/3/2016,12/4/2002,SO48820,358,13958,9,1,1
1/3/2016,9/10/2002,SO48815,377,17700,10,1,1
1/3/2016,10/11/2002,SO48818,332,15497,4,1,1
1/3/2016,11/15/2002,SO48821,379,23344,9,1,1
1/3/2016,12/16/2002,SO48816,356,12459,10,1,1
1/4/2016,9/15/2002,SO48827,360,26729,1,1,1
1/4/2016,10/25/2002,SO48825,373,23414,9,1,1
1/4/2016,10/2/2002,SO48829,368,23121,9,1,1
1/4/2016,12/6/2002,SO48822,379,17743,10,1,1
1/4/2016,11/30/2002,SO48824,369,23408,9,1,1
1/4/2016,10/27/2002,SO48828,369,23120,9,1,1
1/4/2016,12/13/2002,SO48823,369,16821,8,1,1
1/4/2016,9/15/2002,SO48826,369,23421,9,1,1
1/5/2016,11/2/2002,SO48835,360,21148,6,1,1
1/5/2016,12/15/2002,SO48832,373,23418,9,1,1
1/5/2016,11/1/2002,SO48831,326,20886,10,1,1
1/5/2016,9/11/2002,SO48836,360,13959,9,1,1
1/5/2016,11/3/2002,SO48834,352,26695,4,1,1
1/5/2016,11/5/2002,SO48833,373,23118,9,1,1
1/5/2016,10/24/2002,SO48830,371,17750,10,1,1
1/6/2016,9/17/2002,SO48838,373,23409,9,1,1
1/6/2016,11/19/2002,SO48837,371,23311,9,1,1
1/7/2016,12/15/2002,SO48841,381,17716,7,1,1
1/7/2016,9/9/2002,SO48845,362,13620,9,1,1
1/7/2016,11/18/2002,SO48843,324,15489,1,1,1
1/7/2016,10/26/2002,SO48839,368,16567,8,1,1
1/7/2016,10/29/2002,SO48847,383,14336,1,1,1
1/7/2016,11/12/2002,SO48844,338,15492,1,1,1
1/7/2016,10/24/2002,SO48846,360,13651,9,1,1
1/7/2016,12/14/2002,SO48840,369,17753,10,1,1
1/7/2016,10/16/2002,SO48842,352,12463,10,1,1
1/8/2016,11/24/2002,SO48855,354,13955,9,1,1
1/8/2016,11/8/2002,SO48857,342,26652,9,1,1
1/8/2016,11/30/2002,SO48852,324,15503,1,1,1
1/8/2016,10/3/2002,SO48851,354,26717,1,1,1
1/8/2016,9/17/2002,SO48853,336,15520,4,1,1
1/8/2016,12/9/2002,SO48856,358,13967,9,1,1
1/8/2016,9/24/2002,SO48849,360,28904,7,1,1
1/8/2016,9/21/2002,SO48854,354,13643,9,1,1
1/8/2016,11/29/2002,SO48850,352,29361,7,1,1
1/8/2016,9/29/2002,SO48848,383,19424,10,1,1
1/9/2016,12/4/2002,SO48862,352,26805,4,1,1
1/9/2016,9/28/2002,SO48858,368,15455,7,1,1
1/9/2016,12/22/2002,SO48864,356,13964,9,1,1
1/9/2016,10/23/2002,SO48860,375,13849,1,1,1
1/9/2016,11/20/2002,SO48863,352,26718,4,1,1
1/9/2016,12/15/2002,SO48865,381,24924,9,1,1
1/9/2016,9/21/2002,SO48859,373,16603,8,1,1
1/9/2016,10/8/2002,SO48861,352,26786,4,1,1
1/9/2016,12/11/2002,SO48866,362,13527,9,1,1
1/10/2016,12/5/2002,SO48871,360,20736,6,1,1
1/10/2016,11/8/2002,SO48869,371,23314,9,1,1
1/10/2016,11/29/2002,SO48868,338,19320,7,1,1
1/10/2016,12/19/2002,SO48870,371,23316,9,1,1
1/10/2016,10/7/2002,SO48876,334,26588,9,1,1
1/10/2016,11/4/2002,SO48872,334,15483,4,1,1
1/10/2016,11/13/2002,SO48867,373,15451,7,1,1
1/10/2016,12/26/2002,SO48877,328,26657,9,1,1
1/10/2016,10/21/2002,SO48875,381,24922,9,1,1
1/10/2016,11/13/2002,SO48874,360,13970,9,1,1
1/11/2016,12/19/2002,SO48883,356,13528,9,1,1
1/11/2016,11/7/2002,SO48884,389,24921,9,1,1
1/11/2016,10/19/2002,SO48881,371,23324,9,1,1
1/11/2016,12/21/2002,SO48880,368,13746,4,1,1
1/11/2016,10/16/2002,SO48879,362,12526,10,1,1
1/11/2016,12/12/2002,SO48878,375,17715,10,1,1
1/11/2016,11/20/2002,SO48882,362,26801,4,1,1
1/12/2016,12/12/2002,SO48888,328,15482,4,1,1
1/12/2016,11/2/2002,SO48890,358,13618,9,1,1
1/12/2016,10/19/2002,SO48891,360,13650,9,1,1
1/12/2016,11/19/2002,SO48889,362,26711,4,1,1
1/12/2016,11/29/2002,SO48887,356,26811,4,1,1
1/12/2016,10/13/2002,SO48886,352,12473,10,1,1
1/12/2016,10/15/2002,SO48885,371,17755,10,1,1
1/13/2016,10/27/2002,SO48899,373,23313,9,1,1
1/13/2016,10/14/2002,SO48902,358,13966,9,1,1
1/13/2016,9/29/2002,SO48898,373,13856,4,1,1
1/13/2016,9/25/2002,SO48896,373,17632,10,1,1
1/13/2016,9/28/2002,SO48903,342,26653,9,1,1
1/13/2016,9/19/2002,SO48901,352,13960,9,1,1
1/13/2016,10/11/2002,SO48893,377,17772,10,1,1
1/13/2016,12/14/2002,SO48900,358,26734,1,1,1
1/13/2016,11/2/2002,SO48895,383,19418,10,1,1
1/13/2016,11/21/2002,SO48894,383,19034,8,1,1
1/13/2016,12/23/2002,SO48892,389,17714,7,1,1
1/13/2016,10/16/2002,SO48897,377,16540,8,1,1
1/14/2016,11/23/2002,SO48905,362,26814,1,1,1
1/14/2016,11/14/2002,SO48904,362,12492,10,1,1
1/14/2016,11/15/2002,SO48906,356,26705,4,1,1
1/14/2016,10/11/2002,SO48908,362,13626,9,1,1
1/14/2016,9/24/2002,SO48907,362,26727,1,1,1
1/14/2016,9/22/2002,SO48909,352,13953,9,1,1
1/15/2016,10/10/2002,SO48916,358,13616,9,1,1
1/15/2016,10/2/2002,SO48913,369,23412,9,1,1
1/15/2016,9/23/2002,SO48919,326,26658,9,1,1
1/15/2016,10/20/2002,SO48918,362,13638,9,1,1
1/15/2016,10/16/2002,SO48914,356,26735,1,1,1
1/15/2016,12/16/2002,SO48911,334,20880,10,1,1
1/15/2016,11/22/2002,SO48915,334,15481,4,1,1
1/15/2016,11/12/2002,SO48917,356,13636,9,1,1
1/15/2016,10/7/2002,SO48912,328,20841,8,1,1
1/15/2016,10/24/2002,SO48910,377,16587,8,1,1
1/16/2016,10/5/2002,SO48920,354,12275,8,1,1
1/16/2016,10/27/2002,SO48924,368,26040,6,1,1
1/16/2016,12/14/2002,SO48926,373,23117,9,1,1
1/16/2016,10/10/2002,SO48925,324,15480,4,1,1
1/16/2016,9/25/2002,SO48922,368,15095,7,1,1
1/16/2016,9/24/2002,SO48923,383,14298,4,1,1
1/16/2016,10/23/2002,SO48929,352,13526,9,1,1
1/16/2016,10/19/2002,SO48930,371,15086,7,1,1
1/16/2016,9/25/2002,SO48921,360,12560,10,1,1
1/16/2016,12/25/2002,SO48928,332,15502,1,1,1
1/16/2016,12/1/2002,SO48927,362,26703,1,1,1
1/17/2016,11/11/2002,SO48933,362,26694,1,1,1
1/17/2016,11/10/2002,SO48934,354,26710,4,1,1
1/17/2016,9/20/2002,SO48931,387,19382,10,1,1
1/17/2016,12/17/2002,SO48936,352,13644,9,1,1
1/17/2016,11/28/2002,SO48932,385,14297,4,1,1
1/17/2016,11/26/2002,SO48937,352,13529,9,1,1
1/17/2016,11/16/2002,SO48935,330,15518,4,1,1
1/18/2016,11/25/2002,SO48943,352,13973,9,1,1
1/18/2016,11/19/2002,SO48938,373,17720,10,1,1
1/18/2016,12/20/2002,SO48942,362,26728,4,1,1
1/18/2016,11/6/2002,SO48944,383,25010,9,1,1
1/18/2016,11/30/2002,SO48940,324,20835,8,1,1
1/18/2016,12/13/2002,SO48939,369,15462,7,1,1
1/18/2016,10/24/2002,SO48941,369,26013,6,1,1
1/19/2016,10/24/2002,SO48949,334,26591,9,1,1
1/19/2016,10/1/2002,SO48946,358,26725,1,1,1
1/19/2016,12/27/2002,SO48947,352,13957,9,1,1
1/19/2016,10/19/2002,SO48945,370,17644,10,1,1
1/19/2016,10/2/2002,SO48948,354,13974,9,1,1
1/20/2016,12/3/2002,SO48951,352,29388,7,1,1
1/20/2016,9/27/2002,SO48955,358,13645,9,1,1
1/20/2016,10/22/2002,SO48952,368,15093,7,1,1
1/20/2016,11/25/2002,SO48950,358,12486,10,1,1
1/20/2016,10/29/2002,SO48956,356,13968,9,1,1
1/20/2016,11/28/2002,SO48953,370,23413,9,1,1
1/20/2016,12/20/2002,SO48954,362,26724,1,1,1
1/21/2016,12/26/2002,SO48961,358,13619,9,1,1
1/21/2016,12/9/2002,SO48960,354,26726,1,1,1
1/21/2016,12/4/2002,SO48959,375,23417,9,1,1
1/21/2016,12/25/2002,SO48962,362,13649,9,1,1
1/21/2016,10/14/2002,SO48957,332,20836,8,1,1
1/21/2016,1/3/2003,SO48958,377,23310,9,1,1
1/21/2016,11/30/2002,SO48963,383,25011,9,1,1
1/22/2016,10/8/2002,SO48973,336,26656,9,1,1
1/22/2016,12/20/2002,SO48968,371,13742,1,1,1
1/22/2016,10/19/2002,SO48966,373,17639,10,1,1
1/22/2016,11/10/2002,SO48967,387,14292,4,1,1
1/22/2016,10/31/2002,SO48970,385,26529,6,1,1
1/22/2016,10/9/2002,SO48971,362,13625,9,1,1
1/22/2016,1/6/2003,SO48972,360,13629,9,1,1
1/22/2016,11/10/2002,SO48969,379,23320,9,1,1
1/22/2016,10/10/2002,SO48965,389,19030,8,1,1
1/22/2016,11/7/2002,SO48964,371,16824,8,1,1
1/23/2016,11/23/2002,SO48984,354,13632,9,1,1
1/23/2016,10/28/2002,SO48975,387,17739,7,1,1
1/23/2016,10/2/2002,SO48986,324,26651,9,1,1
1/23/2016,9/30/2002,SO48974,375,17717,10,1,1
1/23/2016,12/5/2002,SO48978,387,14290,1,1,1
1/23/2016,11/28/2002,SO48983,332,15500,4,1,1
1/23/2016,11/3/2002,SO48987,320,26655,9,1,1
1/23/2016,12/10/2002,SO48976,354,12404,10,1,1
1/23/2016,10/25/2002,SO48982,322,15484,4,1,1
1/23/2016,12/30/2002,SO48979,375,13855,4,1,1
1/23/2016,11/29/2002,SO48985,360,13646,9,1,1
1/23/2016,1/4/2003,SO48981,368,23348,9,1,1
1/23/2016,12/29/2002,SO48977,320,20842,8,1,1
1/23/2016,10/29/2002,SO48980,369,23322,9,1,1
1/24/2016,11/24/2002,SO48992,379,13862,4,1,1
1/24/2016,12/9/2002,SO48993,377,23410,9,1,1
1/24/2016,12/22/2002,SO48988,370,16565,8,1,1
1/24/2016,11/18/2002,SO48990,362,12559,10,1,1
1/24/2016,10/20/2002,SO48994,324,15506,4,1,1
1/24/2016,11/20/2002,SO48991,354,12291,8,1,1
1/24/2016,12/17/2002,SO48989,360,29364,7,1,1
1/25/2016,10/30/2002,SO48998,332,26661,9,1,1
1/25/2016,10/24/2002,SO48995,354,28885,7,1,1
1/25/2016,11/5/2002,SO48997,369,13854,4,1,1
1/25/2016,12/15/2002,SO48996,387,14334,1,1,1
1/26/2016,12/19/2002,SO49002,371,23323,9,1,1
1/26/2016,11/4/2002,SO49005,362,26723,4,1,1
1/26/2016,10/8/2002,SO49000,360,12460,10,1,1
1/26/2016,10/4/2002,SO49006,360,13633,9,1,1
1/26/2016,11/3/2002,SO49008,330,26660,9,1,1
1/26/2016,12/30/2002,SO49004,370,23420,9,1,1
1/26/2016,1/1/2003,SO49001,356,29380,7,1,1
1/26/2016,10/20/2002,SO48999,377,15463,7,1,1
1/26/2016,12/24/2002,SO49003,369,23325,9,1,1
1/27/2016,10/16/2002,SO49011,358,26698,4,1,1
1/27/2016,1/12/2003,SO49009,332,20890,10,1,1
1/27/2016,10/26/2002,SO49010,369,23416,9,1,1
1/28/2016,12/11/2002,SO49013,370,13745,1,1,1
1/28/2016,10/13/2002,SO49015,352,13965,9,1,1
1/28/2016,10/10/2002,SO49016,358,13971,9,1,1
1/28/2016,12/1/2002,SO49014,368,23331,9,1,1
1/28/2016,12/28/2002,SO49012,368,16572,8,1,1
1/29/2016,10/19/2002,SO49021,371,13744,1,1,1
1/29/2016,12/11/2002,SO49019,371,17782,10,1,1
1/29/2016,10/12/2002,SO49017,375,17744,10,1,1
1/29/2016,12/11/2002,SO49018,371,17747,10,1,1
1/29/2016,1/5/2003,SO49022,377,23116,9,1,1
1/29/2016,12/16/2002,SO49023,328,26589,9,1,1
1/29/2016,11/3/2002,SO49024,340,26654,9,1,1
1/29/2016,11/24/2002,SO49020,385,19035,8,1,1
1/30/2016,10/12/2002,SO49028,360,13648,9,1,1
1/30/2016,10/15/2002,SO49025,332,19319,7,1,1
1/30/2016,11/18/2002,SO49030,375,23119,9,1,1
1/30/2016,12/18/2002,SO49027,324,15501,4,1,1
1/30/2016,11/8/2002,SO49026,370,16549,8,1,1
1/30/2016,11/25/2002,SO49029,383,25020,9,1,1
1/31/2016,11/27/2002,SO49033,375,13747,1,1,1
1/31/2016,11/5/2002,SO49035,375,23343,9,1,1
1/31/2016,10/20/2002,SO49037,356,20708,6,1,1
1/31/2016,12/16/2002,SO49036,360,26731,4,1,1
1/31/2016,11/21/2002,SO49034,368,23321,9,1,1
1/31/2016,10/19/2002,SO49038,360,21138,6,1,1
1/31/2016,10/22/2002,SO49032,368,15085,7,1,1
1/31/2016,12/24/2002,SO49031,362,29389,7,1,1
2/1/2016,10/8/2002,SO49177,354,27064,1,1,1
2/1/2016,1/16/2003,SO49178,387,14342,1,1,1
2/1/2016,12/16/2002,SO49172,368,13885,1,1,1
2/1/2016,10/25/2002,SO49179,381,14365,4,1,1
2/1/2016,1/8/2003,SO49174,354,14049,9,1,1
2/1/2016,11/25/2002,SO49173,352,14047,9,1,1
2/1/2016,10/28/2002,SO49175,370,23431,9,1,1
2/1/2016,10/10/2002,SO49171,375,13865,4,1,1
2/1/2016,11/9/2002,SO49180,332,26744,9,1,1
2/1/2016,11/11/2002,SO49176,356,27054,4,1,1
2/2/2016,11/9/2002,SO49183,370,16944,8,1,1
2/2/2016,11/13/2002,SO49182,369,16830,8,1,1
2/2/2016,10/6/2002,SO49186,370,23526,9,1,1
2/2/2016,11/12/2002,SO49185,362,14134,9,1,1
2/2/2016,12/16/2002,SO49181,375,17890,10,1,1
2/2/2016,11/23/2002,SO49188,358,26815,1,1,1
2/2/2016,10/26/2002,SO49187,379,23545,9,1,1
2/2/2016,11/18/2002,SO49189,340,15525,4,1,1
2/2/2016,12/21/2002,SO49184,362,14129,9,1,1
2/2/2016,12/22/2002,SO49190,383,25033,9,1,1
2/3/2016,11/20/2002,SO49195,320,20845,8,1,1
2/3/2016,1/19/2003,SO49191,387,19435,10,1,1
2/3/2016,11/3/2002,SO49194,334,20922,10,1,1
2/3/2016,12/30/2002,SO49192,387,19040,8,1,1
2/3/2016,12/9/2002,SO49199,336,26667,9,1,1
2/3/2016,10/19/2002,SO49196,354,12386,8,1,1
2/3/2016,12/2/2002,SO49198,342,26662,9,1,1
2/3/2016,12/16/2002,SO49197,360,29415,7,1,1
2/3/2016,1/9/2003,SO49193,360,29390,7,1,1
2/4/2016,1/5/2003,SO49206,375,23423,9,1,1
2/4/2016,12/1/2002,SO49208,375,23531,9,1,1
2/4/2016,10/19/2002,SO49213,387,25034,9,1,1
2/4/2016,12/22/2002,SO49202,375,17829,10,1,1
2/4/2016,10/24/2002,SO49200,368,17889,10,1,1
2/4/2016,10/14/2002,SO49214,379,23575,9,1,1
2/4/2016,11/3/2002,SO49209,371,23541,9,1,1
2/4/2016,11/19/2002,SO49201,370,17795,10,1,1
2/4/2016,12/27/2002,SO49207,369,23432,9,1,1
2/4/2016,10/12/2002,SO49215,324,15521,4,1,1
2/4/2016,11/7/2002,SO49203,330,19343,7,1,1
2/4/2016,1/11/2003,SO49204,352,14103,9,1,1
2/4/2016,10/18/2002,SO49212,387,14337,1,1,1
2/4/2016,11/26/2002,SO49211,354,27020,4,1,1
2/4/2016,1/17/2003,SO49216,326,26749,9,1,1
2/4/2016,1/14/2003,SO49205,358,14130,9,1,1
2/4/2016,11/25/2002,SO49210,356,21331,6,1,1
2/5/2016,11/23/2002,SO49220,352,14032,9,1,1
2/5/2016,11/18/2002,SO49221,379,23532,9,1,1
2/5/2016,12/1/2002,SO49218,379,26113,6,1,1
2/5/2016,12/30/2002,SO49222,352,27078,4,1,1
2/5/2016,10/28/2002,SO49223,360,27017,1,1,1
2/5/2016,12/10/2002,SO49219,362,12619,10,1,1
2/5/2016,10/19/2002,SO49217,377,15637,7,1,1
2/5/2016,12/2/2002,SO49224,358,27073,1,1,1
2/6/2016,11/11/2002,SO49226,370,17792,10,1,1
2/6/2016,1/1/2003,SO49233,324,15531,1,1,1
2/6/2016,12/13/2002,SO49228,360,29404,7,1,1
2/6/2016,12/28/2002,SO49229,356,12390,8,1,1
2/6/2016,12/11/2002,SO49235,320,15537,4,1,1
2/6/2016,1/4/2003,SO49236,389,25021,9,1,1
2/6/2016,11/4/2002,SO49225,375,17191,8,1,1
2/6/2016,10/18/2002,SO49232,320,15529,1,1,1
2/6/2016,11/18/2002,SO49238,379,23593,9,1,1
2/6/2016,11/17/2002,SO49237,385,25035,9,1,1
2/6/2016,12/18/2002,SO49231,362,27058,1,1,1
2/6/2016,10/29/2002,SO49227,369,13873,4,1,1
2/6/2016,10/18/2002,SO49234,328,15534,1,1,1
2/6/2016,10/30/2002,SO49230,358,21266,6,1,1
2/7/2016,1/11/2003,SO49245,389,25029,9,1,1
2/7/2016,11/5/2002,SO49246,373,23640,9,1,1
2/7/2016,10/14/2002,SO49244,362,21284,6,1,1
2/7/2016,1/9/2003,SO49240,352,14058,9,1,1
2/7/2016,12/8/2002,SO49243,358,27074,1,1,1
2/7/2016,1/6/2003,SO49239,354,14011,9,1,1
2/7/2016,10/15/2002,SO49242,368,23524,9,1,1
2/7/2016,1/9/2003,SO49241,354,14065,9,1,1
2/8/2016,12/21/2002,SO49257,320,26746,9,1,1
2/8/2016,11/27/2002,SO49252,352,12378,8,1,1
2/8/2016,11/14/2002,SO49254,358,14216,9,1,1
2/8/2016,11/16/2002,SO49253,360,14211,9,1,1
2/8/2016,11/10/2002,SO49248,387,17766,7,1,1
2/8/2016,1/5/2003,SO49250,342,19323,7,1,1
2/8/2016,12/5/2002,SO49255,326,15523,1,1,1
2/8/2016,1/6/2003,SO49247,369,17793,10,1,1
2/8/2016,1/23/2003,SO49256,354,13997,9,1,1
2/8/2016,12/25/2002,SO49251,377,13871,4,1,1
2/8/2016,10/20/2002,SO49249,385,17767,7,1,1
2/9/2016,12/15/2002,SO49260,362,12608,10,1,1
2/9/2016,12/15/2002,SO49262,332,19335,7,1,1
2/9/2016,10/12/2002,SO49264,356,14046,9,1,1
2/9/2016,11/14/2002,SO49263,342,20843,8,1,1
2/9/2016,1/23/2003,SO49261,360,12609,10,1,1
2/9/2016,12/13/2002,SO49268,356,27056,4,1,1
2/9/2016,10/19/2002,SO49265,356,14050,9,1,1
2/9/2016,10/27/2002,SO49266,362,14051,9,1,1
2/9/2016,12/17/2002,SO49258,368,17828,10,1,1
2/9/2016,1/22/2003,SO49259,360,29397,7,1,1
2/10/2016,10/14/2002,SO49272,362,14055,9,1,1
2/10/2016,12/18/2002,SO49275,368,23645,9,1,1
2/10/2016,1/18/2003,SO49269,373,13884,1,1,1
2/10/2016,11/7/2002,SO49271,354,12630,10,1,1
2/10/2016,11/19/2002,SO49270,352,29412,7,1,1
2/11/2016,12/2/2002,SO49278,358,14038,9,1,1
2/11/2016,11/3/2002,SO49277,352,12615,10,1,1
2/11/2016,1/14/2003,SO49279,362,14045,9,1,1
2/11/2016,1/3/2003,SO49276,379,17849,10,1,1
2/12/2016,12/19/2002,SO49286,352,27050,1,1,1
2/12/2016,12/30/2002,SO49288,354,13994,9,1,1
2/12/2016,1/2/2003,SO49283,352,14220,9,1,1
2/12/2016,11/7/2002,SO49287,356,14007,9,1,1
2/12/2016,1/7/2003,SO49282,362,14133,9,1,1
2/12/2016,10/21/2002,SO49285,356,27077,4,1,1
2/12/2016,1/3/2003,SO49280,368,17815,10,1,1
2/12/2016,10/16/2002,SO49289,330,26748,9,1,1
2/12/2016,10/26/2002,SO49281,342,19324,7,1,1
2/12/2016,10/27/2002,SO49284,375,23436,9,1,1
2/13/2016,1/8/2003,SO49291,387,19433,10,1,1
2/13/2016,11/11/2002,SO49295,362,12388,8,1,1
2/13/2016,12/22/2002,SO49293,358,12297,8,1,1
2/13/2016,11/18/2002,SO49290,369,16940,8,1,1
2/13/2016,12/14/2002,SO49298,356,14210,9,1,1
2/13/2016,1/12/2003,SO49292,389,19038,8,1,1
2/13/2016,11/5/2002,SO49297,358,14127,9,1,1
2/13/2016,12/22/2002,SO49299,377,23533,9,1,1
2/13/2016,11/23/2002,SO49300,383,14362,1,1,1
2/13/2016,10/26/2002,SO49296,356,14010,9,1,1
2/14/2016,1/18/2003,SO49302,371,15651,7,1,1
2/14/2016,1/26/2003,SO49311,334,26743,9,1,1
2/14/2016,12/18/2002,SO49303,377,17103,8,1,1
2/14/2016,10/28/2002,SO49308,352,14128,9,1,1
2/14/2016,12/13/2002,SO49307,358,14071,9,1,1
2/14/2016,10/20/2002,SO49304,381,19437,10,1,1
2/14/2016,11/1/2002,SO49301,377,15665,7,1,1
2/14/2016,11/28/2002,SO49309,381,14364,4,1,1
2/14/2016,11/27/2002,SO49310,336,15527,4,1,1
2/14/2016,12/1/2002,SO49305,371,13866,4,1,1
2/15/2016,1/6/2003,SO49322,328,26747,9,1,1
2/15/2016,1/4/2003,SO49318,332,27267,6,1,1
2/15/2016,1/24/2003,SO49317,381,14355,1,1,1
2/15/2016,12/25/2002,SO49320,373,23649,9,1,1
2/15/2016,10/19/2002,SO49313,358,14039,9,1,1
2/15/2016,10/26/2002,SO49319,387,25022,9,1,1
2/15/2016,1/28/2003,SO49316,379,23433,9,1,1
2/15/2016,10/19/2002,SO49314,362,14214,9,1,1
2/15/2016,10/22/2002,SO49315,362,14215,9,1,1
2/15/2016,11/16/2002,SO49321,356,27063,1,1,1
2/15/2016,12/25/2002,SO49312,369,17086,8,1,1
2/16/2016,11/13/2002,SO49325,356,14219,9,1,1
2/16/2016,11/1/2002,SO49326,360,21305,6,1,1
2/16/2016,11/6/2002,SO49324,352,12461,8,1,1
2/16/2016,1/6/2003,SO49323,362,12612,10,1,1
2/17/2016,1/30/2003,SO49338,369,23571,9,1,1
2/17/2016,11/14/2002,SO49334,360,14132,9,1,1
2/17/2016,1/21/2003,SO49328,373,17812,10,1,1
2/17/2016,12/11/2002,SO49327,369,17790,10,1,1
2/17/2016,12/28/2002,SO49331,358,12384,8,1,1
2/17/2016,12/15/2002,SO49337,362,27068,4,1,1
2/17/2016,1/27/2003,SO49335,375,23429,9,1,1
2/17/2016,11/3/2002,SO49330,354,12314,8,1,1
2/17/2016,12/23/2002,SO49333,354,14102,9,1,1
2/17/2016,11/30/2002,SO49332,352,14063,9,1,1
2/17/2016,1/12/2003,SO49329,387,17754,7,1,1
2/17/2016,1/31/2003,SO49336,377,23523,9,1,1
2/18/2016,11/25/2002,SO49349,360,27045,1,1,1
2/18/2016,1/17/2003,SO49351,328,26673,9,1,1
2/18/2016,12/10/2002,SO49350,330,15547,4,1,1
2/18/2016,11/22/2002,SO49347,369,23539,9,1,1
2/18/2016,12/8/2002,SO49348,369,23547,9,1,1
2/18/2016,1/2/2003,SO49341,381,17756,7,1,1
2/18/2016,1/16/2003,SO49342,356,12599,10,1,1
2/18/2016,1/1/2003,SO49346,362,14218,9,1,1
2/18/2016,12/31/2002,SO49343,356,14033,9,1,1
2/18/2016,10/28/2002,SO49345,362,14070,9,1,1
2/18/2016,1/10/2003,SO49339,368,17183,8,1,1
2/18/2016,10/24/2002,SO49340,375,15624,7,1,1
2/18/2016,12/29/2002,SO49344,352,14048,9,1,1
2/19/2016,12/19/2002,SO49354,373,13883,4,1,1
2/19/2016,1/15/2003,SO49353,324,20931,10,1,1
2/19/2016,1/27/2003,SO49356,369,23540,9,1,1
2/19/2016,1/3/2003,SO49358,356,27076,4,1,1
2/19/2016,10/22/2002,SO49360,358,27069,4,1,1
2/19/2016,10/23/2002,SO49357,377,23542,9,1,1
2/19/2016,1/13/2003,SO49361,373,15663,7,1,1
2/19/2016,11/28/2002,SO49352,375,17082,8,1,1
2/19/2016,1/12/2003,SO49355,362,14031,9,1,1
2/19/2016,11/29/2002,SO49359,385,14343,1,1,1
2/20/2016,10/24/2002,SO49370,379,23574,9,1,1
2/20/2016,11/6/2002,SO49371,328,26663,9,1,1
2/20/2016,11/12/2002,SO49366,377,23546,9,1,1
2/20/2016,12/19/2002,SO49364,379,23434,9,1,1
2/20/2016,11/4/2002,SO49365,368,23529,9,1,1
2/20/2016,12/2/2002,SO49368,324,15528,1,1,1
2/20/2016,11/22/2002,SO49363,360,14062,9,1,1
2/20/2016,11/18/2002,SO49362,358,12622,10,1,1
2/20/2016,11/8/2002,SO49369,342,15552,1,1,1
2/20/2016,11/24/2002,SO49367,362,27047,1,1,1
2/21/2016,2/6/2003,SO49380,336,15542,4,1,1
2/21/2016,11/20/2002,SO49372,369,15666,7,1,1
2/21/2016,1/5/2003,SO49378,360,27051,4,1,1
2/21/2016,2/3/2003,SO49373,383,17752,7,1,1
2/21/2016,12/25/2002,SO49381,332,15553,4,1,1
2/21/2016,11/26/2002,SO49379,360,27067,4,1,1
2/21/2016,12/13/2002,SO49382,383,25030,9,1,1
2/21/2016,11/22/2002,SO49374,332,20933,10,1,1
2/21/2016,11/25/2002,SO49384,354,29414,7,1,1
2/21/2016,12/8/2002,SO49383,383,25032,9,1,1
2/21/2016,12/14/2002,SO49375,354,12330,8,1,1
2/21/2016,12/22/2002,SO49377,371,23435,9,1,1
2/21/2016,12/24/2002,SO49376,354,14125,9,1,1
2/22/2016,10/29/2002,SO49391,379,13877,4,1,1
2/22/2016,11/21/2002,SO49393,375,23422,9,1,1
2/22/2016,12/21/2002,SO49388,356,12298,8,1,1
2/22/2016,11/26/2002,SO49394,379,23525,9,1,1
2/22/2016,12/2/2002,SO49395,369,23572,9,1,1
2/22/2016,12/13/2002,SO49387,369,17114,8,1,1
2/22/2016,12/19/2002,SO49389,334,20975,10,1,1
2/22/2016,1/18/2003,SO49390,334,19326,7,1,1
2/22/2016,12/10/2002,SO49392,362,14066,9,1,1
2/22/2016,11/23/2002,SO49385,375,17803,10,1,1
2/22/2016,1/3/2003,SO49386,373,17093,8,1,1
2/23/2016,1/2/2003,SO49396,370,23538,9,1,1
2/23/2016,11/26/2002,SO49397,320,15551,1,1,1
2/23/2016,12/10/2002,SO49398,330,26745,9,1,1
2/24/2016,11/29/2002,SO49405,360,21332,6,1,1
2/24/2016,1/15/2003,SO49407,389,14356,4,1,1
2/24/2016,1/31/2003,SO49401,369,17813,10,1,1
2/24/2016,12/19/2002,SO49409,358,13975,9,1,1
2/24/2016,11/12/2002,SO49408,322,15535,4,1,1
2/24/2016,11/12/2002,SO49402,352,12302,8,1,1
2/24/2016,12/12/2002,SO49404,377,23425,9,1,1
2/24/2016,11/16/2002,SO49399,338,15540,4,1,1
2/24/2016,12/22/2002,SO49403,362,12397,8,1,1
2/24/2016,1/15/2003,SO49400,373,17794,10,1,1
2/24/2016,12/1/2002,SO49406,354,27021,4,1,1
2/25/2016,10/31/2002,SO49419,368,23534,9,1,1
2/25/2016,1/26/2003,SO49423,330,26666,9,1,1
2/25/2016,2/7/2003,SO49424,342,26740,9,1,1
2/25/2016,12/1/2002,SO49410,369,17184,8,1,1
2/25/2016,10/29/2002,SO49417,362,12623,10,1,1
2/25/2016,12/28/2002,SO49421,379,23573,9,1,1
2/25/2016,1/12/2003,SO49422,370,23648,9,1,1
2/25/2016,12/6/2002,SO49418,352,14030,9,1,1
2/25/2016,12/7/2002,SO49415,370,17107,8,1,1
2/25/2016,12/4/2002,SO49412,373,16826,8,1,1
2/25/2016,12/17/2002,SO49413,369,17798,10,1,1
2/25/2016,1/18/2003,SO49414,368,17096,8,1,1
2/25/2016,1/13/2003,SO49420,389,14354,4,1,1
2/25/2016,1/22/2003,SO49411,368,15676,7,1,1
2/25/2016,11/7/2002,SO49416,340,20917,10,1,1
2/26/2016,2/11/2003,SO49429,360,14012,9,1,1
2/26/2016,1/25/2003,SO49428,368,13870,1,1,1
2/26/2016,1/4/2003,SO49430,326,15538,4,1,1
2/26/2016,11/7/2002,SO49426,322,20921,10,1,1
2/26/2016,11/11/2002,SO49425,369,15623,7,1,1
2/26/2016,12/3/2002,SO49431,332,15548,4,1,1
2/26/2016,12/27/2002,SO49427,338,19338,7,1,1
2/27/2016,12/29/2002,SO49434,381,14357,4,1,1
2/27/2016,12/29/2002,SO49433,373,23544,9,1,1
2/27/2016,12/31/2002,SO49432,373,17841,10,1,1
2/28/2016,12/6/2002,SO49441,358,27044,4,1,1
2/28/2016,2/11/2003,SO49440,360,14101,9,1,1
2/28/2016,11/9/2002,SO49435,377,17181,8,1,1
2/28/2016,12/21/2002,SO49438,356,14020,9,1,1
2/28/2016,12/28/2002,SO49436,322,20847,8,1,1
2/28/2016,1/4/2003,SO49442,334,15532,4,1,1
2/28/2016,1/16/2003,SO49437,330,19336,7,1,1
2/28/2016,11/30/2002,SO49439,356,14064,9,1,1
3/1/2016,2/8/2003,SO49549,381,19440,10,1,1
3/1/2016,2/3/2003,SO49553,354,14302,9,1,1
3/1/2016,2/4/2003,SO49551,332,21040,10,1,1
3/1/2016,1/8/2003,SO49552,358,12647,10,1,1
3/1/2016,12/5/2002,SO49554,336,15739,4,1,1
3/1/2016,1/12/2003,SO49556,338,26752,9,1,1
3/1/2016,11/14/2002,SO49555,387,25036,9,1,1
3/1/2016,2/12/2003,SO49557,334,26753,9,1,1
3/2/2016,11/6/2002,SO49558,332,19366,7,1,1
3/2/2016,1/1/2003,SO49565,356,21501,6,1,1
3/2/2016,11/29/2002,SO49567,356,12634,10,1,1
3/2/2016,1/18/2003,SO49562,354,14234,9,1,1
3/2/2016,12/5/2002,SO49563,354,27087,4,1,1
3/2/2016,12/11/2002,SO49566,332,15565,1,1,1
3/2/2016,12/25/2002,SO49559,369,26115,6,1,1
3/2/2016,11/15/2002,SO49560,375,13892,1,1,1
3/2/2016,1/28/2003,SO49561,358,14681,9,1,1
3/2/2016,2/2/2003,SO49568,375,24003,9,1,1
3/3/2016,1/28/2003,SO49572,352,27107,4,1,1
3/3/2016,11/30/2002,SO49573,371,24009,9,1,1
3/3/2016,1/25/2003,SO49574,320,26764,9,1,1
3/3/2016,11/9/2002,SO49569,371,16262,7,1,1
3/3/2016,2/2/2003,SO49571,358,14345,9,1,1
3/3/2016,12/9/2002,SO49570,358,14316,9,1,1
3/4/2016,1/16/2003,SO49580,358,14225,9,1,1
3/4/2016,2/17/2003,SO49578,389,19057,8,1,1
3/4/2016,1/17/2003,SO49576,379,17761,8,1,1
3/4/2016,1/29/2003,SO49577,377,17762,8,1,1
3/4/2016,1/29/2003,SO49575,370,15923,7,1,1
3/4/2016,12/26/2002,SO49579,358,14322,9,1,1
3/5/2016,11/16/2002,SO49590,360,21348,6,1,1
3/5/2016,1/14/2003,SO49593,326,15561,1,1,1
3/5/2016,1/13/2003,SO49597,368,24001,9,1,1
3/5/2016,11/29/2002,SO49596,379,23653,9,1,1
3/5/2016,11/22/2002,SO49582,377,17220,8,1,1
3/5/2016,2/5/2003,SO49592,326,15558,1,1,1
3/5/2016,1/7/2003,SO49581,369,17937,10,1,1
3/5/2016,1/24/2003,SO49588,354,14226,9,1,1
3/5/2016,2/15/2003,SO49594,379,24005,9,1,1
3/5/2016,11/14/2002,SO49586,352,12500,8,1,1
3/5/2016,1/27/2003,SO49591,352,27092,4,1,1
3/5/2016,11/26/2002,SO49595,383,25107,9,1,1
3/5/2016,12/7/2002,SO49589,362,14263,9,1,1
3/5/2016,1/31/2003,SO49585,362,12644,10,1,1
3/5/2016,11/18/2002,SO49584,368,13894,1,1,1
3/5/2016,12/23/2002,SO49587,356,14301,9,1,1
3/5/2016,2/7/2003,SO49583,377,16203,7,1,1
3/6/2016,11/13/2002,SO49600,381,14381,1,1,1
3/6/2016,2/14/2003,SO49602,330,15737,1,1,1
3/6/2016,11/23/2002,SO49598,375,15710,7,1,1
3/6/2016,12/29/2002,SO49601,389,14382,4,1,1
3/6/2016,12/24/2002,SO49599,368,15921,7,1,1
3/6/2016,2/9/2003,SO49603,368,23655,9,1,1
3/7/2016,12/18/2002,SO49609,387,14367,1,1,1
3/7/2016,12/2/2002,SO49606,336,21034,10,1,1
3/7/2016,11/19/2002,SO49612,338,21039,10,1,1
3/7/2016,1/20/2003,SO49608,356,14262,9,1,1
3/7/2016,11/15/2002,SO49607,352,12475,8,1,1
3/7/2016,1/30/2003,SO49605,381,19065,8,1,1
3/7/2016,1/30/2003,SO49604,370,17221,8,1,1
3/7/2016,1/28/2003,SO49610,358,27105,4,1,1
3/7/2016,12/25/2002,SO49611,342,15554,4,1,1
3/8/2016,12/22/2002,SO49621,352,14348,9,1,1
3/8/2016,12/22/2002,SO49614,342,20982,10,1,1
3/8/2016,2/1/2003,SO49626,377,23998,9,1,1
3/8/2016,1/2/2003,SO49618,352,14306,9,1,1
3/8/2016,2/2/2003,SO49625,381,25053,9,1,1
3/8/2016,1/29/2003,SO49613,375,16052,7,1,1
3/8/2016,12/29/2002,SO49619,362,14324,9,1,1
3/8/2016,1/19/2003,SO49620,356,14326,9,1,1
3/8/2016,1/8/2003,SO49622,352,14668,9,1,1
3/8/2016,12/17/2002,SO49615,326,21020,10,1,1
3/8/2016,11/20/2002,SO49616,352,12479,8,1,1
3/8/2016,1/30/2003,SO49624,381,25051,9,1,1
3/8/2016,12/23/2002,SO49617,358,29479,7,1,1
3/8/2016,1/9/2003,SO49623,356,27088,1,1,1
3/9/2016,1/14/2003,SO49631,354,14260,9,1,1
3/9/2016,12/11/2002,SO49627,358,14230,9,1,1
3/9/2016,1/27/2003,SO49630,375,23651,9,1,1
3/9/2016,2/14/2003,SO49629,324,15557,4,1,1
3/9/2016,2/10/2003,SO49628,362,27104,4,1,1
3/10/2016,1/8/2003,SO49636,369,23665,9,1,1
3/10/2016,1/14/2003,SO49633,373,26202,6,1,1
3/10/2016,11/13/2002,SO49635,356,27097,1,1,1
3/10/2016,12/27/2002,SO49632,334,20860,8,1,1
3/10/2016,12/11/2002,SO49634,360,14279,9,1,1
3/11/2016,1/9/2003,SO49639,328,19386,7,1,1
3/11/2016,12/15/2002,SO49644,326,26768,9,1,1
3/11/2016,12/18/2002,SO49642,356,14299,9,1,1
3/11/2016,2/9/2003,SO49637,377,17943,10,1,1
3/11/2016,1/18/2003,SO49640,362,12462,8,1,1
3/11/2016,12/29/2002,SO49641,358,14276,9,1,1
3/11/2016,2/3/2003,SO49638,385,19067,8,1,1
3/11/2016,12/9/2002,SO49643,375,24006,9,1,1
3/12/2016,12/5/2002,SO49663,338,26767,9,1,1
3/12/2016,12/3/2002,SO49661,370,23995,9,1,1
3/12/2016,2/25/2003,SO49646,379,15688,7,1,1
3/12/2016,1/12/2003,SO49660,371,23660,9,1,1
3/12/2016,1/19/2003,SO49652,362,14855,9,1,1
3/12/2016,12/30/2002,SO49662,330,26763,9,1,1
3/12/2016,11/18/2002,SO49648,383,19455,10,1,1
3/12/2016,1/12/2003,SO49657,340,15750,4,1,1
3/12/2016,11/16/2002,SO49656,362,27083,1,1,1
3/12/2016,2/13/2003,SO49650,360,12637,10,1,1
3/12/2016,12/22/2002,SO49651,352,14670,9,1,1
3/12/2016,11/25/2002,SO49649,326,21027,10,1,1
3/12/2016,11/27/2002,SO49659,352,21354,6,1,1
3/12/2016,2/2/2003,SO49655,356,27079,4,1,1
3/12/2016,2/20/2003,SO49647,368,17742,8,1,1
3/12/2016,11/15/2002,SO49645,370,15678,7,1,1
3/12/2016,12/7/2002,SO49654,358,14224,9,1,1
3/12/2016,2/24/2003,SO49653,352,15014,9,1,1
3/12/2016,11/24/2002,SO49658,336,15763,1,1,1
3/13/2016,11/15/2002,SO49666,362,14287,9,1,1
3/13/2016,12/23/2002,SO49665,360,29483,7,1,1
3/13/2016,1/5/2003,SO49669,352,27080,4,1,1
3/13/2016,2/8/2003,SO49664,368,17896,10,1,1
3/13/2016,11/25/2002,SO49670,377,23996,9,1,1
3/13/2016,2/5/2003,SO49667,354,14673,9,1,1
3/14/2016,1/28/2003,SO49673,324,21011,10,1,1
3/14/2016,1/27/2003,SO49671,373,17199,8,1,1
3/14/2016,2/20/2003,SO49672,379,16259,7,1,1
3/14/2016,11/16/2002,SO49678,358,27081,4,1,1
3/14/2016,11/23/2002,SO49676,356,12658,10,1,1
3/14/2016,2/11/2003,SO49679,328,26760,9,1,1
3/14/2016,2/3/2003,SO49675,360,11241,7,1,1
3/14/2016,2/4/2003,SO49677,358,14666,9,1,1
3/14/2016,1/7/2003,SO49674,369,13887,4,1,1
3/15/2016,2/4/2003,SO49680,370,17969,10,1,1
3/15/2016,12/30/2002,SO49681,379,13890,1,1,1
3/15/2016,11/30/2002,SO49682,356,21352,6,1,1
3/15/2016,12/28/2002,SO49683,356,27108,4,1,1
3/15/2016,12/22/2002,SO49684,370,24000,9,1,1
3/16/2016,1/8/2003,SO49691,373,23662,9,1,1
3/16/2016,11/28/2002,SO49685,373,17959,10,1,1
3/16/2016,1/20/2003,SO49686,377,16051,7,1,1
3/16/2016,12/23/2002,SO49687,371,16205,7,1,1
3/16/2016,11/22/2002,SO49690,375,24008,9,1,1
3/16/2016,1/19/2003,SO49688,362,12653,10,1,1
3/16/2016,11/28/2002,SO49689,381,14377,1,1,1
3/17/2016,12/1/2002,SO49698,354,21336,6,1,1
3/17/2016,2/8/2003,SO49696,356,14323,9,1,1
3/17/2016,12/22/2002,SO49695,362,12499,8,1,1
3/17/2016,11/21/2002,SO49697,358,14238,9,1,1
3/17/2016,12/21/2002,SO49692,375,17960,10,1,1
3/17/2016,1/15/2003,SO49694,368,17968,10,1,1
3/17/2016,1/14/2003,SO49700,375,23664,9,1,1
3/17/2016,1/17/2003,SO49699,381,25037,9,1,1
3/18/2016,1/20/2003,SO49713,354,21400,6,1,1
3/18/2016,11/23/2002,SO49704,377,17962,10,1,1
3/18/2016,12/26/2002,SO49709,352,14300,9,1,1
3/18/2016,2/5/2003,SO49706,383,17770,7,1,1
3/18/2016,1/17/2003,SO49702,375,15687,7,1,1
3/18/2016,2/17/2003,SO49710,362,14308,9,1,1
3/18/2016,12/6/2002,SO49711,362,14676,9,1,1
3/18/2016,12/20/2002,SO49714,375,23663,9,1,1
3/18/2016,1/31/2003,SO49703,373,15924,7,1,1
3/18/2016,1/28/2003,SO49707,371,13889,1,1,1
3/18/2016,2/18/2003,SO49712,360,27095,4,1,1
3/18/2016,12/29/2002,SO49705,370,15925,7,1,1
3/18/2016,11/19/2002,SO49715,324,26761,9,1,1
3/18/2016,1/24/2003,SO49701,368,17933,10,1,1
3/18/2016,12/5/2002,SO49708,352,12487,8,1,1
3/19/2016,12/15/2002,SO49720,358,12640,10,1,1
3/19/2016,1/12/2003,SO49723,387,14366,1,1,1
3/19/2016,2/24/2003,SO49718,387,19196,8,1,1
3/19/2016,1/9/2003,SO49727,324,26774,9,1,1
3/19/2016,1/30/2003,SO49721,356,12645,10,1,1
3/19/2016,11/30/2002,SO49724,356,27106,4,1,1
3/19/2016,3/2/2003,SO49716,377,17722,8,1,1
3/19/2016,1/19/2003,SO49726,381,25057,9,1,1
3/19/2016,3/1/2003,SO49719,326,20854,8,1,1
3/19/2016,11/27/2002,SO49722,352,14264,9,1,1
3/19/2016,1/12/2003,SO49717,368,16204,7,1,1
3/20/2016,12/30/2002,SO49733,360,14259,9,1,1
3/20/2016,12/30/2002,SO49731,360,29450,7,1,1
3/20/2016,12/25/2002,SO49736,330,15555,4,1,1
3/20/2016,1/27/2003,SO49734,362,27086,1,1,1
3/20/2016,11/24/2002,SO49732,356,14523,9,1,1
3/20/2016,12/14/2002,SO49738,340,26751,9,1,1
3/20/2016,1/3/2003,SO49737,385,25106,9,1,1
3/20/2016,1/30/2003,SO49735,342,15569,1,1,1
3/20/2016,1/2/2003,SO49730,338,21036,10,1,1
3/20/2016,2/4/2003,SO49729,387,19046,8,1,1
3/20/2016,1/5/2003,SO49728,368,17635,8,1,1
3/21/2016,12/28/2002,SO49741,389,14378,4,1,1
3/21/2016,1/8/2003,SO49739,377,13895,1,1,1
3/21/2016,1/1/2003,SO49740,354,14310,9,1,1
3/21/2016,1/14/2003,SO49743,368,23993,9,1,1
3/21/2016,1/18/2003,SO49742,330,27285,6,1,1
3/22/2016,1/26/2003,SO49749,326,26754,9,1,1
3/22/2016,12/10/2002,SO49746,358,29482,7,1,1
3/22/2016,2/12/2003,SO49744,389,19188,8,1,1
3/22/2016,1/9/2003,SO49750,328,26757,9,1,1
3/22/2016,12/11/2002,SO49748,389,14380,1,1,1
3/22/2016,12/6/2002,SO49747,356,12495,8,1,1
3/22/2016,1/9/2003,SO49745,387,19448,10,1,1
3/23/2016,11/29/2002,SO49753,358,14275,9,1,1
3/23/2016,1/22/2003,SO49755,362,14305,9,1,1
3/23/2016,2/13/2003,SO49754,360,14303,9,1,1
3/23/2016,12/6/2002,SO49751,368,17966,10,1,1
3/23/2016,12/28/2002,SO49752,360,11242,7,1,1
3/23/2016,2/20/2003,SO49756,371,23658,9,1,1
3/24/2016,12/21/2002,SO49758,330,19381,7,1,1
3/24/2016,2/17/2003,SO49760,358,21423,6,1,1
3/24/2016,12/10/2002,SO49761,338,27270,6,1,1
3/24/2016,12/14/2002,SO49759,389,14379,4,1,1
3/24/2016,12/7/2002,SO49757,379,17965,10,1,1
3/25/2016,1/20/2003,SO49764,356,14236,9,1,1
3/25/2016,12/22/2002,SO49762,368,17948,10,1,1
3/25/2016,2/28/2003,SO49763,356,14277,9,1,1
3/25/2016,1/30/2003,SO49765,354,27094,4,1,1
3/26/2016,2/8/2003,SO49772,379,23661,9,1,1
3/26/2016,2/18/2003,SO49766,328,19419,7,1,1
3/26/2016,2/13/2003,SO49771,342,15570,4,1,1
3/26/2016,1/28/2003,SO49768,360,27103,1,1,1
3/26/2016,12/27/2002,SO49770,342,27298,6,1,1
3/26/2016,12/29/2002,SO49769,356,27091,1,1,1
3/26/2016,3/1/2003,SO49773,342,26750,9,1,1
3/26/2016,12/15/2002,SO49767,356,14347,9,1,1
3/27/2016,2/11/2003,SO49776,330,27297,6,1,1
3/27/2016,1/29/2003,SO49775,352,14235,9,1,1
3/27/2016,12/28/2002,SO49774,358,12648,10,1,1
3/28/2016,12/2/2002,SO49788,368,23992,9,1,1
3/28/2016,1/6/2003,SO49778,369,17198,8,1,1
3/28/2016,3/2/2003,SO49784,362,14325,9,1,1
3/28/2016,2/9/2003,SO49790,328,26758,9,1,1
3/28/2016,1/11/2003,SO49786,362,27090,4,1,1
3/28/2016,2/7/2003,SO49779,369,17209,8,1,1
3/28/2016,1/19/2003,SO49781,362,12484,8,1,1
3/28/2016,12/29/2002,SO49787,368,23656,9,1,1
3/28/2016,2/11/2003,SO49783,342,20861,8,1,1
3/28/2016,2/25/2003,SO49785,358,14667,9,1,1
3/28/2016,1/12/2003,SO49780,373,17958,10,1,1
3/28/2016,2/22/2003,SO49782,324,21018,10,1,1
3/28/2016,12/7/2002,SO49789,373,24002,9,1,1
3/29/2016,3/4/2003,SO49797,328,15568,4,1,1
3/29/2016,2/4/2003,SO49795,354,27093,4,1,1
3/29/2016,12/4/2002,SO49794,352,21349,6,1,1
3/29/2016,2/22/2003,SO49800,375,24004,9,1,1
3/29/2016,12/5/2002,SO49798,375,24159,9,1,1
3/29/2016,1/21/2003,SO49793,352,14671,9,1,1
3/29/2016,3/13/2003,SO49791,370,16261,7,1,1
3/29/2016,2/15/2003,SO49796,336,15562,1,1,1
3/29/2016,2/1/2003,SO49792,342,21012,10,1,1
3/29/2016,12/28/2002,SO49799,375,23994,9,1,1
3/30/2016,1/22/2003,SO49809,368,24160,9,1,1
3/30/2016,12/1/2002,SO49801,375,15920,7,1,1
3/30/2016,1/7/2003,SO49807,356,14346,9,1,1
3/30/2016,2/21/2003,SO49804,377,26200,6,1,1
3/30/2016,2/7/2003,SO49806,362,14304,9,1,1
3/30/2016,12/24/2002,SO49805,360,14286,9,1,1
3/30/2016,12/22/2002,SO49803,370,15931,7,1,1
3/30/2016,12/20/2002,SO49808,354,14672,9,1,1
3/30/2016,2/28/2003,SO49810,389,25052,9,1,1
3/30/2016,1/1/2003,SO49802,370,17629,8,1,1
3/31/2016,2/15/2003,SO49812,368,15677,7,1,1
3/31/2016,1/24/2003,SO49817,354,27096,1,1,1
3/31/2016,12/23/2002,SO49816,387,14374,4,1,1
3/31/2016,12/23/2002,SO49819,368,23659,9,1,1
3/31/2016,1/22/2003,SO49813,379,15700,7,1,1
3/31/2016,1/17/2003,SO49820,371,23999,9,1,1
3/31/2016,2/23/2003,SO49815,362,27089,1,1,1
3/31/2016,2/17/2003,SO49818,377,23652,9,1,1
3/31/2016,2/10/2003,SO49811,375,17892,10,1,1
3/31/2016,1/20/2003,SO49814,356,11336,7,1,1
4/1/2016,1/19/2003,SO49899,368,17873,8,1,1
4/1/2016,12/8/2002,SO49900,379,16286,7,1,1
4/1/2016,2/20/2003,SO49902,352,12501,8,1,1
4/1/2016,3/13/2003,SO49905,385,25120,9,1,1
4/1/2016,1/18/2003,SO49896,375,16388,7,1,1
4/1/2016,2/19/2003,SO49895,373,17789,8,1,1
4/1/2016,1/14/2003,SO49897,371,16392,7,1,1
4/1/2016,12/30/2002,SO49898,370,17824,8,1,1
4/1/2016,12/12/2002,SO49904,340,15882,1,1,1
4/1/2016,3/3/2003,SO49903,328,15851,1,1,1
4/1/2016,1/4/2003,SO49901,330,19427,7,1,1
4/2/2016,2/18/2003,SO49916,356,15145,9,1,1
4/2/2016,2/8/2003,SO49906,360,27193,4,1,1
4/2/2016,3/15/2003,SO49910,371,13903,4,1,1
4/2/2016,1/1/2003,SO49909,368,17981,10,1,1
4/2/2016,12/23/2002,SO49918,385,25108,9,1,1
4/2/2016,3/8/2003,SO49917,379,24177,9,1,1
4/2/2016,2/7/2003,SO49908,358,27199,1,1,1
4/2/2016,12/12/2002,SO49912,356,15185,9,1,1
4/2/2016,1/16/2003,SO49914,356,15207,9,1,1
4/2/2016,3/2/2003,SO49915,354,15143,9,1,1
4/2/2016,12/6/2002,SO49911,358,12857,10,1,1
4/2/2016,3/16/2003,SO49913,358,15192,9,1,1
4/2/2016,3/3/2003,SO49907,360,21589,6,1,1
4/3/2016,1/18/2003,SO49921,379,13911,1,1,1
4/3/2016,2/17/2003,SO49922,360,15171,9,1,1
4/3/2016,2/22/2003,SO49919,371,17796,8,1,1
4/3/2016,1/13/2003,SO49920,387,19477,10,1,1
4/3/2016,2/3/2003,SO49923,326,27338,9,1,1
4/4/2016,2/28/2003,SO49928,320,19442,7,1,1
4/4/2016,3/8/2003,SO49929,360,11346,7,1,1
4/4/2016,1/22/2003,SO49931,330,15860,1,1,1
4/4/2016,12/5/2002,SO49924,362,21595,6,1,1
4/4/2016,3/15/2003,SO49935,320,26916,9,1,1
4/4/2016,1/1/2003,SO49934,379,24266,9,1,1
4/4/2016,2/14/2003,SO49932,383,14418,1,1,1
4/4/2016,2/8/2003,SO49930,360,12854,10,1,1
4/4/2016,1/20/2003,SO49927,387,17775,7,1,1
4/4/2016,3/5/2003,SO49925,377,16391,7,1,1
4/4/2016,3/14/2003,SO49926,370,16400,7,1,1
4/4/2016,12/25/2002,SO49933,352,15169,9,1,1
4/5/2016,12/16/2002,SO49942,385,14400,4,1,1
4/5/2016,2/25/2003,SO49945,389,25119,9,1,1
4/5/2016,3/18/2003,SO49943,383,14417,1,1,1
4/5/2016,3/18/2003,SO49940,354,12859,10,1,1
4/5/2016,1/7/2003,SO49939,360,11379,7,1,1
4/5/2016,1/25/2003,SO49937,358,27251,4,1,1
4/5/2016,12/27/2002,SO49936,360,27201,1,1,1
4/5/2016,1/16/2003,SO49938,385,19274,8,1,1
4/5/2016,2/25/2003,SO49944,354,15210,9,1,1
4/5/2016,2/1/2003,SO49941,356,15022,9,1,1
4/6/2016,2/21/2003,SO49949,387,14411,1,1,1
4/6/2016,1/26/2003,SO49947,385,19471,10,1,1
4/6/2016,2/13/2003,SO49950,371,24163,9,1,1
4/6/2016,3/15/2003,SO49948,362,15015,9,1,1
4/6/2016,1/31/2003,SO49946,371,18021,10,1,1
4/7/2016,2/20/2003,SO49953,360,15213,9,1,1
4/7/2016,12/24/2002,SO49959,368,24241,9,1,1
4/7/2016,3/18/2003,SO49961,326,26921,9,1,1
4/7/2016,2/4/2003,SO49954,360,15144,9,1,1
4/7/2016,3/13/2003,SO49957,387,25114,9,1,1
4/7/2016,1/4/2003,SO49960,375,24249,9,1,1
4/7/2016,3/12/2003,SO49958,368,24167,9,1,1
4/7/2016,1/30/2003,SO49955,360,15152,9,1,1
4/7/2016,2/6/2003,SO49952,332,15840,1,1,1
4/7/2016,1/27/2003,SO49956,387,25112,9,1,1
4/7/2016,2/24/2003,SO49951,360,27231,4,1,1
4/8/2016,2/6/2003,SO49968,354,15029,9,1,1
4/8/2016,3/9/2003,SO49964,377,16394,7,1,1
4/8/2016,1/30/2003,SO49962,358,27226,1,1,1
4/8/2016,3/24/2003,SO49971,358,15208,9,1,1
4/8/2016,12/24/2002,SO49974,371,24248,9,1,1
4/8/2016,2/22/2003,SO49970,326,15769,4,1,1
4/8/2016,12/24/2002,SO49972,356,15211,9,1,1
4/8/2016,1/27/2003,SO49973,379,24173,9,1,1
4/8/2016,1/28/2003,SO49965,340,21071,10,1,1
4/8/2016,12/16/2002,SO49963,370,17847,8,1,1
4/8/2016,3/22/2003,SO49967,354,12521,8,1,1
4/8/2016,12/16/2002,SO49966,352,12856,10,1,1
4/8/2016,1/6/2003,SO49969,326,15768,4,1,1
4/9/2016,2/12/2003,SO49982,383,14406,4,1,1
4/9/2016,3/18/2003,SO49978,352,12546,8,1,1
4/9/2016,3/7/2003,SO49976,375,13906,1,1,1
4/9/2016,3/14/2003,SO49977,377,13910,1,1,1
4/9/2016,1/18/2003,SO49983,356,15179,9,1,1
4/9/2016,3/13/2003,SO49975,370,16291,7,1,1
4/9/2016,1/5/2003,SO49981,362,15032,9,1,1
4/9/2016,3/25/2003,SO49979,352,12855,10,1,1
4/9/2016,1/14/2003,SO49984,383,25115,9,1,1
4/9/2016,3/22/2003,SO49980,358,15027,9,1,1
4/10/2016,2/1/2003,SO49986,362,21582,6,1,1
4/10/2016,12/19/2002,SO49987,362,15204,9,1,1
4/10/2016,2/5/2003,SO49985,360,11339,7,1,1
4/10/2016,12/27/2002,SO49988,362,15120,9,1,1
4/10/2016,3/10/2003,SO49990,356,15180,9,1,1
4/10/2016,3/8/2003,SO49989,358,15130,9,1,1
4/11/2016,2/26/2003,SO49994,379,17799,8,1,1
4/11/2016,12/18/2002,SO49992,358,27240,1,1,1
4/11/2016,1/29/2003,SO49997,356,12736,8,1,1
4/11/2016,2/25/2003,SO49996,362,12735,8,1,1
4/11/2016,2/28/2003,SO49991,356,27211,1,1,1
4/11/2016,12/27/2002,SO49995,330,21060,10,1,1
4/11/2016,3/24/2003,SO50002,368,24170,9,1,1
4/11/2016,12/19/2002,SO49993,369,17781,8,1,1
4/11/2016,1/23/2003,SO49999,385,14392,1,1,1
4/11/2016,12/17/2002,SO49998,362,12808,10,1,1
4/11/2016,1/24/2003,SO50001,352,15183,9,1,1
4/11/2016,1/20/2003,SO50000,352,27116,1,1,1
4/12/2016,1/6/2003,SO50008,356,15122,9,1,1
4/12/2016,3/2/2003,SO50004,354,27228,1,1,1
4/12/2016,2/7/2003,SO50006,332,20896,8,1,1
4/12/2016,2/23/2003,SO50009,389,25111,9,1,1
4/12/2016,1/5/2003,SO50005,371,17848,8,1,1
4/12/2016,3/7/2003,SO50010,369,24171,9,1,1
4/12/2016,1/23/2003,SO50007,354,15181,9,1,1
4/13/2016,2/23/2003,SO50015,381,19254,8,1,1
4/13/2016,1/17/2003,SO50022,358,12712,8,1,1
4/13/2016,1/14/2003,SO50023,340,15780,4,1,1
4/13/2016,1/24/2003,SO50021,362,12839,10,1,1
4/13/2016,2/23/2003,SO50018,320,20876,8,1,1
4/13/2016,3/13/2003,SO50016,332,20870,8,1,1
4/13/2016,12/30/2002,SO50013,379,17979,10,1,1
4/13/2016,2/21/2003,SO50025,387,14386,4,1,1
4/13/2016,1/24/2003,SO50027,371,24272,9,1,1
4/13/2016,3/11/2003,SO50020,362,12738,8,1,1
4/13/2016,12/22/2002,SO50019,375,26235,6,1,1
4/13/2016,3/29/2003,SO50014,369,17833,8,1,1
4/13/2016,3/13/2003,SO50028,379,24273,9,1,1
4/13/2016,1/18/2003,SO50011,358,27232,1,1,1
4/13/2016,2/8/2003,SO50024,328,27406,6,1,1
4/13/2016,3/5/2003,SO50026,356,15205,9,1,1
4/13/2016,2/5/2003,SO50017,326,21056,10,1,1
4/13/2016,1/8/2003,SO50012,358,27255,1,1,1
4/14/2016,2/13/2003,SO50033,356,12713,8,1,1
4/14/2016,12/24/2002,SO50030,352,27234,1,1,1
4/14/2016,1/1/2003,SO50032,369,13896,1,1,1
4/14/2016,2/14/2003,SO50031,342,19421,7,1,1
4/14/2016,1/5/2003,SO50034,354,15129,9,1,1
4/14/2016,12/23/2002,SO50035,373,24270,9,1,1
4/14/2016,12/31/2002,SO50029,356,27195,4,1,1
4/15/2016,2/10/2003,SO50045,326,26924,9,1,1
4/15/2016,3/21/2003,SO50044,368,24162,9,1,1
4/15/2016,12/19/2002,SO50040,354,15043,9,1,1
4/15/2016,2/9/2003,SO50037,379,16289,7,1,1
4/15/2016,1/10/2003,SO50041,340,15841,4,1,1
4/15/2016,1/22/2003,SO50038,379,17784,8,1,1
4/15/2016,2/12/2003,SO50039,369,18000,10,1,1
4/15/2016,2/3/2003,SO50036,356,27212,4,1,1
4/15/2016,3/27/2003,SO50042,326,15770,4,1,1
4/16/2016,3/7/2003,SO50047,375,16408,7,1,1
4/16/2016,1/28/2003,SO50048,389,19197,8,1,1
4/16/2016,1/31/2003,SO50050,356,15035,9,1,1
4/16/2016,2/13/2003,SO50052,352,27206,4,1,1
4/16/2016,2/19/2003,SO50049,354,12745,10,1,1
4/16/2016,3/24/2003,SO50046,370,16404,7,1,1
4/16/2016,12/19/2002,SO50051,356,15127,9,1,1
4/17/2016,2/2/2003,SO50066,377,24242,9,1,1
4/17/2016,1/25/2003,SO50056,324,15842,1,1,1
4/17/2016,1/5/2003,SO50055,383,19479,10,1,1
4/17/2016,12/21/2002,SO50062,373,24172,9,1,1
4/17/2016,1/24/2003,SO50060,362,15151,9,1,1
4/17/2016,2/18/2003,SO50067,340,26923,9,1,1
4/17/2016,3/6/2003,SO50063,371,24175,9,1,1
4/17/2016,2/11/2003,SO50054,369,16412,7,1,1
4/17/2016,2/26/2003,SO50064,377,24271,9,1,1
4/17/2016,1/17/2003,SO50068,338,26797,9,1,1
4/17/2016,12/25/2002,SO50058,381,14414,4,1,1
4/17/2016,3/13/2003,SO50057,322,15834,1,1,1
4/17/2016,1/23/2003,SO50061,377,24166,9,1,1
4/17/2016,2/6/2003,SO50053,371,17811,8,1,1
4/17/2016,3/7/2003,SO50065,358,15044,9,1,1
4/17/2016,1/11/2003,SO50059,385,14415,4,1,1
4/18/2016,3/9/2003,SO50069,371,17972,10,1,1
4/18/2016,2/23/2003,SO50077,368,24244,9,1,1
4/18/2016,2/21/2003,SO50072,362,15036,9,1,1
4/18/2016,2/17/2003,SO50071,362,12853,10,1,1
4/18/2016,3/3/2003,SO50079,379,24252,9,1,1
4/18/2016,12/28/2002,SO50070,358,12624,8,1,1
4/18/2016,1/27/2003,SO50078,370,24251,9,1,1
4/18/2016,12/27/2002,SO50074,356,27117,1,1,1
4/18/2016,2/1/2003,SO50075,356,15170,9,1,1
4/18/2016,1/25/2003,SO50076,379,24169,9,1,1
4/18/2016,2/10/2003,SO50073,338,15862,4,1,1
4/19/2016,3/22/2003,SO50084,362,12548,8,1,1
4/19/2016,12/21/2002,SO50083,332,19446,7,1,1
4/19/2016,1/16/2003,SO50082,324,20874,8,1,1
4/19/2016,3/6/2003,SO50081,340,19434,7,1,1
4/19/2016,2/4/2003,SO50086,368,24174,9,1,1
4/19/2016,2/9/2003,SO50080,354,27239,4,1,1
4/19/2016,4/3/2003,SO50085,373,24164,9,1,1
4/20/2016,2/25/2003,SO50093,320,15781,4,1,1
4/20/2016,12/23/2002,SO50087,358,21613,6,1,1
4/20/2016,1/24/2003,SO50095,362,15178,9,1,1
4/20/2016,1/1/2003,SO50091,334,19436,7,1,1
4/20/2016,3/4/2003,SO50089,389,17778,7,1,1
4/20/2016,12/26/2002,SO50090,326,19423,7,1,1
4/20/2016,1/9/2003,SO50094,352,15184,9,1,1
4/20/2016,1/3/2003,SO50092,354,11378,7,1,1
4/20/2016,12/29/2002,SO50088,379,16393,7,1,1
4/21/2016,2/3/2003,SO50096,377,17978,10,1,1
4/21/2016,12/30/2002,SO50098,330,15843,1,1,1
4/21/2016,2/18/2003,SO50100,385,14385,1,1,1
4/21/2016,3/14/2003,SO50099,320,15852,4,1,1
4/21/2016,1/6/2003,SO50097,322,19447,7,1,1
4/22/2016,1/12/2003,SO50103,322,15827,1,1,1
4/22/2016,3/13/2003,SO50101,369,16310,7,1,1
4/22/2016,1/15/2003,SO50104,385,14394,1,1,1
4/22/2016,1/9/2003,SO50106,342,27299,9,1,1
4/22/2016,3/1/2003,SO50105,389,25113,9,1,1
4/22/2016,12/24/2002,SO50102,370,13898,1,1,1
4/23/2016,1/26/2003,SO50111,377,24250,9,1,1
4/23/2016,2/6/2003,SO50110,324,19441,7,1,1
4/23/2016,3/19/2003,SO50108,373,17974,10,1,1
4/23/2016,3/25/2003,SO50109,373,16268,7,1,1
4/23/2016,1/27/2003,SO50112,328,26917,9,1,1
4/23/2016,1/16/2003,SO50107,360,27254,1,1,1
4/24/2016,12/28/2002,SO50124,352,27114,4,1,1
4/24/2016,3/22/2003,SO50121,354,15042,9,1,1
4/24/2016,3/12/2003,SO50114,356,27256,1,1,1
4/24/2016,2/23/2003,SO50116,377,17825,8,1,1
4/24/2016,12/25/2002,SO50126,356,15135,9,1,1
4/24/2016,3/31/2003,SO50125,358,15209,9,1,1
4/24/2016,3/26/2003,SO50118,320,21044,10,1,1
4/24/2016,1/12/2003,SO50120,352,15040,9,1,1
4/24/2016,12/30/2002,SO50123,330,15778,1,1,1
4/24/2016,2/23/2003,SO50127,370,24176,9,1,1
4/24/2016,2/28/2003,SO50122,340,15844,4,1,1
4/24/2016,2/1/2003,SO50119,377,13907,1,1,1
4/24/2016,2/16/2003,SO50113,358,27235,1,1,1
4/24/2016,2/28/2003,SO50115,373,17764,8,1,1
4/25/2016,3/28/2003,SO50131,326,19426,7,1,1
4/25/2016,3/12/2003,SO50130,383,19284,8,1,1
4/25/2016,3/14/2003,SO50139,352,15182,9,1,1
4/25/2016,1/5/2003,SO50128,352,27227,4,1,1
4/25/2016,3/27/2003,SO50137,340,15865,4,1,1
4/25/2016,2/9/2003,SO50135,354,15037,9,1,1
4/25/2016,3/21/2003,SO50132,336,21053,10,1,1
4/25/2016,1/9/2003,SO50142,322,26920,9,1,1
4/25/2016,1/26/2003,SO50129,379,17990,10,1,1
4/25/2016,2/10/2003,SO50140,368,24161,9,1,1
4/25/2016,2/4/2003,SO50136,320,15845,1,1,1
4/25/2016,2/10/2003,SO50138,389,14413,4,1,1
4/25/2016,1/10/2003,SO50133,362,11345,7,1,1
4/25/2016,3/15/2003,SO50141,369,24179,9,1,1
4/25/2016,4/9/2003,SO50134,354,15028,9,1,1
4/26/2016,4/10/2003,SO50145,387,19283,8,1,1
4/26/2016,4/1/2003,SO50146,377,13897,1,1,1
4/26/2016,3/17/2003,SO50151,334,26967,9,1,1
4/26/2016,1/6/2003,SO50143,360,27205,4,1,1
4/26/2016,1/5/2003,SO50144,389,19459,10,1,1
4/26/2016,1/14/2003,SO50148,328,15771,1,1,1
4/26/2016,2/5/2003,SO50149,354,15134,9,1,1
4/26/2016,1/28/2003,SO50150,338,26919,9,1,1
4/26/2016,2/14/2003,SO50147,320,27429,6,1,1
4/27/2016,3/3/2003,SO50157,356,15121,9,1,1
4/27/2016,2/4/2003,SO50156,358,15038,9,1,1
4/27/2016,3/15/2003,SO50161,377,24247,9,1,1
4/27/2016,2/22/2003,SO50153,334,21092,10,1,1
4/27/2016,2/4/2003,SO50160,320,15873,4,1,1
4/27/2016,3/28/2003,SO50155,356,15030,9,1,1
4/27/2016,1/20/2003,SO50162,320,26918,9,1,1
4/27/2016,3/22/2003,SO50152,371,17768,8,1,1
4/27/2016,2/14/2003,SO50154,373,13904,4,1,1
4/27/2016,2/5/2003,SO50158,352,15133,9,1,1
4/28/2016,2/2/2003,SO50170,371,24257,9,1,1
4/28/2016,4/5/2003,SO50167,371,13905,4,1,1
4/28/2016,2/14/2003,SO50168,356,15033,9,1,1
4/28/2016,1/18/2003,SO50166,385,19467,10,1,1
4/28/2016,2/20/2003,SO50169,356,15041,9,1,1
4/28/2016,4/12/2003,SO50164,377,17765,8,1,1
4/28/2016,3/15/2003,SO50165,379,17977,10,1,1
4/28/2016,2/5/2003,SO50163,354,27250,1,1,1
4/29/2016,2/8/2003,SO50173,385,25121,9,1,1
4/29/2016,3/7/2003,SO50175,371,24178,9,1,1
4/29/2016,3/16/2003,SO50172,383,17773,7,1,1
4/29/2016,2/5/2003,SO50171,375,16288,7,1,1
4/29/2016,1/18/2003,SO50177,322,26795,9,1,1
4/29/2016,3/1/2003,SO50174,373,24168,9,1,1
4/29/2016,1/7/2003,SO50176,371,16273,7,1,1
4/30/2016,1/5/2003,SO50180,369,17777,8,1,1
4/30/2016,1/18/2003,SO50185,360,12657,8,1,1
4/30/2016,4/1/2003,SO50183,328,20912,8,1,1
4/30/2016,1/12/2003,SO50187,360,15150,9,1,1
4/30/2016,1/25/2003,SO50181,385,19257,8,1,1
4/30/2016,2/13/2003,SO50182,324,21067,10,1,1
4/30/2016,4/14/2003,SO50184,360,11340,7,1,1
4/30/2016,1/5/2003,SO50179,377,17769,8,1,1
4/30/2016,4/14/2003,SO50186,385,14412,1,1,1
4/30/2016,2/14/2003,SO50178,354,27257,4,1,1
4/30/2016,1/1/2003,SO50188,328,26922,9,1,1
5/1/2016,1/12/2003,SO50331,328,15915,4,1,1
5/1/2016,3/1/2003,SO50334,360,15595,9,1,1
5/1/2016,3/25/2003,SO50325,356,27291,1,1,1
5/1/2016,4/1/2003,SO50335,356,15648,9,1,1
5/1/2016,1/23/2003,SO50324,377,18158,10,1,1
5/1/2016,2/24/2003,SO50328,356,11401,7,1,1
5/1/2016,2/6/2003,SO50327,342,21130,10,1,1
5/1/2016,1/9/2003,SO50326,354,21620,6,1,1
5/1/2016,3/29/2003,SO50323,356,27447,4,1,1
5/1/2016,3/3/2003,SO50329,354,11403,7,1,1
5/1/2016,1/14/2003,SO50330,322,15892,1,1,1
5/1/2016,4/13/2003,SO50333,352,15580,9,1,1
5/1/2016,2/28/2003,SO50332,385,25222,9,1,1
5/2/2016,1/23/2003,SO50339,379,18026,10,1,1
5/2/2016,4/2/2003,SO50346,354,15575,9,1,1
5/2/2016,1/11/2003,SO50341,356,27289,4,1,1
5/2/2016,2/25/2003,SO50340,379,16424,7,1,1
5/2/2016,4/4/2003,SO50336,362,27449,4,1,1
5/2/2016,4/5/2003,SO50344,336,15937,1,1,1
5/2/2016,3/5/2003,SO50338,377,17946,8,1,1
5/2/2016,1/30/2003,SO50337,358,21652,6,1,1
5/2/2016,4/10/2003,SO50343,377,26310,6,1,1
5/2/2016,2/24/2003,SO50342,360,27425,4,1,1
5/2/2016,3/27/2003,SO50345,354,15225,9,1,1
5/3/2016,2/13/2003,SO50349,381,19314,8,1,1
5/3/2016,4/2/2003,SO50352,334,15948,4,1,1
5/3/2016,2/19/2003,SO50358,332,27339,9,1,1
5/3/2016,4/18/2003,SO50354,381,14456,1,1,1
5/3/2016,1/5/2003,SO50348,381,19311,8,1,1
5/3/2016,3/16/2003,SO50350,342,21103,10,1,1
5/3/2016,2/3/2003,SO50351,336,15885,1,1,1
5/3/2016,3/4/2003,SO50347,356,27405,4,1,1
5/3/2016,2/9/2003,SO50353,385,14440,4,1,1
5/3/2016,2/27/2003,SO50356,354,15600,9,1,1
5/3/2016,4/17/2003,SO50357,352,15643,9,1,1
5/3/2016,3/12/2003,SO50361,387,19510,10,1,1
5/3/2016,3/31/2003,SO50355,352,15268,9,1,1
5/3/2016,3/4/2003,SO50359,370,24274,9,1,1
5/3/2016,3/5/2003,SO50360,368,24301,9,1,1
5/4/2016,4/16/2003,SO50363,358,27263,4,1,1
5/4/2016,4/17/2003,SO50366,369,26294,6,1,1
5/4/2016,3/4/2003,SO50369,352,15642,9,1,1
5/4/2016,1/26/2003,SO50370,377,17941,8,1,1
5/4/2016,2/18/2003,SO50367,381,26572,6,1,1
5/4/2016,2/27/2003,SO50362,362,27292,1,1,1
5/4/2016,4/2/2003,SO50364,324,21106,10,1,1
5/4/2016,3/31/2003,SO50368,362,15265,9,1,1
5/4/2016,1/17/2003,SO50365,370,13925,4,1,1
5/5/2016,1/17/2003,SO50374,383,17787,7,1,1
5/5/2016,3/21/2003,SO50373,358,27260,4,1,1
5/5/2016,2/7/2003,SO50375,381,17830,7,1,1
5/5/2016,2/20/2003,SO50384,340,27371,9,1,1
5/5/2016,2/6/2003,SO50382,360,15591,9,1,1
5/5/2016,1/11/2003,SO50383,326,27353,9,1,1
5/5/2016,3/8/2003,SO50371,373,16431,7,1,1
5/5/2016,1/21/2003,SO50380,356,11420,7,1,1
5/5/2016,4/16/2003,SO50376,385,17831,7,1,1
5/5/2016,2/14/2003,SO50381,356,15436,9,1,1
5/5/2016,1/25/2003,SO50379,358,13251,10,1,1
5/5/2016,1/18/2003,SO50378,320,19473,7,1,1
5/5/2016,3/25/2003,SO50372,358,27440,1,1,1
5/5/2016,1/30/2003,SO50377,332,20913,8,1,1
5/6/2016,3/13/2003,SO50395,383,14439,1,1,1
5/6/2016,2/20/2003,SO50390,352,13253,10,1,1
5/6/2016,3/31/2003,SO50385,356,27258,4,1,1
5/6/2016,4/7/2003,SO50387,354,27407,1,1,1
5/6/2016,3/4/2003,SO50398,360,15645,9,1,1
5/6/2016,3/11/2003,SO50397,360,15588,9,1,1
5/6/2016,3/14/2003,SO50396,362,15439,9,1,1
5/6/2016,3/25/2003,SO50399,379,24457,9,1,1
5/6/2016,3/27/2003,SO50389,362,12813,8,1,1
5/6/2016,4/19/2003,SO50394,332,27557,6,1,1
5/6/2016,2/2/2003,SO50388,352,27266,4,1,1
5/6/2016,3/14/2003,SO50392,328,15902,1,1,1
5/6/2016,4/20/2003,SO50393,334,15918,1,1,1
5/6/2016,3/8/2003,SO50386,373,17942,8,1,1
5/6/2016,1/12/2003,SO50391,336,15901,1,1,1
5/7/2016,1/11/2003,SO50400,368,18173,10,1,1
5/7/2016,2/20/2003,SO50406,360,15229,9,1,1
5/7/2016,4/22/2003,SO50407,371,24302,9,1,1
5/7/2016,4/3/2003,SO50408,373,24368,9,1,1
5/7/2016,3/3/2003,SO50404,358,11382,7,1,1
5/7/2016,3/24/2003,SO50402,362,21622,6,1,1
5/7/2016,3/16/2003,SO50401,371,18127,10,1,1
5/7/2016,3/28/2003,SO50403,320,20914,8,1,1
5/7/2016,4/7/2003,SO50405,387,14451,4,1,1
5/8/2016,2/11/2003,SO50410,377,18135,10,1,1
5/8/2016,1/30/2003,SO50423,370,24360,9,1,1
5/8/2016,1/15/2003,SO50411,379,18141,10,1,1
5/8/2016,2/11/2003,SO50422,352,15223,9,1,1
5/8/2016,3/25/2003,SO50418,330,15897,4,1,1
5/8/2016,4/19/2003,SO50415,322,20970,8,1,1
5/8/2016,4/12/2003,SO50414,387,19285,8,1,1
5/8/2016,2/2/2003,SO50419,387,14453,1,1,1
5/8/2016,2/4/2003,SO50417,358,11417,7,1,1
5/8/2016,1/31/2003,SO50412,358,27268,4,1,1
5/8/2016,1/8/2003,SO50416,362,11406,7,1,1
5/8/2016,2/23/2003,SO50413,354,27273,4,1,1
5/8/2016,1/10/2003,SO50420,387,25215,9,1,1
5/8/2016,3/14/2003,SO50409,371,18177,10,1,1
5/8/2016,4/6/2003,SO50421,358,15724,9,1,1
5/9/2016,1/27/2003,SO50426,354,21642,6,1,1
5/9/2016,4/23/2003,SO50427,334,15944,1,1,1
5/9/2016,4/1/2003,SO50428,381,14421,1,1,1
5/9/2016,3/13/2003,SO50429,387,14433,4,1,1
5/9/2016,1/26/2003,SO50431,370,24371,9,1,1
5/9/2016,4/7/2003,SO50424,377,16433,7,1,1
5/9/2016,1/24/2003,SO50425,360,27421,2,1,1
5/9/2016,3/19/2003,SO50430,387,25126,9,1,1
5/10/2016,1/30/2003,SO50434,375,13912,4,1,1
5/10/2016,1/19/2003,SO50437,358,15647,9,1,1
5/10/2016,3/8/2003,SO50436,385,25133,9,1,1
5/10/2016,3/19/2003,SO50435,356,12873,10,1,1
5/10/2016,3/13/2003,SO50433,326,21008,8,1,1
5/10/2016,4/12/2003,SO50432,377,17940,8,1,1
5/11/2016,2/10/2003,SO50438,371,17929,8,1,1
5/11/2016,2/2/2003,SO50448,358,15219,9,1,1
5/11/2016,1/26/2003,SO50445,387,26615,6,1,1
5/11/2016,1/28/2003,SO50439,360,21618,6,1,1
5/11/2016,3/1/2003,SO50447,362,15726,9,1,1
5/11/2016,4/11/2003,SO50440,381,19502,10,1,1
5/11/2016,1/20/2003,SO50444,389,14438,1,1,1
5/11/2016,4/7/2003,SO50449,352,15435,9,1,1
5/11/2016,4/26/2003,SO50443,362,11416,7,1,1
5/11/2016,1/11/2003,SO50442,352,11402,7,1,1
5/11/2016,2/9/2003,SO50441,322,21104,10,1,1
5/12/2016,4/20/2003,SO50458,354,15438,9,1,1
5/12/2016,3/6/2003,SO50450,368,16416,7,1,1
5/12/2016,2/14/2003,SO50460,330,27352,9,1,1
5/12/2016,3/19/2003,SO50451,360,27272,1,1,1
5/12/2016,4/14/2003,SO50459,369,24458,9,1,1
5/12/2016,4/4/2003,SO50457,358,15227,9,1,1
5/12/2016,1/29/2003,SO50462,371,24364,9,1,1
5/12/2016,2/13/2003,SO50454,389,19493,10,1,1
5/12/2016,3/29/2003,SO50456,360,15723,9,1,1
5/12/2016,1/12/2003,SO50455,336,19480,7,1,1
5/12/2016,2/18/2003,SO50453,381,17779,7,1,1
5/12/2016,2/22/2003,SO50452,360,27280,4,1,1
5/12/2016,1/24/2003,SO50461,340,27355,9,1,1
5/13/2016,3/21/2003,SO50469,320,27348,9,1,1
5/13/2016,2/1/2003,SO50466,330,21105,10,1,1
5/13/2016,4/20/2003,SO50463,370,18166,10,1,1
5/13/2016,2/11/2003,SO50468,332,27346,9,1,1
5/13/2016,2/8/2003,SO50471,352,12807,8,1,1
5/13/2016,4/8/2003,SO50464,381,19499,10,1,1
5/13/2016,3/18/2003,SO50465,381,19294,8,1,1
5/13/2016,3/4/2003,SO50470,338,27370,9,1,1
5/13/2016,2/20/2003,SO50467,356,15221,9,1,1
5/14/2016,3/12/2003,SO50477,356,13252,10,1,1
5/14/2016,4/13/2003,SO50482,324,27354,9,1,1
5/14/2016,4/25/2003,SO50472,358,27288,4,1,1
5/14/2016,4/20/2003,SO50483,352,15578,9,1,1
5/14/2016,4/4/2003,SO50481,354,15262,9,1,1
5/14/2016,4/4/2003,SO50479,385,14449,1,1,1
5/14/2016,4/18/2003,SO50473,381,17827,7,1,1
5/14/2016,1/18/2003,SO50476,340,20980,8,1,1
5/14/2016,1/20/2003,SO50480,383,25138,9,1,1
5/14/2016,2/14/2003,SO50475,381,19911,10,1,1
5/14/2016,3/2/2003,SO50474,362,27269,1,1,1
5/14/2016,3/8/2003,SO50478,338,15893,1,1,1
5/15/2016,4/2/2003,SO50489,362,15717,9,1,1
5/15/2016,2/11/2003,SO50487,383,25213,9,1,1
5/15/2016,1/22/2003,SO50488,389,25218,9,1,1
5/15/2016,3/19/2003,SO50484,375,18028,10,1,1
5/15/2016,1/28/2003,SO50486,381,14448,1,1,1
5/15/2016,2/27/2003,SO50490,352,15226,9,1,1
5/15/2016,2/18/2003,SO50492,370,24362,9,1,1
5/15/2016,4/20/2003,SO50491,356,15644,9,1,1
5/16/2016,3/18/2003,SO50497,389,14419,1,1,1
5/16/2016,2/23/2003,SO50496,381,14452,1,1,1
5/16/2016,2/23/2003,SO50499,352,15214,9,1,1
5/16/2016,3/24/2003,SO50493,362,27453,4,1,1
5/16/2016,2/14/2003,SO50494,379,16432,7,1,1
5/16/2016,3/4/2003,SO50495,324,19475,7,1,1
5/16/2016,3/19/2003,SO50498,389,14434,4,1,1
5/16/2016,3/27/2003,SO50500,354,15425,9,1,1
5/17/2016,4/27/2003,SO50507,332,27366,9,1,1
5/17/2016,4/14/2003,SO50501,377,18625,10,1,1
5/17/2016,2/9/2003,SO50508,373,24361,9,1,1
5/17/2016,3/14/2003,SO50506,334,27342,9,1,1
5/17/2016,2/13/2003,SO50503,389,19286,8,1,1
5/17/2016,4/7/2003,SO50504,356,12874,10,1,1
5/17/2016,3/7/2003,SO50502,375,16425,7,1,1
5/17/2016,2/27/2003,SO50505,360,11410,7,1,1
5/18/2016,3/21/2003,SO50509,370,16415,7,1,1
5/18/2016,2/20/2003,SO50510,377,24365,9,1,1
5/19/2016,4/5/2003,SO50515,358,15215,9,1,1
5/19/2016,2/11/2003,SO50511,369,18621,10,1,1
5/19/2016,2/27/2003,SO50517,352,27423,4,1,1
5/19/2016,2/10/2003,SO50516,360,15646,9,1,1
5/19/2016,3/14/2003,SO50514,340,15904,4,1,1
5/19/2016,2/15/2003,SO50513,362,12825,8,1,1
5/19/2016,2/28/2003,SO50512,356,27418,4,1,1
5/20/2016,2/17/2003,SO50522,389,17780,7,1,1
5/20/2016,4/28/2003,SO50526,320,27340,9,1,1
5/20/2016,3/18/2003,SO50520,356,27264,1,1,1
5/20/2016,2/15/2003,SO50523,360,12860,10,1,1
5/20/2016,3/21/2003,SO50521,356,27279,1,1,1
5/20/2016,3/8/2003,SO50524,320,15914,1,1,1
5/20/2016,5/5/2003,SO50525,387,14447,1,1,1
5/20/2016,3/8/2003,SO50519,371,17934,8,1,1
5/20/2016,2/26/2003,SO50527,377,24377,9,1,1
5/21/2016,4/14/2003,SO50532,371,13915,4,1,1
5/21/2016,3/11/2003,SO50528,371,18160,10,1,1
5/21/2016,4/2/2003,SO50534,356,12826,8,1,1
5/21/2016,4/30/2003,SO50536,369,24462,9,1,1
5/21/2016,3/6/2003,SO50531,330,19452,7,1,1
5/21/2016,4/29/2003,SO50533,358,11409,7,1,1
5/21/2016,3/6/2003,SO50537,332,27341,9,1,1
5/21/2016,5/4/2003,SO50530,387,19912,10,1,1
5/21/2016,3/16/2003,SO50535,379,24460,9,1,1
5/21/2016,3/16/2003,SO50529,358,27295,1,1,1
5/22/2016,2/5/2003,SO50544,362,15722,9,1,1
5/22/2016,4/10/2003,SO50540,389,19506,10,1,1
5/22/2016,4/14/2003,SO50547,371,24381,9,1,1
5/22/2016,3/31/2003,SO50543,381,25221,9,1,1
5/22/2016,3/8/2003,SO50545,354,15587,9,1,1
5/22/2016,2/21/2003,SO50549,324,27365,9,1,1
5/22/2016,1/23/2003,SO50539,358,27261,1,1,1
5/22/2016,2/10/2003,SO50541,362,12806,8,1,1
5/22/2016,4/25/2003,SO50548,371,24461,9,1,1
5/22/2016,4/18/2003,SO50542,385,14442,4,1,1
5/22/2016,3/29/2003,SO50546,354,15597,9,1,1
5/22/2016,1/30/2003,SO50538,358,21614,6,1,1
5/23/2016,1/28/2003,SO50554,320,21015,8,1,1
5/23/2016,4/15/2003,SO50552,375,16430,7,1,1
5/23/2016,2/19/2003,SO50556,377,13927,4,1,1
5/23/2016,4/29/2003,SO50559,360,15228,9,1,1
5/23/2016,4/14/2003,SO50561,379,24459,9,1,1
5/23/2016,3/5/2003,SO50550,356,27448,4,1,1
5/23/2016,4/13/2003,SO50551,373,18168,10,1,1
5/23/2016,1/27/2003,SO50557,360,12861,10,1,1
5/23/2016,4/24/2003,SO50560,362,15716,9,1,1
5/23/2016,3/5/2003,SO50553,387,19500,10,1,1
5/23/2016,2/8/2003,SO50555,328,21006,8,1,1
5/23/2016,2/13/2003,SO50558,360,12816,8,1,1
5/24/2016,2/1/2003,SO50563,379,18633,10,1,1
5/24/2016,4/23/2003,SO50565,362,27439,4,1,1
5/24/2016,2/19/2003,SO50569,334,20930,8,1,1
5/24/2016,1/29/2003,SO50570,377,13939,4,1,1
5/24/2016,1/26/2003,SO50572,328,15899,4,1,1
5/24/2016,5/4/2003,SO50568,340,21093,10,1,1
5/24/2016,4/4/2003,SO50571,342,15890,4,1,1
5/24/2016,4/25/2003,SO50562,373,17945,8,1,1
5/24/2016,3/23/2003,SO50574,360,15267,9,1,1
5/24/2016,1/25/2003,SO50564,360,27424,4,1,1
5/24/2016,5/6/2003,SO50575,324,27359,9,1,1
5/24/2016,4/3/2003,SO50576,369,24300,9,1,1
5/24/2016,5/7/2003,SO50573,328,15934,1,1,1
5/24/2016,4/13/2003,SO50567,352,27286,3,1,1
5/24/2016,3/13/2003,SO50577,371,24372,9,1,1
5/25/2016,4/13/2003,SO50581,326,15909,4,1,1
5/25/2016,3/14/2003,SO50582,389,26582,6,1,1
5/25/2016,4/22/2003,SO50578,379,18126,10,1,1
5/25/2016,2/13/2003,SO50579,387,17834,7,1,1
5/25/2016,4/6/2003,SO50584,358,15585,9,1,1
5/25/2016,4/11/2003,SO50583,354,15725,9,1,1
5/25/2016,4/1/2003,SO50580,379,24305,9,1,1
5/26/2016,5/6/2003,SO50591,360,11425,7,1,1
5/26/2016,3/22/2003,SO50593,352,15266,9,1,1
5/26/2016,3/7/2003,SO50587,360,27262,1,1,1
5/26/2016,4/10/2003,SO50585,352,27452,4,1,1
5/26/2016,3/18/2003,SO50589,358,27276,4,1,1
5/26/2016,2/1/2003,SO50592,332,27560,6,1,1
5/26/2016,4/20/2003,SO50586,369,17898,8,1,1
5/26/2016,4/12/2003,SO50588,362,27274,4,1,1
5/26/2016,4/6/2003,SO50594,360,15601,9,1,1
5/26/2016,4/19/2003,SO50590,354,27287,4,1,1
5/27/2016,2/19/2003,SO50598,354,27271,1,1,1
5/27/2016,1/30/2003,SO50603,360,15576,9,1,1
5/27/2016,2/27/2003,SO50604,373,24282,9,1,1
5/27/2016,2/23/2003,SO50599,342,20923,8,1,1
5/27/2016,5/10/2003,SO50596,362,27416,1,1,1
5/27/2016,4/16/2003,SO50602,362,15719,9,1,1
5/27/2016,3/25/2003,SO50601,354,12742,8,1,1
5/27/2016,3/12/2003,SO50595,371,17928,8,1,1
5/27/2016,2/26/2003,SO50597,362,21629,6,1,1
5/27/2016,2/2/2003,SO50600,326,19458,7,1,1
5/28/2016,4/24/2003,SO50605,354,27450,1,1,1
5/28/2016,3/23/2003,SO50606,354,27294,4,1,1
5/28/2016,4/24/2003,SO50614,342,27469,9,1,1
5/28/2016,3/9/2003,SO50610,338,15941,4,1,1
5/28/2016,3/20/2003,SO50615,373,24304,9,1,1
5/28/2016,2/14/2003,SO50607,326,20979,8,1,1
5/28/2016,2/24/2003,SO50613,360,15596,9,1,1
5/28/2016,3/11/2003,SO50612,358,15590,9,1,1
5/28/2016,3/31/2003,SO50609,320,15886,4,1,1
5/28/2016,2/1/2003,SO50616,369,24366,9,1,1
5/28/2016,2/18/2003,SO50611,362,15220,9,1,1
5/28/2016,5/5/2003,SO50608,373,26279,6,1,1
5/29/2016,5/12/2003,SO50618,360,27431,1,1,1
5/29/2016,5/4/2003,SO50620,356,27281,5,1,1
5/29/2016,4/2/2003,SO50621,340,19474,7,1,1
5/29/2016,4/9/2003,SO50619,354,27277,4,1,1
5/29/2016,2/25/2003,SO50623,320,27545,6,1,1
5/29/2016,4/6/2003,SO50624,371,24281,9,1,1
5/29/2016,3/18/2003,SO50625,369,24367,9,1,1
5/29/2016,3/28/2003,SO50622,342,27536,6,1,1
5/30/2016,3/28/2003,SO50638,371,24283,9,1,1
5/30/2016,2/26/2003,SO50633,387,14420,1,1,1
5/30/2016,2/14/2003,SO50632,332,15908,4,1,1
5/30/2016,4/25/2003,SO50636,354,15589,9,1,1
5/30/2016,2/8/2003,SO50630,383,19289,8,1,1
5/30/2016,5/11/2003,SO50629,377,16426,7,1,1
5/30/2016,2/13/2003,SO50627,370,18627,10,1,1
5/30/2016,3/23/2003,SO50631,383,19511,10,1,1
5/30/2016,4/5/2003,SO50637,328,27356,9,1,1
5/30/2016,4/25/2003,SO50639,369,24303,9,1,1
5/30/2016,2/18/2003,SO50626,373,18620,10,1,1
5/30/2016,2/5/2003,SO50628,368,17902,8,1,1
5/30/2016,4/8/2003,SO50640,369,24307,9,1,1
5/30/2016,1/30/2003,SO50635,356,15586,9,1,1
5/30/2016,5/2/2003,SO50634,362,15218,9,1,1
5/31/2016,4/18/2003,SO50652,326,15903,4,1,1
5/31/2016,2/27/2003,SO50644,362,27275,4,1,1
5/31/2016,2/17/2003,SO50649,371,13938,4,1,1
5/31/2016,3/4/2003,SO50656,336,27362,9,1,1
5/31/2016,2/19/2003,SO50651,334,15888,1,1,1
5/31/2016,4/22/2003,SO50657,369,24378,9,1,1
5/31/2016,3/10/2003,SO50641,354,27455,1,1,1
5/31/2016,4/1/2003,SO50645,387,19288,8,1,1
5/31/2016,4/23/2003,SO50650,358,12747,8,1,1
5/31/2016,4/3/2003,SO50655,358,15582,9,1,1
5/31/2016,4/22/2003,SO50653,334,27550,6,1,1
5/31/2016,2/21/2003,SO50643,352,27427,4,1,1
5/31/2016,5/1/2003,SO50646,383,19298,8,1,1
5/31/2016,5/8/2003,SO50647,338,20945,8,1,1
5/31/2016,3/31/2003,SO50654,389,25214,9,1,1
5/31/2016,2/4/2003,SO50648,369,13917,4,1,1
6/1/2016,5/2/2003,SO50766,369,13977,1,1,1
6/1/2016,4/27/2003,SO50774,330,27487,9,1,1
6/1/2016,4/1/2003,SO50769,368,24484,9,1,1
6/1/2016,2/14/2003,SO50761,387,19321,8,1,1
6/1/2016,4/3/2003,SO50760,354,27549,1,1,1
6/1/2016,2/11/2003,SO50772,369,24476,9,1,1
6/1/2016,2/15/2003,SO50765,338,21669,10,1,1
6/1/2016,2/4/2003,SO50767,389,14486,4,1,1
6/1/2016,5/7/2003,SO50773,330,19903,7,1,1
6/1/2016,5/16/2003,SO50768,360,16176,9,1,1
6/1/2016,4/1/2003,SO50762,377,17963,8,1,1
6/1/2016,3/6/2003,SO50763,373,16513,7,1,1
6/1/2016,5/14/2003,SO50770,379,24465,9,1,1
6/1/2016,4/8/2003,SO50764,336,21534,10,1,1
6/1/2016,5/14/2003,SO50771,370,24468,9,1,1
6/2/2016,4/20/2003,SO50787,358,15800,9,1,1
6/2/2016,5/8/2003,SO50783,358,11588,7,1,1
6/2/2016,3/21/2003,SO50785,356,15785,9,1,1
6/2/2016,3/23/2003,SO50781,360,13561,10,1,1
6/2/2016,2/7/2003,SO50786,356,15797,9,1,1
6/2/2016,4/28/2003,SO50777,354,11439,7,1,1
6/2/2016,4/15/2003,SO50775,358,27553,4,1,1
6/2/2016,2/27/2003,SO50784,383,14498,4,1,1
6/2/2016,5/3/2003,SO50782,360,11587,7,1,1
6/2/2016,3/2/2003,SO50780,320,19945,7,1,1
6/2/2016,4/13/2003,SO50776,381,19940,10,1,1
6/2/2016,4/2/2003,SO50779,334,21508,10,1,1
6/2/2016,2/26/2003,SO50778,356,11578,7,1,1
6/3/2016,2/19/2003,SO50792,322,15972,4,1,1
6/3/2016,4/9/2003,SO50788,354,27575,4,1,1
6/3/2016,5/15/2003,SO50795,324,27489,9,1,1
6/3/2016,5/2/2003,SO50789,352,13553,10,1,1
6/3/2016,2/25/2003,SO50790,320,21509,10,1,1
6/3/2016,3/18/2003,SO50796,342,27490,9,1,1
6/3/2016,3/17/2003,SO50791,340,15969,1,1,1
6/3/2016,3/23/2003,SO50794,328,27488,9,1,1
6/4/2016,3/20/2003,SO50804,379,24466,9,1,1
6/4/2016,2/24/2003,SO50802,385,14494,1,1,1
6/4/2016,2/27/2003,SO50797,373,17964,8,1,1
6/4/2016,4/2/2003,SO50800,362,11590,7,1,1
6/4/2016,2/11/2003,SO50805,385,14471,4,1,1
6/4/2016,4/12/2003,SO50799,328,21016,8,1,1
6/4/2016,3/15/2003,SO50801,334,15989,4,1,1
6/4/2016,3/26/2003,SO50798,387,17900,7,1,1
6/5/2016,5/5/2003,SO50811,336,27493,9,1,1
6/5/2016,5/5/2003,SO50808,352,11546,7,1,1
6/5/2016,4/20/2003,SO50813,360,13255,8,1,1
6/5/2016,4/26/2003,SO50812,324,27498,9,1,1
6/5/2016,4/16/2003,SO50807,360,11433,7,1,1
6/5/2016,3/29/2003,SO50806,368,17980,8,1,1
6/5/2016,5/20/2003,SO50810,324,27483,9,1,1
6/6/2016,4/8/2003,SO50824,340,27499,9,1,1
6/6/2016,5/3/2003,SO50819,354,15792,9,1,1
6/6/2016,2/8/2003,SO50822,358,16031,9,1,1
6/6/2016,5/17/2003,SO50815,354,21658,6,1,1
6/6/2016,3/12/2003,SO50821,356,16025,9,1,1
6/6/2016,4/19/2003,SO50814,356,27547,4,1,1
6/6/2016,2/17/2003,SO50820,360,15808,9,1,1
6/6/2016,2/12/2003,SO50823,373,24601,9,1,1
6/6/2016,5/14/2003,SO50816,387,17944,7,1,1
6/6/2016,3/23/2003,SO50817,379,17989,8,1,1
6/6/2016,5/14/2003,SO50818,377,18019,8,1,1
6/7/2016,3/31/2003,SO50830,332,27613,6,1,1
6/7/2016,4/19/2003,SO50831,324,15961,4,1,1
6/7/2016,5/20/2003,SO50833,354,15754,9,1,1
6/7/2016,4/3/2003,SO50834,369,24598,9,1,1
6/7/2016,3/25/2003,SO50828,358,13551,10,1,1
6/7/2016,3/20/2003,SO50827,389,19917,10,1,1
6/7/2016,2/28/2003,SO50832,381,14477,4,1,1
6/7/2016,3/1/2003,SO50825,352,27570,1,1,1
6/7/2016,3/24/2003,SO50835,373,24474,9,1,1
6/7/2016,2/20/2003,SO50829,342,21540,10,1,1
6/7/2016,5/16/2003,SO50826,379,16476,7,1,1
6/8/2016,4/4/2003,SO50837,352,27537,4,1,1
6/8/2016,3/11/2003,SO50844,326,19503,7,1,1
6/8/2016,5/7/2003,SO50849,358,16026,9,1,1
6/8/2016,2/22/2003,SO50846,368,13979,1,1,1
6/8/2016,4/13/2003,SO50848,334,15986,4,1,1
6/8/2016,5/15/2003,SO50842,356,11479,7,1,1
6/8/2016,4/28/2003,SO50840,371,16436,7,1,1
6/8/2016,4/30/2003,SO50851,369,24596,9,1,1
6/8/2016,5/21/2003,SO50838,352,27573,4,1,1
6/8/2016,2/24/2003,SO50836,358,27535,4,1,1
6/8/2016,3/5/2003,SO50850,360,16155,9,1,1
6/8/2016,4/22/2003,SO50839,389,19918,10,1,1
6/8/2016,3/3/2003,SO50847,324,15953,4,1,1
6/8/2016,3/28/2003,SO50841,379,19032,10,1,1
6/8/2016,5/18/2003,SO50845,375,13947,1,1,1
6/8/2016,2/16/2003,SO50852,362,15831,9,1,1
6/8/2016,2/13/2003,SO50843,362,12852,8,1,1
6/9/2016,5/11/2003,SO50854,358,27551,1,1,1
6/9/2016,2/27/2003,SO50855,358,27558,1,1,1
6/9/2016,2/27/2003,SO50859,368,24502,9,1,1
6/9/2016,2/19/2003,SO50853,356,27542,1,1,1
6/9/2016,3/12/2003,SO50856,381,17949,7,1,1
6/9/2016,4/29/2003,SO50858,356,16163,9,1,1
6/10/2016,3/15/2003,SO50869,381,25225,9,1,1
6/10/2016,2/25/2003,SO50871,352,16027,9,1,1
6/10/2016,4/16/2003,SO50861,356,27534,4,1,1
6/10/2016,2/15/2003,SO50865,362,11582,7,1,1
6/10/2016,5/14/2003,SO50866,332,15991,1,1,1
6/10/2016,4/2/2003,SO50864,356,13411,10,1,1
6/10/2016,4/2/2003,SO50873,377,24463,9,1,1
6/10/2016,4/12/2003,SO50872,379,24597,9,1,1
6/10/2016,3/2/2003,SO50870,352,15764,9,1,1
6/10/2016,2/15/2003,SO50868,383,14473,4,1,1
6/10/2016,4/15/2003,SO50860,352,27504,1,1,1
6/10/2016,5/1/2003,SO50862,356,27541,4,1,1
6/10/2016,3/4/2003,SO50863,356,27552,4,1,1
6/10/2016,3/9/2003,SO50867,342,15964,4,1,1
6/11/2016,3/31/2003,SO50879,356,15752,9,1,1
6/11/2016,4/24/2003,SO50877,352,12863,8,1,1
6/11/2016,2/20/2003,SO50882,342,27473,9,1,1
6/11/2016,4/3/2003,SO50874,368,16570,7,1,1
6/11/2016,5/12/2003,SO50881,368,24480,9,1,1
6/11/2016,4/28/2003,SO50878,358,15733,9,1,1
6/11/2016,4/1/2003,SO50875,362,12829,8,1,1
6/11/2016,4/29/2003,SO50876,356,12827,8,1,1
6/11/2016,4/8/2003,SO50880,379,24467,9,1,1
6/11/2016,4/25/2003,SO50883,375,18045,8,1,1
6/12/2016,3/24/2003,SO50890,368,13984,4,1,1
6/12/2016,4/30/2003,SO50889,352,11572,7,1,1
6/12/2016,5/23/2003,SO50886,370,19048,10,1,1
6/12/2016,3/1/2003,SO50893,352,16028,9,1,1
6/12/2016,4/28/2003,SO50894,358,16160,9,1,1
6/12/2016,4/20/2003,SO50887,375,16596,7,1,1
6/12/2016,3/27/2003,SO50885,354,27572,4,1,1
6/12/2016,4/6/2003,SO50884,362,27543,4,1,1
6/12/2016,3/6/2003,SO50888,381,19916,10,1,1
6/12/2016,3/1/2003,SO50891,338,15976,1,1,1
6/12/2016,3/8/2003,SO50892,360,15753,9,1,1
6/13/2016,2/28/2003,SO50904,379,24590,9,1,1
6/13/2016,3/7/2003,SO50897,352,11432,7,1,1
6/13/2016,5/13/2003,SO50895,360,27555,4,1,1
6/13/2016,5/28/2003,SO50902,368,24506,9,1,1
6/13/2016,5/2/2003,SO50903,370,24586,9,1,1
6/13/2016,5/1/2003,SO50896,354,27569,4,1,1
6/13/2016,4/27/2003,SO50900,385,25235,9,1,1
6/13/2016,4/30/2003,SO50898,371,13948,4,1,1
6/13/2016,4/2/2003,SO50901,352,15833,9,1,1
6/14/2016,4/5/2003,SO50908,358,13254,10,1,1
6/14/2016,3/31/2003,SO50905,352,27576,1,1,1
6/14/2016,3/18/2003,SO50915,332,27492,9,1,1
6/14/2016,2/16/2003,SO50913,368,24481,9,1,1
6/14/2016,2/17/2003,SO50906,379,17947,8,1,1
6/14/2016,5/16/2003,SO50907,385,17894,7,1,1
6/14/2016,5/7/2003,SO50914,342,27484,9,1,1
6/14/2016,3/31/2003,SO50911,356,12867,8,1,1
6/14/2016,2/26/2003,SO50912,381,25231,9,1,1
6/14/2016,2/23/2003,SO50909,356,13554,10,1,1
6/14/2016,5/16/2003,SO50910,342,21035,8,1,1
6/15/2016,4/28/2003,SO50916,354,27531,1,1,1
6/15/2016,5/29/2003,SO50919,379,18027,8,1,1
6/15/2016,5/3/2003,SO50922,340,21037,8,1,1
6/15/2016,3/10/2003,SO50925,356,15790,9,1,1
6/15/2016,3/31/2003,SO50927,370,24504,9,1,1
6/15/2016,5/8/2003,SO50921,334,21517,10,1,1
6/15/2016,3/14/2003,SO50918,368,16547,7,1,1
6/15/2016,2/22/2003,SO50928,371,24592,9,1,1
6/15/2016,5/10/2003,SO50920,356,11571,7,1,1
6/15/2016,5/25/2003,SO50917,379,16533,7,1,1
6/15/2016,4/4/2003,SO50923,332,15984,4,1,1
6/15/2016,5/18/2003,SO50924,356,15732,9,1,1
6/15/2016,5/20/2003,SO50929,389,25242,9,1,1
6/15/2016,4/25/2003,SO50926,354,15799,9,1,1
6/16/2016,3/23/2003,SO50934,352,13256,8,1,1
6/16/2016,3/18/2003,SO50930,381,17950,7,1,1
6/16/2016,5/12/2003,SO50931,379,16569,7,1,1
6/16/2016,2/22/2003,SO50935,320,15980,1,1,1
6/16/2016,4/2/2003,SO50932,383,17885,7,1,1
6/16/2016,3/17/2003,SO50933,340,19922,7,1,1
6/16/2016,4/28/2003,SO50936,370,24605,9,1,1
6/17/2016,5/2/2003,SO50938,379,17983,8,1,1
6/17/2016,5/11/2003,SO50939,389,17897,7,1,1
6/17/2016,2/18/2003,SO50944,360,16169,9,1,1
6/17/2016,3/27/2003,SO50937,356,27508,4,1,1
6/17/2016,5/27/2003,SO50945,371,24478,9,1,1
6/17/2016,4/17/2003,SO50942,354,11429,7,1,1
6/17/2016,4/13/2003,SO50941,336,19517,7,1,1
6/17/2016,5/9/2003,SO50943,358,15784,9,1,1
6/17/2016,3/15/2003,SO50946,383,25243,9,1,1
6/18/2016,6/3/2003,SO50953,387,14464,4,1,1
6/18/2016,3/7/2003,SO50954,358,16161,9,1,1
6/18/2016,5/26/2003,SO50949,369,19070,10,1,1
6/18/2016,4/9/2003,SO50948,370,19037,10,1,1
6/18/2016,4/16/2003,SO50950,354,11576,7,1,1
6/18/2016,4/25/2003,SO50952,336,15994,1,1,1
6/18/2016,3/19/2003,SO50951,356,13557,10,1,1
6/18/2016,4/19/2003,SO50947,352,27527,4,1,1
6/19/2016,4/7/2003,SO50964,356,12858,8,1,1
6/19/2016,4/30/2003,SO50957,383,17932,7,1,1
6/19/2016,6/3/2003,SO50962,377,16937,7,1,1
6/19/2016,4/3/2003,SO50961,368,16580,7,1,1
6/19/2016,3/2/2003,SO50968,328,15968,4,1,1
6/19/2016,4/27/2003,SO50965,328,15952,1,1,1
6/19/2016,3/10/2003,SO50967,320,15965,4,1,1
6/19/2016,3/16/2003,SO50956,354,27554,4,1,1
6/19/2016,3/31/2003,SO50959,379,16560,7,1,1
6/19/2016,5/3/2003,SO50963,362,13404,10,1,1
6/19/2016,5/10/2003,SO50966,320,15954,4,1,1
6/19/2016,2/20/2003,SO50960,375,17986,8,1,1
6/19/2016,3/11/2003,SO50955,354,27468,4,1,1
6/20/2016,5/4/2003,SO50972,381,25229,9,1,1
6/20/2016,3/27/2003,SO50975,356,15788,9,1,1
6/20/2016,4/7/2003,SO50977,356,16157,9,1,1
6/20/2016,5/7/2003,SO50969,356,27460,4,1,1
6/20/2016,4/4/2003,SO50974,381,14470,4,1,1
6/20/2016,2/25/2003,SO50978,369,24503,9,1,1
6/20/2016,4/1/2003,SO50970,362,27574,4,1,1
6/20/2016,3/5/2003,SO50971,336,21545,10,1,1
6/20/2016,3/28/2003,SO50976,360,15793,9,1,1
6/20/2016,3/3/2003,SO50973,340,27602,6,1,1
6/21/2016,2/27/2003,SO50988,362,16164,9,1,1
6/21/2016,5/26/2003,SO50986,383,14485,4,1,1
6/21/2016,4/7/2003,SO50990,377,24505,9,1,1
6/21/2016,3/13/2003,SO50991,377,24585,9,1,1
6/21/2016,5/21/2003,SO50980,354,27540,4,1,1
6/21/2016,3/1/2003,SO50984,336,19902,7,1,1
6/21/2016,3/29/2003,SO50979,362,27459,4,1,1
6/21/2016,4/13/2003,SO50983,320,21516,10,1,1
6/21/2016,5/24/2003,SO50982,370,19073,10,1,1
6/21/2016,5/3/2003,SO50985,381,14481,1,1,1
6/21/2016,3/8/2003,SO50993,338,27472,9,1,1
6/21/2016,4/7/2003,SO50987,387,14495,4,1,1
6/21/2016,3/14/2003,SO50994,332,27485,9,1,1
6/21/2016,5/23/2003,SO50989,371,24482,9,1,1
6/21/2016,5/15/2003,SO50992,336,27471,9,1,1
6/22/2016,5/8/2003,SO50997,369,17984,8,1,1
6/22/2016,2/26/2003,SO50999,328,19504,7,1,1
6/22/2016,4/9/2003,SO50995,360,27523,1,1,1
6/22/2016,3/29/2003,SO50996,356,27544,4,1,1
6/22/2016,3/20/2003,SO51000,342,27470,9,1,1
6/22/2016,4/10/2003,SO50998,381,19316,8,1,1
6/23/2016,3/21/2003,SO51009,354,16029,9,1,1
6/23/2016,3/2/2003,SO51006,389,14461,1,1,1
6/23/2016,5/25/2003,SO51002,379,17976,8,1,1
6/23/2016,5/18/2003,SO51005,340,15990,4,1,1
6/23/2016,3/1/2003,SO51001,358,27467,4,1,1
6/23/2016,3/9/2003,SO51007,387,25234,9,1,1
6/23/2016,3/12/2003,SO51008,356,15830,9,1,1
6/23/2016,5/7/2003,SO51003,371,18005,8,1,1
6/23/2016,6/3/2003,SO51004,369,13978,1,1,1
6/24/2016,3/10/2003,SO51012,354,12846,8,1,1
6/24/2016,5/2/2003,SO51011,369,16551,7,1,1
6/24/2016,5/24/2003,SO51010,358,27546,4,1,1
6/24/2016,5/30/2003,SO51013,358,11577,7,1,1
6/24/2016,5/21/2003,SO51014,352,11583,7,1,1
6/24/2016,4/23/2003,SO51018,352,15751,9,1,1
6/24/2016,3/10/2003,SO51016,330,19899,7,1,1
6/24/2016,5/29/2003,SO51020,354,16159,9,1,1
6/24/2016,4/13/2003,SO51017,328,15987,1,1,1
6/24/2016,4/23/2003,SO51015,385,17891,7,1,1
6/25/2016,5/13/2003,SO51026,389,25228,9,1,1
6/25/2016,3/4/2003,SO51022,356,11483,7,1,1
6/25/2016,4/6/2003,SO51027,358,15765,9,1,1
6/25/2016,4/22/2003,SO51029,377,24475,9,1,1
6/25/2016,3/6/2003,SO51024,322,21029,8,1,1
6/25/2016,3/8/2003,SO51023,360,13517,10,1,1
6/25/2016,3/29/2003,SO51025,381,25226,9,1,1
6/25/2016,4/19/2003,SO51028,373,24587,9,1,1
6/25/2016,2/26/2003,SO51021,369,16532,7,1,1
6/26/2016,5/18/2003,SO51031,360,13562,10,1,1
6/26/2016,4/9/2003,SO51037,322,21668,10,1,1
6/26/2016,4/7/2003,SO51030,362,27524,1,1,1
6/26/2016,3/11/2003,SO51034,373,24485,9,1,1
6/26/2016,3/5/2003,SO51032,328,15949,4,1,1
6/26/2016,5/20/2003,SO51035,340,27486,9,1,1
6/26/2016,3/13/2003,SO51036,383,25240,9,1,1
6/26/2016,3/9/2003,SO51033,358,16339,9,1,1
6/27/2016,5/13/2003,SO51040,368,19036,10,1,1
6/27/2016,5/10/2003,SO51042,371,16566,7,1,1
6/27/2016,4/28/2003,SO51039,373,17952,8,1,1
6/27/2016,5/11/2003,SO51049,362,15802,9,1,1
6/27/2016,4/26/2003,SO51041,373,16559,7,1,1
6/27/2016,5/1/2003,SO51044,368,17985,8,1,1
6/27/2016,4/22/2003,SO51047,358,15755,9,1,1
6/27/2016,3/3/2003,SO51043,369,19049,10,1,1
6/27/2016,3/8/2003,SO51048,354,15757,9,1,1
6/27/2016,4/29/2003,SO51038,362,27559,1,1,1
6/27/2016,5/8/2003,SO51046,371,13976,1,1,1
6/27/2016,5/23/2003,SO51050,356,15832,9,1,1
6/27/2016,4/29/2003,SO51045,362,12833,8,1,1
6/28/2016,3/10/2003,SO51059,352,15734,9,1,1
6/28/2016,3/10/2003,SO51054,354,11547,7,1,1
6/28/2016,5/27/2003,SO51053,352,11480,7,1,1
6/28/2016,3/14/2003,SO51057,328,15985,4,1,1
6/28/2016,6/8/2003,SO51056,375,13949,4,1,1
6/28/2016,3/1/2003,SO51060,352,15756,9,1,1
6/28/2016,3/2/2003,SO51063,326,27500,9,1,1
6/28/2016,4/21/2003,SO51061,370,24604,9,1,1
6/28/2016,5/31/2003,SO51051,356,27568,1,1,1
6/28/2016,5/30/2003,SO51058,385,14472,4,1,1
6/28/2016,3/9/2003,SO51052,368,17998,8,1,1
6/28/2016,4/26/2003,SO51062,340,27494,9,1,1
6/28/2016,3/22/2003,SO51055,340,19943,7,1,1
6/29/2016,3/26/2003,SO51066,358,27556,1,1,1
6/29/2016,6/13/2003,SO51064,358,27521,4,1,1
6/29/2016,5/6/2003,SO51067,338,15992,4,1,1
6/29/2016,3/29/2003,SO51068,360,15801,9,1,1
6/29/2016,6/9/2003,SO51069,358,16180,9,1,1
6/29/2016,4/21/2003,SO51065,360,27539,4,1,1
6/29/2016,4/9/2003,SO51070,373,24477,9,1,1
6/30/2016,4/1/2003,SO51074,362,13407,10,1,1
6/30/2016,4/19/2003,SO51079,360,16156,9,1,1
6/30/2016,4/2/2003,SO51075,354,12850,8,1,1
6/30/2016,3/22/2003,SO51076,328,15959,1,1,1
6/30/2016,3/3/2003,SO51078,358,15786,9,1,1
6/30/2016,6/5/2003,SO51077,354,15729,9,1,1
6/30/2016,3/30/2003,SO51080,373,24602,9,1,1
6/30/2016,5/31/2003,SO51072,352,27571,4,1,1
6/30/2016,5/7/2003,SO51073,371,19058,10,1,1
6/30/2016,3/23/2003,SO51071,360,21655,6,1,1
7/1/2016,4/11/2003,SO51176,379,18239,9,1,1
7/1/2016,3/8/2003,SO51176,479,18239,9,2,1
7/1/2016,3/17/2003,SO51188,606,12657,8,1,1
7/1/2016,4/6/2003,SO51179,529,22430,7,3,2
7/1/2016,4/10/2003,SO51179,377,22430,7,1,1
7/1/2016,4/27/2003,SO51179,486,22430,7,4,1
7/1/2016,4/6/2003,SO51179,540,22430,7,2,1
7/1/2016,4/6/2003,SO51185,541,27767,8,2,3
7/1/2016,3/8/2003,SO51185,530,27767,8,3,1
7/1/2016,4/30/2003,SO51185,571,27767,8,1,1
7/1/2016,3/4/2003,SO51177,215,27873,9,2,1
7/1/2016,4/1/2003,SO51177,577,27873,9,1,1
7/1/2016,6/5/2003,SO51180,479,16313,8,2,2
7/1/2016,4/25/2003,SO51180,214,16313,8,4,1
7/1/2016,4/3/2003,SO51180,229,16313,8,5,1
7/1/2016,4/4/2003,SO51180,373,16313,8,1,1
7/1/2016,3/13/2003,SO51180,477,16313,8,3,1
7/1/2016,6/13/2003,SO51187,538,22261,4,2,2
7/1/2016,4/20/2003,SO51187,606,22261,4,1,1
7/1/2016,5/13/2003,SO51186,573,24339,4,1,1
7/1/2016,6/14/2003,SO51181,529,12132,7,2,2
7/1/2016,3/8/2003,SO51181,214,12132,7,4,1
7/1/2016,5/7/2003,SO51181,371,12132,7,1,1
7/1/2016,5/25/2003,SO51181,540,12132,7,3,1
7/1/2016,4/4/2003,SO51182,232,22998,6,2,1
7/1/2016,5/6/2003,SO51182,581,22998,6,1,1
7/1/2016,3/26/2003,SO51178,477,11245,8,3,2
7/1/2016,6/2/2003,SO51178,478,11245,8,2,2
7/1/2016,5/2/2003,SO51178,352,11245,8,1,1
7/1/2016,3/15/2003,SO51183,232,20662,1,2,1
7/1/2016,6/10/2003,SO51183,581,20662,1,1,1
7/1/2016,5/22/2003,SO51184,528,11263,1,3,2
7/1/2016,3/15/2003,SO51184,220,11263,1,4,1
7/1/2016,5/24/2003,SO51184,352,11263,1,1,1
7/1/2016,3/7/2003,SO51184,537,11263,1,2,1
7/2/2016,4/17/2003,SO51194,485,11089,4,2,2
7/2/2016,3/10/2003,SO51194,215,11089,4,3,1
7/2/2016,4/14/2003,SO51194,362,11089,4,1,1
7/2/2016,5/2/2003,SO51196,477,18906,9,3,2
7/2/2016,5/20/2003,SO51196,479,18906,9,2,2
7/2/2016,4/28/2003,SO51196,220,18906,9,4,1
7/2/2016,4/6/2003,SO51196,232,18906,9,5,1
7/2/2016,4/22/2003,SO51196,604,18906,9,1,1
7/2/2016,3/27/2003,SO51202,489,26864,8,2,1
7/2/2016,4/10/2003,SO51202,578,26864,8,1,1
7/2/2016,3/6/2003,SO51191,477,12390,8,3,2
7/2/2016,5/24/2003,SO51191,478,12390,8,2,2
7/2/2016,6/11/2003,SO51191,214,12390,8,4,1
7/2/2016,4/20/2003,SO51191,362,12390,8,1,1
7/2/2016,4/20/2003,SO51190,529,20824,10,2,3
7/2/2016,3/10/2003,SO51190,539,20824,10,3,2
7/2/2016,5/8/2003,SO51190,580,20824,10,1,1
7/2/2016,6/10/2003,SO51199,223,21440,4,3,2
7/2/2016,3/26/2003,SO51199,477,21440,4,4,2
7/2/2016,3/12/2003,SO51199,479,21440,4,2,2
7/2/2016,5/20/2003,SO51199,606,21440,4,1,1
7/2/2016,4/20/2003,SO51201,220,27820,10,2,1
7/2/2016,5/6/2003,SO51201,573,27820,10,1,1
7/2/2016,5/10/2003,SO51193,485,11020,6,2,2
7/2/2016,3/31/2003,SO51193,362,11020,6,1,1
7/2/2016,3/12/2003,SO51197,223,11448,9,4,2
7/2/2016,4/26/2003,SO51197,477,11448,9,3,2
7/2/2016,3/27/2003,SO51197,478,11448,9,2,2
7/2/2016,6/9/2003,SO51197,362,11448,9,1,1
7/2/2016,3/4/2003,SO51192,214,11241,7,2,1
7/2/2016,3/10/2003,SO51192,362,11241,7,1,1
7/2/2016,6/9/2003,SO51195,528,14066,9,2,2
7/2/2016,3/10/2003,SO51195,536,14066,9,3,1
7/2/2016,3/17/2003,SO51195,588,14066,9,1,1
7/2/2016,3/8/2003,SO51189,466,16688,9,3,2
7/2/2016,3/9/2003,SO51189,215,16688,9,2,1
7/2/2016,6/6/2003,SO51189,375,16688,9,1,1
7/3/2016,3/15/2003,SO51217,480,11449,9,4,3
7/3/2016,3/8/2003,SO51217,528,11449,9,2,2
7/3/2016,5/16/2003,SO51217,352,11449,9,1,1
7/3/2016,5/9/2003,SO51217,537,11449,9,3,1
7/3/2016,6/6/2003,SO51205,478,11240,10,2,3
7/3/2016,3/29/2003,SO51205,477,11240,10,3,2
7/3/2016,3/25/2003,SO51205,220,11240,10,4,1
7/3/2016,5/8/2003,SO51205,354,11240,10,1,1
7/3/2016,3/15/2003,SO51216,477,11117,9,4,2
7/3/2016,4/24/2003,SO51216,478,11117,9,3,2
7/3/2016,6/5/2003,SO51216,485,11117,9,2,2
7/3/2016,5/31/2003,SO51216,223,11117,9,5,1
7/3/2016,3/20/2003,SO51216,354,11117,9,1,1
7/3/2016,5/2/2003,SO51208,220,23234,8,2,1
7/3/2016,3/10/2003,SO51208,371,23234,8,1,1
7/3/2016,5/18/2003,SO51211,482,13841,10,2,2
7/3/2016,5/21/2003,SO51211,565,13841,10,1,1
7/3/2016,4/26/2003,SO51222,538,25641,10,2,1
7/3/2016,6/6/2003,SO51222,605,25641,10,1,1
7/3/2016,5/25/2003,SO51218,596,11943,9,1,1
7/3/2016,3/14/2003,SO51207,477,11338,8,3,2
7/3/2016,4/7/2003,SO51207,478,11338,8,2,2
7/3/2016,3/20/2003,SO51207,214,11338,8,4,1
7/3/2016,5/29/2003,SO51207,356,11338,8,1,1
7/3/2016,6/3/2003,SO51206,477,11400,10,3,3
7/3/2016,3/17/2003,SO51206,223,11400,10,4,2
7/3/2016,5/9/2003,SO51206,478,11400,10,2,2
7/3/2016,5/14/2003,SO51206,360,11400,10,1,1
7/3/2016,3/16/2003,SO51219,462,25086,4,4,2
7/3/2016,4/25/2003,SO51219,530,25086,4,2,2
7/3/2016,5/4/2003,SO51219,541,25086,4,3,2
7/3/2016,3/12/2003,SO51219,215,25086,4,5,1
7/3/2016,4/25/2003,SO51219,560,25086,4,1,1
7/3/2016,5/25/2003,SO51220,479,21575,4,2,2
7/3/2016,3/20/2003,SO51220,604,21575,4,1,1
7/3/2016,5/10/2003,SO51215,360,11108,9,1,1
7/3/2016,3/8/2003,SO51215,537,11108,9,2,1
7/3/2016,4/11/2003,SO51209,215,13059,4,3,1
7/3/2016,4/23/2003,SO51209,464,13059,4,4,1
7/3/2016,4/19/2003,SO51209,485,13059,4,2,1
7/3/2016,5/29/2003,SO51209,593,13059,4,1,1
7/3/2016,4/15/2003,SO51223,477,26826,8,3,2
7/3/2016,3/25/2003,SO51223,479,26826,8,2,2
7/3/2016,3/11/2003,SO51223,482,26826,8,4,2
7/3/2016,4/18/2003,SO51223,577,26826,8,1,1
7/3/2016,3/23/2003,SO51203,477,18208,9,3,2
7/3/2016,5/25/2003,SO51203,479,18208,9,2,2
7/3/2016,4/2/2003,SO51203,371,18208,9,1,1
7/3/2016,3/19/2003,SO51204,373,13519,9,1,1
7/3/2016,6/8/2003,SO51213,220,28202,9,2,1
7/3/2016,6/8/2003,SO51213,576,28202,9,1,1
7/3/2016,6/8/2003,SO51212,529,24604,9,3,2
7/3/2016,6/10/2003,SO51212,539,24604,9,2,2
7/3/2016,4/5/2003,SO51212,214,24604,9,4,1
7/3/2016,3/24/2003,SO51212,383,24604,9,1,1
7/3/2016,3/6/2003,SO51212,488,24604,9,5,1
7/3/2016,3/30/2003,SO51214,477,19765,9,3,2
7/3/2016,5/8/2003,SO51214,479,19765,9,2,2
7/3/2016,5/26/2003,SO51214,584,19765,9,1,1
7/3/2016,5/15/2003,SO51210,220,11261,4,2,1
7/3/2016,3/24/2003,SO51210,360,11261,4,1,1
7/3/2016,4/3/2003,SO51221,223,12130,8,2,2
7/3/2016,6/9/2003,SO51221,389,12130,8,1,1
7/3/2016,6/15/2003,SO51221,490,12130,8,3,1
7/4/2016,5/17/2003,SO51241,480,21600,4,3,2
7/4/2016,6/5/2003,SO51241,538,21600,4,2,1
7/4/2016,4/25/2003,SO51241,606,21600,4,1,1
7/4/2016,5/25/2003,SO51227,529,25793,8,2,2
7/4/2016,6/9/2003,SO51227,377,25793,8,1,1
7/4/2016,5/18/2003,SO51227,540,25793,8,3,1
7/4/2016,4/27/2003,SO51225,223,20982,10,3,2
7/4/2016,3/19/2003,SO51225,490,20982,10,2,1
7/4/2016,4/15/2003,SO51225,581,20982,10,1,1
7/4/2016,6/1/2003,SO51239,352,11076,9,1,1
7/4/2016,6/2/2003,SO51239,487,11076,9,2,1
7/4/2016,4/19/2003,SO51245,223,12124,7,3,2
7/4/2016,3/30/2003,SO51245,220,12124,7,2,1
7/4/2016,5/25/2003,SO51245,562,12124,7,1,1
7/4/2016,5/17/2003,SO51235,360,11105,9,1,1
7/4/2016,3/26/2003,SO51233,583,18467,9,1,1
7/4/2016,4/29/2003,SO51226,379,22822,10,1,1
7/4/2016,5/9/2003,SO51226,540,22822,10,2,1
7/4/2016,4/18/2003,SO51232,214,11615,10,2,1
7/4/2016,4/30/2003,SO51232,571,11615,10,1,1
7/4/2016,5/30/2003,SO51231,480,11257,4,2,3
7/4/2016,6/14/2003,SO51231,362,11257,4,1,1
7/4/2016,5/18/2003,SO51243,529,25609,10,3,2
7/4/2016,5/16/2003,SO51243,538,25609,10,2,2
7/4/2016,4/8/2003,SO51243,605,25609,10,1,1
7/4/2016,6/19/2003,SO51242,220,19225,4,2,1
7/4/2016,6/2/2003,SO51242,387,19225,4,1,1
7/4/2016,4/26/2003,SO51242,471,19225,4,3,1
7/4/2016,6/6/2003,SO51236,358,11106,9,1,1
7/4/2016,5/19/2003,SO51228,223,11402,7,5,2
7/4/2016,5/7/2003,SO51228,478,11402,7,3,2
7/4/2016,5/17/2003,SO51228,354,11402,7,1,1
7/4/2016,6/9/2003,SO51228,477,11402,7,2,1
7/4/2016,4/20/2003,SO51228,487,11402,7,4,1
7/4/2016,5/16/2003,SO51246,477,25625,8,3,2
7/4/2016,4/4/2003,SO51246,479,25625,8,2,2
7/4/2016,5/5/2003,SO51246,214,25625,8,4,1
7/4/2016,6/13/2003,SO51246,574,25625,8,1,1
7/4/2016,6/4/2003,SO51240,220,23859,6,2,1
7/4/2016,5/5/2003,SO51240,584,23859,6,1,1
7/4/2016,5/31/2003,SO51234,214,28204,9,2,1
7/4/2016,4/13/2003,SO51234,562,28204,9,1,1
7/4/2016,4/27/2003,SO51224,352,11345,7,1,1
7/4/2016,5/9/2003,SO51224,537,11345,7,2,1
7/4/2016,4/16/2003,SO51238,358,11002,9,1,1
7/4/2016,3/6/2003,SO51230,478,11292,4,4,3
7/4/2016,4/24/2003,SO51230,485,11292,4,2,3
7/4/2016,4/15/2003,SO51230,477,11292,4,3,2
7/4/2016,5/2/2003,SO51230,358,11292,4,1,1
7/4/2016,3/14/2003,SO51229,377,20038,4,1,1
7/4/2016,4/29/2003,SO51237,477,11061,9,3,2
7/4/2016,6/9/2003,SO51237,478,11061,9,2,2
7/4/2016,6/14/2003,SO51237,214,11061,9,4,1
7/4/2016,5/1/2003,SO51237,356,11061,9,1,1
7/4/2016,5/22/2003,SO51244,538,29355,8,2,3
7/4/2016,3/30/2003,SO51244,480,29355,8,4,2
7/4/2016,6/6/2003,SO51244,529,29355,8,3,2
7/4/2016,5/6/2003,SO51244,604,29355,8,1,1
7/5/2016,4/30/2003,SO51260,477,25618,8,3,2
7/5/2016,4/28/2003,SO51260,479,25618,8,2,2
7/5/2016,3/31/2003,SO51260,575,25618,8,1,1
7/5/2016,5/17/2003,SO51254,529,20180,4,2,2
7/5/2016,3/24/2003,SO51254,371,20180,4,1,1
7/5/2016,4/27/2003,SO51254,484,20180,4,4,1
7/5/2016,6/4/2003,SO51254,540,20180,4,3,1
7/5/2016,5/10/2003,SO51248,377,12307,7,1,1
7/5/2016,5/21/2003,SO51257,381,19167,4,1,1
7/5/2016,5/8/2003,SO51247,477,11249,8,2,2
7/5/2016,4/29/2003,SO51247,478,11249,8,3,2
7/5/2016,4/15/2003,SO51247,360,11249,8,1,1
7/5/2016,3/7/2003,SO51250,477,19360,10,3,2
7/5/2016,4/15/2003,SO51250,479,19360,10,2,2
7/5/2016,5/17/2003,SO51250,375,19360,10,1,1
7/5/2016,3/28/2003,SO51250,489,19360,10,4,1
7/5/2016,5/22/2003,SO51255,462,23105,9,3,2
7/5/2016,3/16/2003,SO51255,215,23105,9,2,1
7/5/2016,5/15/2003,SO51255,385,23105,9,1,1
7/5/2016,5/31/2003,SO51252,480,15551,1,3,2
7/5/2016,4/28/2003,SO51252,535,15551,1,2,2
7/5/2016,4/13/2003,SO51252,592,15551,1,1,1
7/5/2016,4/12/2003,SO51251,373,11433,7,1,1
7/5/2016,5/14/2003,SO51259,479,11433,7,2,2
7/5/2016,3/21/2003,SO51259,214,11433,7,4,1
7/5/2016,3/21/2003,SO51259,223,11433,7,5,1
7/5/2016,5/14/2003,SO51259,477,11433,7,3,1
7/5/2016,6/5/2003,SO51259,573,11433,7,1,1
7/5/2016,5/29/2003,SO51249,477,11334,10,3,2
7/5/2016,5/21/2003,SO51249,478,11334,10,2,2
7/5/2016,6/9/2003,SO51249,352,11334,10,1,1
7/5/2016,4/15/2003,SO51253,484,22785,6,2,2
7/5/2016,6/7/2003,SO51253,377,22785,6,1,1
7/5/2016,3/10/2003,SO51258,214,18544,6,2,1
7/5/2016,6/5/2003,SO51258,385,18544,6,1,1
7/5/2016,3/19/2003,SO51256,485,11017,9,2,2
7/5/2016,3/31/2003,SO51256,362,11017,9,1,1
7/5/2016,4/16/2003,SO51261,488,12271,10,2,1
7/5/2016,4/2/2003,SO51261,578,12271,10,1,1
7/6/2016,3/12/2003,SO51264,485,11282,1,4,2
7/6/2016,3/17/2003,SO51264,528,11282,1,2,2
7/6/2016,3/10/2003,SO51264,360,11282,1,1,1
7/6/2016,6/7/2003,SO51264,473,11282,1,5,1
7/6/2016,5/24/2003,SO51264,537,11282,1,3,1
7/6/2016,6/3/2003,SO51265,223,11264,1,4,2
7/6/2016,3/16/2003,SO51265,485,11264,1,2,2
7/6/2016,5/12/2003,SO51265,226,11264,1,3,1
7/6/2016,4/18/2003,SO51265,362,11264,1,1,1
7/6/2016,5/15/2003,SO51267,485,11456,9,2,3
7/6/2016,4/6/2003,SO51267,464,11456,9,6,2
7/6/2016,6/2/2003,SO51267,477,11456,9,4,2
7/6/2016,5/28/2003,SO51267,478,11456,9,3,2
7/6/2016,6/14/2003,SO51267,214,11456,9,5,1
7/6/2016,6/18/2003,SO51267,362,11456,9,1,1
7/6/2016,5/5/2003,SO51266,564,28136,9,1,1
7/6/2016,4/14/2003,SO51262,477,11340,7,3,2
7/6/2016,4/15/2003,SO51262,478,11340,7,2,2
7/6/2016,4/1/2003,SO51262,358,11340,7,1,1
7/6/2016,4/9/2003,SO51262,491,11340,7,4,1
7/6/2016,4/24/2003,SO51263,528,21534,10,2,2
7/6/2016,4/27/2003,SO51263,536,21534,10,3,2
7/6/2016,5/17/2003,SO51263,215,21534,10,4,1
7/6/2016,5/25/2003,SO51263,588,21534,10,1,1
7/7/2016,6/21/2003,SO51271,215,16944,8,2,1
7/7/2016,4/8/2003,SO51271,232,16944,8,3,1
7/7/2016,6/19/2003,SO51271,462,16944,8,4,1
7/7/2016,5/12/2003,SO51271,582,16944,8,1,1
7/7/2016,4/22/2003,SO51276,485,11136,6,2,2
7/7/2016,6/16/2003,SO51276,358,11136,6,1,1
7/7/2016,5/30/2003,SO51276,472,11136,6,3,1
7/7/2016,3/20/2003,SO51273,377,19341,10,1,1
7/7/2016,3/28/2003,SO51273,487,19341,10,2,1
7/7/2016,3/12/2003,SO51275,220,11265,1,3,1
7/7/2016,5/10/2003,SO51275,358,11265,1,1,1
7/7/2016,4/22/2003,SO51275,485,11265,1,2,1
7/7/2016,4/12/2003,SO51269,480,16693,9,4,2
7/7/2016,4/5/2003,SO51269,529,16693,9,3,2
7/7/2016,5/26/2003,SO51269,373,16693,9,1,1
7/7/2016,3/17/2003,SO51269,540,16693,9,2,1
7/7/2016,4/17/2003,SO51283,538,24386,6,2,2
7/7/2016,3/10/2003,SO51283,529,24386,6,3,1
7/7/2016,4/15/2003,SO51283,604,24386,6,1,1
7/7/2016,6/3/2003,SO51278,220,27766,8,2,1
7/7/2016,4/21/2003,SO51278,232,27766,8,3,1
7/7/2016,4/1/2003,SO51278,565,27766,8,1,1
7/7/2016,3/30/2003,SO51280,489,18468,9,2,1
7/7/2016,5/10/2003,SO51280,582,18468,9,1,1
7/7/2016,3/24/2003,SO51277,215,11278,1,2,1
7/7/2016,6/4/2003,SO51277,362,11278,1,1,1
7/7/2016,3/31/2003,SO51279,215,20716,8,2,1
7/7/2016,6/20/2003,SO51279,569,20716,8,1,1
7/7/2016,3/13/2003,SO51268,484,18212,9,2,2
7/7/2016,3/17/2003,SO51268,375,18212,9,1,1
7/7/2016,5/7/2003,SO51274,529,25779,8,2,2
7/7/2016,4/19/2003,SO51274,371,25779,8,1,1
7/7/2016,5/8/2003,SO51274,540,25779,8,3,1
7/7/2016,3/11/2003,SO51272,371,19418,10,1,1
7/7/2016,5/17/2003,SO51272,540,19418,10,2,1
7/7/2016,5/9/2003,SO51270,220,11341,10,2,1
7/7/2016,5/3/2003,SO51270,223,11341,10,3,1
7/7/2016,5/10/2003,SO51270,358,11341,10,1,1
7/7/2016,3/14/2003,SO51282,477,11008,9,2,2
7/7/2016,6/12/2003,SO51282,478,11008,9,3,2
7/7/2016,4/21/2003,SO51282,480,11008,9,4,2
7/7/2016,4/13/2003,SO51282,360,11008,9,1,1
7/7/2016,5/17/2003,SO51284,232,22667,10,2,1
7/7/2016,4/8/2003,SO51284,385,22667,10,1,1
7/7/2016,3/24/2003,SO51281,581,18697,9,1,1
7/8/2016,6/1/2003,SO51296,220,19417,8,2,1
7/8/2016,4/4/2003,SO51296,381,19417,8,1,1
7/8/2016,5/7/2003,SO51299,220,14775,8,2,1
7/8/2016,5/31/2003,SO51299,574,14775,8,1,1
7/8/2016,6/18/2003,SO51286,480,16311,10,4,2
7/8/2016,6/22/2003,SO51286,528,16311,10,3,2
7/8/2016,5/18/2003,SO51286,536,16311,10,2,2
7/8/2016,6/8/2003,SO51286,588,16311,10,1,1
7/8/2016,4/9/2003,SO51288,480,11335,8,3,2
7/8/2016,4/18/2003,SO51288,485,11335,8,2,2
7/8/2016,6/14/2003,SO51288,356,11335,8,1,1
7/8/2016,4/13/2003,SO51297,529,29356,8,3,2
7/8/2016,5/17/2003,SO51297,538,29356,8,2,2
7/8/2016,5/29/2003,SO51297,471,29356,8,4,1
7/8/2016,4/17/2003,SO51297,606,29356,8,1,1
7/8/2016,6/15/2003,SO51294,480,17512,9,3,2
7/8/2016,4/4/2003,SO51294,535,17512,9,2,2
7/8/2016,4/12/2003,SO51294,591,17512,9,1,1
7/8/2016,5/28/2003,SO51295,220,24425,1,2,1
7/8/2016,3/15/2003,SO51295,573,24425,1,1,1
7/8/2016,3/20/2003,SO51298,477,27949,10,3,2
7/8/2016,5/4/2003,SO51298,479,27949,10,2,2
7/8/2016,6/4/2003,SO51298,605,27949,10,1,1
7/8/2016,6/19/2003,SO51291,478,11447,9,2,3
7/8/2016,6/20/2003,SO51291,477,11447,9,3,2
7/8/2016,5/22/2003,SO51291,362,11447,9,1,1
7/8/2016,5/7/2003,SO51293,352,11060,9,1,1
7/8/2016,4/20/2003,SO51290,478,11445,9,2,2
7/8/2016,5/12/2003,SO51290,358,11445,9,1,1
7/8/2016,3/10/2003,SO51289,480,11084,1,2,2
7/8/2016,4/22/2003,SO51289,356,11084,1,1,1
7/8/2016,3/27/2003,SO51292,354,11058,9,1,1
7/8/2016,4/8/2003,SO51292,487,11058,9,2,1
7/8/2016,4/3/2003,SO51285,478,12397,8,2,2
7/8/2016,3/23/2003,SO51285,352,12397,8,1,1
7/8/2016,5/13/2003,SO51287,223,24883,8,3,2
7/8/2016,3/27/2003,SO51287,220,24883,8,2,1
7/8/2016,4/10/2003,SO51287,373,24883,8,1,1
7/9/2016,3/13/2003,SO51314,477,26666,9,3,2
7/9/2016,6/23/2003,SO51314,479,26666,9,2,2
7/9/2016,6/23/2003,SO51314,605,26666,9,1,1
7/9/2016,4/15/2003,SO51316,466,19320,7,3,3
7/9/2016,3/12/2003,SO51316,387,19320,7,1,1
7/9/2016,5/3/2003,SO51316,489,19320,7,2,1
7/9/2016,5/9/2003,SO51311,223,22940,9,3,2
7/9/2016,5/3/2003,SO51311,491,22940,9,2,1
7/9/2016,5/13/2003,SO51311,580,22940,9,1,1
7/9/2016,3/30/2003,SO51318,462,22432,8,4,2
7/9/2016,5/14/2003,SO51318,479,22432,8,2,2
7/9/2016,5/27/2003,SO51318,477,22432,8,3,1
7/9/2016,5/25/2003,SO51318,604,22432,8,1,1
7/9/2016,4/18/2003,SO51315,223,11003,9,4,2
7/9/2016,6/21/2003,SO51315,360,11003,9,1,1
7/9/2016,6/17/2003,SO51315,477,11003,9,3,1
7/9/2016,6/9/2003,SO51315,478,11003,9,2,1
7/9/2016,4/29/2003,SO51302,488,16569,7,2,1
7/9/2016,4/30/2003,SO51302,580,16569,7,1,1
7/9/2016,6/9/2003,SO51306,480,11333,10,3,2
7/9/2016,4/27/2003,SO51306,485,11333,10,2,2
7/9/2016,3/29/2003,SO51306,354,11333,10,1,1
7/9/2016,4/25/2003,SO51317,479,26994,7,2,3
7/9/2016,4/17/2003,SO51317,477,26994,7,3,2
7/9/2016,5/27/2003,SO51317,381,26994,7,1,1
7/9/2016,3/29/2003,SO51309,477,15553,4,3,2
7/9/2016,4/4/2003,SO51309,478,15553,4,2,2
7/9/2016,5/15/2003,SO51309,214,15553,4,4,1
7/9/2016,6/24/2003,SO51309,599,15553,4,1,1
7/9/2016,5/8/2003,SO51310,352,11328,6,1,1
7/9/2016,3/24/2003,SO51320,541,24061,7,2,2
7/9/2016,5/31/2003,SO51320,561,24061,7,1,1
7/9/2016,3/18/2003,SO51305,352,11242,7,1,1
7/9/2016,5/18/2003,SO51312,477,28207,9,3,3
7/9/2016,6/21/2003,SO51312,479,28207,9,2,2
7/9/2016,3/23/2003,SO51312,471,28207,9,4,1
7/9/2016,4/25/2003,SO51312,574,28207,9,1,1
7/9/2016,4/25/2003,SO51301,223,14050,9,2,2
7/9/2016,4/20/2003,SO51301,578,14050,9,1,1
7/9/2016,3/15/2003,SO51308,477,18958,4,2,2
7/9/2016,3/20/2003,SO51308,478,18958,4,3,2
7/9/2016,4/18/2003,SO51308,480,18958,4,4,2
7/9/2016,5/8/2003,SO51308,484,18958,4,5,2
7/9/2016,4/25/2003,SO51308,598,18958,4,1,1
7/9/2016,6/10/2003,SO51300,375,16702,9,1,1
7/9/2016,3/26/2003,SO51304,223,17644,10,2,2
7/9/2016,3/21/2003,SO51304,592,17644,10,1,1
7/9/2016,5/12/2003,SO51307,478,11336,7,2,3
7/9/2016,3/24/2003,SO51307,477,11336,7,3,2
7/9/2016,4/16/2003,SO51307,215,11336,7,4,1
7/9/2016,4/8/2003,SO51307,354,11336,7,1,1
7/9/2016,5/6/2003,SO51303,478,13774,8,2,2
7/9/2016,5/5/2003,SO51303,215,13774,8,3,1
7/9/2016,5/21/2003,SO51303,587,13774,8,1,1
7/9/2016,5/8/2003,SO51319,477,28758,7,3,2
7/9/2016,6/19/2003,SO51319,479,28758,7,2,2
7/9/2016,6/24/2003,SO51319,606,28758,7,1,1
7/9/2016,4/29/2003,SO51313,564,28203,9,1,1
7/10/2016,3/23/2003,SO51325,215,11083,4,4,1
7/10/2016,4/2/2003,SO51325,352,11083,4,1,1
7/10/2016,3/23/2003,SO51325,528,11083,4,2,1
7/10/2016,5/23/2003,SO51325,537,11083,4,3,1
7/10/2016,5/9/2003,SO51334,381,19335,7,1,1
7/10/2016,4/14/2003,SO51334,490,19335,7,2,1
7/10/2016,3/19/2003,SO51323,220,11332,8,2,1
7/10/2016,3/12/2003,SO51323,352,11332,8,1,1
7/10/2016,4/12/2003,SO51329,477,26312,1,3,2
7/10/2016,4/9/2003,SO51329,479,26312,1,2,2
7/10/2016,3/19/2003,SO51329,490,26312,1,4,1
7/10/2016,3/22/2003,SO51329,571,26312,1,1,1
7/10/2016,5/14/2003,SO51322,484,12296,7,2,2
7/10/2016,3/15/2003,SO51322,373,12296,7,1,1
7/10/2016,5/24/2003,SO51331,223,24403,4,1,2
7/10/2016,5/18/2003,SO51331,564,24403,4,2,1
7/10/2016,5/17/2003,SO51324,352,11155,4,1,1
7/10/2016,5/13/2003,SO51335,538,21004,7,2,1
7/10/2016,6/10/2003,SO51335,604,21004,7,1,1
7/10/2016,6/11/2003,SO51326,220,25723,7,2,1
7/10/2016,4/11/2003,SO51326,571,25723,7,1,1
7/10/2016,3/21/2003,SO51328,604,26655,9,1,1
7/10/2016,6/23/2003,SO51327,479,27745,9,4,3
7/10/2016,5/26/2003,SO51327,477,27745,9,2,2
7/10/2016,4/27/2003,SO51327,472,27745,9,3,1
7/10/2016,6/14/2003,SO51327,604,27745,9,1,1
7/10/2016,6/25/2003,SO51330,220,28298,4,2,1
7/10/2016,3/31/2003,SO51330,578,28298,4,1,1
7/10/2016,5/29/2003,SO51321,479,18246,9,2,3
7/10/2016,3/23/2003,SO51321,375,18246,9,1,1
7/10/2016,3/17/2003,SO51333,529,22631,10,2,2
7/10/2016,3/25/2003,SO51333,539,22631,10,3,2
7/10/2016,5/11/2003,SO51333,385,22631,10,1,1
7/10/2016,3/22/2003,SO51332,605,21439,1,1,1
7/11/2016,6/25/2003,SO51352,481,11093,9,4,3
7/11/2016,6/13/2003,SO51352,485,11093,9,2,2
7/11/2016,6/25/2003,SO51352,220,11093,9,3,1
7/11/2016,4/4/2003,SO51352,362,11093,9,1,1
7/11/2016,4/27/2003,SO51351,220,11446,9,2,1
7/11/2016,6/21/2003,SO51351,354,11446,9,1,1
7/11/2016,3/21/2003,SO51337,377,18220,9,1,1
7/11/2016,4/16/2003,SO51336,529,18243,9,3,2
7/11/2016,5/4/2003,SO51336,375,18243,9,1,1
7/11/2016,3/28/2003,SO51336,540,18243,9,2,1
7/11/2016,4/22/2003,SO51355,538,22260,1,2,3
7/11/2016,4/13/2003,SO51355,480,22260,1,3,1
7/11/2016,4/26/2003,SO51355,584,22260,1,1,1
7/11/2016,6/17/2003,SO51345,477,11267,4,3,3
7/11/2016,4/11/2003,SO51345,478,11267,4,2,2
7/11/2016,5/4/2003,SO51345,360,11267,4,1,1
7/11/2016,6/11/2003,SO51345,487,11267,4,4,1
7/11/2016,4/30/2003,SO51350,358,11054,9,1,1
7/11/2016,4/16/2003,SO51350,487,11054,9,2,1
7/11/2016,5/20/2003,SO51350,488,11054,9,3,1
7/11/2016,5/5/2003,SO51353,223,25092,4,4,2
7/11/2016,4/17/2003,SO51353,530,25092,4,3,2
7/11/2016,6/22/2003,SO51353,541,25092,4,2,2
7/11/2016,6/9/2003,SO51353,579,25092,4,1,1
7/11/2016,5/19/2003,SO51343,479,11439,7,2,3
7/11/2016,6/3/2003,SO51343,477,11439,7,3,2
7/11/2016,6/25/2003,SO51343,375,11439,7,1,1
7/11/2016,6/9/2003,SO51348,360,11167,1,1,1
7/11/2016,4/26/2003,SO51348,537,11167,1,2,1
7/11/2016,4/22/2003,SO51340,232,13789,8,2,1
7/11/2016,5/30/2003,SO51340,589,13789,8,1,1
7/11/2016,5/26/2003,SO51339,478,12462,8,2,3
7/11/2016,6/24/2003,SO51339,477,12462,8,4,2
7/11/2016,4/13/2003,SO51339,358,12462,8,1,1
7/11/2016,4/1/2003,SO51339,472,12462,8,3,1
7/11/2016,4/30/2003,SO51354,362,11454,9,1,1
7/11/2016,5/19/2003,SO51356,477,19393,4,3,2
7/11/2016,5/28/2003,SO51356,381,19393,4,1,1
7/11/2016,3/22/2003,SO51356,479,19393,4,2,1
7/11/2016,6/10/2003,SO51358,480,17833,8,4,2
7/11/2016,3/28/2003,SO51358,530,17833,8,3,2
7/11/2016,6/5/2003,SO51358,541,17833,8,2,2
7/11/2016,6/4/2003,SO51358,579,17833,8,1,1
7/11/2016,4/12/2003,SO51357,491,22415,8,3,1
7/11/2016,4/6/2003,SO51357,538,22415,8,2,1
7/11/2016,4/19/2003,SO51357,606,22415,8,1,1
7/11/2016,4/12/2003,SO51341,480,12301,7,4,2
7/11/2016,5/17/2003,SO51341,529,12301,7,2,2
7/11/2016,6/11/2003,SO51341,377,12301,7,1,1
7/11/2016,5/11/2003,SO51341,540,12301,7,3,1
7/11/2016,4/16/2003,SO51347,485,11062,1,2,2
7/11/2016,6/22/2003,SO51347,220,11062,1,3,1
7/11/2016,4/22/2003,SO51347,360,11062,1,1,1
7/11/2016,5/27/2003,SO51346,485,11270,4,2,2
7/11/2016,4/6/2003,SO51346,215,11270,4,3,1
7/11/2016,5/21/2003,SO51346,362,11270,4,1,1
7/11/2016,4/19/2003,SO51346,490,11270,4,4,1
7/11/2016,4/24/2003,SO51342,215,19359,10,2,1
7/11/2016,4/21/2003,SO51342,379,19359,10,1,1
7/11/2016,4/15/2003,SO51344,539,16793,4,2,3
7/11/2016,4/30/2003,SO51344,223,16793,4,4,2
7/11/2016,4/11/2003,SO51344,529,16793,4,3,2
7/11/2016,6/7/2003,SO51344,235,16793,4,5,1
7/11/2016,3/22/2003,SO51344,581,16793,4,1,1
7/11/2016,6/5/2003,SO51338,381,16339,9,1,1
7/11/2016,4/10/2003,SO51349,480,23310,9,4,3
7/11/2016,4/22/2003,SO51349,539,23310,9,2,3
7/11/2016,6/9/2003,SO51349,529,23310,9,3,2
7/11/2016,5/9/2003,SO51349,383,23310,9,1,1
7/12/2016,4/18/2003,SO51359,223,18240,9,5,2
7/12/2016,4/15/2003,SO51359,477,18240,9,3,2
7/12/2016,4/21/2003,SO51359,479,18240,9,2,2
7/12/2016,5/13/2003,SO51359,371,18240,9,1,1
7/12/2016,3/28/2003,SO51359,491,18240,9,4,1
7/12/2016,5/4/2003,SO51372,539,26995,7,2,2
7/12/2016,5/1/2003,SO51372,389,26995,7,1,1
7/12/2016,5/25/2003,SO51370,477,24417,4,4,2
7/12/2016,6/1/2003,SO51370,479,24417,4,5,2
7/12/2016,6/9/2003,SO51370,530,24417,4,3,2
7/12/2016,3/18/2003,SO51370,541,24417,4,2,2
7/12/2016,5/17/2003,SO51370,220,24417,4,6,1
7/12/2016,6/15/2003,SO51370,575,24417,4,1,1
7/12/2016,5/17/2003,SO51371,223,22259,1,4,2
7/12/2016,6/5/2003,SO51371,477,22259,1,3,2
7/12/2016,4/12/2003,SO51371,479,22259,1,2,2
7/12/2016,3/23/2003,SO51371,606,22259,1,1,1
7/12/2016,4/26/2003,SO51373,220,22414,8,2,1
7/12/2016,5/3/2003,SO51373,584,22414,8,1,1
7/12/2016,5/15/2003,SO51362,480,16797,1,4,2
7/12/2016,5/16/2003,SO51362,539,16797,1,3,2
7/12/2016,4/23/2003,SO51362,529,16797,1,2,1
7/12/2016,6/10/2003,SO51362,581,16797,1,1,1
7/12/2016,6/9/2003,SO51364,590,13741,4,1,1
7/12/2016,4/16/2003,SO51369,477,24434,1,3,2
7/12/2016,4/21/2003,SO51369,479,24434,1,2,1
7/12/2016,4/15/2003,SO51369,573,24434,1,1,1
7/12/2016,5/8/2003,SO51360,477,11388,10,3,2
7/12/2016,3/27/2003,SO51360,478,11388,10,2,2
7/12/2016,6/22/2003,SO51360,484,11388,10,4,2
7/12/2016,5/26/2003,SO51360,356,11388,10,1,1
7/12/2016,4/23/2003,SO51365,358,11156,4,1,1
7/12/2016,3/31/2003,SO51365,487,11156,4,4,1
7/12/2016,4/4/2003,SO51365,528,11156,4,2,1
7/12/2016,5/5/2003,SO51365,537,11156,4,3,1
7/12/2016,4/14/2003,SO51361,375,25795,8,1,1
7/12/2016,5/31/2003,SO51361,480,25795,8,4,1
7/12/2016,6/24/2003,SO51361,529,25795,8,3,1
7/12/2016,5/24/2003,SO51361,540,25795,8,2,1
7/12/2016,6/25/2003,SO51363,477,15557,4,3,2
7/12/2016,5/8/2003,SO51363,478,15557,4,2,1
7/12/2016,4/9/2003,SO51363,596,15557,4,1,1
7/12/2016,4/13/2003,SO51366,583,14007,9,1,1
7/12/2016,6/20/2003,SO51368,220,19763,9,2,1
7/12/2016,4/28/2003,SO51368,605,19763,9,1,1
7/12/2016,4/12/2003,SO51367,481,19270,9,2,2
7/12/2016,3/27/2003,SO51367,604,19270,9,1,1
7/13/2016,5/27/2003,SO51379,528,13745,1,3,2
7/13/2016,5/20/2003,SO51379,536,13745,1,2,2
7/13/2016,6/5/2003,SO51379,220,13745,1,4,1
7/13/2016,4/19/2003,SO51379,587,13745,1,1,1
7/13/2016,4/20/2003,SO51375,214,18209,9,2,1
7/13/2016,6/3/2003,SO51375,379,18209,9,1,1
7/13/2016,6/22/2003,SO51386,485,11072,9,2,2
7/13/2016,4/17/2003,SO51386,354,11072,9,1,1
7/13/2016,6/16/2003,SO51386,490,11072,9,3,1
7/13/2016,3/25/2003,SO51384,464,11103,9,5,2
7/13/2016,4/13/2003,SO51384,477,11103,9,2,2
7/13/2016,6/9/2003,SO51384,478,11103,9,3,2
7/13/2016,6/9/2003,SO51384,358,11103,9,1,1
7/13/2016,5/31/2003,SO51384,491,11103,9,4,1
7/13/2016,4/15/2003,SO51390,466,25611,10,2,2
7/13/2016,6/8/2003,SO51390,584,25611,10,1,1
7/13/2016,4/11/2003,SO51378,232,21501,6,2,1
7/13/2016,4/18/2003,SO51378,597,21501,6,1,1
7/13/2016,5/7/2003,SO51389,223,19428,8,2,2
7/13/2016,5/13/2003,SO51389,232,19428,8,3,1
7/13/2016,6/25/2003,SO51389,383,19428,8,1,1
7/13/2016,6/5/2003,SO51387,478,11942,9,2,3
7/13/2016,6/7/2003,SO51387,477,11942,9,3,2
7/13/2016,5/7/2003,SO51387,220,11942,9,4,1
7/13/2016,5/13/2003,SO51387,591,11942,9,1,1
7/13/2016,4/27/2003,SO51382,360,11152,1,1,1
7/13/2016,5/4/2003,SO51381,362,11129,1,1,1
7/13/2016,6/16/2003,SO51377,214,14047,9,2,1
7/13/2016,4/9/2003,SO51377,579,14047,9,1,1
7/13/2016,6/6/2003,SO51374,214,18205,9,2,1
7/13/2016,6/21/2003,SO51374,371,18205,9,1,1
7/13/2016,5/23/2003,SO51383,215,25722,7,2,1
7/13/2016,5/1/2003,SO51383,586,25722,7,1,1
7/13/2016,3/23/2003,SO51388,354,11455,9,1,1
7/13/2016,4/14/2003,SO51380,528,11295,4,2,2
7/13/2016,3/17/2003,SO51380,352,11295,4,1,1
7/13/2016,6/11/2003,SO51380,483,11295,4,4,1
7/13/2016,4/4/2003,SO51380,537,11295,4,3,1
7/13/2016,4/18/2003,SO51376,371,18218,9,1,1
7/13/2016,6/26/2003,SO51385,480,11070,9,4,2
7/13/2016,3/27/2003,SO51385,484,11070,9,5,2
7/13/2016,5/1/2003,SO51385,528,11070,9,2,2
7/13/2016,3/28/2003,SO51385,360,11070,9,1,1
7/13/2016,6/18/2003,SO51385,537,11070,9,3,1
7/14/2016,6/15/2003,SO51403,214,21465,4,2,1
7/14/2016,5/10/2003,SO51403,605,21465,4,1,1
7/14/2016,6/16/2003,SO51400,214,28672,4,2,1
7/14/2016,5/10/2003,SO51400,565,28672,4,1,1
7/14/2016,4/26/2003,SO51393,214,16394,7,2,1
7/14/2016,5/20/2003,SO51393,375,16394,7,1,1
7/14/2016,5/26/2003,SO51394,379,19416,10,1,1
7/14/2016,6/6/2003,SO51394,540,19416,10,2,1
7/14/2016,6/8/2003,SO51404,479,21469,4,3,2
7/14/2016,6/9/2003,SO51404,214,21469,4,4,1
7/14/2016,3/24/2003,SO51404,477,21469,4,2,1
7/14/2016,5/22/2003,SO51404,584,21469,4,1,1
7/14/2016,5/4/2003,SO51395,373,20181,4,1,1
7/14/2016,4/29/2003,SO51406,223,22613,10,3,2
7/14/2016,5/1/2003,SO51406,389,22613,10,1,1
7/14/2016,3/26/2003,SO51406,489,22613,10,2,1
7/14/2016,5/27/2003,SO51401,226,28667,1,2,1
7/14/2016,4/7/2003,SO51401,566,28667,1,1,1
7/14/2016,4/8/2003,SO51405,538,21438,4,2,1
7/14/2016,4/22/2003,SO51405,584,21438,4,1,1
7/14/2016,6/16/2003,SO51397,480,11835,6,3,3
7/14/2016,4/18/2003,SO51397,485,11835,6,2,2
7/14/2016,5/30/2003,SO51397,358,11835,6,1,1
7/14/2016,6/26/2003,SO51392,477,16388,7,2,3
7/14/2016,6/11/2003,SO51392,479,16388,7,3,2
7/14/2016,3/27/2003,SO51392,220,16388,7,4,1
7/14/2016,6/17/2003,SO51392,371,16388,7,1,1
7/14/2016,4/24/2003,SO51402,223,22109,6,2,3
7/14/2016,6/27/2003,SO51402,573,22109,6,1,1
7/14/2016,6/23/2003,SO51391,529,19437,10,3,2
7/14/2016,5/31/2003,SO51391,373,19437,10,1,1
7/14/2016,4/18/2003,SO51391,540,19437,10,2,1
7/14/2016,4/18/2003,SO51399,528,11191,4,3,2
7/14/2016,5/1/2003,SO51399,352,11191,4,1,1
7/14/2016,6/1/2003,SO51399,537,11191,4,2,1
7/14/2016,6/8/2003,SO51398,354,11154,1,1,1
7/14/2016,6/8/2003,SO51396,473,13849,1,3,1
7/14/2016,3/29/2003,SO51396,475,13849,1,2,1
7/14/2016,6/4/2003,SO51396,588,13849,1,1,1
7/15/2016,5/10/2003,SO51415,462,21349,6,4,2
7/15/2016,5/5/2003,SO51415,476,21349,6,2,1
7/15/2016,5/19/2003,SO51415,491,21349,6,3,1
7/15/2016,6/13/2003,SO51415,589,21349,6,1,1
7/15/2016,4/30/2003,SO51408,484,11247,10,4,2
7/15/2016,4/29/2003,SO51408,362,11247,10,1,1
7/15/2016,3/22/2003,SO51408,480,11247,10,3,1
7/15/2016,4/23/2003,SO51408,537,11247,10,2,1
7/15/2016,4/26/2003,SO51414,232,16231,1,3,1
7/15/2016,5/15/2003,SO51414,379,16231,1,1,1
7/15/2016,3/17/2003,SO51414,540,16231,1,2,1
7/15/2016,5/10/2003,SO51418,477,26658,9,2,2
7/15/2016,5/1/2003,SO51418,479,26658,9,3,2
7/15/2016,6/7/2003,SO51418,488,26658,9,4,1
7/15/2016,3/29/2003,SO51418,584,26658,9,1,1
7/15/2016,6/22/2003,SO51416,215,11550,10,2,1
7/15/2016,6/1/2003,SO51416,585,11550,10,1,1
7/15/2016,6/21/2003,SO51423,480,29042,6,4,2
7/15/2016,5/2/2003,SO51423,530,29042,6,3,2
7/15/2016,6/23/2003,SO51423,541,29042,6,2,2
7/15/2016,5/25/2003,SO51423,561,29042,6,1,1
7/15/2016,4/29/2003,SO51421,360,11010,9,1,1
7/15/2016,3/21/2003,SO51412,371,22312,7,1,1
7/15/2016,6/2/2003,SO51412,480,22312,7,3,1
7/15/2016,6/13/2003,SO51412,540,22312,7,2,1
7/15/2016,6/12/2003,SO51409,485,11417,7,2,2
7/15/2016,5/8/2003,SO51409,352,11417,7,1,1
7/15/2016,4/29/2003,SO51409,483,11417,7,3,1
7/15/2016,6/13/2003,SO51411,223,11239,10,5,2
7/15/2016,4/5/2003,SO51411,477,11239,10,3,2
7/15/2016,3/25/2003,SO51411,478,11239,10,2,2
7/15/2016,4/19/2003,SO51411,220,11239,10,4,1
7/15/2016,3/31/2003,SO51411,362,11239,10,1,1
7/15/2016,5/18/2003,SO51419,538,18903,9,2,2
7/15/2016,4/21/2003,SO51419,529,18903,9,3,1
7/15/2016,6/22/2003,SO51419,604,18903,9,1,1
7/15/2016,6/30/2003,SO51417,477,11281,4,2,2
7/15/2016,5/9/2003,SO51417,478,11281,4,3,2
7/15/2016,5/4/2003,SO51417,484,11281,4,4,2
7/15/2016,5/21/2003,SO51417,354,11281,4,1,1
7/15/2016,6/28/2003,SO51425,383,19171,4,1,1
7/15/2016,3/20/2003,SO51425,489,19171,4,2,1
7/15/2016,5/17/2003,SO51413,478,15549,6,2,2
7/15/2016,3/25/2003,SO51413,592,15549,6,1,1
7/15/2016,4/24/2003,SO51407,529,18214,9,2,3
7/15/2016,3/28/2003,SO51407,214,18214,9,4,1
7/15/2016,6/14/2003,SO51407,375,18214,9,1,1
7/15/2016,3/26/2003,SO51407,540,18214,9,3,1
7/15/2016,4/23/2003,SO51420,485,11109,9,4,2
7/15/2016,3/28/2003,SO51420,528,11109,9,2,2
7/15/2016,6/28/2003,SO51420,362,11109,9,1,1
7/15/2016,4/23/2003,SO51420,483,11109,9,5,1
7/15/2016,5/21/2003,SO51420,537,11109,9,3,1
7/15/2016,3/29/2003,SO51410,485,14945,8,2,2
7/15/2016,5/6/2003,SO51410,483,14945,8,3,1
7/15/2016,6/25/2003,SO51410,600,14945,8,1,1
7/15/2016,5/28/2003,SO51424,464,21331,6,3,2
7/15/2016,4/26/2003,SO51424,220,21331,6,2,1
7/15/2016,4/6/2003,SO51424,606,21331,6,1,1
7/16/2016,5/29/2003,SO51433,220,26307,4,2,1
7/16/2016,3/22/2003,SO51433,566,26307,4,1,1
7/16/2016,5/5/2003,SO51431,477,11063,1,2,3
7/16/2016,4/4/2003,SO51431,223,11063,1,5,2
7/16/2016,6/9/2003,SO51431,478,11063,1,3,2
7/16/2016,3/18/2003,SO51431,362,11063,1,1,1
7/16/2016,4/2/2003,SO51431,490,11063,1,4,1
7/16/2016,4/27/2003,SO51438,381,19212,1,1,1
7/16/2016,6/7/2003,SO51438,491,19212,1,2,1
7/16/2016,6/19/2003,SO51432,485,11092,9,2,2
7/16/2016,3/19/2003,SO51432,352,11092,9,1,1
7/16/2016,5/29/2003,SO51426,214,18217,9,2,1
7/16/2016,6/24/2003,SO51426,377,18217,9,1,1
7/16/2016,4/20/2003,SO51430,485,11275,4,2,3
7/16/2016,6/26/2003,SO51430,220,11275,4,3,1
7/16/2016,6/4/2003,SO51430,356,11275,4,1,1
7/16/2016,4/5/2003,SO51436,214,16218,1,2,1
7/16/2016,4/4/2003,SO51436,605,16218,1,1,1
7/16/2016,6/1/2003,SO51439,462,21017,7,3,2
7/16/2016,5/22/2003,SO51439,477,21017,7,2,1
7/16/2016,4/17/2003,SO51439,479,21017,7,4,1
7/16/2016,6/29/2003,SO51439,605,21017,7,1,1
7/16/2016,5/9/2003,SO51429,360,11316,6,1,1
7/16/2016,6/8/2003,SO51429,487,11316,6,2,1
7/16/2016,4/25/2003,SO51437,477,21488,4,3,2
7/16/2016,3/30/2003,SO51437,479,21488,4,2,2
7/16/2016,6/13/2003,SO51437,214,21488,4,4,1
7/16/2016,5/3/2003,SO51437,235,21488,4,5,1
7/16/2016,4/5/2003,SO51437,604,21488,4,1,1
7/16/2016,5/26/2003,SO51428,466,12308,7,3,2
7/16/2016,6/30/2003,SO51428,377,12308,7,1,1
7/16/2016,6/4/2003,SO51428,540,12308,7,2,1
7/16/2016,6/24/2003,SO51435,223,24413,4,4,2
7/16/2016,3/20/2003,SO51435,477,24413,4,2,2
7/16/2016,6/11/2003,SO51435,479,24413,4,3,2
7/16/2016,5/21/2003,SO51435,576,24413,4,1,1
7/16/2016,3/30/2003,SO51434,578,23688,4,1,1
7/16/2016,3/27/2003,SO51427,214,11243,10,3,1
7/16/2016,5/27/2003,SO51427,360,11243,10,1,1
7/16/2016,6/12/2003,SO51427,537,11243,10,2,1
7/17/2016,4/1/2003,SO51443,528,11739,6,3,2
7/17/2016,6/12/2003,SO51443,352,11739,6,1,1
7/17/2016,6/6/2003,SO51443,537,11739,6,2,1
7/17/2016,6/14/2003,SO51453,529,25605,10,2,2
7/17/2016,5/20/2003,SO51453,538,25605,10,3,2
7/17/2016,6/6/2003,SO51453,220,25605,10,4,1
7/17/2016,6/18/2003,SO51453,605,25605,10,1,1
7/17/2016,4/30/2003,SO51447,485,11107,9,2,3
7/17/2016,4/21/2003,SO51447,215,11107,9,3,1
7/17/2016,3/27/2003,SO51447,352,11107,9,1,1
7/17/2016,6/24/2003,SO51441,484,12124,7,2,2
7/17/2016,6/3/2003,SO51441,377,12124,7,1,1
7/17/2016,6/1/2003,SO51442,529,20834,10,2,2
7/17/2016,3/25/2003,SO51442,539,20834,10,3,2
7/17/2016,6/26/2003,SO51442,488,20834,10,4,1
7/17/2016,3/25/2003,SO51442,582,20834,10,1,1
7/17/2016,6/2/2003,SO51446,215,24606,9,2,1
7/17/2016,5/23/2003,SO51446,383,24606,9,1,1
7/17/2016,5/1/2003,SO51454,477,14198,8,3,2
7/17/2016,4/30/2003,SO51454,214,14198,8,4,1
7/17/2016,5/12/2003,SO51454,479,14198,8,2,1
7/17/2016,3/26/2003,SO51454,574,14198,8,1,1
7/17/2016,4/23/2003,SO51448,528,11080,9,3,2
7/17/2016,4/18/2003,SO51448,356,11080,9,1,1
7/17/2016,3/23/2003,SO51448,537,11080,9,2,1
7/17/2016,4/13/2003,SO51455,235,26831,8,2,1
7/17/2016,6/11/2003,SO51455,579,26831,8,1,1
7/17/2016,6/1/2003,SO51450,362,11452,9,1,1
7/17/2016,6/28/2003,SO51450,483,11452,9,2,1
7/17/2016,5/17/2003,SO51452,477,22254,1,3,3
7/17/2016,4/10/2003,SO51452,479,22254,1,2,2
7/17/2016,4/11/2003,SO51452,606,22254,1,1,1
7/17/2016,5/3/2003,SO51444,485,11272,4,2,2
7/17/2016,3/19/2003,SO51444,352,11272,4,1,1
7/17/2016,5/16/2003,SO51444,487,11272,4,3,1
7/17/2016,6/16/2003,SO51440,373,18244,9,1,1
7/17/2016,6/18/2003,SO51451,385,19159,4,1,1
7/17/2016,5/18/2003,SO51449,214,25088,4,2,1
7/17/2016,6/19/2003,SO51449,560,25088,4,1,1
7/18/2016,5/28/2003,SO51460,358,11041,4,1,1
7/18/2016,6/22/2003,SO51460,471,11041,4,3,1
7/18/2016,5/5/2003,SO51460,485,11041,4,2,1
7/18/2016,4/8/2003,SO51457,484,22828,10,2,3
7/18/2016,6/1/2003,SO51457,379,22828,10,1,1
7/18/2016,6/8/2003,SO51463,381,21300,4,1,1
7/18/2016,5/1/2003,SO51458,223,16803,1,3,2
7/18/2016,6/17/2003,SO51458,226,16803,1,2,1
7/18/2016,5/6/2003,SO51458,582,16803,1,1,1
7/18/2016,4/27/2003,SO51462,539,22932,9,2,2
7/18/2016,5/20/2003,SO51462,580,22932,9,1,1
7/18/2016,4/14/2003,SO51464,220,27819,10,2,1
7/18/2016,6/5/2003,SO51464,564,27819,10,1,1
7/18/2016,3/30/2003,SO51461,220,14146,10,2,1
7/18/2016,4/5/2003,SO51461,235,14146,10,3,1
7/18/2016,5/30/2003,SO51461,586,14146,10,1,1
7/18/2016,3/29/2003,SO51459,480,16807,4,3,2
7/18/2016,4/2/2003,SO51459,539,16807,4,2,2
7/18/2016,5/3/2003,SO51459,580,16807,4,1,1
7/18/2016,5/27/2003,SO51456,484,23607,10,2,2
7/18/2016,6/6/2003,SO51456,377,23607,10,1,1
7/19/2016,5/18/2003,SO51466,539,16804,1,2,3
7/19/2016,5/10/2003,SO51466,480,16804,1,3,2
7/19/2016,5/3/2003,SO51466,583,16804,1,1,1
7/19/2016,6/22/2003,SO51474,235,19202,1,2,1
7/19/2016,5/13/2003,SO51474,387,19202,1,1,1
7/19/2016,4/7/2003,SO51477,541,12264,10,2,2
7/19/2016,5/23/2003,SO51477,560,12264,10,1,1
7/19/2016,4/29/2003,SO51469,480,11168,4,5,3
7/19/2016,3/25/2003,SO51469,485,11168,4,4,3
7/19/2016,5/4/2003,SO51469,528,11168,4,2,2
7/19/2016,4/20/2003,SO51469,362,11168,4,1,1
7/19/2016,5/9/2003,SO51469,537,11168,4,3,1
7/19/2016,4/17/2003,SO51467,479,16805,1,2,3
7/19/2016,6/28/2003,SO51467,477,16805,1,3,2
7/19/2016,4/18/2003,SO51467,489,16805,1,4,1
7/19/2016,4/27/2003,SO51467,581,16805,1,1,1
7/19/2016,6/26/2003,SO51471,605,18899,9,1,1
7/19/2016,7/1/2003,SO51472,480,26654,9,3,2
7/19/2016,3/26/2003,SO51472,538,26654,9,2,2
7/19/2016,6/2/2003,SO51472,606,26654,9,1,1
7/19/2016,5/14/2003,SO51476,223,28694,10,2,3
7/19/2016,4/10/2003,SO51476,561,28694,10,1,1
7/19/2016,4/24/2003,SO51470,215,26657,9,2,1
7/19/2016,4/26/2003,SO51470,584,26657,9,1,1
7/19/2016,5/1/2003,SO51473,477,18907,9,3,3
7/19/2016,6/23/2003,SO51473,215,18907,9,4,1
7/19/2016,5/25/2003,SO51473,479,18907,9,2,1
7/19/2016,4/13/2003,SO51473,605,18907,9,1,1
7/19/2016,3/30/2003,SO51475,477,22436,8,3,2
7/19/2016,5/16/2003,SO51475,479,22436,8,2,2
7/19/2016,6/22/2003,SO51475,489,22436,8,4,1
7/19/2016,5/31/2003,SO51475,604,22436,8,1,1
7/19/2016,6/17/2003,SO51465,220,16794,1,2,1
7/19/2016,3/26/2003,SO51465,232,16794,1,3,1
7/19/2016,4/14/2003,SO51465,581,16794,1,1,1
7/19/2016,6/19/2003,SO51468,358,11259,1,1,1
7/19/2016,4/22/2003,SO51468,483,11259,1,2,1
7/20/2016,5/17/2003,SO51499,385,22668,10,1,1
7/20/2016,5/7/2003,SO51499,491,22668,10,2,1
7/20/2016,4/8/2003,SO51494,223,26311,1,2,2
7/20/2016,5/20/2003,SO51494,585,26311,1,1,1
7/20/2016,4/14/2003,SO51484,215,19433,10,2,1
7/20/2016,7/5/2003,SO51484,371,19433,10,1,1
7/20/2016,3/30/2003,SO51492,485,11018,9,2,2
7/20/2016,4/11/2003,SO51492,352,11018,9,1,1
7/20/2016,5/16/2003,SO51480,223,16937,7,2,2
7/20/2016,6/2/2003,SO51480,220,16937,7,3,1
7/20/2016,5/4/2003,SO51480,580,16937,7,1,1
7/20/2016,6/29/2003,SO51500,477,21014,7,2,2
7/20/2016,5/5/2003,SO51500,479,21014,7,3,2
7/20/2016,5/21/2003,SO51500,488,21014,7,4,1
7/20/2016,3/22/2003,SO51500,604,21014,7,1,1
7/20/2016,6/8/2003,SO51482,215,11484,8,3,1
7/20/2016,4/10/2003,SO51482,358,11484,8,1,1
7/20/2016,6/16/2003,SO51482,537,11484,8,2,1
7/20/2016,5/14/2003,SO51493,485,11001,9,2,3
7/20/2016,7/5/2003,SO51493,223,11001,9,6,2
7/20/2016,4/3/2003,SO51493,477,11001,9,3,2
7/20/2016,5/1/2003,SO51493,352,11001,9,1,1
7/20/2016,4/7/2003,SO51493,478,11001,9,4,1
7/20/2016,5/19/2003,SO51493,491,11001,9,5,1
7/20/2016,6/23/2003,SO51491,362,11075,9,1,1
7/20/2016,6/9/2003,SO51487,477,15555,4,3,3
7/20/2016,4/2/2003,SO51487,478,15555,4,2,3
7/20/2016,3/23/2003,SO51487,223,15555,4,4,2
7/20/2016,3/28/2003,SO51487,595,15555,4,1,1
7/20/2016,6/5/2003,SO51496,479,21487,4,2,2
7/20/2016,6/27/2003,SO51496,606,21487,4,1,1
7/20/2016,6/30/2003,SO51490,485,11171,4,2,3
7/20/2016,6/5/2003,SO51490,478,11171,4,3,2
7/20/2016,7/3/2003,SO51490,358,11171,4,1,1
7/20/2016,4/9/2003,SO51490,487,11171,4,4,1
7/20/2016,6/15/2003,SO51488,477,20036,4,3,2
7/20/2016,6/30/2003,SO51488,479,20036,4,2,2
7/20/2016,5/12/2003,SO51488,480,20036,4,4,2
7/20/2016,4/3/2003,SO51488,373,20036,4,1,1
7/20/2016,6/8/2003,SO51488,486,20036,4,5,1
7/20/2016,4/27/2003,SO51485,373,16316,8,1,1
7/20/2016,3/31/2003,SO51485,480,16316,8,3,1
7/20/2016,5/9/2003,SO51485,540,16316,8,2,1
7/20/2016,4/12/2003,SO51483,529,23606,10,2,2
7/20/2016,4/5/2003,SO51483,377,23606,10,1,1
7/20/2016,5/20/2003,SO51483,472,23606,10,3,1
7/20/2016,4/23/2003,SO51483,540,23606,10,4,1
7/20/2016,4/16/2003,SO51486,529,16798,4,2,3
7/20/2016,4/7/2003,SO51486,539,16798,4,3,3
7/20/2016,4/24/2003,SO51486,220,16798,4,4,1
7/20/2016,5/19/2003,SO51486,582,16798,4,1,1
7/20/2016,4/16/2003,SO51479,477,16687,9,3,2
7/20/2016,6/23/2003,SO51479,479,16687,9,2,2
7/20/2016,5/11/2003,SO51479,215,16687,9,4,1
7/20/2016,4/23/2003,SO51479,371,16687,9,1,1
7/20/2016,5/13/2003,SO51497,480,19170,1,4,2
7/20/2016,6/1/2003,SO51497,529,19170,1,3,2
7/20/2016,6/22/2003,SO51497,539,19170,1,2,2
7/20/2016,6/15/2003,SO51497,389,19170,1,1,1
7/20/2016,4/21/2003,SO51495,223,29043,6,3,2
7/20/2016,5/10/2003,SO51495,489,29043,6,2,1
7/20/2016,5/19/2003,SO51495,574,29043,6,1,1
7/20/2016,5/15/2003,SO51489,485,11289,4,2,3
7/20/2016,3/28/2003,SO51489,480,11289,4,3,2
7/20/2016,6/23/2003,SO51489,484,11289,4,4,2
7/20/2016,3/24/2003,SO51489,358,11289,4,1,1
7/20/2016,5/31/2003,SO51498,215,19198,4,2,1
7/20/2016,3/26/2003,SO51498,387,19198,4,1,1
7/20/2016,5/5/2003,SO51501,220,26862,8,2,1
7/20/2016,5/8/2003,SO51501,577,26862,8,1,1
7/20/2016,4/13/2003,SO51481,485,17098,10,2,2
7/20/2016,6/23/2003,SO51481,594,17098,10,1,1
7/21/2016,6/20/2003,SO51505,215,11053,4,2,1
7/21/2016,5/12/2003,SO51505,362,11053,4,1,1
7/21/2016,6/3/2003,SO51510,215,12315,10,2,1
7/21/2016,6/9/2003,SO51510,575,12315,10,1,1
7/21/2016,6/13/2003,SO51506,530,11616,10,3,3
7/21/2016,5/13/2003,SO51506,484,11616,10,4,2
7/21/2016,5/16/2003,SO51506,541,11616,10,2,2
7/21/2016,4/21/2003,SO51506,585,11616,10,1,1
7/21/2016,6/19/2003,SO51502,478,19475,7,3,3
7/21/2016,5/14/2003,SO51502,477,19475,7,4,2
7/21/2016,4/8/2003,SO51502,485,19475,7,2,2
7/21/2016,6/28/2003,SO51502,214,19475,7,5,1
7/21/2016,6/5/2003,SO51502,596,19475,7,1,1
7/21/2016,5/24/2003,SO51504,215,16792,4,2,1
7/21/2016,6/8/2003,SO51504,580,16792,4,1,1
7/21/2016,4/11/2003,SO51503,474,13662,7,2,1
7/21/2016,5/19/2003,SO51503,587,13662,7,1,1
7/21/2016,5/25/2003,SO51508,214,22273,4,2,1
7/21/2016,5/6/2003,SO51508,606,22273,4,1,1
7/21/2016,5/26/2003,SO51507,484,16662,9,2,3
7/21/2016,6/21/2003,SO51507,590,16662,9,1,1
7/22/2016,6/9/2003,SO51525,383,27799,10,1,1
7/22/2016,5/14/2003,SO51525,488,27799,10,2,1
7/22/2016,6/17/2003,SO51520,485,11015,4,2,2
7/22/2016,5/22/2003,SO51520,352,11015,4,1,1
7/22/2016,5/12/2003,SO51520,486,11015,4,3,1
7/22/2016,6/9/2003,SO51516,352,11237,8,1,1
7/22/2016,4/22/2003,SO51523,479,24427,4,2,2
7/22/2016,6/10/2003,SO51523,480,24427,4,4,2
7/22/2016,4/3/2003,SO51523,477,24427,4,3,1
7/22/2016,5/19/2003,SO51523,574,24427,4,1,1
7/22/2016,5/6/2003,SO51521,566,28671,1,1,1
7/22/2016,6/14/2003,SO51514,223,17700,10,2,1
7/22/2016,5/3/2003,SO51514,229,17700,10,3,1
7/22/2016,6/1/2003,SO51514,591,17700,10,1,1
7/22/2016,5/2/2003,SO51522,485,11000,9,2,2
7/22/2016,4/12/2003,SO51522,352,11000,9,1,1
7/22/2016,5/13/2003,SO51513,539,16570,7,2,2
7/22/2016,7/2/2003,SO51513,235,16570,7,3,1
7/22/2016,6/22/2003,SO51513,582,16570,7,1,1
7/22/2016,5/26/2003,SO51527,215,20977,7,2,1
7/22/2016,5/11/2003,SO51527,584,20977,7,1,1
7/22/2016,4/19/2003,SO51512,223,11403,7,4,2
7/22/2016,3/24/2003,SO51512,478,11403,7,2,2
7/22/2016,5/27/2003,SO51512,352,11403,7,1,1
7/22/2016,4/21/2003,SO51512,477,11403,7,3,1
7/22/2016,5/18/2003,SO51512,489,11403,7,5,1
7/22/2016,4/25/2003,SO51519,476,14078,6,2,1
7/22/2016,6/25/2003,SO51519,590,14078,6,1,1
7/22/2016,5/14/2003,SO51515,373,16391,7,1,1
7/22/2016,6/11/2003,SO51518,479,16132,6,3,2
7/22/2016,6/3/2003,SO51518,480,16132,6,4,2
7/22/2016,7/1/2003,SO51518,379,16132,6,1,1
7/22/2016,4/22/2003,SO51518,477,16132,6,2,1
7/22/2016,7/1/2003,SO51517,477,20039,1,3,2
7/22/2016,4/29/2003,SO51517,479,20039,1,2,2
7/22/2016,5/5/2003,SO51517,377,20039,1,1,1
7/22/2016,4/1/2003,SO51524,479,21470,4,2,3
7/22/2016,4/22/2003,SO51524,223,21470,4,4,2
7/22/2016,4/26/2003,SO51524,477,21470,4,3,2
7/22/2016,4/1/2003,SO51524,604,21470,4,1,1
7/22/2016,6/27/2003,SO51526,215,22614,10,2,1
7/22/2016,4/24/2003,SO51526,389,22614,10,1,1
7/22/2016,6/4/2003,SO51511,529,18241,9,2,2
7/22/2016,5/8/2003,SO51511,373,18241,9,1,1
7/22/2016,3/24/2003,SO51511,540,18241,9,3,1
7/23/2016,6/4/2003,SO51540,215,19213,4,2,1
7/23/2016,7/5/2003,SO51540,383,19213,4,1,1
7/23/2016,5/9/2003,SO51529,223,18222,9,3,2
7/23/2016,3/31/2003,SO51529,477,18222,9,4,2
7/23/2016,4/13/2003,SO51529,479,18222,9,2,2
7/23/2016,4/6/2003,SO51529,375,18222,9,1,1
7/23/2016,4/22/2003,SO51532,214,22808,10,2,1
7/23/2016,5/29/2003,SO51532,375,22808,10,1,1
7/23/2016,6/30/2003,SO51528,479,18219,9,2,3
7/23/2016,4/18/2003,SO51528,377,18219,9,1,1
7/23/2016,5/9/2003,SO51528,484,18219,9,3,1
7/23/2016,4/1/2003,SO51536,220,18698,9,2,1
7/23/2016,6/16/2003,SO51536,580,18698,9,1,1
7/23/2016,7/5/2003,SO51534,485,11158,4,2,2
7/23/2016,6/20/2003,SO51534,352,11158,4,1,1
7/23/2016,5/6/2003,SO51534,489,11158,4,3,1
7/23/2016,6/19/2003,SO51533,362,11291,4,1,1
7/23/2016,4/4/2003,SO51531,352,11337,10,1,1
7/23/2016,5/31/2003,SO51531,477,11337,10,3,1
7/23/2016,6/23/2003,SO51531,478,11337,10,2,1
7/23/2016,3/29/2003,SO51531,490,11337,10,4,1
7/23/2016,6/1/2003,SO51538,538,21597,4,2,2
7/23/2016,4/19/2003,SO51538,605,21597,4,1,1
7/23/2016,4/16/2003,SO51530,379,19362,10,1,1
7/23/2016,5/9/2003,SO51542,387,22669,10,1,1
7/23/2016,4/26/2003,SO51535,580,22931,9,1,1
7/23/2016,6/8/2003,SO51541,223,22630,10,3,2
7/23/2016,6/3/2003,SO51541,220,22630,10,2,1
7/23/2016,6/23/2003,SO51541,387,22630,10,1,1
7/23/2016,4/4/2003,SO51539,223,19160,4,2,2
7/23/2016,6/25/2003,SO51539,385,19160,4,1,1
7/23/2016,4/29/2003,SO51539,490,19160,4,3,1
7/23/2016,5/24/2003,SO51537,214,28201,9,2,1
7/23/2016,6/28/2003,SO51537,576,28201,9,1,1
7/24/2016,6/1/2003,SO51566,479,24414,4,3,3
7/24/2016,6/11/2003,SO51566,477,24414,4,2,2
7/24/2016,6/29/2003,SO51566,576,24414,4,1,1
7/24/2016,5/30/2003,SO51547,371,12300,7,1,1
7/24/2016,5/26/2003,SO51547,487,12300,7,2,1
7/24/2016,4/9/2003,SO51561,485,11025,9,2,2
7/24/2016,5/18/2003,SO51561,356,11025,9,1,1
7/24/2016,4/29/2003,SO51561,472,11025,9,3,1
7/24/2016,4/8/2003,SO51544,354,11244,10,1,1
7/24/2016,7/6/2003,SO51544,537,11244,10,2,1
7/24/2016,6/10/2003,SO51569,477,15017,4,3,2
7/24/2016,4/9/2003,SO51569,479,15017,4,2,2
7/24/2016,6/16/2003,SO51569,491,15017,4,4,1
7/24/2016,4/27/2003,SO51569,584,15017,4,1,1
7/24/2016,6/9/2003,SO51552,462,13747,1,3,2
7/24/2016,5/12/2003,SO51552,474,13747,1,2,1
7/24/2016,6/11/2003,SO51552,589,13747,1,1,1
7/24/2016,4/17/2003,SO51555,477,11037,6,5,3
7/24/2016,5/3/2003,SO51555,485,11037,6,4,3
7/24/2016,6/3/2003,SO51555,360,11037,6,1,1
7/24/2016,5/27/2003,SO51555,478,11037,6,6,1
7/24/2016,6/17/2003,SO51555,480,11037,6,7,1
7/24/2016,4/6/2003,SO51555,528,11037,6,3,1
7/24/2016,5/11/2003,SO51555,537,11037,6,2,1
7/24/2016,4/30/2003,SO51549,477,21858,10,2,2
7/24/2016,4/2/2003,SO51549,479,21858,10,3,2
7/24/2016,6/6/2003,SO51549,214,21858,10,4,1
7/24/2016,4/1/2003,SO51549,371,21858,10,1,1
7/24/2016,6/23/2003,SO51556,352,11022,1,1,1
7/24/2016,6/24/2003,SO51556,480,11022,1,2,1
7/24/2016,6/17/2003,SO51553,223,11286,4,4,2
7/24/2016,4/17/2003,SO51553,485,11286,4,2,2
7/24/2016,5/17/2003,SO51553,232,11286,4,3,1
7/24/2016,6/21/2003,SO51553,362,11286,4,1,1
7/24/2016,5/10/2003,SO51558,529,23104,9,3,2
7/24/2016,4/14/2003,SO51558,389,23104,9,1,1
7/24/2016,5/31/2003,SO51558,486,23104,9,4,1
7/24/2016,5/21/2003,SO51558,539,23104,9,2,1
7/24/2016,7/5/2003,SO51568,462,21448,4,2,2
7/24/2016,6/5/2003,SO51568,605,21448,4,1,1
7/24/2016,6/29/2003,SO51545,373,19382,10,1,1
7/24/2016,7/5/2003,SO51557,572,27765,8,1,1
7/24/2016,5/13/2003,SO51570,606,22459,8,1,1
7/24/2016,5/31/2003,SO51564,482,26309,4,2,1
7/24/2016,4/28/2003,SO51564,586,26309,4,1,1
7/24/2016,6/21/2003,SO51543,477,18210,9,2,3
7/24/2016,5/8/2003,SO51543,223,18210,9,4,2
7/24/2016,5/4/2003,SO51543,479,18210,9,3,2
7/24/2016,5/7/2003,SO51543,375,18210,9,1,1
7/24/2016,6/25/2003,SO51560,214,19271,9,2,1
7/24/2016,6/16/2003,SO51560,584,19271,9,1,1
7/24/2016,5/24/2003,SO51565,477,25085,4,2,2
7/24/2016,6/29/2003,SO51565,479,25085,4,3,2
7/24/2016,4/2/2003,SO51565,560,25085,4,1,1
7/24/2016,5/18/2003,SO51550,214,11387,10,2,1
7/24/2016,4/2/2003,SO51550,352,11387,10,1,1
7/24/2016,6/3/2003,SO51567,480,15276,4,3,2
7/24/2016,4/11/2003,SO51567,538,15276,4,2,2
7/24/2016,5/29/2003,SO51567,604,15276,4,1,1
7/24/2016,7/4/2003,SO51551,477,13058,4,3,3
7/24/2016,4/20/2003,SO51551,223,13058,4,4,2
7/24/2016,4/8/2003,SO51551,478,13058,4,2,2
7/24/2016,4/24/2003,SO51551,595,13058,4,1,1
7/24/2016,5/24/2003,SO51559,529,24605,9,3,2
7/24/2016,7/3/2003,SO51559,220,24605,9,4,1
7/24/2016,4/8/2003,SO51559,387,24605,9,1,1
7/24/2016,3/30/2003,SO51559,539,24605,9,2,1
7/24/2016,4/30/2003,SO51546,477,26381,8,2,2
7/24/2016,6/12/2003,SO51546,479,26381,8,3,2
7/24/2016,6/28/2003,SO51546,373,26381,8,1,1
7/24/2016,6/6/2003,SO51546,471,26381,8,4,1
7/24/2016,6/23/2003,SO51562,480,11009,9,2,2
7/24/2016,5/1/2003,SO51562,358,11009,9,1,1
7/24/2016,6/8/2003,SO51563,528,17511,9,2,2
7/24/2016,3/28/2003,SO51563,535,17511,9,3,2
7/24/2016,5/9/2003,SO51563,480,17511,9,4,1
7/24/2016,5/12/2003,SO51563,598,17511,9,1,1
7/24/2016,5/16/2003,SO51554,223,11266,1,4,2
7/24/2016,5/15/2003,SO51554,477,11266,1,3,2
7/24/2016,5/30/2003,SO51554,478,11266,1,2,2
7/24/2016,5/22/2003,SO51554,354,11266,1,1,1
7/24/2016,5/1/2003,SO51548,479,19424,10,3,3
7/24/2016,5/24/2003,SO51548,477,19424,10,2,2
7/24/2016,7/1/2003,SO51548,371,19424,10,1,1
7/24/2016,7/4/2003,SO51548,491,19424,10,4,1
7/25/2016,4/9/2003,SO51584,215,22274,1,2,1
7/25/2016,4/7/2003,SO51584,605,22274,1,1,1
7/25/2016,5/5/2003,SO51579,223,26656,9,4,2
7/25/2016,5/20/2003,SO51579,477,26656,9,2,2
7/25/2016,6/19/2003,SO51579,479,26656,9,3,2
7/25/2016,5/16/2003,SO51579,606,26656,9,1,1
7/25/2016,4/26/2003,SO51571,491,14046,9,2,1
7/25/2016,5/20/2003,SO51571,560,14046,9,1,1
7/25/2016,5/25/2003,SO51572,377,23759,8,1,1
7/25/2016,6/23/2003,SO51572,540,23759,8,2,1
7/25/2016,4/29/2003,SO51575,375,22323,7,1,1
7/25/2016,5/26/2003,SO51576,356,11481,8,1,1
7/25/2016,5/19/2003,SO51576,487,11481,8,2,1
7/25/2016,7/3/2003,SO51578,529,27744,9,2,2
7/25/2016,6/16/2003,SO51578,538,27744,9,3,2
7/25/2016,4/4/2003,SO51578,466,27744,9,5,1
7/25/2016,4/5/2003,SO51578,489,27744,9,4,1
7/25/2016,4/6/2003,SO51578,584,27744,9,1,1
7/25/2016,6/21/2003,SO51582,528,11052,9,2,3
7/25/2016,4/21/2003,SO51582,362,11052,9,1,1
7/25/2016,6/21/2003,SO51582,480,11052,9,4,1
7/25/2016,6/28/2003,SO51582,537,11052,9,3,1
7/25/2016,3/30/2003,SO51583,215,16015,4,2,1
7/25/2016,5/1/2003,SO51583,604,16015,4,1,1
7/25/2016,5/9/2003,SO51574,215,16291,7,2,1
7/25/2016,4/21/2003,SO51574,377,16291,7,1,1
7/25/2016,5/17/2003,SO51581,485,11007,9,4,2
7/25/2016,5/13/2003,SO51581,528,11007,9,2,2
7/25/2016,6/8/2003,SO51581,220,11007,9,5,1
7/25/2016,7/10/2003,SO51581,360,11007,9,1,1
7/25/2016,6/7/2003,SO51581,537,11007,9,3,1
7/25/2016,4/19/2003,SO51580,477,18900,9,3,2
7/25/2016,7/1/2003,SO51580,479,18900,9,2,2
7/25/2016,6/22/2003,SO51580,604,18900,9,1,1
7/25/2016,5/5/2003,SO51573,220,11238,10,2,1
7/25/2016,4/11/2003,SO51573,358,11238,10,1,1
7/25/2016,4/20/2003,SO51577,354,11042,4,1,1
7/25/2016,6/23/2003,SO51585,214,19240,4,2,1
7/25/2016,7/3/2003,SO51585,381,19240,4,1,1
7/26/2016,6/12/2003,SO51592,358,11082,4,1,1
7/26/2016,5/6/2003,SO51592,537,11082,4,2,1
7/26/2016,5/11/2003,SO51598,562,24404,4,1,1
7/26/2016,6/2/2003,SO51587,529,25780,8,2,2
7/26/2016,4/21/2003,SO51587,377,25780,8,1,1
7/26/2016,3/31/2003,SO51587,540,25780,8,3,1
7/26/2016,6/19/2003,SO51590,528,11271,4,2,2
7/26/2016,5/27/2003,SO51590,214,11271,4,4,1
7/26/2016,5/25/2003,SO51590,354,11271,4,1,1
7/26/2016,4/9/2003,SO51590,537,11271,4,3,1
7/26/2016,4/12/2003,SO51594,528,11104,9,3,3
7/26/2016,6/21/2003,SO51594,358,11104,9,1,1
7/26/2016,6/21/2003,SO51594,537,11104,9,2,1
7/26/2016,3/29/2003,SO51595,485,11004,9,2,2
7/26/2016,6/16/2003,SO51595,214,11004,9,3,1
7/26/2016,6/22/2003,SO51595,354,11004,9,1,1
7/26/2016,5/5/2003,SO51588,529,25769,8,2,2
7/26/2016,5/22/2003,SO51588,220,25769,8,4,1
7/26/2016,4/14/2003,SO51588,375,25769,8,1,1
7/26/2016,4/5/2003,SO51588,540,25769,8,3,1
7/26/2016,6/22/2003,SO51602,214,11439,7,2,1
7/26/2016,4/8/2003,SO51602,575,11439,7,1,1
7/26/2016,6/24/2003,SO51593,215,11036,4,2,1
7/26/2016,4/3/2003,SO51593,356,11036,4,1,1
7/26/2016,4/16/2003,SO51603,223,29401,10,2,3
7/26/2016,6/21/2003,SO51603,579,29401,10,1,1
7/26/2016,5/2/2003,SO51589,466,11401,7,3,2
7/26/2016,4/15/2003,SO51589,358,11401,7,1,1
7/26/2016,6/2/2003,SO51589,487,11401,7,2,1
7/26/2016,4/11/2003,SO51591,485,11175,4,2,2
7/26/2016,6/22/2003,SO51591,352,11175,4,1,1
7/26/2016,6/29/2003,SO51600,604,22262,4,1,1
7/26/2016,5/19/2003,SO51586,373,18207,9,1,1
7/26/2016,4/16/2003,SO51586,477,18207,9,3,1
7/26/2016,4/5/2003,SO51586,479,18207,9,2,1
7/26/2016,4/11/2003,SO51586,489,18207,9,4,1
7/26/2016,6/5/2003,SO51601,584,25608,10,1,1
7/26/2016,4/6/2003,SO51597,484,11453,9,3,2
7/26/2016,5/25/2003,SO51597,354,11453,9,1,1
7/26/2016,7/6/2003,SO51597,487,11453,9,2,1
7/26/2016,5/9/2003,SO51599,220,24405,4,2,1
7/26/2016,5/12/2003,SO51599,576,24405,4,1,1
7/26/2016,5/5/2003,SO51596,215,25087,1,2,1
7/26/2016,6/22/2003,SO51596,560,25087,1,1,1
7/27/2016,5/28/2003,SO51608,484,13744,1,2,2
7/27/2016,4/15/2003,SO51608,587,13744,1,1,1
7/27/2016,5/5/2003,SO51617,223,22441,8,5,2
7/27/2016,6/23/2003,SO51617,477,22441,8,3,2
7/27/2016,5/27/2003,SO51617,479,22441,8,2,2
7/27/2016,5/7/2003,SO51617,214,22441,8,4,1
7/27/2016,6/30/2003,SO51617,605,22441,8,1,1
7/27/2016,6/25/2003,SO51616,477,21466,1,3,3
7/27/2016,5/11/2003,SO51616,480,21466,1,4,3
7/27/2016,6/10/2003,SO51616,479,21466,1,2,2
7/27/2016,6/2/2003,SO51616,606,21466,1,1,1
7/27/2016,4/18/2003,SO51610,485,11021,1,2,2
7/27/2016,6/3/2003,SO51610,362,11021,1,1,1
7/27/2016,5/25/2003,SO51610,487,11021,1,3,1
7/27/2016,5/9/2003,SO51609,480,13746,4,4,2
7/27/2016,6/1/2003,SO51609,528,13746,4,2,2
7/27/2016,6/8/2003,SO51609,536,13746,4,3,2
7/27/2016,5/23/2003,SO51609,590,13746,4,1,1
7/27/2016,4/11/2003,SO51613,477,16098,6,3,2
7/27/2016,5/2/2003,SO51613,479,16098,6,2,2
7/27/2016,7/7/2003,SO51613,586,16098,6,1,1
7/27/2016,5/5/2003,SO51606,582,21039,10,1,1
7/27/2016,5/30/2003,SO51612,528,11005,9,3,2
7/27/2016,4/30/2003,SO51612,354,11005,9,1,1
7/27/2016,6/3/2003,SO51612,480,11005,9,4,1
7/27/2016,4/24/2003,SO51612,537,11005,9,2,1
7/27/2016,6/7/2003,SO51615,482,24420,1,2,1
7/27/2016,5/26/2003,SO51615,563,24420,1,1,1
7/27/2016,5/25/2003,SO51618,604,28757,7,1,1
7/27/2016,4/9/2003,SO51614,490,26308,1,2,1
7/27/2016,4/19/2003,SO51614,586,26308,1,1,1
7/27/2016,5/13/2003,SO51607,580,16799,4,1,1
7/27/2016,6/6/2003,SO51611,477,18902,9,3,2
7/27/2016,4/18/2003,SO51611,479,18902,9,2,2
7/27/2016,6/22/2003,SO51611,488,18902,9,4,1
7/27/2016,5/23/2003,SO51611,584,18902,9,1,1
7/27/2016,5/27/2003,SO51605,529,21056,10,3,2
7/27/2016,4/20/2003,SO51605,539,21056,10,2,2
7/27/2016,7/3/2003,SO51605,220,21056,10,4,1
7/27/2016,5/9/2003,SO51605,583,21056,10,1,1
7/28/2016,7/5/2003,SO51627,477,28206,9,2,2
7/28/2016,4/1/2003,SO51627,479,28206,9,3,2
7/28/2016,4/1/2003,SO51627,563,28206,9,1,1
7/28/2016,4/30/2003,SO51631,385,19211,4,1,1
7/28/2016,5/11/2003,SO51620,529,21040,10,3,2
7/28/2016,4/5/2003,SO51620,539,21040,10,2,2
7/28/2016,5/8/2003,SO51620,488,21040,10,4,1
7/28/2016,4/23/2003,SO51620,583,21040,10,1,1
7/28/2016,5/2/2003,SO51622,485,14927,8,2,3
7/28/2016,7/10/2003,SO51622,226,14927,8,3,1
7/28/2016,6/18/2003,SO51622,597,14927,8,1,1
7/28/2016,4/24/2003,SO51630,477,19199,4,3,3
7/28/2016,4/21/2003,SO51630,479,19199,4,2,2
7/28/2016,6/17/2003,SO51630,381,19199,4,1,1
7/28/2016,4/27/2003,SO51623,480,22445,7,4,2
7/28/2016,5/4/2003,SO51623,484,22445,7,5,2
7/28/2016,4/4/2003,SO51623,529,22445,7,3,2
7/28/2016,4/1/2003,SO51623,377,22445,7,1,1
7/28/2016,5/29/2003,SO51623,540,22445,7,2,1
7/28/2016,4/3/2003,SO51624,223,21857,10,2,2
7/28/2016,6/9/2003,SO51624,214,21857,10,3,1
7/28/2016,5/22/2003,SO51624,371,21857,10,1,1
7/28/2016,6/5/2003,SO51634,479,14264,9,2,2
7/28/2016,5/4/2003,SO51634,565,14264,9,1,1
7/28/2016,6/20/2003,SO51628,584,19269,9,1,1
7/28/2016,5/26/2003,SO51619,229,20832,10,2,1
7/28/2016,4/24/2003,SO51619,583,20832,10,1,1
7/28/2016,4/7/2003,SO51625,480,18957,1,3,2
7/28/2016,5/2/2003,SO51625,485,18957,1,2,2
7/28/2016,4/23/2003,SO51625,593,18957,1,1,1
7/28/2016,5/26/2003,SO51633,381,19326,7,1,1
7/28/2016,4/24/2003,SO51632,383,19422,8,1,1
7/28/2016,7/2/2003,SO51621,235,17949,7,2,1
7/28/2016,4/9/2003,SO51621,590,17949,7,1,1
7/28/2016,7/6/2003,SO51629,485,11444,9,2,2
7/28/2016,5/13/2003,SO51629,215,11444,9,3,1
7/28/2016,6/6/2003,SO51629,354,11444,9,1,1
7/28/2016,6/13/2003,SO51626,478,15554,4,2,2
7/28/2016,4/20/2003,SO51626,593,15554,4,1,1
7/29/2016,4/16/2003,SO51637,462,24102,8,3,2
7/29/2016,4/8/2003,SO51637,490,24102,8,2,1
7/29/2016,7/3/2003,SO51637,581,24102,8,1,1
7/29/2016,4/22/2003,SO51657,235,19169,1,2,1
7/29/2016,4/25/2003,SO51657,385,19169,1,1,1
7/29/2016,6/18/2003,SO51659,479,14275,9,2,3
7/29/2016,5/25/2003,SO51659,572,14275,9,1,1
7/29/2016,4/12/2003,SO51655,479,21576,1,2,2
7/29/2016,4/25/2003,SO51655,606,21576,1,1,1
7/29/2016,4/11/2003,SO51652,480,11450,9,4,2
7/29/2016,6/18/2003,SO51652,484,11450,9,5,2
7/29/2016,6/30/2003,SO51652,528,11450,9,2,2
7/29/2016,6/17/2003,SO51652,352,11450,9,1,1
7/29/2016,5/14/2003,SO51652,537,11450,9,3,1
7/29/2016,6/10/2003,SO51646,478,11064,4,2,2
7/29/2016,4/3/2003,SO51646,358,11064,4,1,1
7/29/2016,6/1/2003,SO51635,529,18242,9,4,2
7/29/2016,6/7/2003,SO51635,377,18242,9,1,1
7/29/2016,7/1/2003,SO51635,471,18242,9,3,1
7/29/2016,6/11/2003,SO51635,540,18242,9,2,1
7/29/2016,7/5/2003,SO51650,360,11011,9,1,1
7/29/2016,7/5/2003,SO51641,214,11339,7,2,1
7/29/2016,6/7/2003,SO51641,358,11339,7,1,1
7/29/2016,6/27/2003,SO51636,479,18238,9,2,2
7/29/2016,5/16/2003,SO51636,379,18238,9,1,1
7/29/2016,5/9/2003,SO51647,235,11144,1,3,1
7/29/2016,4/29/2003,SO51647,362,11144,1,1,1
7/29/2016,4/26/2003,SO51647,487,11144,1,2,1
7/29/2016,6/2/2003,SO51653,214,29137,6,2,1
7/29/2016,6/16/2003,SO51653,562,29137,6,1,1
7/29/2016,5/11/2003,SO51642,354,12384,8,1,1
7/29/2016,6/27/2003,SO51642,487,12384,8,2,1
7/29/2016,7/9/2003,SO51642,490,12384,8,3,1
7/29/2016,4/19/2003,SO51648,477,11145,1,3,2
7/29/2016,4/11/2003,SO51648,478,11145,1,2,2
7/29/2016,4/5/2003,SO51648,362,11145,1,1,1
7/29/2016,6/2/2003,SO51640,229,20722,8,2,1
7/29/2016,6/10/2003,SO51640,590,20722,8,1,1
7/29/2016,6/11/2003,SO51658,215,14189,8,2,1
7/29/2016,6/2/2003,SO51658,564,14189,8,1,1
7/29/2016,7/9/2003,SO51651,356,11077,9,1,1
7/29/2016,7/9/2003,SO51651,487,11077,9,2,1
7/29/2016,7/4/2003,SO51654,466,24433,4,4,2
7/29/2016,5/11/2003,SO51654,541,24433,4,2,2
7/29/2016,5/28/2003,SO51654,530,24433,4,3,1
7/29/2016,5/23/2003,SO51654,561,24433,4,1,1
7/29/2016,6/16/2003,SO51656,472,24661,6,2,1
7/29/2016,7/11/2003,SO51656,605,24661,6,1,1
7/29/2016,6/10/2003,SO51639,480,15630,10,4,3
7/29/2016,7/3/2003,SO51639,536,15630,10,2,3
7/29/2016,5/22/2003,SO51639,528,15630,10,3,1
7/29/2016,5/1/2003,SO51639,590,15630,10,1,1
7/29/2016,7/1/2003,SO51644,373,12131,7,1,1
7/29/2016,5/26/2003,SO51638,235,13778,8,2,1
7/29/2016,6/15/2003,SO51638,588,13778,8,1,1
7/29/2016,4/29/2003,SO51649,477,11124,9,3,2
7/29/2016,4/2/2003,SO51649,478,11124,9,2,2
7/29/2016,6/30/2003,SO51649,358,11124,9,1,1
7/29/2016,5/29/2003,SO51643,220,19361,10,2,1
7/29/2016,4/29/2003,SO51643,373,19361,10,1,1
7/29/2016,4/11/2003,SO51645,477,15552,1,3,3
7/29/2016,6/25/2003,SO51645,478,15552,1,2,2
7/29/2016,6/24/2003,SO51645,472,15552,1,4,1
7/29/2016,5/16/2003,SO51645,594,15552,1,1,1
7/30/2016,7/15/2003,SO51668,352,11101,9,1,1
7/30/2016,5/22/2003,SO51668,483,11101,9,2,1
7/30/2016,5/2/2003,SO51664,477,13742,1,3,2
7/30/2016,4/18/2003,SO51664,480,13742,1,4,2
7/30/2016,6/16/2003,SO51664,536,13742,1,2,2
7/30/2016,4/10/2003,SO51664,587,13742,1,1,1
7/30/2016,6/16/2003,SO51667,356,11069,9,1,1
7/30/2016,7/13/2003,SO51662,379,26382,8,1,1
7/30/2016,4/15/2003,SO51663,479,16327,8,2,3
7/30/2016,7/13/2003,SO51663,223,16327,8,4,2
7/30/2016,7/9/2003,SO51663,477,16327,8,3,2
7/30/2016,6/6/2003,SO51663,373,16327,8,1,1
7/30/2016,7/10/2003,SO51661,539,20837,10,2,3
7/30/2016,6/18/2003,SO51661,529,20837,10,3,2
7/30/2016,5/30/2003,SO51661,220,20837,10,4,1
7/30/2016,4/19/2003,SO51661,582,20837,10,1,1
7/30/2016,6/16/2003,SO51666,477,19264,9,2,2
7/30/2016,5/20/2003,SO51666,479,19264,9,3,2
7/30/2016,7/2/2003,SO51666,605,19264,9,1,1
7/30/2016,5/31/2003,SO51669,223,26306,4,1,2
7/30/2016,5/18/2003,SO51669,572,26306,4,2,1
7/30/2016,7/11/2003,SO51665,485,11252,4,2,2
7/30/2016,6/14/2003,SO51665,352,11252,4,1,1
7/30/2016,5/11/2003,SO51660,478,12461,8,2,3
7/30/2016,5/24/2003,SO51660,477,12461,8,3,2
7/30/2016,4/22/2003,SO51660,215,12461,8,4,1
7/30/2016,4/8/2003,SO51660,352,12461,8,1,1
7/30/2016,5/20/2003,SO51670,223,24421,1,2,3
7/30/2016,6/29/2003,SO51670,489,24421,1,3,1
7/30/2016,5/11/2003,SO51670,561,24421,1,1,1
7/30/2016,7/12/2003,SO51671,604,22398,8,1,1
7/31/2016,6/24/2003,SO51687,223,14181,8,3,2
7/31/2016,5/11/2003,SO51687,214,14181,8,2,1
7/31/2016,6/10/2003,SO51687,575,14181,8,1,1
7/31/2016,7/6/2003,SO51676,373,20037,4,1,1
7/31/2016,6/20/2003,SO51676,483,20037,4,3,1
7/31/2016,4/27/2003,SO51676,540,20037,4,2,1
7/31/2016,6/19/2003,SO51672,477,19435,10,3,2
7/31/2016,5/25/2003,SO51672,479,19435,10,2,2
7/31/2016,6/12/2003,SO51672,373,19435,10,1,1
7/31/2016,5/3/2003,SO51682,356,11057,9,1,1
7/31/2016,7/5/2003,SO51683,477,11095,9,3,2
7/31/2016,6/15/2003,SO51683,478,11095,9,2,2
7/31/2016,5/13/2003,SO51683,358,11095,9,1,1
7/31/2016,7/15/2003,SO51683,489,11095,9,4,1
7/31/2016,4/20/2003,SO51685,387,19201,1,1,1
7/31/2016,7/14/2003,SO51686,479,21013,7,2,2
7/31/2016,6/20/2003,SO51686,584,21013,7,1,1
7/31/2016,4/10/2003,SO51688,220,16310,7,2,1
7/31/2016,4/20/2003,SO51688,560,16310,7,1,1
7/31/2016,5/31/2003,SO51680,214,12281,10,2,1
7/31/2016,4/25/2003,SO51680,585,12281,10,1,1
7/31/2016,6/30/2003,SO51681,479,12272,10,2,2
7/31/2016,4/18/2003,SO51681,565,12272,10,1,1
7/31/2016,4/24/2003,SO51677,214,11290,4,2,1
7/31/2016,7/13/2003,SO51677,354,11290,4,1,1
7/31/2016,6/19/2003,SO51674,480,23597,10,4,3
7/31/2016,4/14/2003,SO51674,529,23597,10,2,2
7/31/2016,5/15/2003,SO51674,373,23597,10,1,1
7/31/2016,4/16/2003,SO51674,540,23597,10,3,1
7/31/2016,5/5/2003,SO51675,477,15548,4,3,2
7/31/2016,7/5/2003,SO51675,478,15548,4,2,2
7/31/2016,6/9/2003,SO51675,598,15548,4,1,1
7/31/2016,5/10/2003,SO51684,477,11451,9,4,3
7/31/2016,4/16/2003,SO51684,478,11451,9,3,2
7/31/2016,5/26/2003,SO51684,485,11451,9,2,2
7/31/2016,7/6/2003,SO51684,215,11451,9,5,1
7/31/2016,6/21/2003,SO51684,358,11451,9,1,1
7/31/2016,5/11/2003,SO51673,529,16400,7,3,2
7/31/2016,6/14/2003,SO51673,220,16400,7,4,1
7/31/2016,5/13/2003,SO51673,379,16400,7,1,1
7/31/2016,5/10/2003,SO51673,540,16400,7,2,1
7/31/2016,5/28/2003,SO51678,214,11224,1,2,1
7/31/2016,5/28/2003,SO51678,362,11224,1,1,1
7/31/2016,6/3/2003,SO51679,462,11090,4,3,2
7/31/2016,5/14/2003,SO51679,360,11090,4,1,1
7/31/2016,7/5/2003,SO51679,487,11090,4,2,1
8/1/2016,4/23/2003,SO51901,528,15703,8,2,2
8/1/2016,5/17/2003,SO51901,220,15703,8,3,1
8/1/2016,4/28/2003,SO51901,537,15703,8,1,1
8/1/2016,7/2/2003,SO51902,462,13571,7,2,2
8/1/2016,6/12/2003,SO51902,229,13571,7,3,1
8/1/2016,6/25/2003,SO51902,476,13571,7,1,1
8/1/2016,6/9/2003,SO51887,464,11530,6,2,1
8/1/2016,6/11/2003,SO51887,488,11530,6,1,1
8/1/2016,6/3/2003,SO51890,480,15571,6,2,2
8/1/2016,6/19/2003,SO51890,540,15571,6,1,1
8/1/2016,4/9/2003,SO51892,480,24293,4,2,2
8/1/2016,4/14/2003,SO51892,540,24293,4,1,1
8/1/2016,5/25/2003,SO51909,530,11566,7,1,2
8/1/2016,7/5/2003,SO51909,232,11566,7,2,1
8/1/2016,7/4/2003,SO51886,480,18293,9,1,2
8/1/2016,6/3/2003,SO51884,530,16338,9,2,2
8/1/2016,6/10/2003,SO51884,541,16338,9,1,2
8/1/2016,5/9/2003,SO51884,466,16338,9,3,1
8/1/2016,4/6/2003,SO51880,477,12204,1,2,2
8/1/2016,4/18/2003,SO51880,479,12204,1,1,1
8/1/2016,6/23/2003,SO51880,481,12204,1,3,1
8/1/2016,4/10/2003,SO51900,223,14870,4,4,2
8/1/2016,6/4/2003,SO51900,485,14870,4,2,2
8/1/2016,4/30/2003,SO51900,528,14870,4,1,2
8/1/2016,4/30/2003,SO51900,226,14870,4,3,1
8/1/2016,5/10/2003,SO51888,529,29079,4,1,2
8/1/2016,7/8/2003,SO51888,214,29079,4,2,1
8/1/2016,6/20/2003,SO51888,473,29079,4,3,1
8/1/2016,7/5/2003,SO51904,529,14204,7,1,3
8/1/2016,6/28/2003,SO51904,215,14204,7,3,1
8/1/2016,5/25/2003,SO51904,540,14204,7,2,1
8/1/2016,5/27/2003,SO51879,223,28788,4,1,2
8/1/2016,5/21/2003,SO51905,529,23941,8,1,2
8/1/2016,6/6/2003,SO51905,215,23941,8,2,1
8/1/2016,7/17/2003,SO51914,484,22895,6,2,2
8/1/2016,6/28/2003,SO51914,373,22895,6,1,1
8/1/2016,5/29/2003,SO51891,480,24940,4,2,3
8/1/2016,4/22/2003,SO51891,540,24940,4,1,1
8/1/2016,7/5/2003,SO51885,480,15640,9,1,2
8/1/2016,5/8/2003,SO51898,477,15507,6,2,1
8/1/2016,6/6/2003,SO51898,478,15507,6,1,1
8/1/2016,6/29/2003,SO51898,488,15507,6,3,1
8/1/2016,6/19/2003,SO51916,358,11693,6,1,1
8/1/2016,6/4/2003,SO51913,477,14329,4,2,2
8/1/2016,5/20/2003,SO51913,478,14329,4,3,2
8/1/2016,6/7/2003,SO51913,485,14329,4,1,2
8/1/2016,4/10/2003,SO51913,487,14329,4,4,1
8/1/2016,5/14/2003,SO51878,352,11468,10,1,1
8/1/2016,6/12/2003,SO51877,528,11409,7,2,2
8/1/2016,5/8/2003,SO51877,214,11409,7,4,1
8/1/2016,4/25/2003,SO51877,356,11409,7,1,1
8/1/2016,5/14/2003,SO51877,537,11409,7,3,1
8/1/2016,6/14/2003,SO51889,538,27659,1,1,2
8/1/2016,5/1/2003,SO51889,490,27659,1,2,1
8/1/2016,5/7/2003,SO51899,477,16982,4,1,2
8/1/2016,6/5/2003,SO51899,214,16982,4,2,1
8/1/2016,7/17/2003,SO51899,232,16982,4,3,1
8/1/2016,6/14/2003,SO51918,477,22330,4,3,2
8/1/2016,6/1/2003,SO51918,479,22330,4,2,2
8/1/2016,5/8/2003,SO51918,487,22330,4,4,1
8/1/2016,6/27/2003,SO51918,606,22330,4,1,1
8/1/2016,5/6/2003,SO51921,214,16392,7,2,1
8/1/2016,4/26/2003,SO51921,577,16392,7,1,1
8/1/2016,4/10/2003,SO51893,536,23556,1,1,2
8/1/2016,4/23/2003,SO51919,538,22284,4,2,3
8/1/2016,4/30/2003,SO51919,529,22284,4,3,2
8/1/2016,7/1/2003,SO51919,215,22284,4,4,1
8/1/2016,4/24/2003,SO51919,606,22284,4,1,1
8/1/2016,5/29/2003,SO51895,480,24994,4,2,1
8/1/2016,6/25/2003,SO51895,540,24994,4,1,1
8/1/2016,6/13/2003,SO51910,480,14079,6,2,2
8/1/2016,6/28/2003,SO51910,537,14079,6,1,1
8/1/2016,6/29/2003,SO51896,536,15856,6,1,3
8/1/2016,4/12/2003,SO51896,480,15856,6,3,2
8/1/2016,6/24/2003,SO51896,528,15856,6,2,2
8/1/2016,4/3/2003,SO51903,539,19344,8,1,2
8/1/2016,7/13/2003,SO51903,480,19344,8,2,1
8/1/2016,7/4/2003,SO51903,486,19344,8,3,1
8/1/2016,6/27/2003,SO51907,530,16192,10,1,2
8/1/2016,4/23/2003,SO51907,462,16192,10,2,1
8/1/2016,4/7/2003,SO51883,215,15138,9,1,1
8/1/2016,7/10/2003,SO51908,529,12392,10,2,2
8/1/2016,7/10/2003,SO51908,538,12392,10,1,2
8/1/2016,4/4/2003,SO51915,529,20200,1,2,3
8/1/2016,6/15/2003,SO51915,379,20200,1,1,1
8/1/2016,4/10/2003,SO51915,540,20200,1,3,1
8/1/2016,6/22/2003,SO51912,537,13015,1,1,1
8/1/2016,5/30/2003,SO51906,541,23962,7,1,3
8/1/2016,6/29/2003,SO51894,462,14567,6,4,2
8/1/2016,7/4/2003,SO51894,529,14567,6,2,2
8/1/2016,5/24/2003,SO51894,215,14567,6,3,1
8/1/2016,7/8/2003,SO51894,540,14567,6,1,1
8/1/2016,6/26/2003,SO51911,480,11746,1,3,2
8/1/2016,6/5/2003,SO51911,528,11746,1,2,2
8/1/2016,5/2/2003,SO51911,537,11746,1,1,1
8/1/2016,6/24/2003,SO51917,479,28311,9,2,2
8/1/2016,6/22/2003,SO51917,573,28311,9,1,1
8/1/2016,5/7/2003,SO51897,477,13199,6,1,2
8/1/2016,4/15/2003,SO51897,478,13199,6,2,2
8/1/2016,5/20/2003,SO51897,484,13199,6,3,2
8/1/2016,7/4/2003,SO51881,480,21407,9,3,2
8/1/2016,6/6/2003,SO51881,528,21407,9,1,2
8/1/2016,5/23/2003,SO51881,537,21407,9,2,1
8/1/2016,5/4/2003,SO51920,539,19413,1,2,2
8/1/2016,4/5/2003,SO51920,385,19413,1,1,1
8/2/2016,5/11/2003,SO51935,530,26584,1,2,2
8/2/2016,5/21/2003,SO51935,541,26584,1,1,2
8/2/2016,6/28/2003,SO51938,540,24741,1,1,1
8/2/2016,6/3/2003,SO51957,528,12061,6,2,2
8/2/2016,6/23/2003,SO51957,214,12061,6,3,1
8/2/2016,7/5/2003,SO51957,537,12061,6,1,1
8/2/2016,5/21/2003,SO51929,489,17062,9,1,1
8/2/2016,4/15/2003,SO51925,477,11091,6,2,2
8/2/2016,6/18/2003,SO51925,479,11091,6,1,2
8/2/2016,6/28/2003,SO51947,215,16781,4,2,1
8/2/2016,6/5/2003,SO51947,462,16781,4,3,1
8/2/2016,5/5/2003,SO51947,477,16781,4,1,1
8/2/2016,5/5/2003,SO51944,477,18454,4,2,2
8/2/2016,4/30/2003,SO51944,473,18454,4,1,1
8/2/2016,7/11/2003,SO51954,477,20958,8,1,2
8/2/2016,7/9/2003,SO51954,472,20958,8,2,1
8/2/2016,5/6/2003,SO51932,223,12098,1,1,2
8/2/2016,5/8/2003,SO51934,484,28237,4,3,2
8/2/2016,4/23/2003,SO51934,529,28237,4,1,2
8/2/2016,5/20/2003,SO51934,538,28237,4,2,2
8/2/2016,4/20/2003,SO51942,478,11223,6,1,2
8/2/2016,5/4/2003,SO51942,487,11223,6,2,1
8/2/2016,5/13/2003,SO51959,480,11296,1,3,3
8/2/2016,7/3/2003,SO51959,485,11296,1,2,2
8/2/2016,4/19/2003,SO51959,358,11296,1,1,1
8/2/2016,5/5/2003,SO51936,214,11287,6,3,1
8/2/2016,4/8/2003,SO51936,462,11287,6,4,1
8/2/2016,5/11/2003,SO51936,529,11287,6,2,1
8/2/2016,4/15/2003,SO51936,540,11287,6,1,1
8/2/2016,5/17/2003,SO51924,484,28607,1,1,2
8/2/2016,6/1/2003,SO51945,481,18835,4,2,2
8/2/2016,5/30/2003,SO51945,476,18835,4,1,1
8/2/2016,5/27/2003,SO51931,484,13615,9,1,2
8/2/2016,4/22/2003,SO51948,480,15319,4,2,2
8/2/2016,4/10/2003,SO51948,528,15319,4,1,1
8/2/2016,5/16/2003,SO51953,529,25310,8,1,2
8/2/2016,6/5/2003,SO51953,538,25310,8,2,2
8/2/2016,7/6/2003,SO51953,215,25310,8,3,1
8/2/2016,5/3/2003,SO51950,485,22818,10,3,3
8/2/2016,6/9/2003,SO51950,536,22818,10,1,2
8/2/2016,7/13/2003,SO51950,528,22818,10,2,1
8/2/2016,7/13/2003,SO51937,464,17374,6,4,2
8/2/2016,4/10/2003,SO51937,535,17374,6,1,2
8/2/2016,7/4/2003,SO51937,214,17374,6,3,1
8/2/2016,4/19/2003,SO51937,528,17374,6,2,1
8/2/2016,6/28/2003,SO51923,485,11420,7,2,2
8/2/2016,6/25/2003,SO51923,220,11420,7,3,1
8/2/2016,5/30/2003,SO51923,354,11420,7,1,1
8/2/2016,6/27/2003,SO51952,477,24094,10,1,3
8/2/2016,4/7/2003,SO51952,215,24094,10,2,1
8/2/2016,6/10/2003,SO51946,477,12054,6,1,2
8/2/2016,5/12/2003,SO51946,483,12054,6,2,1
8/2/2016,4/30/2003,SO51964,477,18309,9,3,2
8/2/2016,4/19/2003,SO51964,479,18309,9,2,2
8/2/2016,5/21/2003,SO51964,373,18309,9,1,1
8/2/2016,5/23/2003,SO51964,487,18309,9,4,1
8/2/2016,5/10/2003,SO51955,530,13582,10,1,2
8/2/2016,7/2/2003,SO51955,541,13582,10,2,2
8/2/2016,5/15/2003,SO51955,214,13582,10,3,1
8/2/2016,7/10/2003,SO51926,529,14557,9,2,2
8/2/2016,6/21/2003,SO51926,539,14557,9,1,2
8/2/2016,5/11/2003,SO51926,214,14557,9,3,1
8/2/2016,6/11/2003,SO51963,477,24063,7,3,2
8/2/2016,6/8/2003,SO51963,479,24063,7,2,2
8/2/2016,5/27/2003,SO51963,215,24063,7,4,1
8/2/2016,7/6/2003,SO51963,562,24063,7,1,1
8/2/2016,5/19/2003,SO51927,528,25811,9,1,3
8/2/2016,7/14/2003,SO51927,464,25811,9,4,2
8/2/2016,6/17/2003,SO51927,485,25811,9,2,2
8/2/2016,5/22/2003,SO51927,220,25811,9,3,1
8/2/2016,4/7/2003,SO51939,536,23670,1,1,3
8/2/2016,6/13/2003,SO51939,484,23670,1,3,2
8/2/2016,4/17/2003,SO51939,528,23670,1,2,2
8/2/2016,6/24/2003,SO51933,480,11276,6,3,2
8/2/2016,4/29/2003,SO51933,529,11276,6,1,2
8/2/2016,7/2/2003,SO51933,539,11276,6,2,2
8/2/2016,6/15/2003,SO51943,462,12077,6,3,2
8/2/2016,6/9/2003,SO51943,478,12077,6,1,1
8/2/2016,5/18/2003,SO51943,487,12077,6,2,1
8/2/2016,5/21/2003,SO51922,220,24611,9,3,1
8/2/2016,7/3/2003,SO51922,381,24611,9,1,1
8/2/2016,4/25/2003,SO51922,471,24611,9,2,1
8/2/2016,6/23/2003,SO51949,528,16041,7,2,2
8/2/2016,5/13/2003,SO51949,535,16041,7,1,2
8/2/2016,6/20/2003,SO51949,214,16041,7,3,1
8/2/2016,7/1/2003,SO51930,214,15766,9,1,1
8/2/2016,7/2/2003,SO51961,605,26749,9,1,1
8/2/2016,6/23/2003,SO51928,477,29307,9,2,3
8/2/2016,6/7/2003,SO51928,478,29307,9,1,2
8/2/2016,6/11/2003,SO51956,480,29393,7,2,3
8/2/2016,6/13/2003,SO51956,538,29393,7,1,2
8/2/2016,7/7/2003,SO51958,484,20183,1,2,2
8/2/2016,6/7/2003,SO51958,373,20183,1,1,1
8/2/2016,6/13/2003,SO51951,484,24839,8,3,2
8/2/2016,4/4/2003,SO51951,529,24839,8,1,2
8/2/2016,5/22/2003,SO51951,538,24839,8,2,2
8/2/2016,4/27/2003,SO51941,223,20537,4,3,2
8/2/2016,5/20/2003,SO51941,477,20537,4,2,2
8/2/2016,4/15/2003,SO51941,478,20537,4,1,2
8/2/2016,6/18/2003,SO51960,223,12283,10,1,3
8/2/2016,7/8/2003,SO51960,577,12283,10,2,1
8/2/2016,5/5/2003,SO51940,477,14291,6,2,2
8/2/2016,6/1/2003,SO51940,478,14291,6,1,2
8/2/2016,7/2/2003,SO51940,215,14291,6,3,1
8/3/2016,7/12/2003,SO51996,485,14245,1,1,2
8/3/2016,7/8/2003,SO51996,220,14245,1,2,1
8/3/2016,5/3/2003,SO51999,223,25799,10,2,2
8/3/2016,4/8/2003,SO51999,477,25799,10,1,2
8/3/2016,5/3/2003,SO52012,215,14150,10,2,1
8/3/2016,4/9/2003,SO52012,568,14150,10,1,1
8/3/2016,5/11/2003,SO52007,476,13883,4,2,1
8/3/2016,5/18/2003,SO52007,588,13883,4,1,1
8/3/2016,4/16/2003,SO52001,530,13574,8,1,2
8/3/2016,6/8/2003,SO52001,214,13574,8,2,1
8/3/2016,4/29/2003,SO51990,466,12165,6,4,3
8/3/2016,7/13/2003,SO51990,477,12165,6,2,3
8/3/2016,5/9/2003,SO51990,478,12165,6,1,2
8/3/2016,4/11/2003,SO51990,483,12165,6,3,1
8/3/2016,4/6/2003,SO51989,477,21918,4,1,2
8/3/2016,7/7/2003,SO51989,478,21918,4,2,2
8/3/2016,7/7/2003,SO51989,490,21918,4,3,1
8/3/2016,4/26/2003,SO51968,483,13171,4,1,1
8/3/2016,5/26/2003,SO52011,528,12053,4,2,3
8/3/2016,5/4/2003,SO52011,214,12053,4,4,1
8/3/2016,6/9/2003,SO52011,352,12053,4,1,1
8/3/2016,4/28/2003,SO52011,537,12053,4,3,1
8/3/2016,5/28/2003,SO51991,229,11212,6,2,1
8/3/2016,7/17/2003,SO51991,476,11212,6,1,1
8/3/2016,6/1/2003,SO51985,530,27066,4,1,2
8/3/2016,4/5/2003,SO51985,541,27066,4,2,2
8/3/2016,5/14/2003,SO52008,482,11818,4,4,2
8/3/2016,6/25/2003,SO52008,485,11818,4,2,2
8/3/2016,4/14/2003,SO52008,229,11818,4,3,1
8/3/2016,6/15/2003,SO52008,362,11818,4,1,1
8/3/2016,4/21/2003,SO51998,480,17882,10,3,2
8/3/2016,6/18/2003,SO51998,528,17882,10,1,2
8/3/2016,7/2/2003,SO51998,535,17882,10,2,1
8/3/2016,6/4/2003,SO51974,220,15136,9,1,1
8/3/2016,6/8/2003,SO51995,485,16227,4,1,2
8/3/2016,6/7/2003,SO51995,223,16227,4,3,1
8/3/2016,4/16/2003,SO51995,229,16227,4,2,1
8/3/2016,5/17/2003,SO51973,528,22846,9,2,2
8/3/2016,6/8/2003,SO51973,215,22846,9,3,1
8/3/2016,4/15/2003,SO51973,537,22846,9,1,1
8/3/2016,6/3/2003,SO51971,477,16609,9,4,2
8/3/2016,5/3/2003,SO51971,478,16609,9,3,2
8/3/2016,7/6/2003,SO51971,536,16609,9,1,2
8/3/2016,4/28/2003,SO51971,214,16609,9,5,1
8/3/2016,6/19/2003,SO51971,528,16609,9,2,1
8/3/2016,5/3/2003,SO52003,528,15507,6,2,2
8/3/2016,7/11/2003,SO52003,483,15507,6,3,1
8/3/2016,5/16/2003,SO52003,537,15507,6,1,1
8/3/2016,5/23/2003,SO51992,232,18987,1,2,1
8/3/2016,4/9/2003,SO51992,475,18987,1,1,1
8/3/2016,5/26/2003,SO51978,477,19969,9,1,2
8/3/2016,6/21/2003,SO51978,479,19969,9,2,2
8/3/2016,5/6/2003,SO51978,491,19969,9,3,1
8/3/2016,6/19/2003,SO51983,538,11641,6,1,2
8/3/2016,7/15/2003,SO51980,490,11502,6,1,1
8/3/2016,5/14/2003,SO52018,375,18470,9,1,1
8/3/2016,5/21/2003,SO51965,529,18250,9,2,2
8/3/2016,4/28/2003,SO51965,375,18250,9,1,1
8/3/2016,5/28/2003,SO51965,540,18250,9,3,1
8/3/2016,6/12/2003,SO51987,478,16097,6,1,2
8/3/2016,6/15/2003,SO51997,528,18174,7,1,2
8/3/2016,7/17/2003,SO51997,480,18174,7,2,1
8/3/2016,5/6/2003,SO52015,214,22282,1,2,1
8/3/2016,5/3/2003,SO52015,605,22282,1,1,1
8/3/2016,4/28/2003,SO51969,480,14052,9,2,2
8/3/2016,5/27/2003,SO51969,535,14052,9,1,2
8/3/2016,7/14/2003,SO52010,480,11323,4,4,2
8/3/2016,4/14/2003,SO52010,528,11323,4,2,2
8/3/2016,7/6/2003,SO52010,362,11323,4,1,1
8/3/2016,5/4/2003,SO52010,486,11323,4,5,1
8/3/2016,7/8/2003,SO52010,537,11323,4,3,1
8/3/2016,7/5/2003,SO52005,220,21652,6,3,1
8/3/2016,6/5/2003,SO52005,485,21652,6,2,1
8/3/2016,5/22/2003,SO52005,598,21652,6,1,1
8/3/2016,4/22/2003,SO51977,223,18191,9,1,2
8/3/2016,6/29/2003,SO52004,535,15562,1,2,2
8/3/2016,6/19/2003,SO52004,597,15562,1,1,1
8/3/2016,4/20/2003,SO51979,215,19477,10,3,1
8/3/2016,6/24/2003,SO51979,375,19477,10,1,1
8/3/2016,5/5/2003,SO51979,487,19477,10,2,1
8/3/2016,6/10/2003,SO51984,538,18329,6,1,3
8/3/2016,5/5/2003,SO51984,480,18329,6,2,1
8/3/2016,5/29/2003,SO52000,464,27942,7,2,2
8/3/2016,5/15/2003,SO52000,530,27942,7,1,2
8/3/2016,4/18/2003,SO51986,529,15478,6,1,3
8/3/2016,4/11/2003,SO51986,480,15478,6,3,1
8/3/2016,7/12/2003,SO51986,540,15478,6,2,1
8/3/2016,4/6/2003,SO52016,220,19403,4,2,1
8/3/2016,7/4/2003,SO52016,381,19403,4,1,1
8/3/2016,6/8/2003,SO51988,477,13491,6,2,2
8/3/2016,6/30/2003,SO51988,478,13491,6,1,1
8/3/2016,4/21/2003,SO51994,484,16334,1,3,2
8/3/2016,4/26/2003,SO51994,485,16334,1,1,1
8/3/2016,6/10/2003,SO51994,487,16334,1,2,1
8/3/2016,6/30/2003,SO51970,223,17305,9,3,3
8/3/2016,4/29/2003,SO51970,529,17305,9,2,2
8/3/2016,6/28/2003,SO51970,539,17305,9,1,2
8/3/2016,4/8/2003,SO51970,486,17305,9,4,1
8/3/2016,4/23/2003,SO51967,462,12807,8,5,2
8/3/2016,6/5/2003,SO51967,477,12807,8,2,2
8/3/2016,4/16/2003,SO51967,478,12807,8,3,2
8/3/2016,7/10/2003,SO51967,356,12807,8,1,1
8/3/2016,5/11/2003,SO51967,491,12807,8,4,1
8/3/2016,5/30/2003,SO51966,223,13540,8,5,2
8/3/2016,5/18/2003,SO51966,477,13540,8,3,2
8/3/2016,5/16/2003,SO51966,478,13540,8,4,2
8/3/2016,5/24/2003,SO51966,220,13540,8,6,1
8/3/2016,5/23/2003,SO51966,354,13540,8,1,1
8/3/2016,5/23/2003,SO51966,485,13540,8,2,1
8/3/2016,5/1/2003,SO52017,480,12131,7,4,2
8/3/2016,5/8/2003,SO52017,530,12131,7,3,2
8/3/2016,7/11/2003,SO52017,541,12131,7,2,2
8/3/2016,5/26/2003,SO52017,561,12131,7,1,1
8/3/2016,6/24/2003,SO51972,537,21176,9,1,1
8/3/2016,4/27/2003,SO52006,375,20204,4,1,1
8/3/2016,6/26/2003,SO52006,540,20204,4,2,1
8/3/2016,6/19/2003,SO51975,462,11763,9,1,1
8/3/2016,5/23/2003,SO51976,223,17074,9,1,3
8/3/2016,6/14/2003,SO51976,226,17074,9,2,1
8/3/2016,6/2/2003,SO52014,536,16664,9,2,2
8/3/2016,4/20/2003,SO52014,588,16664,9,1,1
8/3/2016,7/5/2003,SO51981,490,11673,1,1,1
8/3/2016,5/30/2003,SO52009,485,11830,4,2,3
8/3/2016,7/16/2003,SO52009,220,11830,4,3,1
8/3/2016,7/18/2003,SO52009,360,11830,4,1,1
8/3/2016,4/5/2003,SO51993,474,27502,6,1,1
8/4/2016,4/27/2003,SO52027,530,27981,9,1,2
8/4/2016,7/10/2003,SO52027,214,27981,9,2,1
8/4/2016,5/29/2003,SO52048,480,19781,6,2,2
8/4/2016,7/12/2003,SO52048,528,19781,6,1,2
8/4/2016,6/12/2003,SO52038,536,23466,1,1,1
8/4/2016,5/4/2003,SO52045,480,15476,4,2,2
8/4/2016,7/3/2003,SO52045,528,15476,4,1,2
8/4/2016,5/28/2003,SO52039,477,21762,1,2,3
8/4/2016,7/11/2003,SO52039,478,21762,1,1,3
8/4/2016,6/11/2003,SO52039,223,21762,1,4,1
8/4/2016,4/11/2003,SO52039,487,21762,1,3,1
8/4/2016,4/13/2003,SO52057,215,12060,6,3,1
8/4/2016,5/13/2003,SO52057,352,12060,6,1,1
8/4/2016,6/27/2003,SO52057,472,12060,6,2,1
8/4/2016,4/26/2003,SO52059,567,25749,7,1,1
8/4/2016,5/23/2003,SO52025,485,18293,9,1,3
8/4/2016,5/24/2003,SO52025,477,18293,9,3,2
8/4/2016,5/6/2003,SO52025,478,18293,9,2,2
8/4/2016,4/17/2003,SO52025,220,18293,9,4,1
8/4/2016,5/14/2003,SO52060,529,18699,9,3,2
8/4/2016,5/25/2003,SO52060,539,18699,9,2,2
8/4/2016,4/7/2003,SO52060,582,18699,9,1,1
8/4/2016,5/16/2003,SO52062,223,25146,1,1,2
8/4/2016,5/17/2003,SO52062,579,25146,1,2,1
8/4/2016,5/31/2003,SO52019,477,23411,9,3,2
8/4/2016,7/4/2003,SO52019,381,23411,9,1,1
8/4/2016,6/28/2003,SO52019,479,23411,9,2,1
8/4/2016,7/9/2003,SO52052,477,25801,10,1,2
8/4/2016,6/27/2003,SO52064,226,17976,8,2,1
8/4/2016,6/3/2003,SO52064,579,17976,8,1,1
8/4/2016,5/15/2003,SO52032,486,16406,10,2,1
8/4/2016,6/20/2003,SO52032,588,16406,10,1,1
8/4/2016,5/2/2003,SO52030,484,11125,9,1,3
8/4/2016,7/3/2003,SO52054,528,11207,1,2,3
8/4/2016,5/26/2003,SO52054,220,11207,1,3,1
8/4/2016,5/21/2003,SO52054,537,11207,1,1,1
8/4/2016,5/30/2003,SO52049,528,13818,7,2,3
8/4/2016,5/14/2003,SO52049,537,13818,7,1,1
8/4/2016,5/17/2003,SO52041,476,15413,6,1,1
8/4/2016,5/22/2003,SO52041,488,15413,6,2,1
8/4/2016,6/16/2003,SO52044,223,17276,1,3,2
8/4/2016,5/13/2003,SO52044,477,17276,1,1,2
8/4/2016,4/27/2003,SO52044,489,17276,1,2,1
8/4/2016,5/18/2003,SO52058,477,11325,1,4,3
8/4/2016,7/18/2003,SO52058,485,11325,1,2,3
8/4/2016,7/1/2003,SO52058,478,11325,1,3,2
8/4/2016,4/6/2003,SO52058,356,11325,1,1,1
8/4/2016,5/21/2003,SO52058,487,11325,1,5,1
8/4/2016,4/12/2003,SO52058,489,11325,1,6,1
8/4/2016,5/2/2003,SO52024,477,19087,9,3,2
8/4/2016,7/12/2003,SO52024,478,19087,9,2,2
8/4/2016,6/10/2003,SO52024,485,19087,9,1,2
8/4/2016,5/5/2003,SO52035,223,11300,6,1,2
8/4/2016,7/2/2003,SO52035,540,11300,6,2,1
8/4/2016,5/2/2003,SO52043,528,16384,4,1,2
8/4/2016,4/29/2003,SO52043,480,16384,4,2,1
8/4/2016,4/11/2003,SO52022,354,11488,10,1,1
8/4/2016,4/7/2003,SO52022,480,11488,10,2,1
8/4/2016,7/15/2003,SO52040,466,16848,6,2,2
8/4/2016,6/11/2003,SO52040,475,16848,6,1,1
8/4/2016,4/9/2003,SO52020,480,11344,10,2,2
8/4/2016,5/5/2003,SO52020,360,11344,10,1,1
8/4/2016,5/2/2003,SO52042,466,23559,6,3,2
8/4/2016,6/26/2003,SO52042,528,23559,6,1,2
8/4/2016,6/29/2003,SO52042,220,23559,6,2,1
8/4/2016,4/6/2003,SO52046,528,20130,6,1,2
8/4/2016,7/13/2003,SO52050,477,21861,7,1,2
8/4/2016,5/7/2003,SO52050,215,21861,7,2,1
8/4/2016,5/2/2003,SO52033,223,16427,10,4,3
8/4/2016,6/16/2003,SO52033,477,16427,10,3,2
8/4/2016,6/26/2003,SO52033,478,16427,10,2,1
8/4/2016,5/27/2003,SO52033,589,16427,10,1,1
8/4/2016,7/19/2003,SO52053,528,11723,6,2,2
8/4/2016,4/22/2003,SO52053,537,11723,6,1,1
8/4/2016,5/5/2003,SO52051,529,20142,7,1,2
8/4/2016,5/25/2003,SO52047,485,20492,6,1,2
8/4/2016,7/20/2003,SO52047,235,20492,6,2,1
8/4/2016,6/18/2003,SO52056,488,18960,4,2,1
8/4/2016,7/8/2003,SO52056,594,18960,4,1,1
8/4/2016,5/2/2003,SO52037,535,26199,4,1,2
8/4/2016,5/29/2003,SO52036,528,25337,1,1,2
8/4/2016,4/22/2003,SO52036,535,25337,1,2,2
8/4/2016,4/10/2003,SO52029,478,24494,9,1,1
8/4/2016,4/9/2003,SO52031,480,19088,9,1,2
8/4/2016,5/21/2003,SO52055,477,13234,1,3,2
8/4/2016,4/28/2003,SO52055,478,13234,1,2,2
8/4/2016,5/20/2003,SO52055,485,13234,1,1,2
8/4/2016,5/26/2003,SO52061,220,20158,9,2,1
8/4/2016,5/15/2003,SO52061,584,20158,9,1,1
8/4/2016,5/14/2003,SO52021,485,12806,8,2,2
8/4/2016,7/20/2003,SO52021,226,12806,8,3,1
8/4/2016,7/17/2003,SO52021,362,12806,8,1,1
8/4/2016,7/1/2003,SO52023,220,11500,6,1,1
8/4/2016,5/23/2003,SO52028,528,26132,9,1,2
8/4/2016,6/30/2003,SO52028,214,26132,9,2,1
8/4/2016,6/4/2003,SO52026,477,29287,9,1,2
8/4/2016,5/7/2003,SO52063,220,19532,4,2,1
8/4/2016,7/11/2003,SO52063,229,19532,4,3,1
8/4/2016,6/20/2003,SO52063,381,19532,4,1,1
8/5/2016,7/16/2003,SO52067,484,12197,4,1,2
8/5/2016,4/11/2003,SO52096,529,20050,7,1,3
8/5/2016,7/12/2003,SO52096,487,20050,7,2,1
8/5/2016,4/9/2003,SO52095,485,13872,1,1,2
8/5/2016,4/25/2003,SO52095,486,13872,1,2,1
8/5/2016,6/12/2003,SO52080,536,23690,4,1,3
8/5/2016,7/9/2003,SO52080,481,23690,4,2,2
8/5/2016,7/4/2003,SO52106,220,24660,4,2,1
8/5/2016,7/16/2003,SO52106,563,24660,4,1,1
8/5/2016,6/5/2003,SO52073,226,12247,9,1,1
8/5/2016,5/10/2003,SO52069,538,20453,9,1,1
8/5/2016,4/24/2003,SO52105,477,11522,1,3,2
8/5/2016,5/22/2003,SO52105,478,11522,1,2,2
8/5/2016,5/10/2003,SO52105,360,11522,1,1,1
8/5/2016,5/13/2003,SO52082,528,23831,1,1,3
8/5/2016,6/27/2003,SO52082,536,23831,1,2,3
8/5/2016,6/12/2003,SO52082,220,23831,1,3,1
8/5/2016,4/30/2003,SO52075,541,27624,4,1,2
8/5/2016,6/7/2003,SO52094,480,15861,4,2,3
8/5/2016,5/15/2003,SO52094,528,15861,4,1,1
8/5/2016,7/17/2003,SO52097,484,15617,7,4,3
8/5/2016,5/1/2003,SO52097,485,15617,7,3,2
8/5/2016,5/13/2003,SO52097,528,15617,7,2,2
8/5/2016,6/1/2003,SO52097,535,15617,7,1,1
8/5/2016,6/25/2003,SO52093,477,17685,1,1,3
8/5/2016,5/16/2003,SO52098,484,28908,10,3,3
8/5/2016,4/10/2003,SO52098,538,28908,10,1,2
8/5/2016,6/17/2003,SO52098,529,28908,10,2,1
8/5/2016,6/2/2003,SO52100,530,27184,8,1,3
8/5/2016,5/5/2003,SO52100,220,27184,8,2,1
8/5/2016,6/11/2003,SO52100,229,27184,8,3,1
8/5/2016,7/16/2003,SO52102,477,12724,8,2,3
8/5/2016,6/24/2003,SO52102,478,12724,8,1,2
8/5/2016,5/3/2003,SO52085,477,14561,6,2,2
8/5/2016,4/10/2003,SO52085,478,14561,6,1,2
8/5/2016,7/6/2003,SO52085,214,14561,6,3,1
8/5/2016,5/23/2003,SO52103,485,21618,6,2,2
8/5/2016,7/6/2003,SO52103,598,21618,6,1,1
8/5/2016,5/27/2003,SO52083,536,11300,6,1,3
8/5/2016,7/8/2003,SO52083,480,11300,6,2,2
8/5/2016,5/16/2003,SO52101,485,16964,6,1,2
8/5/2016,5/21/2003,SO52070,538,20237,9,1,2
8/5/2016,7/16/2003,SO52104,480,11327,4,4,2
8/5/2016,7/1/2003,SO52104,528,11327,4,3,2
8/5/2016,5/16/2003,SO52104,358,11327,4,1,1
8/5/2016,7/15/2003,SO52104,537,11327,4,2,1
8/5/2016,4/15/2003,SO52078,214,25439,4,3,1
8/5/2016,5/7/2003,SO52078,529,25439,4,1,1
8/5/2016,7/12/2003,SO52078,540,25439,4,2,1
8/5/2016,4/10/2003,SO52089,475,18935,4,1,1
8/5/2016,4/8/2003,SO52084,477,14446,6,2,2
8/5/2016,4/9/2003,SO52084,478,14446,6,1,2
8/5/2016,5/18/2003,SO52091,476,15157,6,1,1
8/5/2016,7/5/2003,SO52091,489,15157,6,2,1
8/5/2016,5/19/2003,SO52090,481,18889,1,2,2
8/5/2016,4/23/2003,SO52090,474,18889,1,1,1
8/5/2016,5/27/2003,SO52071,528,21366,9,1,2
8/5/2016,6/7/2003,SO52071,215,21366,9,2,1
8/5/2016,5/19/2003,SO52068,528,13635,9,2,2
8/5/2016,6/2/2003,SO52068,535,13635,9,1,2
8/5/2016,4/12/2003,SO52068,480,13635,9,3,1
8/5/2016,7/11/2003,SO52066,223,12533,1,3,2
8/5/2016,6/1/2003,SO52066,477,12533,1,2,2
8/5/2016,5/7/2003,SO52066,479,12533,1,1,2
8/5/2016,4/13/2003,SO52066,232,12533,1,4,1
8/5/2016,4/18/2003,SO52077,529,24652,1,1,2
8/5/2016,6/16/2003,SO52077,487,24652,1,3,1
8/5/2016,6/16/2003,SO52077,540,24652,1,2,1
8/5/2016,5/3/2003,SO52072,477,11113,9,2,2
8/5/2016,7/4/2003,SO52072,478,11113,9,1,2
8/5/2016,7/14/2003,SO52072,215,11113,9,3,1
8/5/2016,5/6/2003,SO52087,223,19713,1,2,2
8/5/2016,6/28/2003,SO52087,475,19713,1,1,1
8/5/2016,6/4/2003,SO52088,478,13860,6,1,2
8/5/2016,5/26/2003,SO52088,477,13860,6,2,1
8/5/2016,4/24/2003,SO52081,480,25045,1,3,2
8/5/2016,5/14/2003,SO52081,529,25045,1,2,1
8/5/2016,7/9/2003,SO52081,540,25045,1,1,1
8/5/2016,6/2/2003,SO52079,529,24486,4,1,2
8/5/2016,7/5/2003,SO52079,540,24486,4,2,1
8/5/2016,6/18/2003,SO52074,466,11211,6,3,2
8/5/2016,5/23/2003,SO52074,530,11211,6,1,2
8/5/2016,7/9/2003,SO52074,220,11211,6,2,1
8/5/2016,7/11/2003,SO52076,529,28226,1,2,2
8/5/2016,5/12/2003,SO52076,538,28226,1,1,2
8/5/2016,5/13/2003,SO52076,220,28226,1,3,1
8/5/2016,6/30/2003,SO52092,475,27415,6,1,1
8/5/2016,6/6/2003,SO52065,215,23311,9,2,1
8/5/2016,6/20/2003,SO52065,381,23311,9,1,1
8/5/2016,5/17/2003,SO52086,478,20681,4,1,3
8/6/2016,7/4/2003,SO52128,480,26195,4,2,2
8/6/2016,7/22/2003,SO52128,535,26195,4,1,2
8/6/2016,4/24/2003,SO52131,475,18775,1,1,1
8/6/2016,5/2/2003,SO52107,214,18272,9,2,1
8/6/2016,4/12/2003,SO52107,377,18272,9,1,1
8/6/2016,5/28/2003,SO52145,528,12708,4,2,2
8/6/2016,6/6/2003,SO52145,214,12708,4,3,1
8/6/2016,6/26/2003,SO52145,537,12708,4,1,1
8/6/2016,7/17/2003,SO52129,485,17027,6,3,2
8/6/2016,7/10/2003,SO52129,528,17027,6,1,2
8/6/2016,5/8/2003,SO52129,535,17027,6,2,2
8/6/2016,6/13/2003,SO52149,214,28720,9,2,1
8/6/2016,6/11/2003,SO52149,563,28720,9,1,1
8/6/2016,5/29/2003,SO52113,214,11277,6,1,1
8/6/2016,5/19/2003,SO52135,485,15820,1,1,3
8/6/2016,7/21/2003,SO52135,235,15820,1,2,1
8/6/2016,5/28/2003,SO52111,220,11547,7,2,1
8/6/2016,6/12/2003,SO52111,362,11547,7,1,1
8/6/2016,4/19/2003,SO52121,477,24093,10,2,3
8/6/2016,5/28/2003,SO52121,223,24093,10,4,2
8/6/2016,6/5/2003,SO52121,479,24093,10,3,2
8/6/2016,7/22/2003,SO52121,379,24093,10,1,1
8/6/2016,4/18/2003,SO52123,483,12176,1,1,1
8/6/2016,7/17/2003,SO52120,489,22693,7,2,1
8/6/2016,6/20/2003,SO52120,582,22693,7,1,1
8/6/2016,4/15/2003,SO52142,538,19346,10,1,3
8/6/2016,6/28/2003,SO52125,464,11738,6,2,2
8/6/2016,5/4/2003,SO52125,535,11738,6,1,1
8/6/2016,4/25/2003,SO52150,462,22276,4,3,2
8/6/2016,7/22/2003,SO52150,215,22276,4,2,1
8/6/2016,6/11/2003,SO52150,606,22276,4,1,1
8/6/2016,7/8/2003,SO52112,223,11496,10,4,2
8/6/2016,6/19/2003,SO52112,478,11496,10,2,2
8/6/2016,4/27/2003,SO52112,214,11496,10,3,1
8/6/2016,4/27/2003,SO52112,235,11496,10,5,1
8/6/2016,5/27/2003,SO52112,358,11496,10,1,1
8/6/2016,7/16/2003,SO52108,477,11394,10,3,2
8/6/2016,4/26/2003,SO52108,478,11394,10,2,2
8/6/2016,6/16/2003,SO52108,484,11394,10,4,2
8/6/2016,6/2/2003,SO52108,352,11394,10,1,1
8/6/2016,7/20/2003,SO52114,539,15592,9,1,2
8/6/2016,6/7/2003,SO52144,528,11868,6,2,3
8/6/2016,4/19/2003,SO52144,485,11868,6,3,2
8/6/2016,5/23/2003,SO52144,537,11868,6,1,1
8/6/2016,5/11/2003,SO52117,476,22028,9,1,1
8/6/2016,4/29/2003,SO52134,528,16511,10,1,2
8/6/2016,7/14/2003,SO52134,220,16511,10,2,1
8/6/2016,5/25/2003,SO52136,464,13510,7,2,2
8/6/2016,7/22/2003,SO52136,476,13510,7,1,1
8/6/2016,5/30/2003,SO52152,223,23224,10,3,2
8/6/2016,5/1/2003,SO52152,381,23224,10,1,1
8/6/2016,6/22/2003,SO52152,490,23224,10,2,1
8/6/2016,6/11/2003,SO52126,535,26489,4,1,2
8/6/2016,5/10/2003,SO52138,529,27331,10,1,2
8/6/2016,6/18/2003,SO52140,529,26852,8,1,3
8/6/2016,5/21/2003,SO52140,538,26852,8,2,2
8/6/2016,6/4/2003,SO52140,214,26852,8,3,1
8/6/2016,5/27/2003,SO52140,491,26852,8,4,1
8/6/2016,7/6/2003,SO52109,220,11416,7,2,1
8/6/2016,4/10/2003,SO52109,362,11416,7,1,1
8/6/2016,6/30/2003,SO52118,480,25923,9,2,2
8/6/2016,5/28/2003,SO52118,529,25923,9,1,2
8/6/2016,5/10/2003,SO52127,529,11176,6,2,2
8/6/2016,5/10/2003,SO52127,220,11176,6,3,1
8/6/2016,5/17/2003,SO52127,540,11176,6,1,1
8/6/2016,4/21/2003,SO52141,538,26989,8,1,3
8/6/2016,7/21/2003,SO52141,529,26989,8,2,2
8/6/2016,4/28/2003,SO52143,480,13663,8,2,2
8/6/2016,5/18/2003,SO52143,484,13663,8,3,2
8/6/2016,4/20/2003,SO52143,530,13663,8,1,2
8/6/2016,5/19/2003,SO52146,485,12089,6,2,2
8/6/2016,4/15/2003,SO52146,362,12089,6,1,1
8/6/2016,7/12/2003,SO52148,220,22950,9,2,1
8/6/2016,7/5/2003,SO52148,583,22950,9,1,1
8/6/2016,5/10/2003,SO52133,481,16953,4,2,3
8/6/2016,5/2/2003,SO52133,477,16953,4,1,2
8/6/2016,5/22/2003,SO52115,480,21883,9,3,3
8/6/2016,6/6/2003,SO52115,528,21883,9,2,2
8/6/2016,7/11/2003,SO52115,537,21883,9,1,1
8/6/2016,5/19/2003,SO52124,480,27040,2,2,2
8/6/2016,6/11/2003,SO52124,530,27040,2,1,2
8/6/2016,4/23/2003,SO52151,387,27800,10,1,1
8/6/2016,5/7/2003,SO52132,223,18664,1,2,2
8/6/2016,7/2/2003,SO52132,477,18664,1,1,2
8/6/2016,7/21/2003,SO52116,530,27968,9,1,2
8/6/2016,4/14/2003,SO52116,214,27968,9,2,1
8/6/2016,4/16/2003,SO52137,223,21120,8,3,2
8/6/2016,5/14/2003,SO52137,477,21120,8,1,2
8/6/2016,6/25/2003,SO52137,220,21120,8,2,1
8/6/2016,4/10/2003,SO52110,528,12742,8,3,2
8/6/2016,4/9/2003,SO52110,214,12742,8,4,1
8/6/2016,6/28/2003,SO52110,352,12742,8,1,1
8/6/2016,5/21/2003,SO52110,537,12742,8,2,1
8/6/2016,7/21/2003,SO52147,484,11302,1,4,2
8/6/2016,7/13/2003,SO52147,485,11302,1,3,2
8/6/2016,6/23/2003,SO52147,362,11302,1,1,1
8/6/2016,5/30/2003,SO52147,537,11302,1,2,1
8/6/2016,5/20/2003,SO52139,480,21840,10,3,3
8/6/2016,6/13/2003,SO52139,529,21840,10,2,2
8/6/2016,5/3/2003,SO52139,539,21840,10,1,2
8/6/2016,5/2/2003,SO52119,529,13138,9,1,2
8/6/2016,6/28/2003,SO52130,478,22338,4,1,2
8/6/2016,6/19/2003,SO52130,477,22338,4,2,1
8/6/2016,6/12/2003,SO52130,489,22338,4,3,1
8/6/2016,6/4/2003,SO52122,223,11700,4,2,2
8/6/2016,5/28/2003,SO52122,488,11700,4,1,1
8/7/2016,7/12/2003,SO52200,480,12984,6,2,2
8/7/2016,6/4/2003,SO52200,537,12984,6,1,1
8/7/2016,6/3/2003,SO52171,480,15172,6,3,2
8/7/2016,5/30/2003,SO52171,530,15172,6,2,2
8/7/2016,4/10/2003,SO52171,541,15172,6,1,2
8/7/2016,6/15/2003,SO52183,484,17506,4,2,2
8/7/2016,5/25/2003,SO52183,477,17506,4,1,1
8/7/2016,4/26/2003,SO52188,215,15430,1,2,1
8/7/2016,7/10/2003,SO52188,528,15430,1,1,1
8/7/2016,7/2/2003,SO52165,528,16617,9,1,2
8/7/2016,4/22/2003,SO52165,536,16617,9,2,2
8/7/2016,5/26/2003,SO52165,214,16617,9,3,1
8/7/2016,4/14/2003,SO52178,466,16870,6,3,2
8/7/2016,5/1/2003,SO52178,477,16870,6,2,2
8/7/2016,6/28/2003,SO52178,478,16870,6,1,2
8/7/2016,5/11/2003,SO52170,541,12795,6,1,2
8/7/2016,7/4/2003,SO52172,529,24989,1,2,2
8/7/2016,7/21/2003,SO52172,540,24989,1,1,1
8/7/2016,6/23/2003,SO52187,484,18110,4,2,3
8/7/2016,6/15/2003,SO52187,477,18110,4,1,2
8/7/2016,5/8/2003,SO52193,485,15278,4,1,2
8/7/2016,7/7/2003,SO52193,214,15278,4,2,1
8/7/2016,7/21/2003,SO52209,480,29388,7,4,2
8/7/2016,7/3/2003,SO52209,529,29388,7,3,2
8/7/2016,7/6/2003,SO52209,538,29388,7,2,2
8/7/2016,5/15/2003,SO52209,604,29388,7,1,1
8/7/2016,4/14/2003,SO52194,481,16209,7,2,2
8/7/2016,7/19/2003,SO52194,485,16209,7,1,2
8/7/2016,5/21/2003,SO52206,223,17514,9,4,2
8/7/2016,6/13/2003,SO52206,477,17514,9,3,2
8/7/2016,5/3/2003,SO52206,478,17514,9,2,2
8/7/2016,7/4/2003,SO52206,600,17514,9,1,1
8/7/2016,7/10/2003,SO52203,484,12058,4,3,2
8/7/2016,6/23/2003,SO52203,360,12058,4,1,1
8/7/2016,7/9/2003,SO52203,487,12058,4,2,1
8/7/2016,7/2/2003,SO52166,477,28533,9,1,2
8/7/2016,5/22/2003,SO52198,538,12502,10,1,2
8/7/2016,5/30/2003,SO52198,214,12502,10,3,1
8/7/2016,6/27/2003,SO52198,529,12502,10,2,1
8/7/2016,7/1/2003,SO52156,477,16703,9,2,2
8/7/2016,6/6/2003,SO52156,479,16703,9,3,2
8/7/2016,5/9/2003,SO52156,373,16703,9,1,1
8/7/2016,5/25/2003,SO52156,487,16703,9,4,1
8/7/2016,6/21/2003,SO52175,466,26017,4,4,2
8/7/2016,6/17/2003,SO52175,528,26017,4,1,2
8/7/2016,5/12/2003,SO52175,535,26017,4,2,2
8/7/2016,5/28/2003,SO52175,215,26017,4,3,1
8/7/2016,4/21/2003,SO52160,528,11422,10,3,3
8/7/2016,7/19/2003,SO52160,362,11422,10,1,1
8/7/2016,5/20/2003,SO52160,537,11422,10,2,1
8/7/2016,6/15/2003,SO52210,477,18308,9,3,2
8/7/2016,7/4/2003,SO52210,480,18308,9,4,2
8/7/2016,4/15/2003,SO52210,375,18308,9,1,1
8/7/2016,6/14/2003,SO52210,479,18308,9,2,1
8/7/2016,6/14/2003,SO52205,477,18700,9,2,2
8/7/2016,4/15/2003,SO52205,215,18700,9,4,1
8/7/2016,4/17/2003,SO52205,479,18700,9,3,1
8/7/2016,5/29/2003,SO52205,583,18700,9,1,1
8/7/2016,5/17/2003,SO52164,484,11119,9,3,3
8/7/2016,6/26/2003,SO52164,480,11119,9,2,2
8/7/2016,6/19/2003,SO52164,535,11119,9,1,2
8/7/2016,7/4/2003,SO52192,528,21339,6,1,2
8/7/2016,6/13/2003,SO52192,214,21339,6,2,1
8/7/2016,5/19/2003,SO52185,223,24746,6,1,2
8/7/2016,6/19/2003,SO52185,477,24746,6,2,2
8/7/2016,5/25/2003,SO52186,214,16814,4,2,1
8/7/2016,4/14/2003,SO52186,477,16814,4,1,1
8/7/2016,4/14/2003,SO52163,214,11978,4,1,1
8/7/2016,5/25/2003,SO52157,381,24609,9,1,1
8/7/2016,5/16/2003,SO52173,528,26278,1,1,3
8/7/2016,6/23/2003,SO52173,535,26278,1,2,2
8/7/2016,7/18/2003,SO52181,477,13732,6,1,2
8/7/2016,7/21/2003,SO52202,485,11526,6,2,2
8/7/2016,7/22/2003,SO52202,215,11526,6,3,1
8/7/2016,5/3/2003,SO52202,356,11526,6,1,1
8/7/2016,7/12/2003,SO52155,371,18254,9,1,1
8/7/2016,4/25/2003,SO52176,536,18677,6,1,1
8/7/2016,6/15/2003,SO52195,481,15821,4,2,2
8/7/2016,5/6/2003,SO52195,485,15821,4,1,2
8/7/2016,4/29/2003,SO52177,529,23729,4,1,2
8/7/2016,4/12/2003,SO52177,214,23729,4,3,1
8/7/2016,6/12/2003,SO52177,540,23729,4,2,1
8/7/2016,4/16/2003,SO52189,528,15257,1,1,3
8/7/2016,6/19/2003,SO52189,214,15257,1,2,1
8/7/2016,7/2/2003,SO52161,485,11381,10,2,3
8/7/2016,5/8/2003,SO52161,354,11381,10,1,1
8/7/2016,5/19/2003,SO52199,541,27323,7,1,3
8/7/2016,5/12/2003,SO52199,530,27323,7,2,2
8/7/2016,5/28/2003,SO52199,235,27323,7,3,1
8/7/2016,5/8/2003,SO52207,477,11056,9,2,2
8/7/2016,7/9/2003,SO52207,478,11056,9,3,2
8/7/2016,7/10/2003,SO52207,352,11056,9,1,1
8/7/2016,6/28/2003,SO52207,462,11056,9,5,1
8/7/2016,7/4/2003,SO52207,489,11056,9,4,1
8/7/2016,4/24/2003,SO52184,476,27400,6,1,1
8/7/2016,4/29/2003,SO52162,484,11380,8,4,3
8/7/2016,4/12/2003,SO52162,477,11380,8,3,2
8/7/2016,6/26/2003,SO52162,478,11380,8,2,2
8/7/2016,4/29/2003,SO52162,362,11380,8,1,1
8/7/2016,7/20/2003,SO52162,483,11380,8,5,1
8/7/2016,5/20/2003,SO52204,229,17647,7,2,1
8/7/2016,4/21/2003,SO52204,586,17647,7,1,1
8/7/2016,6/17/2003,SO52190,528,14761,4,1,2
8/7/2016,4/12/2003,SO52190,215,14761,4,2,1
8/7/2016,5/27/2003,SO52191,528,23070,6,1,2
8/7/2016,6/15/2003,SO52180,474,19727,1,1,1
8/7/2016,7/19/2003,SO52182,235,19168,1,2,1
8/7/2016,6/15/2003,SO52182,476,19168,1,1,1
8/7/2016,4/11/2003,SO52197,480,28730,10,2,2
8/7/2016,7/10/2003,SO52197,538,28730,10,1,2
8/7/2016,5/5/2003,SO52168,235,13790,8,2,1
8/7/2016,5/16/2003,SO52168,589,13790,8,1,1
8/7/2016,6/3/2003,SO52196,488,17993,8,2,1
8/7/2016,4/26/2003,SO52196,539,17993,8,1,1
8/7/2016,5/16/2003,SO52154,477,18251,9,3,3
8/7/2016,6/26/2003,SO52154,479,18251,9,2,2
8/7/2016,7/1/2003,SO52154,373,18251,9,1,1
8/7/2016,4/12/2003,SO52153,371,13521,9,1,1
8/7/2016,4/14/2003,SO52201,480,18962,4,3,2
8/7/2016,5/9/2003,SO52201,535,18962,4,2,2
8/7/2016,5/8/2003,SO52201,596,18962,4,1,1
8/7/2016,6/19/2003,SO52208,529,21603,1,3,2
8/7/2016,6/15/2003,SO52208,538,21603,1,2,2
8/7/2016,6/1/2003,SO52208,480,21603,1,4,1
8/7/2016,5/4/2003,SO52208,606,21603,1,1,1
8/7/2016,7/6/2003,SO52167,479,19499,10,2,3
8/7/2016,4/20/2003,SO52167,477,19499,10,3,2
8/7/2016,6/7/2003,SO52167,215,19499,10,4,1
8/7/2016,6/11/2003,SO52167,371,19499,10,1,1
8/7/2016,4/30/2003,SO52158,480,24613,9,3,2
8/7/2016,6/2/2003,SO52158,539,24613,9,2,2
8/7/2016,4/28/2003,SO52158,387,24613,9,1,1
8/7/2016,5/5/2003,SO52179,477,23249,1,2,2
8/7/2016,7/11/2003,SO52179,478,23249,1,1,2
8/7/2016,6/12/2003,SO52179,215,23249,1,3,1
8/7/2016,5/28/2003,SO52159,477,11996,9,3,2
8/7/2016,6/17/2003,SO52159,484,11996,9,5,2
8/7/2016,5/8/2003,SO52159,479,11996,9,2,1
8/7/2016,7/15/2003,SO52159,487,11996,9,4,1
8/7/2016,5/5/2003,SO52159,578,11996,9,1,1
8/8/2016,4/24/2003,SO52230,529,24497,1,2,2
8/8/2016,5/24/2003,SO52230,215,24497,1,3,1
8/8/2016,5/1/2003,SO52230,540,24497,1,1,1
8/8/2016,7/14/2003,SO52264,529,16886,1,3,2
8/8/2016,6/23/2003,SO52264,539,16886,1,2,2
8/8/2016,5/23/2003,SO52264,580,16886,1,1,1
8/8/2016,7/9/2003,SO52272,214,24522,4,3,1
8/8/2016,5/23/2003,SO52272,472,24522,4,2,1
8/8/2016,5/22/2003,SO52272,564,24522,4,1,1
8/8/2016,6/14/2003,SO52261,480,13758,6,3,1
8/8/2016,6/8/2003,SO52261,528,13758,6,2,1
8/8/2016,6/20/2003,SO52261,537,13758,6,1,1
8/8/2016,6/12/2003,SO52224,479,23635,10,2,2
8/8/2016,6/18/2003,SO52224,375,23635,10,1,1
8/8/2016,6/13/2003,SO52215,223,12931,4,1,2
8/8/2016,4/20/2003,SO52218,528,21887,9,2,1
8/8/2016,6/10/2003,SO52218,537,21887,9,1,1
8/8/2016,4/16/2003,SO52267,477,11529,1,5,2
8/8/2016,6/1/2003,SO52267,478,11529,1,3,2
8/8/2016,5/30/2003,SO52267,485,11529,1,2,2
8/8/2016,5/5/2003,SO52267,223,11529,1,4,1
8/8/2016,5/18/2003,SO52267,352,11529,1,1,1
8/8/2016,4/29/2003,SO52219,464,27978,9,2,2
8/8/2016,6/16/2003,SO52219,530,27978,9,1,2
8/8/2016,6/18/2003,SO52255,480,26861,7,3,2
8/8/2016,6/20/2003,SO52255,530,26861,7,2,2
8/8/2016,5/11/2003,SO52255,541,26861,7,1,2
8/8/2016,5/29/2003,SO52239,476,19733,1,1,1
8/8/2016,5/9/2003,SO52214,214,11483,7,2,1
8/8/2016,7/18/2003,SO52214,356,11483,7,1,1
8/8/2016,4/17/2003,SO52246,223,13508,7,2,2
8/8/2016,7/3/2003,SO52246,235,13508,7,3,1
8/8/2016,5/31/2003,SO52246,475,13508,7,1,1
8/8/2016,5/8/2003,SO52259,466,17701,10,1,2
8/8/2016,5/5/2003,SO52259,530,17701,10,2,2
8/8/2016,6/22/2003,SO52258,214,23235,10,2,1
8/8/2016,5/18/2003,SO52258,530,23235,10,1,1
8/8/2016,6/21/2003,SO52227,530,26598,1,1,2
8/8/2016,4/26/2003,SO52227,541,26598,1,2,2
8/8/2016,6/25/2003,SO52268,479,25752,7,2,3
8/8/2016,6/9/2003,SO52268,477,25752,7,3,1
8/8/2016,7/12/2003,SO52268,569,25752,7,1,1
8/8/2016,7/18/2003,SO52263,485,12965,4,1,2
8/8/2016,7/23/2003,SO52263,215,12965,4,2,1
8/8/2016,7/5/2003,SO52260,223,26233,8,3,2
8/8/2016,7/19/2003,SO52260,530,26233,8,1,2
8/8/2016,4/10/2003,SO52260,214,26233,8,2,1
8/8/2016,5/14/2003,SO52228,480,24820,1,3,2
8/8/2016,4/26/2003,SO52228,529,24820,1,2,2
8/8/2016,4/18/2003,SO52228,540,24820,1,1,1
8/8/2016,4/22/2003,SO52226,530,26788,4,2,3
8/8/2016,6/17/2003,SO52226,480,26788,4,3,2
8/8/2016,6/18/2003,SO52226,541,26788,4,1,2
8/8/2016,4/28/2003,SO52216,480,15140,9,2,2
8/8/2016,7/5/2003,SO52216,539,15140,9,1,2
8/8/2016,5/6/2003,SO52277,462,21041,7,4,3
8/8/2016,6/30/2003,SO52277,538,21041,7,2,3
8/8/2016,5/28/2003,SO52277,529,21041,7,3,2
8/8/2016,5/14/2003,SO52277,604,21041,7,1,1
8/8/2016,7/17/2003,SO52233,480,23452,4,2,3
8/8/2016,5/28/2003,SO52233,536,23452,4,1,2
8/8/2016,5/27/2003,SO52245,220,16018,4,2,1
8/8/2016,5/20/2003,SO52245,232,16018,4,3,1
8/8/2016,5/16/2003,SO52245,528,16018,4,1,1
8/8/2016,5/3/2003,SO52220,214,13998,9,1,1
8/8/2016,7/10/2003,SO52220,223,13998,9,2,1
8/8/2016,5/19/2003,SO52220,491,13998,9,3,1
8/8/2016,5/11/2003,SO52238,223,20696,1,4,2
8/8/2016,5/7/2003,SO52238,477,20696,1,1,2
8/8/2016,4/19/2003,SO52238,478,20696,1,2,2
8/8/2016,6/18/2003,SO52238,235,20696,1,3,1
8/8/2016,5/21/2003,SO52271,215,11055,9,4,1
8/8/2016,4/20/2003,SO52271,352,11055,9,1,1
8/8/2016,5/4/2003,SO52271,528,11055,9,3,1
8/8/2016,6/25/2003,SO52271,537,11055,9,2,1
8/8/2016,4/29/2003,SO52265,477,15558,1,2,2
8/8/2016,5/31/2003,SO52265,478,15558,1,3,2
8/8/2016,5/26/2003,SO52265,594,15558,1,1,1
8/8/2016,5/6/2003,SO52212,371,18275,9,1,1
8/8/2016,5/13/2003,SO52252,535,21507,10,1,2
8/8/2016,6/17/2003,SO52251,485,13372,1,1,2
8/8/2016,7/19/2003,SO52251,487,13372,1,2,1
8/8/2016,5/26/2003,SO52232,536,22038,4,2,3
8/8/2016,4/19/2003,SO52232,477,22038,4,4,2
8/8/2016,6/29/2003,SO52232,478,22038,4,3,2
8/8/2016,6/11/2003,SO52232,528,22038,4,1,2
8/8/2016,4/13/2003,SO52232,220,22038,4,5,1
8/8/2016,6/8/2003,SO52235,477,23277,4,1,2
8/8/2016,5/21/2003,SO52235,478,23277,4,2,2
8/8/2016,5/31/2003,SO52235,484,23277,4,3,2
8/8/2016,6/25/2003,SO52236,536,23050,1,1,3
8/8/2016,7/13/2003,SO52236,528,23050,1,2,2
8/8/2016,7/1/2003,SO52236,214,23050,1,3,1
8/8/2016,6/11/2003,SO52250,485,13360,4,1,2
8/8/2016,5/21/2003,SO52250,220,13360,4,2,1
8/8/2016,6/19/2003,SO52240,477,26505,6,1,2
8/8/2016,5/13/2003,SO52240,487,26505,6,2,1
8/8/2016,5/13/2003,SO52217,528,17078,9,2,3
8/8/2016,5/16/2003,SO52217,536,17078,9,1,2
8/8/2016,7/9/2003,SO52217,214,17078,9,3,1
8/8/2016,7/9/2003,SO52217,488,17078,9,4,1
8/8/2016,4/29/2003,SO52270,528,11947,9,3,2
8/8/2016,7/9/2003,SO52270,535,11947,9,2,2
8/8/2016,7/7/2003,SO52270,215,11947,9,4,1
8/8/2016,6/27/2003,SO52270,591,11947,9,1,1
8/8/2016,4/20/2003,SO52274,477,24529,4,3,2
8/8/2016,5/20/2003,SO52274,479,24529,4,2,2
8/8/2016,7/7/2003,SO52274,563,24529,4,1,1
8/8/2016,5/3/2003,SO52221,489,17291,9,1,1
8/8/2016,4/22/2003,SO52248,477,14704,7,3,2
8/8/2016,7/12/2003,SO52248,485,14704,7,2,2
8/8/2016,7/12/2003,SO52248,528,14704,7,1,2
8/8/2016,6/5/2003,SO52248,478,14704,7,4,1
8/8/2016,7/8/2003,SO52248,488,14704,7,5,1
8/8/2016,6/26/2003,SO52223,529,19493,10,3,2
8/8/2016,6/29/2003,SO52223,220,19493,10,4,1
8/8/2016,5/1/2003,SO52223,371,19493,10,1,1
8/8/2016,6/23/2003,SO52223,540,19493,10,2,1
8/8/2016,6/11/2003,SO52273,480,24528,4,4,3
8/8/2016,7/3/2003,SO52273,530,24528,4,3,2
8/8/2016,4/14/2003,SO52273,541,24528,4,2,2
8/8/2016,6/24/2003,SO52273,562,24528,4,1,1
8/8/2016,7/5/2003,SO52266,480,11885,4,2,2
8/8/2016,5/6/2003,SO52266,356,11885,4,1,1
8/8/2016,5/23/2003,SO52254,480,28392,10,2,2
8/8/2016,5/15/2003,SO52254,538,28392,10,1,2
8/8/2016,6/25/2003,SO52243,528,22544,6,1,3
8/8/2016,7/8/2003,SO52243,480,22544,6,2,2
8/8/2016,5/11/2003,SO52243,483,22544,6,3,1
8/8/2016,4/13/2003,SO52213,214,11410,7,3,1
8/8/2016,5/21/2003,SO52213,232,11410,7,4,1
8/8/2016,4/17/2003,SO52213,358,11410,7,1,1
8/8/2016,5/12/2003,SO52213,537,11410,7,2,1
8/8/2016,6/15/2003,SO52257,530,25697,7,2,2
8/8/2016,5/24/2003,SO52257,541,25697,7,1,2
8/8/2016,4/17/2003,SO52257,220,25697,7,3,1
8/8/2016,6/4/2003,SO52276,223,21059,7,5,2
8/8/2016,4/26/2003,SO52276,477,21059,7,3,2
8/8/2016,6/25/2003,SO52276,479,21059,7,2,2
8/8/2016,4/24/2003,SO52276,490,21059,7,4,1
8/8/2016,5/6/2003,SO52276,604,21059,7,1,1
8/8/2016,4/14/2003,SO52234,536,22163,4,2,3
8/8/2016,4/10/2003,SO52234,480,22163,4,3,2
8/8/2016,7/16/2003,SO52234,528,22163,4,1,2
8/8/2016,6/1/2003,SO52269,561,28719,9,1,1
8/8/2016,6/12/2003,SO52237,478,14604,6,1,3
8/8/2016,7/4/2003,SO52237,223,14604,6,3,2
8/8/2016,5/6/2003,SO52237,477,14604,6,2,2
8/8/2016,6/18/2003,SO52242,477,18102,4,1,2
8/8/2016,5/22/2003,SO52253,480,24550,10,3,2
8/8/2016,6/2/2003,SO52253,528,24550,10,2,2
8/8/2016,6/19/2003,SO52253,536,24550,10,1,2
8/8/2016,6/14/2003,SO52249,485,18871,6,1,2
8/8/2016,4/18/2003,SO52249,220,18871,6,2,1
8/8/2016,6/17/2003,SO52225,539,29014,1,1,3
8/8/2016,5/20/2003,SO52225,529,29014,1,2,2
8/8/2016,6/15/2003,SO52225,214,29014,1,3,1
8/8/2016,6/4/2003,SO52229,541,26573,1,1,2
8/8/2016,6/22/2003,SO52229,214,26573,1,3,1
8/8/2016,7/11/2003,SO52229,530,26573,1,2,1
8/8/2016,5/14/2003,SO52211,479,18482,9,2,3
8/8/2016,7/8/2003,SO52211,375,18482,9,1,1
8/8/2016,5/29/2003,SO52231,540,11712,6,1,1
8/8/2016,5/16/2003,SO52241,223,17447,4,2,3
8/8/2016,7/15/2003,SO52241,477,17447,4,1,2
8/8/2016,6/29/2003,SO52222,529,17629,8,3,2
8/8/2016,6/23/2003,SO52222,539,17629,8,2,2
8/8/2016,7/5/2003,SO52222,580,17629,8,1,1
8/8/2016,6/25/2003,SO52275,477,21609,4,2,2
8/8/2016,4/22/2003,SO52275,479,21609,4,3,2
8/8/2016,6/10/2003,SO52275,584,21609,4,1,1
8/8/2016,5/1/2003,SO52247,475,28456,7,1,1
8/8/2016,5/13/2003,SO52256,480,29425,10,2,2
8/8/2016,5/18/2003,SO52256,538,29425,10,1,2
8/8/2016,7/19/2003,SO52262,478,11793,4,3,2
8/8/2016,7/20/2003,SO52262,485,11793,4,2,2
8/8/2016,6/2/2003,SO52262,537,11793,4,1,1
8/8/2016,4/15/2003,SO52244,528,22154,6,1,3
8/8/2016,7/17/2003,SO52244,478,22154,6,3,2
8/8/2016,4/10/2003,SO52244,485,22154,6,2,2
8/9/2016,5/12/2003,SO52311,477,21868,8,1,2
8/9/2016,4/28/2003,SO52279,223,18249,9,4,2
8/9/2016,7/6/2003,SO52279,477,18249,9,2,2
8/9/2016,6/5/2003,SO52279,479,18249,9,3,2
8/9/2016,7/4/2003,SO52279,371,18249,9,1,1
8/9/2016,5/9/2003,SO52284,484,28604,1,1,1
8/9/2016,6/5/2003,SO52300,541,26807,4,1,3
8/9/2016,6/7/2003,SO52300,530,26807,4,2,2
8/9/2016,7/19/2003,SO52300,214,26807,4,3,1
8/9/2016,4/15/2003,SO52309,480,11566,7,3,2
8/9/2016,5/25/2003,SO52309,530,11566,7,2,2
8/9/2016,6/7/2003,SO52309,541,11566,7,1,2
8/9/2016,4/13/2003,SO52309,486,11566,7,4,1
8/9/2016,7/8/2003,SO52313,541,28409,8,1,3
8/9/2016,7/3/2003,SO52289,477,22839,9,3,2
8/9/2016,5/30/2003,SO52289,478,22839,9,2,2
8/9/2016,6/9/2003,SO52289,480,22839,9,4,2
8/9/2016,5/16/2003,SO52289,485,22839,9,1,2
8/9/2016,4/11/2003,SO52298,462,11198,4,3,2
8/9/2016,6/16/2003,SO52298,529,11198,4,1,2
8/9/2016,4/30/2003,SO52298,215,11198,4,2,1
8/9/2016,7/3/2003,SO52317,464,11350,10,3,3
8/9/2016,7/10/2003,SO52317,477,11350,10,1,2
8/9/2016,5/14/2003,SO52317,479,11350,10,2,2
8/9/2016,7/19/2003,SO52285,535,13158,9,1,3
8/9/2016,4/16/2003,SO52285,528,13158,9,2,2
8/9/2016,7/4/2003,SO52285,215,13158,9,3,1
8/9/2016,5/26/2003,SO52305,477,25335,6,1,2
8/9/2016,6/26/2003,SO52305,487,25335,6,2,1
8/9/2016,4/23/2003,SO52299,530,11212,6,1,2
8/9/2016,4/30/2003,SO52301,478,25839,4,3,3
8/9/2016,5/23/2003,SO52301,535,25839,4,2,3
8/9/2016,4/15/2003,SO52301,223,25839,4,6,2
8/9/2016,7/3/2003,SO52301,477,25839,4,4,2
8/9/2016,6/14/2003,SO52301,528,25839,4,1,2
8/9/2016,6/6/2003,SO52301,491,25839,4,5,1
8/9/2016,5/19/2003,SO52280,215,18288,9,4,1
8/9/2016,4/27/2003,SO52280,373,18288,9,1,1
8/9/2016,4/20/2003,SO52280,529,18288,9,2,1
8/9/2016,5/9/2003,SO52280,540,18288,9,3,1
8/9/2016,6/26/2003,SO52288,536,21391,9,1,1
8/9/2016,7/19/2003,SO52278,220,18484,9,4,1
8/9/2016,4/22/2003,SO52278,377,18484,9,1,1
8/9/2016,5/2/2003,SO52278,529,18484,9,2,1
8/9/2016,6/3/2003,SO52278,540,18484,9,3,1
8/9/2016,5/29/2003,SO52283,223,12091,1,1,1
8/9/2016,6/30/2003,SO52315,223,12327,8,1,2
8/9/2016,7/6/2003,SO52310,541,14208,10,1,3
8/9/2016,6/13/2003,SO52310,466,14208,10,3,2
8/9/2016,7/14/2003,SO52310,530,14208,10,2,2
8/9/2016,6/8/2003,SO52308,480,15443,8,2,3
8/9/2016,7/1/2003,SO52308,528,15443,8,1,2
8/9/2016,6/27/2003,SO52327,529,21021,7,3,3
8/9/2016,7/20/2003,SO52327,538,21021,7,2,2
8/9/2016,7/25/2003,SO52327,472,21021,7,4,1
8/9/2016,6/6/2003,SO52327,584,21021,7,1,1
8/9/2016,7/20/2003,SO52287,480,17284,9,3,2
8/9/2016,4/20/2003,SO52287,529,17284,9,2,2
8/9/2016,6/5/2003,SO52287,539,17284,9,1,2
8/9/2016,6/4/2003,SO52322,528,11216,1,3,2
8/9/2016,5/19/2003,SO52322,214,11216,1,4,1
8/9/2016,7/14/2003,SO52322,362,11216,1,1,1
8/9/2016,6/21/2003,SO52322,537,11216,1,2,1
8/9/2016,4/24/2003,SO52302,529,11724,6,2,3
8/9/2016,6/11/2003,SO52302,215,11724,6,3,1
8/9/2016,4/12/2003,SO52302,540,11724,6,1,1
8/9/2016,5/2/2003,SO52316,215,11438,8,1,1
8/9/2016,7/5/2003,SO52320,480,11678,1,2,2
8/9/2016,7/12/2003,SO52320,354,11678,1,1,1
8/9/2016,5/14/2003,SO52307,528,21412,6,1,2
8/9/2016,6/3/2003,SO52307,487,21412,6,2,1
8/9/2016,6/9/2003,SO52286,223,11146,9,5,2
8/9/2016,4/24/2003,SO52286,477,11146,9,3,2
8/9/2016,5/10/2003,SO52286,478,11146,9,4,2
8/9/2016,7/16/2003,SO52286,528,11146,9,2,2
8/9/2016,6/13/2003,SO52286,535,11146,9,1,2
8/9/2016,6/6/2003,SO52314,480,11260,4,3,2
8/9/2016,5/13/2003,SO52314,528,11260,4,1,2
8/9/2016,5/3/2003,SO52314,537,11260,4,2,1
8/9/2016,7/19/2003,SO52296,214,14951,8,2,1
8/9/2016,7/5/2003,SO52296,599,14951,8,1,1
8/9/2016,4/18/2003,SO52312,477,29428,8,3,3
8/9/2016,7/23/2003,SO52312,479,29428,8,4,3
8/9/2016,6/5/2003,SO52312,530,29428,8,2,2
8/9/2016,4/19/2003,SO52312,541,29428,8,1,1
8/9/2016,6/17/2003,SO52291,480,26032,9,2,2
8/9/2016,6/6/2003,SO52291,528,26032,9,1,2
8/9/2016,6/23/2003,SO52324,477,28535,9,2,2
8/9/2016,6/19/2003,SO52324,479,28535,9,3,2
8/9/2016,5/8/2003,SO52324,220,28535,9,4,1
8/9/2016,4/19/2003,SO52324,575,28535,9,1,1
8/9/2016,5/20/2003,SO52326,479,21602,1,2,3
8/9/2016,5/6/2003,SO52326,605,21602,1,1,1
8/9/2016,5/19/2003,SO52281,477,14051,9,3,2
8/9/2016,7/16/2003,SO52281,479,14051,9,2,2
8/9/2016,6/12/2003,SO52281,481,14051,9,4,2
8/9/2016,6/22/2003,SO52281,579,14051,9,1,1
8/9/2016,7/11/2003,SO52303,536,22980,4,1,3
8/9/2016,6/12/2003,SO52290,528,22848,9,2,2
8/9/2016,5/7/2003,SO52290,537,22848,9,1,1
8/9/2016,5/9/2003,SO52295,220,17107,8,2,1
8/9/2016,5/4/2003,SO52295,581,17107,8,1,1
8/9/2016,7/1/2003,SO52297,220,17715,10,2,1
8/9/2016,4/29/2003,SO52297,229,17715,10,3,1
8/9/2016,6/28/2003,SO52297,593,17715,10,1,1
8/9/2016,4/30/2003,SO52323,462,20152,9,2,2
8/9/2016,4/14/2003,SO52323,606,20152,9,1,1
8/9/2016,5/24/2003,SO52294,583,17096,8,1,1
8/9/2016,4/27/2003,SO52292,235,14317,9,1,1
8/9/2016,4/29/2003,SO52293,530,19584,9,2,2
8/9/2016,6/12/2003,SO52293,487,19584,9,3,1
8/9/2016,5/20/2003,SO52293,541,19584,9,1,1
8/9/2016,6/18/2003,SO52306,477,18095,4,1,2
8/9/2016,6/11/2003,SO52306,488,18095,4,2,1
8/9/2016,5/26/2003,SO52328,484,18302,9,2,2
8/9/2016,7/2/2003,SO52328,371,18302,9,1,1
8/9/2016,5/3/2003,SO52304,477,12202,6,2,2
8/9/2016,5/30/2003,SO52304,478,12202,6,1,2
8/9/2016,7/23/2003,SO52304,215,12202,6,3,1
8/9/2016,6/3/2003,SO52325,214,24669,4,2,1
8/9/2016,5/30/2003,SO52325,575,24669,4,1,1
8/9/2016,5/28/2003,SO52319,485,11324,4,2,2
8/9/2016,5/5/2003,SO52319,235,11324,4,3,1
8/9/2016,4/23/2003,SO52319,360,11324,4,1,1
8/10/2016,7/10/2003,SO52360,485,12050,4,4,2
8/10/2016,6/9/2003,SO52360,528,12050,4,3,2
8/10/2016,4/18/2003,SO52360,354,12050,4,1,1
8/10/2016,4/24/2003,SO52360,471,12050,4,5,1
8/10/2016,4/27/2003,SO52360,537,12050,4,2,1
8/10/2016,5/21/2003,SO52362,604,22301,4,1,1
8/10/2016,5/9/2003,SO52338,480,13944,6,3,2
8/10/2016,6/8/2003,SO52338,541,13944,6,1,2
8/10/2016,4/17/2003,SO52338,530,13944,6,2,1
8/10/2016,7/20/2003,SO52350,528,14512,1,1,2
8/10/2016,7/12/2003,SO52350,214,14512,1,2,1
8/10/2016,6/21/2003,SO52353,535,16539,8,1,2
8/10/2016,4/24/2003,SO52353,477,16539,8,2,1
8/10/2016,5/18/2003,SO52353,491,16539,8,3,1
8/10/2016,7/1/2003,SO52329,477,11480,7,2,2
8/10/2016,7/20/2003,SO52329,478,11480,7,3,2
8/10/2016,7/10/2003,SO52329,358,11480,7,1,1
8/10/2016,4/20/2003,SO52336,530,29040,4,1,2
8/10/2016,4/26/2003,SO52336,214,29040,4,2,1
8/10/2016,6/5/2003,SO52356,477,20981,8,2,2
8/10/2016,5/22/2003,SO52356,471,20981,8,1,1
8/10/2016,5/30/2003,SO52340,480,25849,4,2,2
8/10/2016,6/29/2003,SO52340,535,25849,4,1,2
8/10/2016,4/19/2003,SO52340,484,25849,4,3,1
8/10/2016,7/21/2003,SO52364,223,19443,8,3,2
8/10/2016,5/10/2003,SO52364,214,19443,8,2,1
8/10/2016,6/15/2003,SO52364,383,19443,8,1,1
8/10/2016,6/29/2003,SO52341,536,23824,4,1,3
8/10/2016,4/30/2003,SO52341,214,23824,4,3,1
8/10/2016,5/2/2003,SO52341,528,23824,4,2,1
8/10/2016,7/21/2003,SO52342,485,23695,4,3,2
8/10/2016,7/24/2003,SO52342,528,23695,4,1,2
8/10/2016,7/22/2003,SO52342,536,23695,4,2,2
8/10/2016,6/30/2003,SO52342,215,23695,4,4,1
8/10/2016,6/7/2003,SO52342,223,23695,4,6,1
8/10/2016,6/21/2003,SO52342,226,23695,4,5,1
8/10/2016,6/28/2003,SO52344,477,18569,1,1,2
8/10/2016,5/22/2003,SO52332,480,19087,9,1,2
8/10/2016,6/20/2003,SO52332,484,19087,9,2,2
8/10/2016,5/22/2003,SO52358,462,26414,8,2,2
8/10/2016,6/4/2003,SO52358,530,26414,8,3,2
8/10/2016,6/3/2003,SO52358,541,26414,8,1,2
8/10/2016,4/22/2003,SO52345,223,17540,1,2,2
8/10/2016,6/9/2003,SO52345,477,17540,1,1,2
8/10/2016,6/27/2003,SO52348,480,29130,6,2,2
8/10/2016,4/14/2003,SO52348,528,29130,6,1,2
8/10/2016,7/1/2003,SO52355,528,17771,7,2,2
8/10/2016,6/6/2003,SO52355,220,17771,7,3,1
8/10/2016,7/25/2003,SO52355,536,17771,7,1,1
8/10/2016,4/17/2003,SO52349,477,23679,6,1,2
8/10/2016,7/24/2003,SO52349,214,23679,6,2,1
8/10/2016,4/25/2003,SO52333,489,28333,4,1,1
8/10/2016,6/24/2003,SO52334,480,28971,1,2,2
8/10/2016,4/18/2003,SO52334,539,28971,1,1,2
8/10/2016,5/21/2003,SO52352,480,14145,7,2,2
8/10/2016,4/28/2003,SO52352,485,14145,7,1,1
8/10/2016,7/24/2003,SO52346,223,27441,6,2,3
8/10/2016,6/23/2003,SO52346,475,27441,6,1,1
8/10/2016,5/26/2003,SO52347,477,13285,6,1,2
8/10/2016,6/14/2003,SO52347,484,13285,6,2,1
8/10/2016,6/3/2003,SO52337,529,26272,1,1,2
8/10/2016,4/30/2003,SO52337,538,26272,1,2,2
8/10/2016,6/26/2003,SO52337,214,26272,1,3,1
8/10/2016,6/12/2003,SO52354,528,20138,8,2,2
8/10/2016,6/5/2003,SO52354,536,20138,8,1,2
8/10/2016,4/30/2003,SO52354,220,20138,8,3,1
8/10/2016,5/30/2003,SO52354,232,20138,8,4,1
8/10/2016,5/6/2003,SO52359,537,14604,6,1,1
8/10/2016,6/1/2003,SO52339,528,23784,1,2,2
8/10/2016,7/2/2003,SO52339,536,23784,1,1,2
8/10/2016,6/7/2003,SO52351,480,21581,6,2,2
8/10/2016,5/18/2003,SO52351,485,21581,6,1,2
8/10/2016,4/18/2003,SO52357,529,20944,7,1,3
8/10/2016,6/15/2003,SO52357,471,20944,7,3,1
8/10/2016,6/9/2003,SO52357,486,20944,7,2,1
8/10/2016,5/5/2003,SO52343,476,20343,1,1,1
8/10/2016,5/11/2003,SO52330,223,13668,9,1,2
8/10/2016,4/23/2003,SO52330,475,13668,9,2,1
8/10/2016,6/30/2003,SO52331,223,14053,9,2,1
8/10/2016,6/14/2003,SO52331,235,14053,9,1,1
8/10/2016,5/24/2003,SO52361,479,19771,9,2,3
8/10/2016,5/30/2003,SO52361,477,19771,9,3,2
8/10/2016,7/25/2003,SO52361,220,19771,9,4,1
8/10/2016,7/1/2003,SO52361,584,19771,9,1,1
8/10/2016,7/22/2003,SO52335,480,11284,4,1,2
8/10/2016,4/13/2003,SO52335,484,11284,4,2,2
8/10/2016,6/11/2003,SO52363,538,22289,4,2,2
8/10/2016,6/28/2003,SO52363,606,22289,4,1,1
8/11/2016,7/27/2003,SO52403,223,19534,4,2,2
8/11/2016,4/29/2003,SO52403,235,19534,4,3,1
8/11/2016,4/16/2003,SO52403,385,19534,4,1,1
8/11/2016,6/12/2003,SO52369,223,23629,10,3,2
8/11/2016,7/2/2003,SO52369,477,23629,10,2,2
8/11/2016,4/15/2003,SO52369,479,23629,10,4,2
8/11/2016,5/1/2003,SO52369,375,23629,10,1,1
8/11/2016,6/18/2003,SO52407,375,18307,9,1,1
8/11/2016,4/24/2003,SO52384,464,19695,1,1,2
8/11/2016,5/17/2003,SO52384,475,19695,1,2,1
8/11/2016,6/19/2003,SO52396,528,11666,4,2,2
8/11/2016,7/6/2003,SO52396,214,11666,4,4,1
8/11/2016,6/25/2003,SO52396,362,11666,4,1,1
8/11/2016,5/14/2003,SO52396,537,11666,4,3,1
8/11/2016,5/11/2003,SO52374,223,11631,6,1,2
8/11/2016,7/6/2003,SO52375,529,11631,6,1,2
8/11/2016,4/24/2003,SO52375,484,11631,6,2,1
8/11/2016,4/26/2003,SO52367,528,24890,9,1,2
8/11/2016,5/1/2003,SO52367,215,24890,9,2,1
8/11/2016,7/8/2003,SO52381,480,12061,6,3,2
8/11/2016,5/1/2003,SO52381,536,12061,6,1,2
8/11/2016,5/5/2003,SO52381,528,12061,6,2,1
8/11/2016,7/15/2003,SO52376,466,11843,1,2,2
8/11/2016,5/27/2003,SO52376,229,11843,1,1,1
8/11/2016,5/7/2003,SO52404,214,25612,10,2,1
8/11/2016,6/24/2003,SO52404,584,25612,10,1,1
8/11/2016,7/26/2003,SO52377,480,11711,6,1,2
8/11/2016,7/16/2003,SO52377,484,11711,6,2,2
8/11/2016,4/24/2003,SO52393,530,16584,10,1,2
8/11/2016,5/19/2003,SO52393,214,16584,10,2,1
8/11/2016,6/13/2003,SO52378,480,16133,6,3,2
8/11/2016,5/3/2003,SO52378,529,16133,6,1,2
8/11/2016,5/18/2003,SO52378,540,16133,6,2,1
8/11/2016,6/12/2003,SO52398,477,20159,9,3,2
8/11/2016,5/19/2003,SO52398,479,20159,9,2,2
8/11/2016,4/27/2003,SO52398,214,20159,9,4,1
8/11/2016,4/30/2003,SO52398,584,20159,9,1,1
8/11/2016,5/15/2003,SO52373,535,12035,9,1,2
8/11/2016,5/9/2003,SO52373,220,12035,9,3,1
8/11/2016,5/1/2003,SO52373,528,12035,9,2,1
8/11/2016,4/29/2003,SO52391,477,17630,8,1,2
8/11/2016,6/26/2003,SO52397,478,11683,4,3,3
8/11/2016,5/23/2003,SO52397,223,11683,4,4,2
8/11/2016,7/17/2003,SO52397,477,11683,4,2,2
8/11/2016,6/7/2003,SO52397,358,11683,4,1,1
8/11/2016,6/4/2003,SO52390,480,14866,8,3,2
8/11/2016,6/16/2003,SO52390,529,14866,8,2,2
8/11/2016,7/9/2003,SO52390,539,14866,8,1,2
8/11/2016,6/14/2003,SO52402,538,22288,1,2,2
8/11/2016,5/28/2003,SO52402,605,22288,1,1,1
8/11/2016,7/24/2003,SO52405,481,25626,10,2,2
8/11/2016,5/14/2003,SO52405,605,25626,10,1,1
8/11/2016,6/17/2003,SO52372,480,28301,4,1,2
8/11/2016,5/28/2003,SO52372,486,28301,4,2,1
8/11/2016,4/28/2003,SO52380,480,11200,6,2,2
8/11/2016,5/31/2003,SO52380,486,11200,6,3,1
8/11/2016,5/5/2003,SO52380,540,11200,6,1,1
8/11/2016,6/5/2003,SO52371,480,11527,4,1,2
8/11/2016,7/4/2003,SO52368,223,26141,9,1,2
8/11/2016,5/13/2003,SO52368,476,26141,9,2,1
8/11/2016,7/15/2003,SO52379,529,24393,1,1,1
8/11/2016,5/13/2003,SO52379,540,24393,1,2,1
8/11/2016,4/26/2003,SO52387,480,15198,4,2,2
8/11/2016,5/24/2003,SO52387,528,15198,4,1,2
8/11/2016,4/14/2003,SO52406,562,14426,8,1,1
8/11/2016,7/26/2003,SO52400,477,24523,4,2,2
8/11/2016,5/11/2003,SO52400,479,24523,4,3,2
8/11/2016,5/14/2003,SO52400,481,24523,4,6,2
8/11/2016,7/27/2003,SO52400,215,24523,4,4,1
8/11/2016,6/3/2003,SO52400,235,24523,4,5,1
8/11/2016,5/23/2003,SO52400,576,24523,4,1,1
8/11/2016,4/23/2003,SO52395,215,12374,7,1,1
8/11/2016,4/27/2003,SO52392,529,24561,8,1,2
8/11/2016,7/18/2003,SO52399,606,20157,9,1,1
8/11/2016,5/6/2003,SO52394,480,17628,10,2,2
8/11/2016,6/12/2003,SO52394,530,17628,10,1,1
8/11/2016,4/23/2003,SO52389,528,19080,7,1,3
8/11/2016,4/20/2003,SO52389,535,19080,7,2,1
8/11/2016,6/20/2003,SO52386,223,11331,6,2,3
8/11/2016,7/15/2003,SO52386,477,11331,6,1,2
8/11/2016,6/16/2003,SO52382,480,22365,4,2,2
8/11/2016,6/27/2003,SO52382,536,22365,4,1,2
8/11/2016,5/3/2003,SO52401,214,23750,10,2,1
8/11/2016,5/11/2003,SO52401,385,23750,10,1,1
8/11/2016,6/1/2003,SO52385,474,16666,6,1,1
8/11/2016,7/19/2003,SO52385,488,16666,6,2,1
8/11/2016,6/16/2003,SO52365,536,17251,9,1,3
8/11/2016,5/29/2003,SO52365,528,17251,9,2,2
8/11/2016,7/12/2003,SO52365,215,17251,9,3,1
8/11/2016,7/6/2003,SO52383,477,16085,6,2,2
8/11/2016,4/28/2003,SO52383,478,16085,6,1,2
8/12/2016,5/30/2003,SO52466,564,12316,10,1,1
8/12/2016,5/9/2003,SO52431,477,17368,1,1,1
8/12/2016,4/21/2003,SO52408,375,18252,9,1,1
8/12/2016,4/18/2003,SO52424,480,26468,4,2,2
8/12/2016,6/6/2003,SO52424,535,26468,4,1,2
8/12/2016,4/30/2003,SO52421,529,11234,4,1,2
8/12/2016,7/19/2003,SO52421,220,11234,4,2,1
8/12/2016,6/16/2003,SO52450,491,16888,4,2,1
8/12/2016,4/25/2003,SO52450,580,16888,4,1,1
8/12/2016,5/1/2003,SO52415,223,18290,9,1,2
8/12/2016,6/20/2003,SO52464,466,29398,8,2,2
8/12/2016,7/21/2003,SO52464,605,29398,8,1,1
8/12/2016,6/15/2003,SO52455,223,17983,8,2,1
8/12/2016,6/21/2003,SO52455,579,17983,8,1,1
8/12/2016,6/8/2003,SO52446,480,11212,6,3,3
8/12/2016,5/29/2003,SO52446,528,11212,6,1,2
8/12/2016,4/28/2003,SO52446,537,11212,6,2,1
8/12/2016,4/22/2003,SO52416,480,20839,10,3,2
8/12/2016,7/19/2003,SO52416,539,20839,10,2,1
8/12/2016,7/1/2003,SO52416,583,20839,10,1,1
8/12/2016,6/10/2003,SO52436,480,14465,1,2,2
8/12/2016,4/23/2003,SO52436,528,14465,1,1,2
8/12/2016,5/27/2003,SO52418,479,23618,10,2,3
8/12/2016,5/18/2003,SO52418,464,23618,10,4,2
8/12/2016,7/10/2003,SO52418,477,23618,10,3,2
8/12/2016,5/21/2003,SO52418,375,23618,10,1,1
8/12/2016,5/26/2003,SO52420,488,11091,6,1,1
8/12/2016,5/31/2003,SO52444,528,11635,4,2,2
8/12/2016,6/16/2003,SO52444,537,11635,4,1,1
8/12/2016,7/6/2003,SO52467,577,17964,8,1,1
8/12/2016,5/27/2003,SO52425,480,24829,4,2,2
8/12/2016,5/21/2003,SO52425,540,24829,4,1,1
8/12/2016,6/27/2003,SO52451,466,13060,4,5,2
8/12/2016,6/28/2003,SO52451,477,13060,4,4,2
8/12/2016,5/31/2003,SO52451,478,13060,4,3,2
8/12/2016,5/6/2003,SO52451,485,13060,4,2,2
8/12/2016,7/2/2003,SO52451,594,13060,4,1,1
8/12/2016,7/5/2003,SO52423,480,28764,4,2,2
8/12/2016,6/11/2003,SO52423,539,28764,4,1,2
8/12/2016,5/1/2003,SO52456,474,14101,9,2,1
8/12/2016,7/21/2003,SO52456,587,14101,9,1,1
8/12/2016,7/7/2003,SO52433,482,18757,1,2,2
8/12/2016,7/21/2003,SO52433,475,18757,1,1,1
8/12/2016,5/23/2003,SO52440,538,29451,7,1,3
8/12/2016,6/6/2003,SO52440,529,29451,7,2,2
8/12/2016,4/21/2003,SO52459,479,22328,1,2,2
8/12/2016,5/9/2003,SO52459,605,22328,1,1,1
8/12/2016,7/10/2003,SO52435,482,16119,1,2,2
8/12/2016,6/18/2003,SO52435,528,16119,1,1,1
8/12/2016,4/18/2003,SO52417,486,14087,9,1,1
8/12/2016,5/6/2003,SO52463,529,23225,10,3,2
8/12/2016,6/12/2003,SO52463,215,23225,10,4,1
8/12/2016,6/29/2003,SO52463,383,23225,10,1,1
8/12/2016,6/11/2003,SO52463,539,23225,10,2,1
8/12/2016,5/5/2003,SO52422,480,11287,6,3,3
8/12/2016,7/15/2003,SO52422,529,11287,6,2,2
8/12/2016,4/16/2003,SO52422,539,11287,6,1,2
8/12/2016,7/27/2003,SO52422,484,11287,6,4,1
8/12/2016,7/11/2003,SO52452,481,11307,4,4,3
8/12/2016,5/12/2003,SO52452,485,11307,4,2,2
8/12/2016,6/3/2003,SO52452,214,11307,4,3,1
8/12/2016,6/19/2003,SO52452,354,11307,4,1,1
8/12/2016,6/20/2003,SO52460,538,22275,4,2,2
8/12/2016,5/23/2003,SO52460,491,22275,4,3,1
8/12/2016,7/25/2003,SO52460,604,22275,4,1,1
8/12/2016,4/24/2003,SO52458,477,11457,9,2,2
8/12/2016,4/17/2003,SO52458,478,11457,9,3,2
8/12/2016,6/16/2003,SO52458,232,11457,9,4,1
8/12/2016,7/20/2003,SO52458,360,11457,9,1,1
8/12/2016,7/1/2003,SO52438,477,22491,8,1,2
8/12/2016,6/17/2003,SO52462,462,19531,4,3,2
8/12/2016,7/16/2003,SO52462,214,19531,4,2,1
8/12/2016,5/26/2003,SO52462,385,19531,4,1,1
8/12/2016,7/8/2003,SO52441,541,26904,7,1,2
8/12/2016,6/24/2003,SO52447,485,11691,4,2,3
8/12/2016,5/12/2003,SO52447,481,11691,4,3,2
8/12/2016,6/8/2003,SO52447,537,11691,4,1,1
8/12/2016,6/3/2003,SO52412,539,14231,9,1,2
8/12/2016,6/5/2003,SO52457,464,18701,9,3,2
8/12/2016,6/5/2003,SO52457,488,18701,9,2,1
8/12/2016,6/1/2003,SO52457,582,18701,9,1,1
8/12/2016,7/15/2003,SO52449,223,12643,8,1,2
8/12/2016,5/2/2003,SO52434,477,26348,6,1,2
8/12/2016,7/10/2003,SO52434,215,26348,6,2,1
8/12/2016,7/25/2003,SO52434,229,26348,6,3,1
8/12/2016,6/9/2003,SO52432,229,18583,1,2,1
8/12/2016,6/9/2003,SO52432,475,18583,1,1,1
8/12/2016,4/27/2003,SO52465,479,22462,8,2,2
8/12/2016,6/9/2003,SO52465,477,22462,8,3,1
8/12/2016,5/8/2003,SO52465,604,22462,8,1,1
8/12/2016,6/27/2003,SO52445,480,11620,1,3,2
8/12/2016,5/2/2003,SO52445,528,11620,1,1,2
8/12/2016,6/28/2003,SO52445,537,11620,1,2,1
8/12/2016,6/9/2003,SO52430,477,20391,4,2,2
8/12/2016,6/12/2003,SO52430,481,20391,4,3,2
8/12/2016,4/24/2003,SO52430,478,20391,4,1,1
8/12/2016,4/30/2003,SO52448,480,11637,4,2,2
8/12/2016,6/26/2003,SO52448,537,11637,4,1,1
8/12/2016,7/10/2003,SO52453,480,11531,4,2,2
8/12/2016,5/1/2003,SO52453,362,11531,4,1,1
8/12/2016,7/26/2003,SO52413,480,21190,9,3,2
8/12/2016,4/23/2003,SO52413,528,21190,9,1,2
8/12/2016,7/13/2003,SO52413,537,21190,9,2,1
8/12/2016,5/26/2003,SO52428,480,18604,6,3,2
8/12/2016,4/15/2003,SO52428,528,18604,6,1,2
8/12/2016,5/25/2003,SO52428,536,18604,6,2,2
8/12/2016,5/23/2003,SO52426,480,24516,4,3,2
8/12/2016,4/25/2003,SO52426,529,24516,4,2,2
8/12/2016,7/18/2003,SO52426,540,24516,4,1,1
8/12/2016,6/15/2003,SO52437,528,21111,10,2,3
8/12/2016,7/27/2003,SO52437,480,21111,10,3,2
8/12/2016,5/31/2003,SO52437,536,21111,10,1,2
8/12/2016,7/3/2003,SO52414,529,16608,9,2,2
8/12/2016,6/29/2003,SO52414,220,16608,9,3,1
8/12/2016,6/17/2003,SO52414,540,16608,9,1,1
8/12/2016,5/17/2003,SO52427,535,25844,4,1,2
8/12/2016,5/7/2003,SO52454,477,11243,10,3,3
8/12/2016,6/24/2003,SO52454,479,11243,10,2,2
8/12/2016,4/24/2003,SO52454,489,11243,10,4,1
8/12/2016,5/14/2003,SO52454,565,11243,10,1,1
8/12/2016,7/12/2003,SO52439,477,22455,8,1,2
8/12/2016,5/23/2003,SO52439,466,22455,8,2,1
8/12/2016,5/22/2003,SO52461,223,19409,4,3,2
8/12/2016,4/28/2003,SO52461,387,19409,4,1,1
8/12/2016,7/7/2003,SO52461,491,19409,4,2,1
8/12/2016,5/29/2003,SO52410,478,11250,10,2,2
8/12/2016,4/20/2003,SO52410,214,11250,10,3,1
8/12/2016,6/8/2003,SO52410,360,11250,10,1,1
8/12/2016,6/28/2003,SO52419,215,11619,6,1,1
8/12/2016,5/26/2003,SO52409,485,11412,8,2,3
8/12/2016,5/8/2003,SO52409,477,11412,8,4,2
8/12/2016,4/18/2003,SO52409,478,11412,8,3,2
8/12/2016,4/18/2003,SO52409,215,11412,8,5,1
8/12/2016,6/21/2003,SO52409,360,11412,8,1,1
8/12/2016,6/12/2003,SO52411,480,14053,9,2,2
8/12/2016,4/14/2003,SO52411,535,14053,9,1,2
8/12/2016,4/25/2003,SO52443,485,11233,4,2,2
8/12/2016,6/13/2003,SO52443,220,11233,4,3,1
8/12/2016,5/30/2003,SO52443,223,11233,4,5,1
8/12/2016,4/29/2003,SO52443,229,11233,4,4,1
8/12/2016,4/16/2003,SO52443,537,11233,4,1,1
8/12/2016,4/18/2003,SO52442,538,25645,8,1,1
8/12/2016,4/26/2003,SO52468,477,16713,9,2,2
8/12/2016,7/21/2003,SO52468,479,16713,9,3,2
8/12/2016,4/14/2003,SO52468,375,16713,9,1,1
8/12/2016,7/4/2003,SO52468,487,16713,9,4,1
8/12/2016,6/1/2003,SO52429,536,23088,1,1,3
8/12/2016,6/15/2003,SO52429,480,23088,1,2,2
8/13/2016,5/2/2003,SO52521,235,19405,1,2,1
8/13/2016,6/30/2003,SO52521,387,19405,1,1,1
8/13/2016,4/19/2003,SO52490,536,22090,4,1,2
8/13/2016,7/27/2003,SO52490,480,22090,4,2,1
8/13/2016,7/2/2003,SO52518,477,23172,6,3,2
8/13/2016,6/7/2003,SO52518,479,23172,6,2,2
8/13/2016,6/18/2003,SO52518,480,23172,6,4,2
8/13/2016,6/5/2003,SO52518,578,23172,6,1,1
8/13/2016,7/24/2003,SO52486,484,27996,4,3,2
8/13/2016,6/9/2003,SO52486,487,27996,4,2,1
8/13/2016,5/14/2003,SO52486,530,27996,4,1,1
8/13/2016,5/9/2003,SO52517,462,28673,4,3,2
8/13/2016,5/29/2003,SO52517,215,28673,4,2,1
8/13/2016,6/6/2003,SO52517,585,28673,4,1,1
8/13/2016,5/18/2003,SO52519,480,21332,6,4,2
8/13/2016,5/30/2003,SO52519,529,21332,6,2,2
8/13/2016,5/17/2003,SO52519,538,21332,6,3,2
8/13/2016,7/5/2003,SO52519,604,21332,6,1,1
8/13/2016,4/16/2003,SO52476,475,21382,9,1,1
8/13/2016,4/22/2003,SO52516,477,11946,9,3,2
8/13/2016,5/16/2003,SO52516,478,11946,9,2,2
8/13/2016,6/7/2003,SO52516,597,11946,9,1,1
8/13/2016,6/2/2003,SO52513,478,11618,6,2,3
8/13/2016,5/22/2003,SO52513,477,11618,6,3,2
8/13/2016,7/12/2003,SO52513,214,11618,6,4,1
8/13/2016,4/29/2003,SO52513,352,11618,6,1,1
8/13/2016,6/10/2003,SO52477,478,15579,9,1,2
8/13/2016,6/12/2003,SO52481,232,17975,7,2,1
8/13/2016,7/25/2003,SO52481,587,17975,7,1,1
8/13/2016,7/26/2003,SO52504,477,19327,7,1,2
8/13/2016,6/18/2003,SO52475,529,18885,9,2,2
8/13/2016,7/26/2003,SO52475,538,18885,9,1,2
8/13/2016,5/24/2003,SO52475,220,18885,9,3,1
8/13/2016,7/19/2003,SO52475,226,18885,9,4,1
8/13/2016,6/26/2003,SO52501,528,15330,1,1,2
8/13/2016,7/22/2003,SO52501,214,15330,1,2,1
8/13/2016,7/26/2003,SO52471,223,11953,1,3,3
8/13/2016,6/24/2003,SO52471,479,11953,1,1,2
8/13/2016,7/1/2003,SO52471,477,11953,1,2,1
8/13/2016,6/8/2003,SO52514,356,11675,1,1,1
8/13/2016,6/6/2003,SO52505,480,17092,8,3,2
8/13/2016,6/28/2003,SO52505,528,17092,8,2,2
8/13/2016,5/8/2003,SO52505,536,17092,8,1,2
8/13/2016,6/8/2003,SO52500,528,15469,4,1,2
8/13/2016,6/18/2003,SO52500,214,15469,4,2,1
8/13/2016,5/7/2003,SO52483,220,11223,6,2,1
8/13/2016,6/1/2003,SO52483,529,11223,6,1,1
8/13/2016,6/2/2003,SO52470,215,11414,10,3,1
8/13/2016,6/2/2003,SO52470,223,11414,10,4,1
8/13/2016,6/26/2003,SO52470,356,11414,10,1,1
8/13/2016,6/3/2003,SO52470,537,11414,10,2,1
8/13/2016,7/27/2003,SO52499,528,15414,4,1,2
8/13/2016,5/14/2003,SO52480,214,19455,10,2,1
8/13/2016,4/27/2003,SO52480,379,19455,10,1,1
8/13/2016,7/13/2003,SO52495,226,27283,6,2,1
8/13/2016,5/14/2003,SO52495,474,27283,6,1,1
8/13/2016,7/8/2003,SO52489,529,16097,6,2,2
8/13/2016,6/28/2003,SO52489,540,16097,6,1,1
8/13/2016,7/12/2003,SO52506,529,25627,10,1,3
8/13/2016,7/21/2003,SO52506,223,25627,10,3,2
8/13/2016,5/20/2003,SO52506,220,25627,10,2,1
8/13/2016,7/18/2003,SO52491,536,13095,6,2,2
8/13/2016,4/27/2003,SO52491,214,13095,6,3,1
8/13/2016,7/24/2003,SO52491,528,13095,6,1,1
8/13/2016,4/27/2003,SO52493,474,16005,6,1,1
8/13/2016,5/15/2003,SO52509,485,17601,6,1,3
8/13/2016,4/27/2003,SO52509,478,17601,6,2,2
8/13/2016,6/6/2003,SO52509,473,17601,6,5,1
8/13/2016,4/29/2003,SO52509,477,17601,6,3,1
8/13/2016,5/12/2003,SO52509,487,17601,6,4,1
8/13/2016,6/23/2003,SO52482,528,16324,10,2,2
8/13/2016,4/26/2003,SO52482,536,16324,10,3,2
8/13/2016,5/18/2003,SO52482,215,16324,10,4,1
8/13/2016,5/29/2003,SO52482,590,16324,10,1,1
8/13/2016,5/10/2003,SO52520,223,21309,4,3,2
8/13/2016,7/5/2003,SO52520,389,21309,4,1,1
8/13/2016,6/26/2003,SO52520,491,21309,4,2,1
8/13/2016,7/27/2003,SO52485,538,11820,6,2,3
8/13/2016,5/3/2003,SO52485,529,11820,6,1,2
8/13/2016,6/27/2003,SO52485,220,11820,6,3,1
8/13/2016,5/30/2003,SO52511,528,13854,4,3,2
8/13/2016,6/16/2003,SO52511,536,13854,4,2,2
8/13/2016,6/14/2003,SO52511,589,13854,4,1,1
8/13/2016,4/16/2003,SO52508,530,13815,10,2,2
8/13/2016,7/16/2003,SO52508,541,13815,10,1,2
8/13/2016,6/27/2003,SO52469,223,11406,7,5,2
8/13/2016,5/3/2003,SO52469,477,11406,7,4,2
8/13/2016,6/28/2003,SO52469,478,11406,7,3,2
8/13/2016,6/8/2003,SO52469,485,11406,7,2,2
8/13/2016,7/25/2003,SO52469,352,11406,7,1,1
8/13/2016,7/12/2003,SO52503,215,17105,10,2,1
8/13/2016,4/23/2003,SO52503,528,17105,10,1,1
8/13/2016,5/25/2003,SO52515,480,12052,4,3,2
8/13/2016,7/13/2003,SO52515,354,12052,4,1,1
8/13/2016,6/27/2003,SO52515,537,12052,4,2,1
8/13/2016,5/8/2003,SO52472,462,11176,6,2,3
8/13/2016,7/12/2003,SO52472,220,11176,6,1,1
8/13/2016,5/29/2003,SO52474,528,11113,9,1,2
8/13/2016,6/8/2003,SO52474,535,11113,9,2,2
8/13/2016,7/28/2003,SO52474,485,11113,9,3,1
8/13/2016,5/3/2003,SO52507,480,24141,7,2,2
8/13/2016,6/23/2003,SO52507,484,24141,7,3,2
8/13/2016,5/6/2003,SO52507,530,24141,7,1,2
8/13/2016,7/22/2003,SO52488,464,11642,6,1,2
8/13/2016,6/21/2003,SO52488,535,11642,6,2,2
8/13/2016,5/6/2003,SO52473,214,11276,6,1,1
8/13/2016,7/16/2003,SO52496,477,18384,1,1,2
8/13/2016,5/12/2003,SO52496,220,18384,1,2,1
8/13/2016,5/28/2003,SO52496,472,18384,1,3,1
8/13/2016,7/6/2003,SO52510,485,13339,4,1,2
8/13/2016,6/30/2003,SO52510,482,13339,4,2,1
8/13/2016,4/19/2003,SO52497,466,18687,4,1,2
8/13/2016,7/9/2003,SO52497,474,18687,4,2,1
8/13/2016,6/4/2003,SO52484,480,11331,6,2,2
8/13/2016,6/22/2003,SO52484,539,11331,6,1,2
8/13/2016,6/29/2003,SO52487,530,11331,6,1,3
8/13/2016,5/27/2003,SO52487,487,11331,6,2,1
8/13/2016,5/19/2003,SO52498,475,27420,6,1,1
8/13/2016,7/4/2003,SO52479,223,22620,8,1,2
8/13/2016,5/20/2003,SO52479,592,22620,8,2,1
8/13/2016,6/27/2003,SO52478,487,13138,9,1,1
8/13/2016,5/27/2003,SO52512,480,11016,4,3,2
8/13/2016,4/21/2003,SO52512,362,11016,4,1,1
8/13/2016,6/8/2003,SO52512,537,11016,4,2,1
8/13/2016,7/17/2003,SO52494,223,18967,4,3,3
8/13/2016,5/9/2003,SO52494,474,18967,4,1,1
8/13/2016,5/27/2003,SO52494,489,18967,4,2,1
8/13/2016,5/3/2003,SO52492,477,22052,4,2,2
8/13/2016,7/15/2003,SO52492,478,22052,4,1,1
8/14/2016,7/14/2003,SO52526,480,11115,9,2,2
8/14/2016,5/4/2003,SO52526,535,11115,9,1,2
8/14/2016,7/25/2003,SO52567,354,11329,4,1,1
8/14/2016,6/5/2003,SO52572,477,19529,1,3,2
8/14/2016,6/23/2003,SO52572,479,19529,1,2,2
8/14/2016,5/8/2003,SO52572,220,19529,1,4,1
8/14/2016,5/5/2003,SO52572,387,19529,1,1,1
8/14/2016,6/23/2003,SO52549,477,19277,7,1,2
8/14/2016,6/23/2003,SO52549,220,19277,7,2,1
8/14/2016,4/29/2003,SO52550,478,13596,7,1,2
8/14/2016,6/16/2003,SO52570,477,21647,1,3,2
8/14/2016,7/24/2003,SO52570,479,21647,1,2,2
8/14/2016,6/24/2003,SO52570,487,21647,1,4,1
8/14/2016,6/2/2003,SO52570,584,21647,1,1,1
8/14/2016,7/22/2003,SO52553,529,25547,10,1,2
8/14/2016,6/8/2003,SO52562,485,13275,1,1,2
8/14/2016,6/7/2003,SO52576,214,14940,8,2,1
8/14/2016,5/17/2003,SO52576,576,14940,8,1,1
8/14/2016,6/28/2003,SO52565,215,11831,4,2,1
8/14/2016,5/7/2003,SO52565,352,11831,4,1,1
8/14/2016,5/23/2003,SO52555,530,14814,10,1,2
8/14/2016,5/26/2003,SO52555,541,14814,10,2,2
8/14/2016,5/7/2003,SO52533,480,15631,10,3,2
8/14/2016,5/9/2003,SO52533,536,15631,10,2,2
8/14/2016,7/20/2003,SO52533,590,15631,10,1,1
8/14/2016,5/13/2003,SO52530,476,22167,9,1,1
8/14/2016,7/9/2003,SO52530,490,22167,9,2,1
8/14/2016,5/16/2003,SO52548,485,18145,8,1,2
8/14/2016,6/22/2003,SO52548,226,18145,8,2,1
8/14/2016,6/26/2003,SO52560,485,11231,1,3,2
8/14/2016,7/25/2003,SO52560,528,11231,1,1,1
8/14/2016,7/9/2003,SO52560,537,11231,1,2,1
8/14/2016,5/21/2003,SO52575,477,21061,7,3,3
8/14/2016,7/10/2003,SO52575,479,21061,7,2,1
8/14/2016,7/28/2003,SO52575,490,21061,7,4,1
8/14/2016,4/21/2003,SO52575,605,21061,7,1,1
8/14/2016,5/21/2003,SO52543,481,14359,6,2,2
8/14/2016,7/14/2003,SO52543,476,14359,6,1,1
8/14/2016,7/8/2003,SO52569,477,19766,9,2,2
8/14/2016,5/9/2003,SO52569,214,19766,9,4,1
8/14/2016,5/30/2003,SO52569,479,19766,9,3,1
8/14/2016,5/28/2003,SO52569,606,19766,9,1,1
8/14/2016,6/22/2003,SO52539,223,22055,4,3,2
8/14/2016,5/15/2003,SO52539,477,22055,4,2,2
8/14/2016,5/21/2003,SO52539,478,22055,4,1,2
8/14/2016,5/10/2003,SO52536,528,26123,4,2,2
8/14/2016,7/5/2003,SO52536,535,26123,4,1,2
8/14/2016,6/27/2003,SO52536,215,26123,4,3,1
8/14/2016,4/25/2003,SO52541,464,28631,6,3,3
8/14/2016,7/2/2003,SO52541,235,28631,6,2,1
8/14/2016,6/6/2003,SO52541,476,28631,6,1,1
8/14/2016,5/22/2003,SO52527,480,15720,9,2,2
8/14/2016,5/2/2003,SO52527,484,15720,9,3,2
8/14/2016,5/21/2003,SO52527,539,15720,9,1,2
8/14/2016,6/22/2003,SO52547,480,14644,1,2,2
8/14/2016,5/7/2003,SO52547,528,14644,1,1,1
8/14/2016,5/28/2003,SO52571,477,19402,4,3,2
8/14/2016,7/20/2003,SO52571,479,19402,4,2,2
8/14/2016,7/7/2003,SO52571,389,19402,4,1,1
8/14/2016,7/19/2003,SO52571,483,19402,4,4,1
8/14/2016,4/27/2003,SO52558,480,11065,4,2,2
8/14/2016,7/6/2003,SO52558,486,11065,4,3,1
8/14/2016,4/24/2003,SO52558,537,11065,4,1,1
8/14/2016,6/3/2003,SO52573,584,25616,10,1,1
8/14/2016,6/25/2003,SO52568,477,26667,9,3,1
8/14/2016,7/18/2003,SO52568,479,26667,9,2,1
8/14/2016,5/2/2003,SO52568,491,26667,9,4,1
8/14/2016,6/27/2003,SO52568,605,26667,9,1,1
8/14/2016,7/5/2003,SO52551,464,21003,7,3,2
8/14/2016,7/25/2003,SO52551,529,21003,7,1,2
8/14/2016,6/10/2003,SO52551,538,21003,7,2,2
8/14/2016,4/25/2003,SO52545,480,14901,4,2,2
8/14/2016,4/18/2003,SO52545,528,14901,4,1,2
8/14/2016,5/11/2003,SO52557,530,17786,10,1,2
8/14/2016,4/30/2003,SO52557,214,17786,10,2,1
8/14/2016,4/19/2003,SO52531,223,11965,9,3,2
8/14/2016,7/16/2003,SO52531,529,11965,9,1,2
8/14/2016,5/21/2003,SO52531,490,11965,9,2,1
8/14/2016,5/3/2003,SO52546,528,24415,6,1,2
8/14/2016,7/26/2003,SO52554,529,27002,10,1,2
8/14/2016,7/11/2003,SO52554,215,27002,10,2,1
8/14/2016,6/5/2003,SO52574,606,21030,7,1,1
8/14/2016,6/3/2003,SO52537,528,21252,6,1,2
8/14/2016,7/27/2003,SO52537,535,21252,6,2,2
8/14/2016,7/7/2003,SO52522,223,16514,9,3,2
8/14/2016,5/10/2003,SO52522,387,16514,9,1,1
8/14/2016,6/6/2003,SO52522,490,16514,9,2,1
8/14/2016,7/11/2003,SO52540,478,14582,6,2,3
8/14/2016,4/27/2003,SO52540,477,14582,6,1,1
8/14/2016,5/21/2003,SO52566,477,11227,4,3,2
8/14/2016,5/18/2003,SO52566,478,11227,4,4,2
8/14/2016,7/5/2003,SO52566,485,11227,4,2,2
8/14/2016,6/18/2003,SO52566,360,11227,4,1,1
8/14/2016,5/4/2003,SO52535,480,11176,6,2,2
8/14/2016,7/22/2003,SO52535,538,11176,6,1,2
8/14/2016,7/24/2003,SO52538,535,11176,6,1,3
8/14/2016,7/3/2003,SO52538,235,11176,6,3,1
8/14/2016,7/25/2003,SO52538,528,11176,6,2,1
8/14/2016,6/3/2003,SO52556,530,11404,8,2,2
8/14/2016,6/10/2003,SO52556,541,11404,8,1,2
8/14/2016,6/7/2003,SO52544,477,23682,6,1,2
8/14/2016,7/3/2003,SO52544,487,23682,6,2,1
8/14/2016,6/30/2003,SO52534,477,20861,8,4,2
8/14/2016,6/1/2003,SO52534,478,20861,8,3,2
8/14/2016,6/25/2003,SO52534,485,20861,8,2,2
8/14/2016,5/21/2003,SO52534,588,20861,8,1,1
8/14/2016,4/29/2003,SO52559,530,12837,8,1,2
8/14/2016,4/24/2003,SO52532,480,12370,9,1,2
8/14/2016,6/26/2003,SO52552,530,14156,10,2,3
8/14/2016,4/22/2003,SO52552,541,14156,10,1,2
8/14/2016,7/2/2003,SO52563,485,18986,6,1,2
8/14/2016,7/2/2003,SO52563,215,18986,6,2,1
8/14/2016,5/24/2003,SO52561,481,11500,6,4,3
8/14/2016,4/22/2003,SO52561,528,11500,6,2,2
8/14/2016,5/18/2003,SO52561,215,11500,6,3,1
8/14/2016,7/9/2003,SO52561,537,11500,6,1,1
8/14/2016,4/29/2003,SO52525,480,13668,9,2,3
8/14/2016,6/8/2003,SO52525,535,13668,9,1,2
8/14/2016,4/29/2003,SO52529,538,20255,9,1,2
8/14/2016,7/9/2003,SO52529,489,20255,9,2,1
8/14/2016,5/7/2003,SO52542,223,28101,6,1,2
8/14/2016,6/5/2003,SO52542,474,28101,6,2,1
8/14/2016,6/22/2003,SO52564,229,12367,10,1,1
8/14/2016,7/1/2003,SO52523,485,12123,10,2,2
8/14/2016,7/11/2003,SO52523,354,12123,10,1,1
8/14/2016,6/7/2003,SO52523,478,12123,10,3,1
8/14/2016,7/2/2003,SO52528,538,20460,9,1,1
8/14/2016,7/7/2003,SO52524,215,11793,4,1,1
8/15/2016,7/8/2003,SO52584,528,25820,9,1,3
8/15/2016,4/27/2003,SO52584,220,25820,9,2,1
8/15/2016,5/3/2003,SO52584,481,25820,9,3,1
8/15/2016,7/8/2003,SO52604,529,22705,8,1,2
8/15/2016,5/11/2003,SO52604,215,22705,8,2,1
8/15/2016,5/16/2003,SO52595,477,18926,6,3,3
8/15/2016,7/3/2003,SO52595,478,18926,6,2,2
8/15/2016,5/25/2003,SO52595,485,18926,6,1,2
8/15/2016,5/31/2003,SO52595,487,18926,6,4,1
8/15/2016,4/25/2003,SO52596,462,15112,7,1,2
8/15/2016,7/24/2003,SO52596,475,15112,7,2,1
8/15/2016,7/10/2003,SO52588,541,26599,4,1,2
8/15/2016,7/28/2003,SO52586,220,16679,9,3,1
8/15/2016,5/23/2003,SO52586,529,16679,9,1,1
8/15/2016,5/1/2003,SO52586,540,16679,9,2,1
8/15/2016,4/18/2003,SO52578,215,11961,4,1,1
8/15/2016,5/29/2003,SO52611,223,18557,6,3,2
8/15/2016,7/23/2003,SO52611,229,18557,6,2,1
8/15/2016,4/26/2003,SO52611,383,18557,6,1,1
8/15/2016,6/6/2003,SO52610,479,28678,1,2,2
8/15/2016,4/17/2003,SO52610,484,28678,1,3,2
8/15/2016,6/4/2003,SO52610,568,28678,1,1,1
8/15/2016,5/9/2003,SO52608,223,12567,10,1,2
8/15/2016,7/28/2003,SO52600,528,16568,8,1,2
8/15/2016,5/6/2003,SO52600,214,16568,8,3,1
8/15/2016,5/30/2003,SO52600,536,16568,8,2,1
8/15/2016,6/3/2003,SO52612,477,22653,10,3,2
8/15/2016,6/30/2003,SO52612,479,22653,10,2,2
8/15/2016,5/27/2003,SO52612,385,22653,10,1,1
8/15/2016,6/23/2003,SO52612,490,22653,10,4,1
8/15/2016,5/11/2003,SO52589,529,25156,4,2,2
8/15/2016,6/5/2003,SO52589,540,25156,4,1,1
8/15/2016,5/27/2003,SO52605,529,11581,7,1,2
8/15/2016,5/7/2003,SO52605,215,11581,7,2,1
8/15/2016,6/9/2003,SO52598,226,19826,6,2,1
8/15/2016,5/19/2003,SO52598,485,19826,6,1,1
8/15/2016,5/8/2003,SO52606,538,26395,8,2,3
8/15/2016,4/22/2003,SO52606,529,26395,8,1,2
8/15/2016,5/23/2003,SO52601,477,23989,10,1,2
8/15/2016,7/13/2003,SO52601,489,23989,10,2,1
8/15/2016,5/18/2003,SO52577,482,11346,7,6,2
8/15/2016,7/2/2003,SO52577,528,11346,7,2,2
8/15/2016,5/24/2003,SO52577,215,11346,7,4,1
8/15/2016,6/25/2003,SO52577,226,11346,7,5,1
8/15/2016,5/8/2003,SO52577,354,11346,7,1,1
8/15/2016,7/13/2003,SO52577,537,11346,7,3,1
8/15/2016,7/25/2003,SO52580,480,15216,9,2,2
8/15/2016,7/27/2003,SO52580,539,15216,9,1,2
8/15/2016,5/12/2003,SO52593,528,17369,4,1,3
8/15/2016,6/30/2003,SO52593,480,17369,4,2,2
8/15/2016,6/16/2003,SO52585,223,15018,9,1,2
8/15/2016,6/4/2003,SO52613,538,25701,10,3,2
8/15/2016,6/2/2003,SO52613,220,25701,10,4,1
8/15/2016,5/17/2003,SO52613,529,25701,10,2,1
8/15/2016,5/7/2003,SO52613,584,25701,10,1,1
8/15/2016,4/26/2003,SO52594,528,14468,1,1,3
8/15/2016,5/5/2003,SO52594,480,14468,1,2,2
8/15/2016,7/11/2003,SO52603,223,25803,8,2,2
8/15/2016,4/19/2003,SO52603,538,25803,8,1,2
8/15/2016,7/12/2003,SO52609,536,13884,1,2,3
8/15/2016,7/21/2003,SO52609,485,13884,1,4,2
8/15/2016,6/27/2003,SO52609,220,13884,1,5,1
8/15/2016,6/19/2003,SO52609,528,13884,1,3,1
8/15/2016,4/21/2003,SO52609,589,13884,1,1,1
8/15/2016,6/4/2003,SO52602,538,28903,10,1,3
8/15/2016,4/21/2003,SO52602,480,28903,10,2,2
8/15/2016,6/5/2003,SO52581,477,19570,9,3,2
8/15/2016,6/25/2003,SO52581,478,19570,9,2,2
8/15/2016,7/9/2003,SO52581,482,19570,9,4,2
8/15/2016,4/29/2003,SO52581,485,19570,9,1,2
8/15/2016,7/15/2003,SO52597,481,16563,10,2,3
8/15/2016,7/25/2003,SO52597,528,16563,10,1,2
8/15/2016,4/29/2003,SO52579,535,11098,9,1,3
8/15/2016,6/19/2003,SO52579,528,11098,9,2,2
8/15/2016,6/28/2003,SO52582,478,22924,9,2,3
8/15/2016,6/19/2003,SO52582,485,22924,9,1,3
8/15/2016,7/9/2003,SO52582,477,22924,9,3,2
8/15/2016,6/23/2003,SO52582,488,22924,9,4,1
8/15/2016,7/11/2003,SO52592,477,17014,4,1,1
8/15/2016,7/15/2003,SO52607,462,16958,6,3,2
8/15/2016,5/22/2003,SO52607,485,16958,6,1,2
8/15/2016,7/7/2003,SO52607,214,16958,6,2,1
8/15/2016,6/9/2003,SO52599,226,12506,10,2,1
8/15/2016,7/1/2003,SO52599,476,12506,10,1,1
8/15/2016,7/22/2003,SO52614,477,21033,7,2,2
8/15/2016,7/12/2003,SO52614,479,21033,7,3,2
8/15/2016,7/28/2003,SO52614,606,21033,7,1,1
8/15/2016,5/20/2003,SO52590,477,21442,4,2,2
8/15/2016,7/5/2003,SO52590,478,21442,4,1,2
8/15/2016,7/13/2003,SO52587,482,27729,1,2,3
8/15/2016,6/1/2003,SO52587,529,27729,1,1,2
8/15/2016,6/21/2003,SO52591,477,18053,5,1,2
8/15/2016,6/8/2003,SO52591,480,18053,5,2,2
8/16/2016,7/24/2003,SO52627,528,24930,4,1,2
8/16/2016,6/18/2003,SO52627,535,24930,4,2,2
8/16/2016,4/28/2003,SO52627,220,24930,4,3,1
8/16/2016,7/7/2003,SO52658,480,11825,4,2,2
8/16/2016,7/26/2003,SO52658,356,11825,4,1,1
8/16/2016,4/28/2003,SO52659,223,25743,7,3,2
8/16/2016,6/19/2003,SO52659,214,25743,7,2,1
8/16/2016,7/21/2003,SO52659,572,25743,7,1,1
8/16/2016,4/20/2003,SO52651,484,13318,6,3,3
8/16/2016,4/19/2003,SO52651,528,13318,6,1,1
8/16/2016,5/24/2003,SO52651,537,13318,6,2,1
8/16/2016,7/1/2003,SO52654,485,16870,6,1,2
8/16/2016,5/22/2003,SO52654,487,16870,6,2,1
8/16/2016,7/15/2003,SO52618,528,16166,9,2,2
8/16/2016,7/19/2003,SO52618,536,16166,9,1,2
8/16/2016,7/30/2003,SO52618,215,16166,9,3,1
8/16/2016,5/11/2003,SO52645,528,17637,8,1,3
8/16/2016,5/2/2003,SO52645,535,17637,8,2,2
8/16/2016,7/11/2003,SO52645,483,17637,8,3,1
8/16/2016,4/21/2003,SO52669,223,12277,10,4,2
8/16/2016,7/22/2003,SO52669,477,12277,10,3,2
8/16/2016,6/9/2003,SO52669,479,12277,10,2,2
8/16/2016,5/12/2003,SO52669,577,12277,10,1,1
8/16/2016,7/21/2003,SO52653,477,14339,4,3,2
8/16/2016,6/9/2003,SO52653,485,14339,4,1,2
8/16/2016,7/3/2003,SO52653,214,14339,4,4,1
8/16/2016,6/19/2003,SO52653,478,14339,4,2,1
8/16/2016,4/20/2003,SO52661,223,28769,1,2,2
8/16/2016,5/10/2003,SO52661,568,28769,1,1,1
8/16/2016,5/19/2003,SO52617,479,11957,1,2,3
8/16/2016,4/21/2003,SO52617,477,11957,1,1,2
8/16/2016,6/20/2003,SO52617,220,11957,1,3,1
8/16/2016,5/28/2003,SO52655,477,12716,7,2,2
8/16/2016,6/29/2003,SO52655,478,12716,7,1,2
8/16/2016,4/19/2003,SO52655,473,12716,7,3,1
8/16/2016,6/10/2003,SO52619,480,15031,9,2,2
8/16/2016,6/11/2003,SO52619,536,15031,9,1,2
8/16/2016,6/22/2003,SO52633,477,15559,6,2,2
8/16/2016,4/30/2003,SO52633,478,15559,6,1,2
8/16/2016,7/31/2003,SO52615,356,11432,7,1,1
8/16/2016,5/3/2003,SO52615,478,11432,7,2,1
8/16/2016,6/4/2003,SO52616,477,11485,10,3,2
8/16/2016,7/13/2003,SO52616,478,11485,10,2,2
8/16/2016,6/30/2003,SO52616,352,11485,10,1,1
8/16/2016,5/23/2003,SO52616,473,11485,10,4,1
8/16/2016,4/24/2003,SO52643,528,12295,7,2,3
8/16/2016,4/26/2003,SO52643,480,12295,7,3,2
8/16/2016,7/15/2003,SO52643,484,12295,7,4,2
8/16/2016,5/4/2003,SO52643,536,12295,7,1,2
8/16/2016,5/11/2003,SO52628,214,24777,4,3,1
8/16/2016,4/29/2003,SO52628,529,24777,4,1,1
8/16/2016,4/25/2003,SO52628,540,24777,4,2,1
8/16/2016,6/22/2003,SO52637,528,14507,4,1,2
8/16/2016,7/26/2003,SO52637,215,14507,4,2,1
8/16/2016,4/23/2003,SO52632,477,21574,1,2,2
8/16/2016,7/19/2003,SO52632,478,21574,1,1,2
8/16/2016,4/22/2003,SO52632,215,21574,1,3,1
8/16/2016,6/12/2003,SO52632,226,21574,1,5,1
8/16/2016,5/25/2003,SO52632,466,21574,1,4,1
8/16/2016,7/30/2003,SO52625,595,14848,7,1,1
8/16/2016,6/15/2003,SO52656,485,13153,1,1,3
8/16/2016,5/14/2003,SO52656,220,13153,1,2,1
8/16/2016,6/27/2003,SO52656,235,13153,1,3,1
8/16/2016,5/26/2003,SO52650,528,11724,6,2,3
8/16/2016,6/17/2003,SO52650,480,11724,6,3,2
8/16/2016,7/2/2003,SO52650,537,11724,6,1,1
8/16/2016,7/19/2003,SO52666,223,26985,8,3,2
8/16/2016,5/22/2003,SO52666,215,26985,8,2,1
8/16/2016,6/13/2003,SO52666,381,26985,8,1,1
8/16/2016,5/10/2003,SO52647,529,20940,7,1,2
8/16/2016,7/6/2003,SO52647,214,20940,7,2,1
8/16/2016,6/20/2003,SO52631,477,21715,1,2,3
8/16/2016,7/29/2003,SO52631,478,21715,1,1,1
8/16/2016,5/29/2003,SO52623,490,17238,9,1,1
8/16/2016,5/19/2003,SO52624,220,14008,9,1,1
8/16/2016,4/19/2003,SO52641,539,19262,10,1,2
8/16/2016,5/28/2003,SO52644,529,28402,7,1,2
8/16/2016,6/9/2003,SO52644,220,28402,7,3,1
8/16/2016,6/4/2003,SO52644,540,28402,7,2,1
8/16/2016,6/9/2003,SO52620,484,17381,9,2,2
8/16/2016,6/27/2003,SO52620,485,17381,9,1,1
8/16/2016,6/19/2003,SO52620,486,17381,9,3,1
8/16/2016,5/2/2003,SO52664,477,23164,6,2,2
8/16/2016,5/14/2003,SO52664,479,23164,6,3,2
8/16/2016,7/9/2003,SO52664,578,23164,6,1,1
8/16/2016,5/10/2003,SO52668,223,27821,10,3,2
8/16/2016,7/15/2003,SO52668,214,27821,10,2,1
8/16/2016,7/23/2003,SO52668,561,27821,10,1,1
8/16/2016,5/6/2003,SO52630,480,23502,4,2,2
8/16/2016,4/26/2003,SO52630,536,23502,4,1,2
8/16/2016,7/21/2003,SO52629,535,20104,6,1,3
8/16/2016,7/10/2003,SO52629,480,20104,6,2,2
8/16/2016,5/7/2003,SO52662,223,23209,6,2,3
8/16/2016,6/30/2003,SO52662,560,23209,6,1,1
8/16/2016,6/1/2003,SO52626,482,11019,6,3,2
8/16/2016,6/20/2003,SO52626,529,11019,6,1,2
8/16/2016,6/14/2003,SO52626,539,11019,6,2,2
8/16/2016,7/11/2003,SO52640,528,16454,10,1,2
8/16/2016,7/24/2003,SO52640,214,16454,10,2,1
8/16/2016,7/5/2003,SO52622,490,17070,9,1,1
8/16/2016,6/8/2003,SO52667,482,27953,10,1,2
8/16/2016,5/6/2003,SO52667,584,27953,10,2,1
8/16/2016,6/25/2003,SO52639,528,16057,8,1,2
8/16/2016,6/25/2003,SO52639,215,16057,8,2,1
8/16/2016,4/26/2003,SO52657,356,11817,4,1,1
8/16/2016,7/2/2003,SO52646,215,26401,10,2,1
8/16/2016,7/19/2003,SO52646,529,26401,10,1,1
8/16/2016,7/1/2003,SO52648,541,28450,8,1,2
8/16/2016,7/24/2003,SO52648,214,28450,8,3,1
8/16/2016,4/30/2003,SO52648,530,28450,8,2,1
8/16/2016,7/24/2003,SO52636,485,14916,1,2,2
8/16/2016,5/29/2003,SO52636,528,14916,1,1,2
8/16/2016,7/10/2003,SO52665,226,19451,8,2,1
8/16/2016,6/29/2003,SO52665,383,19451,8,1,1
8/16/2016,5/8/2003,SO52660,475,16663,9,2,1
8/16/2016,6/30/2003,SO52660,491,16663,9,3,1
8/16/2016,6/18/2003,SO52660,590,16663,9,1,1
8/16/2016,6/25/2003,SO52634,477,11330,6,1,2
8/16/2016,7/8/2003,SO52634,478,11330,6,2,2
8/16/2016,4/29/2003,SO52652,537,11923,4,1,1
8/16/2016,6/19/2003,SO52649,480,11081,4,2,1
8/16/2016,6/4/2003,SO52649,537,11081,4,1,1
8/16/2016,7/23/2003,SO52642,480,14707,8,2,2
8/16/2016,7/30/2003,SO52642,537,14707,8,1,1
8/16/2016,5/6/2003,SO52638,485,18055,6,1,3
8/16/2016,4/21/2003,SO52638,477,18055,6,2,2
8/16/2016,5/27/2003,SO52638,478,18055,6,3,1
8/16/2016,4/20/2003,SO52621,477,29290,9,1,2
8/16/2016,5/16/2003,SO52663,477,25096,1,3,2
8/16/2016,5/17/2003,SO52663,479,25096,1,2,2
8/16/2016,6/21/2003,SO52663,484,25096,1,4,2
8/16/2016,5/28/2003,SO52663,560,25096,1,1,1
8/17/2016,6/16/2003,SO52680,229,16405,10,2,1
8/17/2016,6/21/2003,SO52680,588,16405,10,1,1
8/17/2016,6/4/2003,SO52699,223,15461,10,4,2
8/17/2016,6/13/2003,SO52699,528,15461,10,2,2
8/17/2016,6/18/2003,SO52699,215,15461,10,3,1
8/17/2016,5/5/2003,SO52699,537,15461,10,1,1
8/17/2016,7/18/2003,SO52701,540,12869,7,1,1
8/17/2016,7/25/2003,SO52691,529,24952,1,2,2
8/17/2016,5/31/2003,SO52691,220,24952,1,3,1
8/17/2016,7/5/2003,SO52691,540,24952,1,1,1
8/17/2016,6/20/2003,SO52714,485,18990,1,2,2
8/17/2016,7/27/2003,SO52714,599,18990,1,1,1
8/17/2016,7/25/2003,SO52685,530,27192,4,1,2
8/17/2016,7/25/2003,SO52685,541,27192,4,2,2
8/17/2016,7/15/2003,SO52671,485,11425,7,4,3
8/17/2016,6/4/2003,SO52671,528,11425,7,3,3
8/17/2016,5/16/2003,SO52671,354,11425,7,1,1
8/17/2016,5/31/2003,SO52671,483,11425,7,5,1
8/17/2016,5/30/2003,SO52671,537,11425,7,2,1
8/17/2016,5/7/2003,SO52722,462,24662,4,4,3
8/17/2016,4/23/2003,SO52722,220,24662,4,2,1
8/17/2016,6/9/2003,SO52722,229,24662,4,3,1
8/17/2016,7/15/2003,SO52722,562,24662,4,1,1
8/17/2016,5/15/2003,SO52720,220,27910,9,2,1
8/17/2016,7/29/2003,SO52720,605,27910,9,1,1
8/17/2016,5/8/2003,SO52709,537,11198,4,1,1
8/17/2016,5/31/2003,SO52670,215,18483,9,2,1
8/17/2016,7/14/2003,SO52670,375,18483,9,1,1
8/17/2016,4/29/2003,SO52724,529,22640,10,3,2
8/17/2016,6/27/2003,SO52724,389,22640,10,1,1
8/17/2016,5/10/2003,SO52724,539,22640,10,2,1
8/17/2016,7/7/2003,SO52675,485,18282,9,1,1
8/17/2016,8/1/2003,SO52719,464,28326,9,3,3
8/17/2016,7/31/2003,SO52719,541,28326,9,2,3
8/17/2016,7/22/2003,SO52719,530,28326,9,4,2
8/17/2016,6/20/2003,SO52719,575,28326,9,1,1
8/17/2016,5/2/2003,SO52715,480,22893,6,3,2
8/17/2016,5/21/2003,SO52715,375,22893,6,1,1
8/17/2016,6/11/2003,SO52715,540,22893,6,2,1
8/17/2016,6/25/2003,SO52672,480,13613,9,2,2
8/17/2016,4/23/2003,SO52672,535,13613,9,1,2
8/17/2016,6/20/2003,SO52697,480,22739,6,2,2
8/17/2016,7/31/2003,SO52697,528,22739,6,1,2
8/17/2016,7/22/2003,SO52682,480,11142,6,1,1
8/17/2016,6/23/2003,SO52702,475,28737,7,1,1
8/17/2016,7/16/2003,SO52692,477,21630,1,2,2
8/17/2016,5/20/2003,SO52692,478,21630,1,1,1
8/17/2016,7/16/2003,SO52716,215,11834,4,2,1
8/17/2016,4/26/2003,SO52716,360,11834,4,1,1
8/17/2016,5/12/2003,SO52721,488,25097,1,2,1
8/17/2016,6/7/2003,SO52721,577,25097,1,1,1
8/17/2016,6/4/2003,SO52677,480,14073,9,3,2
8/17/2016,5/8/2003,SO52677,529,14073,9,2,2
8/17/2016,7/31/2003,SO52677,540,14073,9,1,1
8/17/2016,7/17/2003,SO52679,480,21092,10,3,2
8/17/2016,4/29/2003,SO52679,539,21092,10,2,2
8/17/2016,4/29/2003,SO52679,580,21092,10,1,1
8/17/2016,6/12/2003,SO52694,477,17165,4,1,3
8/17/2016,4/20/2003,SO52684,480,26480,4,2,2
8/17/2016,5/25/2003,SO52684,538,26480,4,1,2
8/17/2016,6/27/2003,SO52674,480,14859,9,3,2
8/17/2016,5/7/2003,SO52674,529,14859,9,1,2
8/17/2016,7/13/2003,SO52674,539,14859,9,2,2
8/17/2016,6/18/2003,SO52693,476,20334,4,1,1
8/17/2016,7/13/2003,SO52690,528,23289,1,2,2
8/17/2016,6/3/2003,SO52690,536,23289,1,1,2
8/17/2016,5/12/2003,SO52711,485,13349,4,1,2
8/17/2016,6/14/2003,SO52725,530,12132,7,3,2
8/17/2016,7/30/2003,SO52725,541,12132,7,2,2
8/17/2016,6/8/2003,SO52725,215,12132,7,5,1
8/17/2016,4/24/2003,SO52725,487,12132,7,4,1
8/17/2016,7/9/2003,SO52725,561,12132,7,1,1
8/17/2016,7/22/2003,SO52707,480,15052,10,2,2
8/17/2016,7/10/2003,SO52707,530,15052,10,1,1
8/17/2016,7/4/2003,SO52687,530,13268,6,2,2
8/17/2016,7/12/2003,SO52687,541,13268,6,1,2
8/17/2016,5/24/2003,SO52687,215,13268,6,3,1
8/17/2016,7/20/2003,SO52704,480,16418,7,2,2
8/17/2016,5/24/2003,SO52704,539,16418,7,1,2
8/17/2016,5/12/2003,SO52681,223,11703,4,1,2
8/17/2016,6/17/2003,SO52681,488,11703,4,2,1
8/17/2016,6/19/2003,SO52706,529,25719,8,2,2
8/17/2016,4/24/2003,SO52706,538,25719,8,1,2
8/17/2016,7/24/2003,SO52706,214,25719,8,3,1
8/17/2016,6/8/2003,SO52673,462,13120,9,2,2
8/17/2016,5/9/2003,SO52673,535,13120,9,1,2
8/17/2016,5/5/2003,SO52689,480,24292,4,3,2
8/17/2016,7/3/2003,SO52689,529,24292,4,1,2
8/17/2016,7/18/2003,SO52689,540,24292,4,2,1
8/17/2016,6/14/2003,SO52708,482,11176,6,3,2
8/17/2016,6/7/2003,SO52708,485,11176,6,2,2
8/17/2016,7/25/2003,SO52708,537,11176,6,1,1
8/17/2016,5/27/2003,SO52705,480,12260,10,2,3
8/17/2016,5/11/2003,SO52705,538,12260,10,1,2
8/17/2016,6/9/2003,SO52705,486,12260,10,3,1
8/17/2016,7/21/2003,SO52698,539,19247,10,1,2
8/17/2016,4/22/2003,SO52676,223,12012,9,1,3
8/17/2016,7/5/2003,SO52683,530,11845,6,1,3
8/17/2016,7/4/2003,SO52683,220,11845,6,2,1
8/17/2016,5/22/2003,SO52688,541,26551,1,1,2
8/17/2016,4/25/2003,SO52700,472,13499,7,2,1
8/17/2016,6/26/2003,SO52700,476,13499,7,1,1
8/17/2016,5/1/2003,SO52710,528,12040,4,2,2
8/17/2016,7/24/2003,SO52710,480,12040,4,3,1
8/17/2016,7/17/2003,SO52710,537,12040,4,1,1
8/17/2016,7/14/2003,SO52717,466,14011,9,2,2
8/17/2016,4/29/2003,SO52717,214,14011,9,3,1
8/17/2016,5/21/2003,SO52717,582,14011,9,1,1
8/17/2016,4/27/2003,SO52723,223,21648,4,2,2
8/17/2016,6/25/2003,SO52723,605,21648,4,1,1
8/17/2016,5/7/2003,SO52712,485,16910,6,1,2
8/17/2016,4/21/2003,SO52712,235,16910,6,2,1
8/17/2016,7/2/2003,SO52718,581,14125,9,1,1
8/17/2016,5/13/2003,SO52713,223,12568,10,1,2
8/17/2016,6/11/2003,SO52703,477,22559,10,1,3
8/17/2016,7/5/2003,SO52695,480,23449,6,2,2
8/17/2016,4/28/2003,SO52695,528,23449,6,1,2
8/17/2016,7/2/2003,SO52696,528,15158,4,1,2
8/17/2016,5/15/2003,SO52696,215,15158,4,2,1
8/17/2016,5/27/2003,SO52678,232,17086,8,2,1
8/17/2016,5/8/2003,SO52678,580,17086,8,1,1
8/17/2016,6/29/2003,SO52686,480,28049,4,3,2
8/17/2016,7/15/2003,SO52686,529,28049,4,1,2
8/17/2016,4/20/2003,SO52686,538,28049,4,2,2
8/18/2016,7/10/2003,SO52757,485,12948,4,1,2
8/18/2016,4/27/2003,SO52757,487,12948,4,2,1
8/18/2016,7/10/2003,SO52770,223,21050,7,2,2
8/18/2016,7/16/2003,SO52770,214,21050,7,3,1
8/18/2016,5/4/2003,SO52770,605,21050,7,1,1
8/18/2016,6/22/2003,SO52746,485,14505,4,2,2
8/18/2016,7/13/2003,SO52746,528,14505,4,1,2
8/18/2016,5/7/2003,SO52746,220,14505,4,3,1
8/18/2016,7/22/2003,SO52765,477,26317,1,3,3
8/18/2016,5/11/2003,SO52765,479,26317,1,2,2
8/18/2016,6/7/2003,SO52765,214,26317,1,4,1
8/18/2016,5/31/2003,SO52765,586,26317,1,1,1
8/18/2016,7/28/2003,SO52738,528,23069,4,2,2
8/18/2016,6/27/2003,SO52738,536,23069,4,1,2
8/18/2016,6/28/2003,SO52738,220,23069,4,3,1
8/18/2016,6/18/2003,SO52769,226,19381,7,2,1
8/18/2016,8/2/2003,SO52769,385,19381,7,1,1
8/18/2016,6/18/2003,SO52766,538,16222,4,2,2
8/18/2016,6/12/2003,SO52766,605,16222,4,1,1
8/18/2016,5/25/2003,SO52750,528,21110,10,2,2
8/18/2016,7/27/2003,SO52750,536,21110,10,1,2
8/18/2016,7/19/2003,SO52736,480,12892,6,3,2
8/18/2016,6/14/2003,SO52736,530,12892,6,2,2
8/18/2016,5/22/2003,SO52736,483,12892,6,4,1
8/18/2016,6/12/2003,SO52736,541,12892,6,1,1
8/18/2016,7/22/2003,SO52762,485,11534,4,2,3
8/18/2016,7/11/2003,SO52762,464,11534,4,3,2
8/18/2016,6/28/2003,SO52762,358,11534,4,1,1
8/18/2016,4/29/2003,SO52775,223,29411,10,2,3
8/18/2016,5/31/2003,SO52775,578,29411,10,1,1
8/18/2016,5/15/2003,SO52767,479,16223,4,4,3
8/18/2016,6/29/2003,SO52767,223,16223,4,3,2
8/18/2016,5/30/2003,SO52767,477,16223,4,2,2
8/18/2016,7/7/2003,SO52767,604,16223,4,1,1
8/18/2016,7/18/2003,SO52755,480,16459,10,2,2
8/18/2016,5/12/2003,SO52755,530,16459,10,1,2
8/18/2016,6/24/2003,SO52747,477,18644,6,2,2
8/18/2016,7/30/2003,SO52747,478,18644,6,3,2
8/18/2016,5/24/2003,SO52747,485,18644,6,1,2
8/18/2016,7/4/2003,SO52747,472,18644,6,4,1
8/18/2016,5/21/2003,SO52772,479,21031,7,2,3
8/18/2016,7/30/2003,SO52772,223,21031,7,4,2
8/18/2016,6/2/2003,SO52772,477,21031,7,3,2
8/18/2016,7/20/2003,SO52772,214,21031,7,5,1
8/18/2016,7/17/2003,SO52772,605,21031,7,1,1
8/18/2016,6/13/2003,SO52730,479,20838,10,3,3
8/18/2016,5/22/2003,SO52730,477,20838,10,2,2
8/18/2016,6/9/2003,SO52730,220,20838,10,5,1
8/18/2016,7/12/2003,SO52730,223,20838,10,4,1
8/18/2016,5/27/2003,SO52730,581,20838,10,1,1
8/18/2016,5/12/2003,SO52761,480,11979,6,3,2
8/18/2016,5/5/2003,SO52761,484,11979,6,4,2
8/18/2016,8/3/2003,SO52761,485,11979,6,2,2
8/18/2016,6/3/2003,SO52761,352,11979,6,1,1
8/18/2016,6/21/2003,SO52728,529,13639,9,1,3
8/18/2016,7/28/2003,SO52732,477,23630,10,4,3
8/18/2016,6/6/2003,SO52732,479,23630,10,2,3
8/18/2016,7/6/2003,SO52732,464,23630,10,3,2
8/18/2016,5/23/2003,SO52732,377,23630,10,1,1
8/18/2016,5/22/2003,SO52753,480,14820,10,3,2
8/18/2016,8/2/2003,SO52753,528,14820,10,1,2
8/18/2016,6/19/2003,SO52753,536,14820,10,2,2
8/18/2016,5/28/2003,SO52773,220,29391,8,2,1
8/18/2016,6/8/2003,SO52773,604,29391,8,1,1
8/18/2016,5/2/2003,SO52726,477,16740,9,4,2
8/18/2016,7/8/2003,SO52726,373,16740,9,1,1
8/18/2016,6/30/2003,SO52726,472,16740,9,3,1
8/18/2016,6/4/2003,SO52726,479,16740,9,2,1
8/18/2016,8/2/2003,SO52749,485,14166,7,1,2
8/18/2016,6/8/2003,SO52749,235,14166,7,2,1
8/18/2016,7/7/2003,SO52771,462,22642,10,3,3
8/18/2016,6/19/2003,SO52771,381,22642,10,1,1
8/18/2016,7/29/2003,SO52771,488,22642,10,2,1
8/18/2016,5/1/2003,SO52774,477,14830,8,3,2
8/18/2016,6/10/2003,SO52774,479,14830,8,2,2
8/18/2016,6/28/2003,SO52774,220,14830,8,4,1
8/18/2016,4/24/2003,SO52774,561,14830,8,1,1
8/18/2016,5/12/2003,SO52727,528,25815,9,1,2
8/18/2016,7/14/2003,SO52727,214,25815,9,2,1
8/18/2016,6/15/2003,SO52752,529,19521,7,1,2
8/18/2016,5/13/2003,SO52752,226,19521,7,2,1
8/18/2016,5/18/2003,SO52760,485,11665,4,2,2
8/18/2016,4/30/2003,SO52760,214,11665,4,3,1
8/18/2016,7/13/2003,SO52760,360,11665,4,1,1
8/18/2016,7/1/2003,SO52739,480,19726,6,3,3
8/18/2016,5/19/2003,SO52739,528,19726,6,2,2
8/18/2016,6/2/2003,SO52739,536,19726,6,1,2
8/18/2016,7/27/2003,SO52742,476,20361,1,1,1
8/18/2016,5/14/2003,SO52743,223,19544,4,3,2
8/18/2016,5/8/2003,SO52743,474,19544,4,1,1
8/18/2016,8/1/2003,SO52743,491,19544,4,2,1
8/18/2016,7/27/2003,SO52733,215,19459,10,2,1
8/18/2016,7/27/2003,SO52733,373,19459,10,1,1
8/18/2016,5/1/2003,SO52756,223,12514,7,1,2
8/18/2016,8/1/2003,SO52740,536,11723,6,1,2
8/18/2016,6/23/2003,SO52741,478,12054,6,1,3
8/18/2016,6/25/2003,SO52741,477,12054,6,2,2
8/18/2016,6/26/2003,SO52734,215,11737,4,1,1
8/18/2016,5/12/2003,SO52735,541,26250,1,1,2
8/18/2016,6/20/2003,SO52735,480,26250,1,3,1
8/18/2016,6/25/2003,SO52735,483,26250,1,4,1
8/18/2016,5/10/2003,SO52735,530,26250,1,2,1
8/18/2016,5/17/2003,SO52759,356,11217,1,1,1
8/18/2016,5/20/2003,SO52759,487,11217,1,2,1
8/18/2016,7/12/2003,SO52764,564,28323,9,1,1
8/18/2016,6/27/2003,SO52763,214,20154,9,2,1
8/18/2016,8/1/2003,SO52763,605,20154,9,1,1
8/18/2016,7/31/2003,SO52768,381,19336,7,1,1
8/18/2016,6/23/2003,SO52768,491,19336,7,2,1
8/18/2016,5/24/2003,SO52776,373,18469,9,1,1
8/18/2016,4/20/2003,SO52751,529,17649,10,1,3
8/18/2016,6/24/2003,SO52731,478,11378,7,2,2
8/18/2016,7/5/2003,SO52731,215,11378,7,3,1
8/18/2016,8/3/2003,SO52731,352,11378,7,1,1
8/18/2016,7/12/2003,SO52744,477,17583,1,1,2
8/18/2016,4/24/2003,SO52744,214,17583,1,2,1
8/18/2016,6/20/2003,SO52777,477,28107,9,3,2
8/18/2016,5/12/2003,SO52777,479,28107,9,2,1
8/18/2016,6/5/2003,SO52777,491,28107,9,4,1
8/18/2016,7/25/2003,SO52777,571,28107,9,1,1
8/18/2016,5/31/2003,SO52754,529,18635,8,1,2
8/18/2016,5/19/2003,SO52754,486,18635,8,2,1
8/18/2016,7/27/2003,SO52745,464,19639,4,3,2
8/18/2016,6/25/2003,SO52745,477,19639,4,1,2
8/18/2016,6/15/2003,SO52745,220,19639,4,2,1
8/18/2016,6/21/2003,SO52758,223,11688,1,4,2
8/18/2016,7/15/2003,SO52758,215,11688,1,2,1
8/18/2016,5/31/2003,SO52758,229,11688,1,3,1
8/18/2016,7/3/2003,SO52758,360,11688,1,1,1
8/18/2016,8/3/2003,SO52729,489,23758,7,2,1
8/18/2016,5/7/2003,SO52729,582,23758,7,1,1
8/18/2016,5/13/2003,SO52748,484,17211,7,3,2
8/18/2016,7/15/2003,SO52748,528,17211,7,1,2
8/18/2016,7/9/2003,SO52748,537,17211,7,2,1
8/18/2016,5/16/2003,SO52737,529,24389,1,1,3
8/18/2016,5/2/2003,SO52737,481,24389,1,3,2
8/18/2016,6/8/2003,SO52737,540,24389,1,2,1
8/19/2016,5/30/2003,SO52829,215,11984,6,2,1
8/19/2016,5/11/2003,SO52829,360,11984,6,1,1
8/19/2016,7/23/2003,SO52836,232,19535,4,2,1
8/19/2016,4/29/2003,SO52836,389,19535,4,1,1
8/19/2016,7/30/2003,SO52835,606,22281,4,1,1
8/19/2016,5/28/2003,SO52778,477,11215,6,1,2
8/19/2016,7/15/2003,SO52778,479,11215,6,2,2
8/19/2016,5/30/2003,SO52778,220,11215,6,3,1
8/19/2016,6/27/2003,SO52778,226,11215,6,4,1
8/19/2016,6/15/2003,SO52812,529,23602,8,1,3
8/19/2016,6/26/2003,SO52812,220,23602,8,2,1
8/19/2016,6/2/2003,SO52837,215,23223,10,2,1
8/19/2016,5/22/2003,SO52837,385,23223,10,1,1
8/19/2016,5/18/2003,SO52805,528,16477,1,1,3
8/19/2016,7/26/2003,SO52805,215,16477,1,2,1
8/19/2016,5/20/2003,SO52838,229,19432,8,2,1
8/19/2016,7/28/2003,SO52838,387,19432,8,1,1
8/19/2016,6/8/2003,SO52831,538,26673,9,2,3
8/19/2016,7/20/2003,SO52831,480,26673,9,3,2
8/19/2016,7/17/2003,SO52831,486,26673,9,4,1
8/19/2016,5/13/2003,SO52831,604,26673,9,1,1
8/19/2016,7/18/2003,SO52822,528,11650,4,2,2
8/19/2016,5/8/2003,SO52822,220,11650,4,3,1
8/19/2016,6/19/2003,SO52822,537,11650,4,1,1
8/19/2016,5/5/2003,SO52819,529,12503,10,2,3
8/19/2016,6/7/2003,SO52819,538,12503,10,1,2
8/19/2016,6/12/2003,SO52833,477,21650,4,3,2
8/19/2016,5/6/2003,SO52833,479,21650,4,2,2
8/19/2016,7/8/2003,SO52833,605,21650,4,1,1
8/19/2016,6/14/2003,SO52792,535,25890,4,1,2
8/19/2016,7/26/2003,SO52781,536,16627,9,1,3
8/19/2016,6/21/2003,SO52784,358,11398,10,1,1
8/19/2016,5/11/2003,SO52779,480,15125,9,3,3
8/19/2016,5/17/2003,SO52779,529,15125,9,1,2
8/19/2016,6/2/2003,SO52779,539,15125,9,2,2
8/19/2016,7/12/2003,SO52791,535,11711,6,1,3
8/19/2016,5/1/2003,SO52791,480,11711,6,2,2
8/19/2016,4/24/2003,SO52834,479,16221,1,3,2
8/19/2016,5/1/2003,SO52834,215,16221,1,4,1
8/19/2016,7/7/2003,SO52834,477,16221,1,2,1
8/19/2016,5/2/2003,SO52834,606,16221,1,1,1
8/19/2016,6/10/2003,SO52800,462,19241,4,3,2
8/19/2016,7/7/2003,SO52800,474,19241,4,1,1
8/19/2016,7/31/2003,SO52800,488,19241,4,2,1
8/19/2016,5/5/2003,SO52818,223,25521,8,1,2
8/19/2016,7/20/2003,SO52818,538,25521,8,2,2
8/19/2016,6/3/2003,SO52801,220,17554,1,2,1
8/19/2016,6/11/2003,SO52801,477,17554,1,1,1
8/19/2016,6/12/2003,SO52780,480,15217,9,3,2
8/19/2016,5/9/2003,SO52780,529,15217,9,2,2
8/19/2016,7/6/2003,SO52780,539,15217,9,1,2
8/19/2016,7/26/2003,SO52789,466,11078,6,3,2
8/19/2016,7/17/2003,SO52789,530,11078,6,1,2
8/19/2016,7/15/2003,SO52789,214,11078,6,2,1
8/19/2016,5/5/2003,SO52797,474,12530,6,1,1
8/19/2016,4/24/2003,SO52797,489,12530,6,2,1
8/19/2016,7/21/2003,SO52817,477,19185,7,1,3
8/19/2016,6/24/2003,SO52817,488,19185,7,2,1
8/19/2016,6/6/2003,SO52793,528,11922,6,2,2
8/19/2016,7/11/2003,SO52793,536,11922,6,1,2
8/19/2016,4/29/2003,SO52813,529,27815,10,1,2
8/19/2016,7/11/2003,SO52813,538,27815,10,2,2
8/19/2016,7/2/2003,SO52813,220,27815,10,3,1
8/19/2016,5/15/2003,SO52813,226,27815,10,4,1
8/19/2016,6/5/2003,SO52820,480,25672,7,2,2
8/19/2016,5/25/2003,SO52820,530,25672,7,1,2
8/19/2016,5/5/2003,SO52810,535,16441,8,1,1
8/19/2016,5/29/2003,SO52825,352,11826,4,1,1
8/19/2016,6/25/2003,SO52839,223,25675,10,2,2
8/19/2016,6/7/2003,SO52839,584,25675,10,1,1
8/19/2016,7/6/2003,SO52788,480,29248,1,2,2
8/19/2016,5/6/2003,SO52788,539,29248,1,1,1
8/19/2016,5/7/2003,SO52803,477,17035,1,1,2
8/19/2016,5/11/2003,SO52803,489,17035,1,2,1
8/19/2016,7/8/2003,SO52823,480,11819,1,3,2
8/19/2016,6/21/2003,SO52823,528,11819,1,1,2
8/19/2016,6/9/2003,SO52823,537,11819,1,2,1
8/19/2016,7/16/2003,SO52806,477,29214,6,1,2
8/19/2016,6/7/2003,SO52806,487,29214,6,2,1
8/19/2016,7/27/2003,SO52802,477,18751,4,1,2
8/19/2016,5/1/2003,SO52802,214,18751,4,2,1
8/19/2016,6/9/2003,SO52804,477,16877,1,1,2
8/19/2016,6/29/2003,SO52804,214,16877,1,2,1
8/19/2016,7/1/2003,SO52814,529,27837,10,2,3
8/19/2016,7/15/2003,SO52814,538,27837,10,1,2
8/19/2016,6/13/2003,SO52814,220,27837,10,3,1
8/19/2016,5/12/2003,SO52790,529,26736,4,2,2
8/19/2016,6/29/2003,SO52790,538,26736,4,1,2
8/19/2016,7/4/2003,SO52815,223,21070,7,2,3
8/19/2016,5/20/2003,SO52815,538,21070,7,1,1
8/19/2016,4/23/2003,SO52824,485,13341,4,1,2
8/19/2016,4/28/2003,SO52824,483,13341,4,2,1
8/19/2016,6/22/2003,SO52828,485,11523,6,2,2
8/19/2016,7/3/2003,SO52828,215,11523,6,3,1
8/19/2016,5/12/2003,SO52828,352,11523,6,1,1
8/19/2016,7/2/2003,SO52796,477,21459,4,2,2
8/19/2016,5/4/2003,SO52796,478,21459,4,1,2
8/19/2016,6/3/2003,SO52807,462,21252,6,3,2
8/19/2016,6/26/2003,SO52807,528,21252,6,1,2
8/19/2016,7/23/2003,SO52807,220,21252,6,2,1
8/19/2016,6/6/2003,SO52783,223,15137,9,2,2
8/19/2016,7/14/2003,SO52783,220,15137,9,1,1
8/19/2016,5/9/2003,SO52783,490,15137,9,3,1
8/19/2016,5/18/2003,SO52816,529,20146,7,1,2
8/19/2016,6/16/2003,SO52795,482,22970,1,4,2
8/19/2016,5/24/2003,SO52795,536,22970,1,1,2
8/19/2016,6/19/2003,SO52795,220,22970,1,3,1
8/19/2016,7/16/2003,SO52795,528,22970,1,2,1
8/19/2016,6/16/2003,SO52840,214,24083,7,2,1
8/19/2016,4/23/2003,SO52840,564,24083,7,1,1
8/19/2016,7/24/2003,SO52785,529,19448,10,3,2
8/19/2016,6/20/2003,SO52785,375,19448,10,1,1
8/19/2016,7/14/2003,SO52785,471,19448,10,4,1
8/19/2016,5/10/2003,SO52785,540,19448,10,2,1
8/19/2016,6/6/2003,SO52811,540,28391,7,1,1
8/19/2016,7/23/2003,SO52786,480,11637,4,1,1
8/19/2016,6/16/2003,SO52798,232,20378,1,2,1
8/19/2016,6/9/2003,SO52798,474,20378,1,1,1
8/19/2016,5/31/2003,SO52826,223,11647,6,5,2
8/19/2016,7/31/2003,SO52826,477,11647,6,4,2
8/19/2016,5/12/2003,SO52826,478,11647,6,3,2
8/19/2016,4/26/2003,SO52826,485,11647,6,2,2
8/19/2016,5/16/2003,SO52826,356,11647,6,1,1
8/19/2016,7/31/2003,SO52832,223,29247,6,2,3
8/19/2016,6/13/2003,SO52832,489,29247,6,3,1
8/19/2016,7/4/2003,SO52832,573,29247,6,1,1
8/19/2016,5/21/2003,SO52827,528,11663,1,3,2
8/19/2016,7/8/2003,SO52827,215,11663,1,4,1
8/19/2016,7/20/2003,SO52827,358,11663,1,1,1
8/19/2016,6/20/2003,SO52827,537,11663,1,2,1
8/19/2016,6/1/2003,SO52808,528,22143,6,1,2
8/19/2016,7/12/2003,SO52808,220,22143,6,2,1
8/19/2016,7/6/2003,SO52782,484,26543,9,3,3
8/19/2016,4/26/2003,SO52782,480,26543,9,2,2
8/19/2016,6/5/2003,SO52782,529,26543,9,1,2
8/19/2016,4/25/2003,SO52821,480,16593,10,2,2
8/19/2016,7/23/2003,SO52821,530,16593,10,1,2
8/19/2016,5/30/2003,SO52830,479,28327,9,2,3
8/19/2016,6/3/2003,SO52830,223,28327,9,3,2
8/19/2016,5/8/2003,SO52830,477,28327,9,4,2
8/19/2016,6/18/2003,SO52830,575,28327,9,1,1
8/19/2016,5/17/2003,SO52794,226,23801,1,2,1
8/19/2016,5/30/2003,SO52794,540,23801,1,1,1
8/19/2016,7/1/2003,SO52809,477,13485,4,3,2
8/19/2016,7/9/2003,SO52809,478,13485,4,2,2
8/19/2016,5/25/2003,SO52809,485,13485,4,1,2
8/19/2016,5/19/2003,SO52799,477,18111,4,1,2
8/19/2016,7/13/2003,SO52787,484,27222,4,2,3
8/19/2016,7/8/2003,SO52787,529,27222,4,1,2
8/20/2016,6/19/2003,SO52875,214,16812,4,2,1
8/20/2016,5/25/2003,SO52875,582,16812,4,1,1
8/20/2016,7/17/2003,SO52868,223,17850,7,4,2
8/20/2016,4/26/2003,SO52868,528,17850,7,2,2
8/20/2016,7/14/2003,SO52868,536,17850,7,1,2
8/20/2016,5/16/2003,SO52868,215,17850,7,3,1
8/20/2016,4/27/2003,SO52849,229,12244,9,1,1
8/20/2016,6/16/2003,SO52851,235,13667,7,2,1
8/20/2016,7/25/2003,SO52851,590,13667,7,1,1
8/20/2016,4/23/2003,SO52882,220,26873,8,2,1
8/20/2016,7/22/2003,SO52882,578,26873,8,1,1
8/20/2016,4/26/2003,SO52870,539,17994,8,1,2
8/20/2016,7/4/2003,SO52870,480,17994,8,2,1
8/20/2016,5/12/2003,SO52880,214,22646,10,2,1
8/20/2016,5/21/2003,SO52880,383,22646,10,1,1
8/20/2016,6/21/2003,SO52867,528,14845,7,1,3
8/20/2016,5/3/2003,SO52867,480,14845,7,2,1
8/20/2016,5/22/2003,SO52866,485,22097,6,2,2
8/20/2016,4/29/2003,SO52866,528,22097,6,1,2
8/20/2016,6/3/2003,SO52866,214,22097,6,3,1
8/20/2016,7/3/2003,SO52853,480,25835,4,2,2
8/20/2016,5/4/2003,SO52853,535,25835,4,1,2
8/20/2016,8/3/2003,SO52856,480,12895,6,3,2
8/20/2016,4/28/2003,SO52856,536,12895,6,2,2
8/20/2016,6/24/2003,SO52856,528,12895,6,1,1
8/20/2016,6/30/2003,SO52881,214,25615,10,2,1
8/20/2016,6/5/2003,SO52881,605,25615,10,1,1
8/20/2016,6/30/2003,SO52842,480,24612,9,4,2
8/20/2016,7/27/2003,SO52842,529,24612,9,3,2
8/20/2016,8/3/2003,SO52842,539,24612,9,2,2
8/20/2016,7/26/2003,SO52842,385,24612,9,1,1
8/20/2016,4/22/2003,SO52844,214,11998,9,2,1
8/20/2016,5/13/2003,SO52844,578,11998,9,1,1
8/20/2016,6/5/2003,SO52846,362,11382,7,1,1
8/20/2016,6/7/2003,SO52858,536,23406,1,1,2
8/20/2016,5/20/2003,SO52865,528,15742,4,1,2
8/20/2016,5/13/2003,SO52865,220,15742,4,2,1
8/20/2016,5/8/2003,SO52864,477,17016,4,1,2
8/20/2016,6/22/2003,SO52864,214,17016,4,2,1
8/20/2016,7/29/2003,SO52864,232,17016,4,3,1
8/20/2016,8/3/2003,SO52864,481,17016,4,4,1
8/20/2016,5/7/2003,SO52876,223,13856,4,3,2
8/20/2016,5/29/2003,SO52876,485,13856,4,2,1
8/20/2016,6/21/2003,SO52876,590,13856,4,1,1
8/20/2016,7/13/2003,SO52879,215,22327,1,2,1
8/20/2016,7/25/2003,SO52879,606,22327,1,1,1
8/20/2016,5/5/2003,SO52845,530,14058,9,3,2
8/20/2016,7/16/2003,SO52845,541,14058,9,2,2
8/20/2016,6/14/2003,SO52845,220,14058,9,4,1
8/20/2016,5/21/2003,SO52845,560,14058,9,1,1
8/20/2016,4/24/2003,SO52878,215,24521,1,2,1
8/20/2016,4/25/2003,SO52878,575,24521,1,1,1
8/20/2016,7/13/2003,SO52855,483,23861,1,2,1
8/20/2016,7/3/2003,SO52855,540,23861,1,1,1
8/20/2016,4/22/2003,SO52877,528,16675,9,3,3
8/20/2016,5/6/2003,SO52877,480,16675,9,4,2
8/20/2016,5/24/2003,SO52877,536,16675,9,2,2
8/20/2016,5/27/2003,SO52877,590,16675,9,1,1
8/20/2016,7/4/2003,SO52860,480,23130,4,2,2
8/20/2016,4/26/2003,SO52860,536,23130,4,1,2
8/20/2016,5/20/2003,SO52848,476,22064,9,1,1
8/20/2016,5/15/2003,SO52843,381,24614,9,1,1
8/20/2016,7/25/2003,SO52852,215,11931,4,1,1
8/20/2016,7/4/2003,SO52852,226,11931,4,2,1
8/20/2016,5/27/2003,SO52873,485,15826,6,3,3
8/20/2016,8/3/2003,SO52873,472,15826,6,2,1
8/20/2016,4/25/2003,SO52873,537,15826,6,1,1
8/20/2016,6/10/2003,SO52850,223,17082,8,2,1
8/20/2016,8/3/2003,SO52850,580,17082,8,1,1
8/20/2016,5/13/2003,SO52863,223,19010,4,2,2
8/20/2016,4/22/2003,SO52863,476,19010,4,1,1
8/20/2016,5/18/2003,SO52861,480,23046,1,3,2
8/20/2016,6/3/2003,SO52861,528,23046,1,1,2
8/20/2016,7/11/2003,SO52861,536,23046,1,2,2
8/20/2016,5/3/2003,SO52874,485,12906,1,1,3
8/20/2016,7/20/2003,SO52847,477,24469,9,1,2
8/20/2016,5/15/2003,SO52847,215,24469,9,2,1
8/20/2016,5/6/2003,SO52847,466,24469,9,3,1
8/20/2016,6/16/2003,SO52872,480,15922,10,2,2
8/20/2016,4/28/2003,SO52872,484,15922,10,3,2
8/20/2016,6/10/2003,SO52872,530,15922,10,1,2
8/20/2016,7/10/2003,SO52871,539,19392,10,1,2
8/20/2016,7/5/2003,SO52871,480,19392,10,2,1
8/20/2016,5/3/2003,SO52859,529,14633,6,1,2
8/20/2016,5/5/2003,SO52859,220,14633,6,3,1
8/20/2016,6/7/2003,SO52859,540,14633,6,2,1
8/20/2016,6/29/2003,SO52841,464,18296,9,5,2
8/20/2016,7/7/2003,SO52841,529,18296,9,3,2
8/20/2016,4/24/2003,SO52841,214,18296,9,4,1
8/20/2016,6/22/2003,SO52841,379,18296,9,1,1
8/20/2016,7/18/2003,SO52841,540,18296,9,2,1
8/20/2016,7/23/2003,SO52857,536,23140,1,1,2
8/20/2016,6/25/2003,SO52857,481,23140,1,2,1
8/20/2016,5/7/2003,SO52854,529,24297,4,1,3
8/20/2016,7/12/2003,SO52854,480,24297,4,3,2
8/20/2016,5/11/2003,SO52854,540,24297,4,2,1
8/20/2016,7/1/2003,SO52869,480,21525,10,3,3
8/20/2016,7/31/2003,SO52869,528,21525,10,1,2
8/20/2016,6/3/2003,SO52869,535,21525,10,2,2
8/21/2016,7/16/2003,SO52883,223,12046,4,1,1
8/21/2016,5/16/2003,SO52899,478,23252,4,1,2
8/21/2016,5/2/2003,SO52899,477,23252,4,2,1
8/21/2016,7/18/2003,SO52898,223,22345,4,3,2
8/21/2016,7/15/2003,SO52898,478,22345,4,1,2
8/21/2016,5/13/2003,SO52898,487,22345,4,2,1
8/21/2016,7/12/2003,SO52900,477,13318,6,2,2
8/21/2016,5/29/2003,SO52900,478,13318,6,1,2
8/21/2016,5/26/2003,SO52900,490,13318,6,3,1
8/21/2016,5/19/2003,SO52921,214,13862,4,2,1
8/21/2016,5/2/2003,SO52921,588,13862,4,1,1
8/21/2016,5/20/2003,SO52923,477,21619,4,3,2
8/21/2016,7/5/2003,SO52923,479,21619,4,2,2
8/21/2016,6/27/2003,SO52923,480,21619,4,4,2
8/21/2016,7/8/2003,SO52923,604,21619,4,1,1
8/21/2016,7/27/2003,SO52884,539,14518,9,2,3
8/21/2016,4/27/2003,SO52884,529,14518,9,1,2
8/21/2016,5/16/2003,SO52884,214,14518,9,3,1
8/21/2016,6/12/2003,SO52894,539,29249,1,1,1
8/21/2016,8/3/2003,SO52891,491,24103,8,2,1
8/21/2016,6/19/2003,SO52891,583,24103,8,1,1
8/21/2016,6/15/2003,SO52889,220,18267,9,1,1
8/21/2016,6/27/2003,SO52929,223,25640,8,3,2
8/21/2016,7/10/2003,SO52929,214,25640,8,2,1
8/21/2016,7/17/2003,SO52929,574,25640,8,1,1
8/21/2016,6/3/2003,SO52911,480,26838,7,3,3
8/21/2016,5/2/2003,SO52911,530,26838,7,1,2
8/21/2016,8/4/2003,SO52911,541,26838,7,2,2
8/21/2016,6/27/2003,SO52919,375,16232,1,1,1
8/21/2016,6/15/2003,SO52919,540,16232,1,2,1
8/21/2016,5/3/2003,SO52918,485,11865,4,2,2
8/21/2016,7/27/2003,SO52918,229,11865,4,3,1
8/21/2016,5/15/2003,SO52918,537,11865,4,1,1
8/21/2016,4/27/2003,SO52905,528,14703,8,1,2
8/21/2016,6/6/2003,SO52905,480,14703,8,3,1
8/21/2016,6/19/2003,SO52905,537,14703,8,2,1
8/21/2016,6/7/2003,SO52885,528,16611,9,2,2
8/21/2016,5/30/2003,SO52885,484,16611,9,3,1
8/21/2016,7/12/2003,SO52885,536,16611,9,1,1
8/21/2016,7/4/2003,SO52901,477,13206,6,2,2
8/21/2016,5/3/2003,SO52901,478,13206,6,1,2
8/21/2016,5/4/2003,SO52901,487,13206,6,3,1
8/21/2016,7/25/2003,SO52893,462,11507,6,2,2
8/21/2016,7/29/2003,SO52893,529,11507,6,1,2
8/21/2016,5/3/2003,SO52896,466,24429,1,5,2
8/21/2016,5/22/2003,SO52896,529,24429,1,2,2
8/21/2016,7/4/2003,SO52896,214,24429,1,3,1
8/21/2016,7/16/2003,SO52896,226,24429,1,4,1
8/21/2016,4/26/2003,SO52896,540,24429,1,1,1
8/21/2016,7/25/2003,SO52902,476,19643,1,1,1
8/21/2016,6/26/2003,SO52902,489,19643,1,2,1
8/21/2016,4/24/2003,SO52888,528,24894,9,1,1
8/21/2016,5/8/2003,SO52916,528,11950,4,1,2
8/21/2016,7/6/2003,SO52916,215,11950,4,3,1
8/21/2016,7/2/2003,SO52916,537,11950,4,2,1
8/21/2016,5/21/2003,SO52892,226,16942,7,2,1
8/21/2016,7/10/2003,SO52892,581,16942,7,1,1
8/21/2016,7/12/2003,SO52928,479,21048,7,3,2
8/21/2016,5/6/2003,SO52928,466,21048,7,4,1
8/21/2016,6/2/2003,SO52928,477,21048,7,2,1
8/21/2016,8/6/2003,SO52928,604,21048,7,1,1
8/21/2016,5/7/2003,SO52910,529,24855,8,2,3
8/21/2016,6/4/2003,SO52910,538,24855,8,1,2
8/21/2016,6/14/2003,SO52908,539,18017,8,1,2
8/21/2016,6/20/2003,SO52915,528,11884,1,2,2
8/21/2016,7/29/2003,SO52915,214,11884,1,3,1
8/21/2016,5/15/2003,SO52915,537,11884,1,1,1
8/21/2016,6/14/2003,SO52897,480,23109,1,3,2
8/21/2016,7/10/2003,SO52897,528,23109,1,2,2
8/21/2016,5/23/2003,SO52897,536,23109,1,1,2
8/21/2016,5/7/2003,SO52895,528,26493,1,2,3
8/21/2016,6/8/2003,SO52895,535,26493,1,1,2
8/21/2016,5/12/2003,SO52895,215,26493,1,3,1
8/21/2016,4/24/2003,SO52926,479,21024,7,2,3
8/21/2016,4/27/2003,SO52926,477,21024,7,3,2
8/21/2016,7/10/2003,SO52926,482,21024,7,4,2
8/21/2016,5/25/2003,SO52926,584,21024,7,1,1
8/21/2016,5/20/2003,SO52903,477,16802,1,1,2
8/21/2016,7/19/2003,SO52903,482,16802,1,2,2
8/21/2016,7/10/2003,SO52890,490,24206,8,2,1
8/21/2016,5/17/2003,SO52890,580,24206,8,1,1
8/21/2016,5/23/2003,SO52909,529,25788,8,1,3
8/21/2016,7/6/2003,SO52909,538,25788,8,2,2
8/21/2016,5/23/2003,SO52909,215,25788,8,3,1
8/21/2016,7/2/2003,SO52917,485,17657,6,1,2
8/21/2016,5/9/2003,SO52917,490,17657,6,2,1
8/21/2016,7/28/2003,SO52906,528,17806,8,2,3
8/21/2016,6/21/2003,SO52906,535,17806,8,1,2
8/21/2016,5/5/2003,SO52906,220,17806,8,3,1
8/21/2016,4/25/2003,SO52914,528,11882,1,1,2
8/21/2016,6/30/2003,SO52914,537,11882,1,2,1
8/21/2016,6/2/2003,SO52927,606,25646,10,1,1
8/21/2016,5/17/2003,SO52886,485,16927,9,1,2
8/21/2016,5/14/2003,SO52886,482,16927,9,2,1
8/21/2016,8/5/2003,SO52922,528,12071,4,2,2
8/21/2016,7/20/2003,SO52922,220,12071,4,4,1
8/21/2016,5/31/2003,SO52922,352,12071,4,1,1
8/21/2016,7/20/2003,SO52922,537,12071,4,3,1
8/21/2016,7/31/2003,SO52912,485,11023,4,3,2
8/21/2016,6/6/2003,SO52912,528,11023,4,2,2
8/21/2016,7/1/2003,SO52912,490,11023,4,4,1
8/21/2016,4/25/2003,SO52912,537,11023,4,1,1
8/21/2016,6/23/2003,SO52913,530,27807,7,1,2
8/21/2016,6/24/2003,SO52887,482,21565,9,3,3
8/21/2016,7/4/2003,SO52887,528,21565,9,2,3
8/21/2016,5/7/2003,SO52887,537,21565,9,1,1
8/21/2016,5/29/2003,SO52920,214,20210,1,2,1
8/21/2016,7/7/2003,SO52920,371,20210,1,1,1
8/21/2016,7/3/2003,SO52907,223,28498,7,1,2
8/21/2016,7/20/2003,SO52907,474,28498,7,2,1
8/21/2016,6/6/2003,SO52924,220,19533,4,2,1
8/21/2016,6/4/2003,SO52924,389,19533,4,1,1
8/21/2016,7/2/2003,SO52904,528,16013,1,1,2
8/21/2016,7/25/2003,SO52904,215,16013,1,2,1
8/21/2016,5/29/2003,SO52904,226,16013,1,3,1
8/22/2016,8/5/2003,SO52934,490,11714,4,1,1
8/22/2016,6/28/2003,SO52944,529,16936,7,2,2
8/22/2016,6/8/2003,SO52944,539,16936,7,1,2
8/22/2016,7/31/2003,SO52944,214,16936,7,3,1
8/22/2016,6/6/2003,SO52933,223,11059,9,3,2
8/22/2016,7/4/2003,SO52933,477,11059,9,2,2
8/22/2016,6/4/2003,SO52933,479,11059,9,1,2
8/22/2016,5/27/2003,SO52933,489,11059,9,4,1
8/22/2016,5/17/2003,SO52953,223,12593,10,1,2
8/22/2016,6/21/2003,SO52938,235,21234,4,2,1
8/22/2016,7/7/2003,SO52938,474,21234,4,1,1
8/22/2016,5/16/2003,SO52945,477,19056,7,2,2
8/22/2016,5/10/2003,SO52945,484,19056,7,3,2
8/22/2016,7/9/2003,SO52945,535,19056,7,1,2
8/22/2016,7/23/2003,SO52957,220,11162,4,2,1
8/22/2016,6/19/2003,SO52957,358,11162,4,1,1
8/22/2016,5/22/2003,SO52932,480,14312,9,2,2
8/22/2016,6/29/2003,SO52932,530,14312,9,1,2
8/22/2016,7/21/2003,SO52935,539,29228,4,1,2
8/22/2016,7/2/2003,SO52941,223,18449,6,2,2
8/22/2016,6/4/2003,SO52941,485,18449,6,1,2
8/22/2016,5/29/2003,SO52936,477,21500,1,2,2
8/22/2016,7/10/2003,SO52936,478,21500,1,1,2
8/22/2016,6/13/2003,SO52936,484,21500,1,3,1
8/22/2016,8/2/2003,SO52948,538,27176,8,1,1
8/22/2016,5/30/2003,SO52951,485,13235,1,1,2
8/22/2016,7/18/2003,SO52951,220,13235,1,2,1
8/22/2016,6/8/2003,SO52937,475,19703,4,1,1
8/22/2016,5/20/2003,SO52949,223,14799,10,3,2
8/22/2016,6/24/2003,SO52949,530,14799,10,2,2
8/22/2016,8/7/2003,SO52949,232,14799,10,4,1
8/22/2016,6/21/2003,SO52949,541,14799,10,1,1
8/22/2016,7/31/2003,SO52930,381,24608,9,1,1
8/22/2016,5/22/2003,SO52960,477,21649,4,3,2
8/22/2016,6/20/2003,SO52960,479,21649,4,2,2
8/22/2016,7/22/2003,SO52960,604,21649,4,1,1
8/22/2016,5/3/2003,SO52931,484,11866,4,1,2
8/22/2016,5/25/2003,SO52961,480,21646,4,3,2
8/22/2016,7/9/2003,SO52961,538,21646,4,2,2
8/22/2016,7/26/2003,SO52961,605,21646,4,1,1
8/22/2016,7/30/2003,SO52946,223,28542,7,2,2
8/22/2016,4/30/2003,SO52946,474,28542,7,1,1
8/22/2016,7/26/2003,SO52943,226,13568,7,2,1
8/22/2016,5/22/2003,SO52943,474,13568,7,1,1
8/22/2016,6/28/2003,SO52962,584,22287,4,1,1
8/22/2016,6/18/2003,SO52954,484,14081,4,2,2
8/22/2016,5/19/2003,SO52954,373,14081,4,1,1
8/22/2016,6/21/2003,SO52952,226,12639,7,1,1
8/22/2016,6/29/2003,SO52955,373,16235,4,1,1
8/22/2016,8/2/2003,SO52958,220,28770,1,2,1
8/22/2016,4/30/2003,SO52958,585,28770,1,1,1
8/22/2016,5/29/2003,SO52947,477,24064,10,1,2
8/22/2016,4/26/2003,SO52942,528,16039,8,1,2
8/22/2016,5/17/2003,SO52959,354,11459,9,1,1
8/22/2016,5/27/2003,SO52959,480,11459,9,2,1
8/22/2016,7/24/2003,SO52956,358,11317,1,1,1
8/22/2016,6/29/2003,SO52939,477,18530,1,1,2
8/22/2016,7/21/2003,SO52939,487,18530,1,2,1
8/22/2016,4/30/2003,SO52939,490,18530,1,3,1
8/22/2016,6/22/2003,SO52950,528,11832,1,1,2
8/22/2016,7/9/2003,SO52950,214,11832,1,3,1
8/22/2016,5/28/2003,SO52950,537,11832,1,2,1
8/23/2016,7/31/2003,SO52997,535,18963,1,2,1
8/23/2016,5/26/2003,SO52997,595,18963,1,1,1
8/23/2016,6/1/2003,SO52966,362,11351,10,1,1
8/23/2016,5/24/2003,SO53001,606,21022,7,1,1
8/23/2016,7/20/2003,SO52967,477,11353,10,2,2
8/23/2016,5/16/2003,SO52967,478,11353,10,3,2
8/23/2016,6/6/2003,SO52967,362,11353,10,1,1
8/23/2016,5/27/2003,SO52968,220,11212,6,1,1
8/23/2016,7/17/2003,SO53002,214,14939,8,2,1
8/23/2016,6/6/2003,SO53002,576,14939,8,1,1
8/23/2016,8/1/2003,SO52964,223,23412,9,4,2
8/23/2016,7/12/2003,SO52964,477,23412,9,3,2
8/23/2016,7/14/2003,SO52964,479,23412,9,2,2
8/23/2016,6/23/2003,SO52964,383,23412,9,1,1
8/23/2016,6/10/2003,SO52989,529,23937,8,1,2
8/23/2016,8/2/2003,SO52989,214,23937,8,2,1
8/23/2016,7/1/2003,SO52995,462,12938,1,3,2
8/23/2016,6/24/2003,SO52995,485,12938,1,1,2
8/23/2016,6/1/2003,SO52995,220,12938,1,2,1
8/23/2016,5/7/2003,SO52984,477,12183,6,2,2
8/23/2016,8/8/2003,SO52984,478,12183,6,1,2
8/23/2016,5/22/2003,SO52984,214,12183,6,3,1
8/23/2016,5/1/2003,SO52982,528,17385,6,2,2
8/23/2016,6/15/2003,SO52982,536,17385,6,1,2
8/23/2016,4/27/2003,SO52982,215,17385,6,3,1
8/23/2016,7/6/2003,SO52970,536,18286,9,2,3
8/23/2016,6/20/2003,SO52970,528,18286,9,1,2
8/23/2016,8/7/2003,SO52970,220,18286,9,3,1
8/23/2016,7/5/2003,SO52979,529,25435,1,2,3
8/23/2016,6/3/2003,SO52979,540,25435,1,1,1
8/23/2016,5/31/2003,SO52974,223,18197,9,1,2
8/23/2016,4/29/2003,SO52996,485,12793,4,1,2
8/23/2016,7/27/2003,SO52996,214,12793,4,2,1
8/23/2016,7/21/2003,SO52996,473,12793,4,3,1
8/23/2016,5/3/2003,SO52998,466,11528,4,5,3
8/23/2016,5/6/2003,SO52998,478,11528,4,3,3
8/23/2016,5/17/2003,SO52998,477,11528,4,4,2
8/23/2016,6/23/2003,SO52998,485,11528,4,2,2
8/23/2016,6/9/2003,SO52998,354,11528,4,1,1
8/23/2016,6/5/2003,SO52991,223,22492,8,2,2
8/23/2016,7/5/2003,SO52991,477,22492,8,1,2
8/23/2016,6/24/2003,SO52991,490,22492,8,3,1
8/23/2016,7/22/2003,SO52977,530,27293,4,2,3
8/23/2016,4/28/2003,SO52977,541,27293,4,1,2
8/23/2016,6/21/2003,SO52977,487,27293,4,3,1
8/23/2016,6/6/2003,SO52969,480,11965,9,2,3
8/23/2016,7/25/2003,SO52969,535,11965,9,1,2
8/23/2016,5/24/2003,SO52986,528,17705,10,1,2
8/23/2016,5/26/2003,SO52986,535,17705,10,2,2
8/23/2016,7/28/2003,SO52992,529,27806,10,1,2
8/23/2016,5/21/2003,SO53000,474,14102,9,2,1
8/23/2016,5/22/2003,SO53000,587,14102,9,1,1
8/23/2016,6/22/2003,SO52976,529,29268,1,1,2
8/23/2016,5/8/2003,SO52976,220,29268,1,2,1
8/23/2016,5/16/2003,SO52987,223,19920,7,4,2
8/23/2016,6/4/2003,SO52987,529,19920,7,2,2
8/23/2016,6/28/2003,SO52987,539,19920,7,1,2
8/23/2016,5/22/2003,SO52987,489,19920,7,3,1
8/23/2016,7/15/2003,SO52988,478,14782,8,2,2
8/23/2016,7/31/2003,SO52988,485,14782,8,1,2
8/23/2016,6/6/2003,SO52988,214,14782,8,3,1
8/23/2016,8/5/2003,SO52971,490,17243,9,1,1
8/23/2016,7/22/2003,SO52990,480,20588,10,2,1
8/23/2016,5/18/2003,SO52990,535,20588,10,1,1
8/23/2016,5/15/2003,SO52963,229,18273,9,3,1
8/23/2016,5/22/2003,SO52963,375,18273,9,1,1
8/23/2016,6/16/2003,SO52963,540,18273,9,2,1
8/23/2016,8/2/2003,SO52999,360,12113,6,1,1
8/23/2016,4/27/2003,SO52983,478,21787,4,1,2
8/23/2016,6/20/2003,SO52983,480,21787,4,3,2
8/23/2016,5/12/2003,SO52983,477,21787,4,2,1
8/23/2016,6/27/2003,SO52975,486,14307,9,1,1
8/23/2016,5/7/2003,SO52985,473,18094,4,2,1
8/23/2016,4/25/2003,SO52985,477,18094,4,1,1
8/23/2016,4/26/2003,SO52981,536,18871,6,1,2
8/23/2016,6/18/2003,SO52972,223,17302,9,2,2
8/23/2016,5/6/2003,SO52972,232,17302,9,1,1
8/23/2016,6/17/2003,SO52973,235,14678,9,1,1
8/23/2016,6/7/2003,SO53003,377,18303,9,1,1
8/23/2016,6/9/2003,SO53003,479,18303,9,2,1
8/23/2016,5/23/2003,SO52980,529,25102,4,2,2
8/23/2016,6/14/2003,SO52980,220,25102,4,3,1
8/23/2016,5/3/2003,SO52980,540,25102,4,1,1
8/23/2016,7/13/2003,SO52993,529,26865,10,1,2
8/23/2016,6/6/2003,SO52993,483,26865,10,2,1
8/23/2016,8/2/2003,SO52965,220,11492,8,2,1
8/23/2016,6/16/2003,SO52965,352,11492,8,1,1
8/23/2016,8/6/2003,SO52978,541,26691,4,1,3
8/23/2016,6/18/2003,SO52994,530,16193,10,1,2
8/24/2016,5/19/2003,SO53030,478,15498,6,2,3
8/24/2016,5/24/2003,SO53030,477,15498,6,1,2
8/24/2016,5/19/2003,SO53030,214,15498,6,3,1
8/24/2016,7/4/2003,SO53030,466,15498,6,4,1
8/24/2016,6/19/2003,SO53007,223,11530,6,1,3
8/24/2016,5/12/2003,SO53049,535,15561,1,2,3
8/24/2016,4/27/2003,SO53049,480,15561,1,3,2
8/24/2016,6/2/2003,SO53049,591,15561,1,1,1
8/24/2016,4/29/2003,SO53034,223,18346,4,1,2
8/24/2016,7/29/2003,SO53034,477,18346,4,2,1
8/24/2016,6/15/2003,SO53041,480,11566,7,3,2
8/24/2016,7/5/2003,SO53041,530,11566,7,2,2
8/24/2016,7/2/2003,SO53041,541,11566,7,1,2
8/24/2016,8/1/2003,SO53016,223,18259,9,1,2
8/24/2016,4/29/2003,SO53006,478,11395,8,2,2
8/24/2016,7/5/2003,SO53006,354,11395,8,1,1
8/24/2016,8/1/2003,SO53036,535,13698,8,2,3
8/24/2016,5/30/2003,SO53036,480,13698,8,3,1
8/24/2016,5/29/2003,SO53036,528,13698,8,1,1
8/24/2016,5/28/2003,SO53023,529,11277,6,2,2
8/24/2016,5/28/2003,SO53023,214,11277,6,3,1
8/24/2016,5/30/2003,SO53023,540,11277,6,1,1
8/24/2016,5/8/2003,SO53042,480,11277,6,3,2
8/24/2016,5/5/2003,SO53042,528,11277,6,2,2
8/24/2016,7/28/2003,SO53042,537,11277,6,1,1
8/24/2016,5/19/2003,SO53040,538,28410,10,1,2
8/24/2016,6/5/2003,SO53040,215,28410,10,3,1
8/24/2016,5/11/2003,SO53040,529,28410,10,2,1
8/24/2016,5/9/2003,SO53046,485,12979,1,1,2
8/24/2016,6/28/2003,SO53046,486,12979,1,2,1
8/24/2016,5/11/2003,SO53047,477,16887,4,2,2
8/24/2016,5/30/2003,SO53047,479,16887,4,3,2
8/24/2016,7/11/2003,SO53047,487,16887,4,4,1
8/24/2016,5/10/2003,SO53047,583,16887,4,1,1
8/24/2016,6/17/2003,SO53005,220,11493,10,2,1
8/24/2016,5/10/2003,SO53005,362,11493,10,1,1
8/24/2016,5/22/2003,SO53008,484,13962,9,4,2
8/24/2016,7/8/2003,SO53008,528,13962,9,2,2
8/24/2016,6/12/2003,SO53008,535,13962,9,1,2
8/24/2016,5/28/2003,SO53008,480,13962,9,3,1
8/24/2016,6/9/2003,SO53060,477,26743,9,2,2
8/24/2016,7/17/2003,SO53060,479,26743,9,3,2
8/24/2016,4/30/2003,SO53060,214,26743,9,4,1
8/24/2016,5/8/2003,SO53060,606,26743,9,1,1
8/24/2016,7/22/2003,SO53027,529,18758,6,2,2
8/24/2016,5/14/2003,SO53027,540,18758,6,1,1
8/24/2016,7/22/2003,SO53028,480,24317,4,2,3
8/24/2016,8/3/2003,SO53028,540,24317,4,1,1
8/24/2016,7/18/2003,SO53045,477,18758,6,3,3
8/24/2016,8/1/2003,SO53045,478,18758,6,2,3
8/24/2016,7/25/2003,SO53045,485,18758,6,1,2
8/24/2016,7/31/2003,SO53009,539,14857,9,1,2
8/24/2016,4/30/2003,SO53009,490,14857,9,2,1
8/24/2016,6/5/2003,SO53039,529,19177,8,1,3
8/24/2016,7/7/2003,SO53039,215,19177,8,2,1
8/24/2016,7/23/2003,SO53019,466,11738,6,2,2
8/24/2016,7/14/2003,SO53019,529,11738,6,3,2
8/24/2016,8/9/2003,SO53019,538,11738,6,1,2
8/24/2016,5/29/2003,SO53044,223,12602,10,1,2
8/24/2016,5/18/2003,SO53050,462,20199,4,3,3
8/24/2016,6/14/2003,SO53050,214,20199,4,2,1
8/24/2016,6/21/2003,SO53050,373,20199,4,1,1
8/24/2016,6/3/2003,SO53038,535,17640,8,1,1
8/24/2016,5/17/2003,SO53054,477,11837,4,2,2
8/24/2016,5/24/2003,SO53054,478,11837,4,3,2
8/24/2016,5/30/2003,SO53054,220,11837,4,4,1
8/24/2016,5/9/2003,SO53054,362,11837,4,1,1
8/24/2016,5/9/2003,SO53032,474,19778,4,1,1
8/24/2016,6/1/2003,SO53024,529,15526,6,1,3
8/24/2016,6/11/2003,SO53024,464,15526,6,4,2
8/24/2016,7/13/2003,SO53024,214,15526,6,3,1
8/24/2016,8/5/2003,SO53024,540,15526,6,2,1
8/24/2016,5/22/2003,SO53064,529,21601,4,3,3
8/24/2016,6/6/2003,SO53064,538,21601,4,2,2
8/24/2016,6/10/2003,SO53064,464,21601,4,4,1
8/24/2016,8/9/2003,SO53064,584,21601,4,1,1
8/24/2016,7/26/2003,SO53058,541,27777,8,2,3
8/24/2016,6/1/2003,SO53058,480,27777,8,4,2
8/24/2016,6/4/2003,SO53058,530,27777,8,3,2
8/24/2016,6/26/2003,SO53058,570,27777,8,1,1
8/24/2016,5/13/2003,SO53017,223,28967,4,1,2
8/24/2016,4/28/2003,SO53053,220,11816,4,2,1
8/24/2016,6/6/2003,SO53053,352,11816,4,1,1
8/24/2016,6/4/2003,SO53051,476,13870,1,2,1
8/24/2016,6/10/2003,SO53051,589,13870,1,1,1
8/24/2016,7/26/2003,SO53022,530,28003,1,1,3
8/24/2016,4/27/2003,SO53059,214,28309,9,2,1
8/24/2016,7/4/2003,SO53059,575,28309,9,1,1
8/24/2016,6/23/2003,SO53031,464,21159,1,4,2
8/24/2016,6/8/2003,SO53031,477,21159,1,1,2
8/24/2016,7/23/2003,SO53031,478,21159,1,2,2
8/24/2016,7/13/2003,SO53031,220,21159,1,3,1
8/24/2016,6/6/2003,SO53018,529,28998,4,2,2
8/24/2016,5/12/2003,SO53018,539,28998,4,1,2
8/24/2016,8/4/2003,SO53067,215,22639,10,2,1
8/24/2016,5/5/2003,SO53067,385,22639,10,1,1
8/24/2016,6/11/2003,SO53020,530,11203,6,1,2
8/24/2016,7/19/2003,SO53014,223,15126,9,2,2
8/24/2016,5/14/2003,SO53014,232,15126,9,1,1
8/24/2016,5/29/2003,SO53057,541,27774,8,2,3
8/24/2016,7/12/2003,SO53057,566,27774,8,1,1
8/24/2016,5/8/2003,SO53010,536,17254,9,1,2
8/24/2016,5/22/2003,SO53010,472,17254,9,2,1
8/24/2016,7/6/2003,SO53011,528,17070,9,2,3
8/24/2016,6/2/2003,SO53011,536,17070,9,1,3
8/24/2016,5/12/2003,SO53011,214,17070,9,3,1
8/24/2016,5/6/2003,SO53012,485,18707,9,1,2
8/24/2016,7/4/2003,SO53012,220,18707,9,2,1
8/24/2016,6/23/2003,SO53012,471,18707,9,3,1
8/24/2016,7/31/2003,SO53015,480,19090,9,1,2
8/24/2016,6/11/2003,SO53026,535,11176,6,1,2
8/24/2016,8/9/2003,SO53062,477,12011,9,2,2
8/24/2016,5/16/2003,SO53062,478,12011,9,3,2
8/24/2016,6/23/2003,SO53062,473,12011,9,4,1
8/24/2016,6/28/2003,SO53062,599,12011,9,1,1
8/24/2016,5/1/2003,SO53021,480,29000,1,2,2
8/24/2016,7/30/2003,SO53021,530,29000,1,1,2
8/24/2016,6/12/2003,SO53056,528,11297,4,3,2
8/24/2016,8/9/2003,SO53056,220,11297,4,4,1
8/24/2016,5/30/2003,SO53056,362,11297,4,1,1
8/24/2016,6/4/2003,SO53056,537,11297,4,2,1
8/24/2016,6/11/2003,SO53063,214,22112,6,2,1
8/24/2016,5/19/2003,SO53063,235,22112,6,3,1
8/24/2016,7/3/2003,SO53063,563,22112,6,1,1
8/24/2016,5/9/2003,SO53055,528,11326,4,2,2
8/24/2016,6/17/2003,SO53055,214,11326,4,4,1
8/24/2016,6/1/2003,SO53055,362,11326,4,1,1
8/24/2016,6/26/2003,SO53055,537,11326,4,3,1
8/24/2016,5/9/2003,SO53029,477,21720,4,2,2
8/24/2016,6/6/2003,SO53029,478,21720,4,1,2
8/24/2016,6/6/2003,SO53037,480,18632,10,3,3
8/24/2016,8/3/2003,SO53037,528,18632,10,1,3
8/24/2016,4/28/2003,SO53037,535,18632,10,2,1
8/24/2016,7/5/2003,SO53025,529,24776,4,1,2
8/24/2016,6/29/2003,SO53025,487,24776,4,3,1
8/24/2016,7/13/2003,SO53025,540,24776,4,2,1
8/24/2016,5/21/2003,SO53033,462,11827,6,3,3
8/24/2016,7/3/2003,SO53033,475,11827,6,1,1
8/24/2016,5/27/2003,SO53033,490,11827,6,2,1
8/24/2016,7/30/2003,SO53035,480,14921,4,2,2
8/24/2016,7/26/2003,SO53035,528,14921,4,1,2
8/24/2016,4/26/2003,SO53043,485,17036,6,1,2
8/24/2016,6/11/2003,SO53043,220,17036,6,2,1
8/24/2016,6/28/2003,SO53065,220,18549,6,4,1
8/24/2016,7/9/2003,SO53065,381,18549,6,1,1
8/24/2016,4/27/2003,SO53065,477,18549,6,2,1
8/24/2016,8/7/2003,SO53065,479,18549,6,3,1
8/24/2016,8/4/2003,SO53061,215,26748,9,2,1
8/24/2016,7/20/2003,SO53061,605,26748,9,1,1
8/24/2016,6/29/2003,SO53004,220,16482,9,2,1
8/24/2016,7/22/2003,SO53004,232,16482,9,3,1
8/24/2016,6/12/2003,SO53004,389,16482,9,1,1
8/24/2016,7/28/2003,SO53052,485,11741,4,2,3
8/24/2016,7/9/2003,SO53052,356,11741,4,1,1
8/24/2016,7/23/2003,SO53052,486,11741,4,3,1
8/24/2016,6/30/2003,SO53066,479,19408,4,2,2
8/24/2016,7/13/2003,SO53066,381,19408,4,1,1
8/24/2016,5/2/2003,SO53048,477,12032,6,3,2
8/24/2016,8/6/2003,SO53048,478,12032,6,2,2
8/24/2016,6/20/2003,SO53048,215,12032,6,4,1
8/24/2016,8/4/2003,SO53048,591,12032,6,1,1
8/24/2016,5/9/2003,SO53013,477,24899,9,4,2
8/24/2016,5/25/2003,SO53013,478,24899,9,3,2
8/24/2016,4/30/2003,SO53013,485,24899,9,2,2
8/24/2016,5/30/2003,SO53013,528,24899,9,1,2
8/24/2016,6/29/2003,SO53013,471,24899,9,5,1
8/25/2016,5/18/2003,SO53118,485,17387,6,1,2
8/25/2016,5/31/2003,SO53118,214,17387,6,2,1
8/25/2016,8/6/2003,SO53086,539,28793,1,1,2
8/25/2016,6/23/2003,SO53082,477,19440,10,2,2
8/25/2016,5/11/2003,SO53082,220,19440,10,4,1
8/25/2016,6/13/2003,SO53082,377,19440,10,1,1
8/25/2016,5/10/2003,SO53082,479,19440,10,3,1
8/25/2016,7/7/2003,SO53081,477,23764,8,3,3
8/25/2016,5/26/2003,SO53081,479,23764,8,2,2
8/25/2016,6/21/2003,SO53081,373,23764,8,1,1
8/25/2016,4/28/2003,SO53077,529,25129,9,1,2
8/25/2016,8/4/2003,SO53077,538,25129,9,2,2
8/25/2016,5/11/2003,SO53077,215,25129,9,3,1
8/25/2016,5/2/2003,SO53120,528,11664,4,3,2
8/25/2016,6/21/2003,SO53120,215,11664,4,4,1
8/25/2016,5/6/2003,SO53120,360,11664,4,1,1
8/25/2016,5/14/2003,SO53120,537,11664,4,2,1
8/25/2016,7/20/2003,SO53103,480,15301,4,2,2
8/25/2016,5/2/2003,SO53103,484,15301,4,3,2
8/25/2016,6/16/2003,SO53103,528,15301,4,1,2
8/25/2016,7/17/2003,SO53094,536,12055,6,1,3
8/25/2016,7/18/2003,SO53112,480,20941,7,2,3
8/25/2016,5/15/2003,SO53112,529,20941,7,1,2
8/25/2016,6/12/2003,SO53112,483,20941,7,3,1
8/25/2016,6/3/2003,SO53092,223,11185,6,5,2
8/25/2016,5/19/2003,SO53092,528,11185,6,2,2
8/25/2016,5/23/2003,SO53092,535,11185,6,1,2
8/25/2016,7/31/2003,SO53092,214,11185,6,3,1
8/25/2016,7/16/2003,SO53092,235,11185,6,4,1
8/25/2016,8/8/2003,SO53113,530,14840,10,1,2
8/25/2016,6/16/2003,SO53113,541,14840,10,2,2
8/25/2016,7/7/2003,SO53080,484,11122,9,1,2
8/25/2016,5/4/2003,SO53132,541,14428,8,2,2
8/25/2016,5/29/2003,SO53132,575,14428,8,1,1
8/25/2016,8/9/2003,SO53119,360,11983,4,1,1
8/25/2016,6/9/2003,SO53075,528,21367,9,1,3
8/25/2016,5/4/2003,SO53075,480,21367,9,2,2
8/25/2016,5/21/2003,SO53083,529,22448,7,3,3
8/25/2016,6/13/2003,SO53083,379,22448,7,1,1
8/25/2016,6/28/2003,SO53083,540,22448,7,2,1
8/25/2016,5/2/2003,SO53076,530,14209,9,1,2
8/25/2016,5/10/2003,SO53078,480,11902,9,2,2
8/25/2016,5/19/2003,SO53078,529,11902,9,1,2
8/25/2016,5/21/2003,SO53101,528,28248,6,1,2
8/25/2016,5/3/2003,SO53110,529,26037,10,1,2
8/25/2016,8/1/2003,SO53110,220,26037,10,2,1
8/25/2016,5/28/2003,SO53095,528,23711,1,1,2
8/25/2016,6/29/2003,SO53095,536,23711,1,2,2
8/25/2016,8/1/2003,SO53091,480,25378,1,3,2
8/25/2016,6/19/2003,SO53091,529,25378,1,1,2
8/25/2016,7/15/2003,SO53091,540,25378,1,2,1
8/25/2016,7/30/2003,SO53090,529,28032,4,2,2
8/25/2016,7/8/2003,SO53090,232,28032,4,3,1
8/25/2016,7/26/2003,SO53090,538,28032,4,1,1
8/25/2016,6/18/2003,SO53116,528,11883,1,2,2
8/25/2016,6/20/2003,SO53116,480,11883,1,3,1
8/25/2016,7/31/2003,SO53116,537,11883,1,1,1
8/25/2016,6/25/2003,SO53072,480,17063,9,3,2
8/25/2016,7/28/2003,SO53072,536,17063,9,1,2
8/25/2016,5/28/2003,SO53072,528,17063,9,2,1
8/25/2016,5/7/2003,SO53098,476,28817,6,1,1
8/25/2016,6/2/2003,SO53099,475,16846,6,1,1
8/25/2016,5/6/2003,SO53099,491,16846,6,2,1
8/25/2016,5/2/2003,SO53108,477,23770,10,1,2
8/25/2016,7/16/2003,SO53089,462,11200,6,2,2
8/25/2016,5/8/2003,SO53089,530,11200,6,1,1
