OrderDate,StockDate,OrderNumber,ProductKey,CustomerKey,TerritoryKey,OrderLineItem,OrderQuantity
1/1/2017,12/13/2003,SO61285,529,23791,1,2,2
1/1/2017,9/24/2003,SO61285,214,23791,1,3,1
1/1/2017,9/4/2003,SO61285,540,23791,1,1,1
1/1/2017,9/28/2003,SO61301,529,16747,1,2,2
1/1/2017,10/21/2003,SO61301,377,16747,1,1,1
1/1/2017,10/23/2003,SO61301,540,16747,1,3,1
1/1/2017,9/4/2003,SO61269,215,11792,4,1,1
1/1/2017,10/21/2003,SO61269,229,11792,4,2,1
1/1/2017,10/24/2003,SO61286,528,11530,6,2,2
1/1/2017,9/27/2003,SO61286,536,11530,6,1,2
1/1/2017,10/23/2003,SO61298,530,18155,10,1,2
1/1/2017,12/2/2003,SO61298,214,18155,10,3,1
1/1/2017,12/15/2003,SO61298,223,18155,10,2,1
1/1/2017,10/1/2003,SO61310,538,13541,8,2,2
1/1/2017,11/8/2003,SO61310,584,13541,8,1,1
1/1/2017,12/6/2003,SO61270,485,18259,9,1,2
1/1/2017,10/31/2003,SO61289,528,23694,1,1,2
1/1/2017,11/16/2003,SO61289,536,23694,1,2,2
1/1/2017,11/20/2003,SO61289,215,23694,1,3,1
1/1/2017,10/12/2003,SO61278,477,22308,10,3,2
1/1/2017,9/28/2003,SO61278,479,22308,10,2,1
1/1/2017,12/10/2003,SO61278,488,22308,10,4,1
1/1/2017,9/25/2003,SO61278,580,22308,10,1,1
1/1/2017,10/1/2003,SO61305,583,20236,9,1,1
1/1/2017,9/13/2003,SO61283,529,26273,1,2,2
1/1/2017,9/27/2003,SO61283,538,26273,1,1,2
1/1/2017,9/3/2003,SO61283,220,26273,1,3,1
1/1/2017,11/23/2003,SO61288,528,19709,6,1,2
1/1/2017,10/30/2003,SO61288,536,19709,6,2,2
1/1/2017,11/21/2003,SO61288,220,19709,6,3,1
1/1/2017,11/5/2003,SO61272,480,21239,9,2,2
1/1/2017,9/8/2003,SO61272,528,21239,9,1,2
1/1/2017,11/16/2003,SO61276,223,17252,9,2,3
1/1/2017,10/31/2003,SO61276,488,17252,9,1,1
1/1/2017,10/21/2003,SO61294,477,17396,4,1,2
1/1/2017,10/21/2003,SO61294,484,17396,4,2,2
1/1/2017,9/8/2003,SO61274,223,27148,9,1,3
1/1/2017,10/8/2003,SO61274,475,27148,9,2,1
1/1/2017,11/3/2003,SO61307,215,20260,9,2,1
1/1/2017,10/6/2003,SO61307,582,20260,9,1,1
1/1/2017,11/6/2003,SO61279,485,12859,10,2,2
1/1/2017,12/14/2003,SO61279,362,12859,10,1,1
1/1/2017,11/13/2003,SO61271,538,20454,9,1,2
1/1/2017,9/23/2003,SO61271,480,20454,9,2,1
1/1/2017,9/15/2003,SO61295,480,14751,1,2,2
1/1/2017,12/3/2003,SO61295,528,14751,1,1,2
1/1/2017,12/7/2003,SO61284,480,27477,4,2,2
1/1/2017,11/1/2003,SO61284,538,27477,4,1,2
1/1/2017,11/2/2003,SO61290,478,23011,4,1,2
1/1/2017,11/26/2003,SO61290,477,23011,4,2,1
1/1/2017,9/28/2003,SO61280,214,11891,4,1,1
1/1/2017,11/26/2003,SO61309,354,13625,9,1,1
1/1/2017,11/1/2003,SO61309,483,13625,9,2,1
1/1/2017,9/27/2003,SO61302,477,14486,4,2,2
1/1/2017,11/29/2003,SO61302,478,14486,4,3,2
1/1/2017,11/28/2003,SO61302,362,14486,4,1,1
1/1/2017,11/9/2003,SO61277,223,15050,8,3,2
1/1/2017,10/19/2003,SO61277,490,15050,8,2,1
1/1/2017,11/3/2003,SO61277,594,15050,8,1,1
1/1/2017,12/5/2003,SO61299,528,12411,4,2,2
1/1/2017,9/12/2003,SO61299,537,12411,4,1,1
1/1/2017,12/6/2003,SO61297,541,12627,10,1,3
1/1/2017,11/30/2003,SO61297,477,12627,10,4,2
1/1/2017,9/6/2003,SO61297,479,12627,10,3,2
1/1/2017,12/14/2003,SO61297,530,12627,10,2,2
1/1/2017,11/30/2003,SO61297,489,12627,10,5,1
1/1/2017,9/28/2003,SO61306,477,23431,9,3,2
1/1/2017,9/23/2003,SO61306,479,23431,9,2,2
1/1/2017,9/12/2003,SO61306,580,23431,9,1,1
1/1/2017,9/19/2003,SO61275,220,13996,9,1,1
1/1/2017,11/14/2003,SO61282,480,11306,4,1,1
1/1/2017,10/13/2003,SO61308,477,20246,9,2,2
1/1/2017,10/7/2003,SO61308,479,20246,9,3,2
1/1/2017,10/25/2003,SO61308,371,20246,9,1,1
1/1/2017,9/20/2003,SO61300,477,13164,4,3,2
1/1/2017,10/10/2003,SO61300,478,13164,4,2,2
1/1/2017,11/24/2003,SO61300,485,13164,4,1,2
1/1/2017,10/10/2003,SO61300,471,13164,4,4,1
1/1/2017,11/4/2003,SO61293,477,18083,1,1,2
1/1/2017,9/19/2003,SO61293,220,18083,1,2,1
1/1/2017,10/8/2003,SO61293,232,18083,1,3,1
1/1/2017,12/15/2003,SO61311,479,22466,7,2,2
1/1/2017,9/3/2003,SO61311,606,22466,7,1,1
1/1/2017,9/24/2003,SO61292,477,22012,4,2,2
1/1/2017,10/17/2003,SO61292,478,22012,4,1,2
1/1/2017,11/4/2003,SO61287,477,15760,6,2,2
1/1/2017,10/15/2003,SO61287,478,15760,6,1,2
1/1/2017,10/27/2003,SO61287,489,15760,6,3,1
1/1/2017,12/1/2003,SO61296,485,14996,8,1,2
1/1/2017,9/13/2003,SO61312,566,29082,9,1,1
1/1/2017,9/28/2003,SO61273,477,23430,9,1,2
1/1/2017,11/24/2003,SO61304,477,12473,10,2,2
1/1/2017,11/28/2003,SO61304,479,12473,10,3,2
1/1/2017,10/3/2003,SO61304,214,12473,10,4,1
1/1/2017,11/16/2003,SO61304,560,12473,10,1,1
1/1/2017,11/24/2003,SO61281,539,28808,1,1,3
1/1/2017,11/5/2003,SO61303,220,13602,10,2,1
1/1/2017,12/17/2003,SO61303,563,13602,10,1,1
1/2/2017,11/10/2003,SO61367,477,11099,9,2,2
1/2/2017,9/8/2003,SO61367,479,11099,9,3,1
1/2/2017,11/8/2003,SO61367,489,11099,9,4,1
1/2/2017,9/16/2003,SO61367,575,11099,9,1,1
1/2/2017,11/8/2003,SO61315,223,15146,9,5,2
1/2/2017,10/9/2003,SO61315,529,15146,9,2,2
1/2/2017,12/7/2003,SO61315,220,15146,9,3,1
1/2/2017,9/5/2003,SO61315,490,15146,9,4,1
1/2/2017,9/19/2003,SO61315,539,15146,9,1,1
1/2/2017,10/9/2003,SO61349,541,12563,10,1,3
1/2/2017,10/11/2003,SO61349,215,12563,10,3,1
1/2/2017,10/3/2003,SO61349,530,12563,10,2,1
1/2/2017,11/9/2003,SO61355,226,12563,10,1,1
1/2/2017,12/9/2003,SO61370,214,11464,9,2,1
1/2/2017,11/13/2003,SO61370,561,11464,9,1,1
1/2/2017,11/10/2003,SO61332,528,25967,4,2,2
1/2/2017,9/8/2003,SO61332,535,25967,4,1,2
1/2/2017,11/23/2003,SO61351,485,11201,4,2,2
1/2/2017,9/15/2003,SO61351,214,11201,4,3,1
1/2/2017,9/15/2003,SO61351,537,11201,4,1,1
1/2/2017,10/11/2003,SO61365,214,20683,4,2,1
1/2/2017,11/10/2003,SO61365,582,20683,4,1,1
1/2/2017,11/25/2003,SO61320,477,28943,9,2,2
1/2/2017,11/1/2003,SO61320,478,28943,9,1,2
1/2/2017,10/29/2003,SO61320,214,28943,9,3,1
1/2/2017,9/13/2003,SO61362,480,13648,9,2,2
1/2/2017,9/28/2003,SO61362,358,13648,9,1,1
1/2/2017,9/27/2003,SO61342,528,12497,8,1,3
1/2/2017,9/8/2003,SO61342,480,12497,8,3,2
1/2/2017,10/19/2003,SO61342,537,12497,8,2,1
1/2/2017,11/24/2003,SO61358,485,14456,1,2,2
1/2/2017,11/23/2003,SO61358,354,14456,1,1,1
1/2/2017,9/14/2003,SO61358,472,14456,1,3,1
1/2/2017,10/22/2003,SO61369,565,29084,9,1,1
1/2/2017,10/21/2003,SO61319,529,20262,9,1,3
1/2/2017,9/7/2003,SO61319,480,20262,9,3,2
1/2/2017,12/9/2003,SO61319,538,20262,9,2,2
1/2/2017,9/10/2003,SO61364,223,24684,4,2,2
1/2/2017,12/5/2003,SO61364,562,24684,4,1,1
1/2/2017,9/26/2003,SO61359,354,14420,1,1,1
1/2/2017,10/7/2003,SO61343,464,22672,10,1,2
1/2/2017,12/9/2003,SO61343,477,22672,10,2,1
1/2/2017,11/15/2003,SO61333,536,11091,6,2,2
1/2/2017,10/12/2003,SO61333,528,11091,6,1,1
1/2/2017,9/12/2003,SO61316,536,21187,9,1,3
1/2/2017,12/7/2003,SO61316,480,21187,9,2,1
1/2/2017,10/19/2003,SO61313,223,11427,8,2,3
1/2/2017,12/5/2003,SO61313,220,11427,8,3,1
1/2/2017,10/28/2003,SO61313,583,11427,8,1,1
1/2/2017,10/9/2003,SO61328,490,11684,1,1,1
1/2/2017,10/6/2003,SO61330,529,24394,4,2,2
1/2/2017,11/19/2003,SO61330,540,24394,4,1,1
1/2/2017,11/17/2003,SO61339,485,14409,4,1,2
1/2/2017,10/7/2003,SO61339,472,14409,4,2,1
1/2/2017,10/2/2003,SO61352,537,12135,4,1,1
1/2/2017,10/16/2003,SO61366,477,14185,7,2,2
1/2/2017,12/9/2003,SO61366,479,14185,7,3,2
1/2/2017,9/5/2003,SO61366,487,14185,7,4,1
1/2/2017,11/24/2003,SO61366,564,14185,7,1,1
1/2/2017,10/19/2003,SO61340,478,13737,4,2,3
1/2/2017,12/17/2003,SO61340,485,13737,4,1,3
1/2/2017,9/4/2003,SO61340,477,13737,4,3,2
1/2/2017,10/2/2003,SO61340,480,13737,4,4,2
1/2/2017,10/9/2003,SO61324,220,25445,8,2,1
1/2/2017,11/29/2003,SO61324,580,25445,8,1,1
1/2/2017,9/7/2003,SO61345,528,20135,8,2,3
1/2/2017,11/13/2003,SO61345,214,20135,8,3,1
1/2/2017,12/6/2003,SO61345,536,20135,8,1,1
1/2/2017,12/1/2003,SO61325,466,21683,10,3,3
1/2/2017,11/15/2003,SO61325,488,21683,10,2,1
1/2/2017,12/5/2003,SO61325,583,21683,10,1,1
1/2/2017,11/23/2003,SO61335,476,19864,1,1,1
1/2/2017,11/13/2003,SO61347,462,21816,8,2,2
1/2/2017,11/5/2003,SO61347,477,21816,8,1,1
1/2/2017,11/28/2003,SO61347,490,21816,8,3,1
1/2/2017,11/6/2003,SO61323,220,17848,8,2,1
1/2/2017,11/8/2003,SO61323,580,17848,8,1,1
1/2/2017,10/1/2003,SO61331,480,11262,6,3,2
1/2/2017,9/23/2003,SO61331,529,11262,6,2,2
1/2/2017,11/16/2003,SO61331,540,11262,6,1,1
1/2/2017,9/16/2003,SO61334,480,22239,4,2,2
1/2/2017,12/18/2003,SO61334,536,22239,4,1,2
1/2/2017,10/28/2003,SO61329,541,27065,4,1,3
1/2/2017,11/1/2003,SO61329,530,27065,4,2,2
1/2/2017,9/6/2003,SO61329,214,27065,4,3,1
1/2/2017,12/11/2003,SO61348,530,23919,7,2,3
1/2/2017,11/6/2003,SO61348,462,23919,7,3,2
1/2/2017,10/10/2003,SO61348,541,23919,7,1,2
1/2/2017,10/21/2003,SO61363,477,29201,4,2,2
1/2/2017,9/6/2003,SO61363,479,29201,4,3,2
1/2/2017,9/30/2003,SO61363,570,29201,4,1,1
1/2/2017,10/2/2003,SO61344,528,17816,7,1,2
1/2/2017,9/5/2003,SO61344,536,17816,7,2,2
1/2/2017,9/11/2003,SO61344,480,17816,7,3,1
1/2/2017,10/24/2003,SO61368,220,11904,9,2,1
1/2/2017,12/12/2003,SO61368,576,11904,9,1,1
1/2/2017,9/15/2003,SO61371,606,27515,9,1,1
1/2/2017,9/23/2003,SO61357,536,14581,1,2,3
1/2/2017,9/4/2003,SO61357,462,14581,1,5,2
1/2/2017,10/28/2003,SO61357,528,14581,1,3,2
1/2/2017,11/21/2003,SO61357,215,14581,1,4,1
1/2/2017,11/17/2003,SO61357,587,14581,1,1,1
1/2/2017,11/14/2003,SO61326,484,16422,8,2,3
1/2/2017,11/27/2003,SO61326,377,16422,8,1,1
1/2/2017,9/8/2003,SO61356,590,14580,4,1,1
1/2/2017,11/27/2003,SO61354,223,12611,10,1,2
1/2/2017,9/16/2003,SO61353,485,16717,6,1,2
1/2/2017,9/9/2003,SO61353,214,16717,6,2,1
1/2/2017,9/11/2003,SO61353,471,16717,6,3,1
1/2/2017,9/13/2003,SO61338,528,16720,4,1,2
1/2/2017,11/25/2003,SO61338,215,16720,4,2,1
1/2/2017,9/14/2003,SO61336,482,19876,4,2,2
1/2/2017,9/5/2003,SO61336,474,19876,4,1,1
1/2/2017,9/17/2003,SO61341,485,16300,10,1,2
1/2/2017,9/25/2003,SO61341,229,16300,10,2,1
1/2/2017,9/26/2003,SO61321,466,14319,9,2,3
1/2/2017,11/6/2003,SO61321,235,14319,9,1,1
1/2/2017,11/30/2003,SO61350,214,11280,1,3,1
1/2/2017,12/14/2003,SO61350,528,11280,1,2,1
1/2/2017,10/20/2003,SO61350,537,11280,1,1,1
1/2/2017,9/12/2003,SO61314,483,11211,6,1,1
1/2/2017,9/22/2003,SO61346,477,16293,10,1,2
1/2/2017,12/15/2003,SO61360,528,12041,1,2,2
1/2/2017,9/25/2003,SO61360,220,12041,1,4,1
1/2/2017,12/17/2003,SO61360,235,12041,1,5,1
1/2/2017,9/10/2003,SO61360,358,12041,1,1,1
1/2/2017,10/19/2003,SO61360,537,12041,1,3,1
1/2/2017,10/4/2003,SO61317,485,17355,9,1,2
1/2/2017,10/10/2003,SO61322,480,12371,9,1,3
1/2/2017,11/8/2003,SO61322,483,12371,9,2,1
1/2/2017,10/20/2003,SO61318,485,18492,9,1,2
1/2/2017,9/20/2003,SO61318,215,18492,9,2,1
1/2/2017,10/16/2003,SO61327,223,15684,8,2,2
1/2/2017,9/5/2003,SO61327,214,15684,8,3,1
1/2/2017,11/16/2003,SO61327,358,15684,8,1,1
1/3/2017,11/12/2003,SO61400,528,14375,1,1,2
1/3/2017,10/12/2003,SO61400,215,14375,1,2,1
1/3/2017,11/18/2003,SO61386,480,27609,4,3,2
1/3/2017,12/8/2003,SO61386,530,27609,4,2,2
1/3/2017,9/20/2003,SO61386,541,27609,4,1,2
1/3/2017,12/14/2003,SO61377,223,18199,9,1,2
1/3/2017,10/28/2003,SO61373,478,11122,9,1,2
1/3/2017,10/19/2003,SO61398,528,23368,6,1,1
1/3/2017,11/8/2003,SO61420,223,13122,9,4,2
1/3/2017,9/21/2003,SO61420,485,13122,9,2,2
1/3/2017,10/4/2003,SO61420,362,13122,9,1,1
1/3/2017,9/18/2003,SO61420,487,13122,9,3,1
1/3/2017,12/5/2003,SO61419,387,24484,9,1,1
1/3/2017,10/25/2003,SO61425,214,13050,9,2,1
1/3/2017,10/31/2003,SO61425,579,13050,9,1,1
1/3/2017,9/28/2003,SO61376,484,13613,9,1,2
1/3/2017,9/27/2003,SO61413,477,11937,1,3,2
1/3/2017,10/4/2003,SO61413,478,11937,1,2,2
1/3/2017,12/9/2003,SO61413,362,11937,1,1,1
1/3/2017,12/3/2003,SO61416,477,17184,8,3,3
1/3/2017,11/28/2003,SO61416,479,17184,8,2,2
1/3/2017,10/11/2003,SO61416,214,17184,8,4,1
1/3/2017,12/13/2003,SO61416,573,17184,8,1,1
1/3/2017,11/2/2003,SO61415,485,12782,6,2,2
1/3/2017,9/12/2003,SO61415,223,12782,6,4,1
1/3/2017,10/15/2003,SO61415,232,12782,6,3,1
1/3/2017,10/5/2003,SO61415,356,12782,6,1,1
1/3/2017,11/1/2003,SO61394,464,16948,6,4,3
1/3/2017,11/9/2003,SO61394,478,16948,6,1,2
1/3/2017,10/18/2003,SO61394,215,16948,6,2,1
1/3/2017,10/5/2003,SO61394,229,16948,6,3,1
1/3/2017,9/30/2003,SO61410,484,14648,4,3,2
1/3/2017,9/11/2003,SO61410,485,14648,4,2,2
1/3/2017,9/26/2003,SO61410,362,14648,4,1,1
1/3/2017,12/10/2003,SO61379,529,16436,7,2,3
1/3/2017,12/2/2003,SO61379,220,16436,7,4,1
1/3/2017,11/6/2003,SO61379,377,16436,7,1,1
1/3/2017,9/29/2003,SO61379,540,16436,7,3,1
1/3/2017,11/14/2003,SO61372,484,12139,1,1,2
1/3/2017,11/6/2003,SO61404,485,16314,10,1,3
1/3/2017,10/13/2003,SO61404,232,16314,10,2,1
1/3/2017,10/21/2003,SO61388,535,14265,6,1,3
1/3/2017,10/26/2003,SO61388,480,14265,6,2,1
1/3/2017,11/10/2003,SO61407,529,20974,7,1,3
1/3/2017,12/6/2003,SO61407,480,20974,7,2,2
1/3/2017,10/10/2003,SO61407,483,20974,7,3,1
1/3/2017,11/15/2003,SO61380,480,15927,8,3,2
1/3/2017,12/6/2003,SO61380,362,15927,8,1,1
1/3/2017,10/26/2003,SO61380,537,15927,8,2,1
1/3/2017,9/21/2003,SO61418,529,24585,9,2,2
1/3/2017,11/20/2003,SO61418,539,24585,9,3,2
1/3/2017,12/14/2003,SO61418,215,24585,9,4,1
1/3/2017,11/22/2003,SO61418,385,24585,9,1,1
1/3/2017,11/5/2003,SO61389,540,25194,1,1,1
1/3/2017,9/18/2003,SO61409,528,15155,4,3,3
1/3/2017,10/11/2003,SO61409,481,15155,4,5,2
1/3/2017,9/6/2003,SO61409,485,15155,4,4,2
1/3/2017,10/19/2003,SO61409,360,15155,4,1,1
1/3/2017,10/18/2003,SO61409,537,15155,4,2,1
1/3/2017,10/29/2003,SO61385,480,11262,6,1,2
1/3/2017,12/9/2003,SO61385,484,11262,6,2,2
1/3/2017,10/2/2003,SO61399,528,15939,1,1,2
1/3/2017,10/5/2003,SO61399,215,15939,1,2,1
1/3/2017,10/22/2003,SO61387,530,28253,4,1,3
1/3/2017,11/29/2003,SO61387,223,28253,4,2,1
1/3/2017,10/10/2003,SO61381,362,12623,10,1,1
1/3/2017,11/18/2003,SO61381,537,12623,10,2,1
1/3/2017,9/23/2003,SO61395,477,17699,1,1,2
1/3/2017,12/12/2003,SO61395,484,17699,1,3,2
1/3/2017,12/8/2003,SO61395,487,17699,1,2,1
1/3/2017,11/14/2003,SO61427,606,27512,9,1,1
1/3/2017,12/9/2003,SO61374,215,13046,9,1,1
1/3/2017,9/18/2003,SO61382,477,15697,8,4,2
1/3/2017,10/22/2003,SO61382,478,15697,8,3,2
1/3/2017,10/6/2003,SO61382,485,15697,8,2,2
1/3/2017,12/11/2003,SO61382,362,15697,8,1,1
1/3/2017,9/14/2003,SO61391,530,16497,6,2,2
1/3/2017,11/7/2003,SO61391,541,16497,6,1,2
1/3/2017,11/11/2003,SO61401,223,20740,6,2,2
1/3/2017,11/11/2003,SO61401,485,20740,6,1,2
1/3/2017,10/28/2003,SO61401,226,20740,6,3,1
1/3/2017,10/24/2003,SO61375,215,13150,9,1,1
1/3/2017,9/29/2003,SO61383,485,14429,10,2,3
1/3/2017,12/18/2003,SO61383,356,14429,10,1,1
1/3/2017,11/20/2003,SO61383,487,14429,10,3,1
1/3/2017,12/2/2003,SO61417,387,17734,9,1,1
1/3/2017,10/31/2003,SO61397,477,25002,6,1,2
1/3/2017,9/17/2003,SO61414,220,14449,1,2,1
1/3/2017,10/12/2003,SO61414,354,14449,1,1,1
1/3/2017,11/12/2003,SO61423,529,13559,8,2,2
1/3/2017,11/19/2003,SO61423,538,13559,8,3,2
1/3/2017,10/25/2003,SO61423,220,13559,8,4,1
1/3/2017,9/19/2003,SO61423,606,13559,8,1,1
1/3/2017,10/10/2003,SO61426,477,27500,9,3,2
1/3/2017,11/24/2003,SO61426,479,27500,9,2,2
1/3/2017,10/9/2003,SO61426,214,27500,9,4,1
1/3/2017,10/19/2003,SO61426,606,27500,9,1,1
1/3/2017,10/3/2003,SO61392,535,26687,1,1,2
1/3/2017,12/6/2003,SO61406,528,21522,7,1,2
1/3/2017,11/22/2003,SO61406,536,21522,7,2,2
1/3/2017,9/30/2003,SO61406,215,21522,7,3,1
1/3/2017,11/1/2003,SO61406,488,21522,7,4,1
1/3/2017,10/6/2003,SO61412,223,12079,4,6,2
1/3/2017,11/4/2003,SO61412,477,12079,4,5,2
1/3/2017,11/19/2003,SO61412,478,12079,4,4,2
1/3/2017,9/8/2003,SO61412,485,12079,4,3,2
1/3/2017,10/24/2003,SO61412,362,12079,4,1,1
1/3/2017,11/1/2003,SO61412,488,12079,4,7,1
1/3/2017,10/16/2003,SO61412,537,12079,4,2,1
1/3/2017,11/15/2003,SO61408,529,26915,10,1,2
1/3/2017,9/26/2003,SO61408,487,26915,10,2,1
1/3/2017,10/2/2003,SO61378,223,18270,9,1,2
1/3/2017,11/21/2003,SO61396,477,25328,6,1,2
1/3/2017,11/18/2003,SO61396,220,25328,6,2,1
1/3/2017,10/27/2003,SO61396,235,25328,6,3,1
1/3/2017,12/2/2003,SO61422,530,12986,6,2,2
1/3/2017,10/13/2003,SO61422,220,12986,6,4,1
1/3/2017,10/11/2003,SO61422,541,12986,6,3,1
1/3/2017,12/14/2003,SO61422,563,12986,6,1,1
1/3/2017,9/16/2003,SO61390,541,27458,4,1,2
1/3/2017,10/13/2003,SO61390,220,27458,4,3,1
1/3/2017,10/27/2003,SO61390,530,27458,4,2,1
1/3/2017,9/20/2003,SO61384,529,11086,4,1,3
1/3/2017,11/13/2003,SO61384,232,11086,4,2,1
1/3/2017,12/7/2003,SO61402,466,14254,4,3,3
1/3/2017,12/15/2003,SO61402,485,14254,4,1,2
1/3/2017,9/26/2003,SO61402,220,14254,4,2,1
1/3/2017,12/6/2003,SO61393,529,16085,6,2,3
1/3/2017,11/26/2003,SO61393,214,16085,6,3,1
1/3/2017,12/8/2003,SO61393,540,16085,6,1,1
1/3/2017,10/3/2003,SO61424,220,22674,8,2,1
1/3/2017,10/17/2003,SO61424,606,22674,8,1,1
1/3/2017,10/13/2003,SO61405,484,16943,8,3,2
1/3/2017,12/4/2003,SO61405,528,16943,8,2,2
1/3/2017,12/2/2003,SO61405,535,16943,8,1,2
1/3/2017,11/12/2003,SO61421,223,13284,6,1,2
1/3/2017,10/7/2003,SO61421,576,13284,6,2,1
1/3/2017,11/11/2003,SO61403,528,14942,7,1,2
1/4/2017,9/11/2003,SO61460,528,15442,7,1,2
1/4/2017,10/23/2003,SO61460,535,15442,7,2,2
1/4/2017,9/27/2003,SO61460,473,15442,7,3,1
1/4/2017,11/4/2003,SO61435,223,17250,9,2,2
1/4/2017,12/7/2003,SO61435,488,17250,9,1,1
1/4/2017,10/20/2003,SO61455,466,11215,6,2,2
1/4/2017,11/16/2003,SO61455,474,11215,6,1,1
1/4/2017,9/21/2003,SO61453,477,15572,6,1,2
1/4/2017,10/4/2003,SO61453,478,15572,6,2,2
1/4/2017,10/4/2003,SO61453,215,15572,6,3,1
1/4/2017,12/8/2003,SO61475,220,13366,6,2,1
1/4/2017,11/28/2003,SO61475,562,13366,6,1,1
1/4/2017,9/9/2003,SO61436,477,16016,9,3,2
1/4/2017,11/26/2003,SO61436,479,16016,9,4,2
1/4/2017,11/17/2003,SO61436,530,16016,9,1,2
1/4/2017,12/11/2003,SO61436,541,16016,9,2,2
1/4/2017,10/19/2003,SO61469,560,16424,7,1,1
1/4/2017,11/9/2003,SO61471,462,17730,9,4,2
1/4/2017,11/28/2003,SO61471,529,17730,9,3,2
1/4/2017,10/11/2003,SO61471,389,17730,9,1,1
1/4/2017,10/16/2003,SO61471,539,17730,9,2,1
1/4/2017,9/10/2003,SO61432,536,16710,9,1,3
1/4/2017,10/8/2003,SO61432,480,16710,9,3,2
1/4/2017,10/26/2003,SO61432,528,16710,9,2,2
1/4/2017,12/13/2003,SO61446,462,16506,6,3,1
1/4/2017,12/2/2003,SO61446,529,16506,6,2,1
1/4/2017,11/26/2003,SO61446,540,16506,6,1,1
1/4/2017,10/22/2003,SO61444,480,11125,9,3,2
1/4/2017,9/14/2003,SO61444,528,11125,9,2,2
1/4/2017,10/10/2003,SO61444,535,11125,9,1,2
1/4/2017,9/22/2003,SO61452,480,13144,6,2,2
1/4/2017,11/5/2003,SO61452,536,13144,6,1,2
1/4/2017,12/15/2003,SO61458,480,25157,6,2,1
1/4/2017,9/17/2003,SO61458,528,25157,6,1,1
1/4/2017,11/4/2003,SO61464,485,13229,1,1,2
1/4/2017,10/20/2003,SO61466,480,14464,4,3,3
1/4/2017,11/7/2003,SO61466,354,14464,4,1,1
1/4/2017,10/4/2003,SO61466,537,14464,4,2,1
1/4/2017,10/8/2003,SO61478,481,20394,1,3,2
1/4/2017,12/9/2003,SO61478,529,20394,1,2,2
1/4/2017,10/3/2003,SO61478,539,20394,1,4,2
1/4/2017,10/3/2003,SO61478,385,20394,1,1,1
1/4/2017,12/9/2003,SO61445,480,18314,6,2,2
1/4/2017,12/18/2003,SO61445,538,18314,6,1,2
1/4/2017,10/24/2003,SO61442,362,15700,7,1,1
1/4/2017,10/24/2003,SO61442,537,15700,7,2,1
1/4/2017,9/13/2003,SO61454,477,14265,6,1,2
1/4/2017,9/22/2003,SO61454,478,14265,6,2,2
1/4/2017,9/20/2003,SO61454,487,14265,6,3,1
1/4/2017,12/5/2003,SO61443,490,11078,6,1,1
1/4/2017,9/9/2003,SO61433,480,16625,9,3,2
1/4/2017,12/1/2003,SO61433,484,16625,9,4,2
1/4/2017,9/20/2003,SO61433,528,16625,9,2,2
1/4/2017,12/5/2003,SO61433,536,16625,9,1,2
1/4/2017,11/9/2003,SO61465,223,19719,4,4,3
1/4/2017,10/19/2003,SO61465,485,19719,4,2,2
1/4/2017,11/21/2003,SO61465,220,19719,4,3,1
1/4/2017,12/8/2003,SO61465,490,19719,4,5,1
1/4/2017,10/30/2003,SO61465,598,19719,4,1,1
1/4/2017,11/29/2003,SO61434,223,23646,9,2,2
1/4/2017,12/15/2003,SO61434,477,23646,9,1,2
1/4/2017,9/6/2003,SO61473,478,13135,9,2,2
1/4/2017,10/3/2003,SO61473,358,13135,9,1,1
1/4/2017,12/16/2003,SO61448,536,23561,1,1,2
1/4/2017,10/30/2003,SO61430,215,11253,6,1,1
1/4/2017,10/23/2003,SO61472,480,13123,9,2,2
1/4/2017,11/7/2003,SO61472,358,13123,9,1,1
1/4/2017,10/23/2003,SO61474,569,29221,4,1,1
1/4/2017,10/17/2003,SO61429,529,20616,9,2,2
1/4/2017,11/13/2003,SO61429,214,20616,9,4,1
1/4/2017,12/9/2003,SO61429,371,20616,9,1,1
1/4/2017,10/9/2003,SO61429,540,20616,9,3,1
1/4/2017,12/13/2003,SO61459,528,14536,7,1,2
1/4/2017,12/20/2003,SO61459,472,14536,7,2,1
1/4/2017,10/26/2003,SO61428,480,20615,9,4,2
1/4/2017,9/18/2003,SO61428,529,20615,9,2,2
1/4/2017,9/23/2003,SO61428,379,20615,9,1,1
1/4/2017,11/20/2003,SO61428,540,20615,9,3,1
1/4/2017,9/30/2003,SO61439,226,21071,10,2,1
1/4/2017,11/25/2003,SO61439,580,21071,10,1,1
1/4/2017,10/21/2003,SO61461,462,12444,6,4,2
1/4/2017,11/5/2003,SO61461,528,12444,6,1,2
1/4/2017,10/6/2003,SO61461,235,12444,6,3,1
1/4/2017,12/3/2003,SO61461,537,12444,6,2,1
1/4/2017,9/24/2003,SO61450,480,22775,4,3,2
1/4/2017,12/11/2003,SO61450,528,22775,4,2,2
1/4/2017,9/19/2003,SO61450,536,22775,4,1,1
1/4/2017,12/10/2003,SO61470,541,13600,10,3,3
1/4/2017,11/1/2003,SO61470,223,13600,10,5,2
1/4/2017,10/29/2003,SO61470,530,13600,10,2,2
1/4/2017,10/12/2003,SO61470,214,13600,10,4,1
1/4/2017,11/23/2003,SO61470,562,13600,10,1,1
1/4/2017,9/26/2003,SO61438,489,25444,8,2,1
1/4/2017,10/4/2003,SO61438,581,25444,8,1,1
1/4/2017,10/15/2003,SO61440,226,14140,8,2,1
1/4/2017,9/12/2003,SO61440,589,14140,8,1,1
1/4/2017,12/6/2003,SO61481,587,17233,9,1,1
1/4/2017,10/16/2003,SO61476,480,23217,4,3,2
1/4/2017,12/4/2003,SO61476,538,23217,4,2,2
1/4/2017,12/8/2003,SO61476,604,23217,4,1,1
1/4/2017,11/6/2003,SO61451,528,11642,6,1,2
1/4/2017,12/11/2003,SO61451,536,11642,6,2,2
1/4/2017,9/12/2003,SO61451,220,11642,6,3,1
1/4/2017,12/17/2003,SO61451,235,11642,6,5,1
1/4/2017,10/11/2003,SO61451,462,11642,6,4,1
1/4/2017,10/6/2003,SO61479,223,17567,4,1,2
1/4/2017,11/7/2003,SO61479,580,17567,4,2,1
1/4/2017,10/27/2003,SO61463,537,11860,4,1,1
1/4/2017,10/24/2003,SO61437,464,17896,10,5,2
1/4/2017,11/26/2003,SO61437,478,17896,10,3,2
1/4/2017,12/14/2003,SO61437,485,17896,10,2,2
1/4/2017,11/15/2003,SO61437,477,17896,10,4,1
1/4/2017,10/8/2003,SO61437,597,17896,10,1,1
1/4/2017,9/11/2003,SO61431,529,14233,9,1,2
1/4/2017,12/11/2003,SO61431,539,14233,9,2,2
1/4/2017,10/20/2003,SO61441,466,15923,7,4,2
1/4/2017,9/17/2003,SO61441,477,15923,7,3,2
1/4/2017,9/6/2003,SO61441,478,15923,7,2,2
1/4/2017,9/11/2003,SO61441,354,15923,7,1,1
1/4/2017,12/19/2003,SO61449,529,11331,6,1,2
1/4/2017,11/9/2003,SO61449,540,11331,6,2,1
1/4/2017,12/13/2003,SO61456,472,16986,1,1,1
1/4/2017,10/12/2003,SO61456,477,16986,1,2,1
1/4/2017,11/5/2003,SO61467,484,27006,7,2,2
1/4/2017,12/13/2003,SO61467,585,27006,7,1,1
1/4/2017,9/22/2003,SO61457,480,15516,4,2,2
1/4/2017,10/7/2003,SO61457,528,15516,4,1,2
1/4/2017,9/28/2003,SO61477,477,19987,6,3,2
1/4/2017,9/29/2003,SO61477,387,19987,6,1,1
1/4/2017,9/22/2003,SO61477,479,19987,6,2,1
1/4/2017,9/20/2003,SO61477,487,19987,6,4,1
1/4/2017,9/24/2003,SO61468,215,27118,7,2,1
1/4/2017,11/1/2003,SO61468,566,27118,7,1,1
1/4/2017,11/26/2003,SO61447,536,12203,6,1,3
1/4/2017,10/2/2003,SO61447,481,12203,6,3,2
1/4/2017,9/21/2003,SO61447,528,12203,6,2,2
1/4/2017,9/18/2003,SO61462,480,14760,6,2,2
1/4/2017,10/31/2003,SO61462,537,14760,6,1,1
1/5/2017,12/17/2003,SO61522,491,23423,9,2,1
1/5/2017,9/13/2003,SO61522,583,23423,9,1,1
1/5/2017,9/26/2003,SO61501,215,24961,1,3,1
1/5/2017,10/20/2003,SO61501,529,24961,1,1,1
1/5/2017,9/11/2003,SO61501,540,24961,1,2,1
1/5/2017,11/3/2003,SO61535,479,22733,1,2,2
1/5/2017,10/9/2003,SO61535,604,22733,1,1,1
1/5/2017,10/21/2003,SO61508,528,19082,10,1,2
1/5/2017,11/27/2003,SO61508,215,19082,10,2,1
1/5/2017,9/26/2003,SO61518,528,11235,1,2,2
1/5/2017,10/5/2003,SO61518,220,11235,1,3,1
1/5/2017,12/6/2003,SO61518,537,11235,1,1,1
1/5/2017,10/7/2003,SO61528,214,24957,4,2,1
1/5/2017,11/11/2003,SO61528,570,24957,4,1,1
1/5/2017,10/23/2003,SO61513,529,22701,8,1,2
1/5/2017,11/26/2003,SO61513,491,22701,8,2,1
1/5/2017,11/27/2003,SO61529,482,23829,6,2,2
1/5/2017,12/3/2003,SO61529,578,23829,6,1,1
1/5/2017,9/19/2003,SO61493,489,11667,1,1,1
1/5/2017,11/1/2003,SO61531,477,18476,4,3,2
1/5/2017,10/15/2003,SO61531,479,18476,4,2,2
1/5/2017,9/10/2003,SO61531,484,18476,4,5,2
1/5/2017,11/18/2003,SO61531,487,18476,4,4,1
1/5/2017,11/1/2003,SO61531,606,18476,4,1,1
1/5/2017,12/3/2003,SO61499,466,11277,6,5,3
1/5/2017,10/22/2003,SO61499,485,11277,6,3,2
1/5/2017,10/25/2003,SO61499,528,11277,6,2,2
1/5/2017,10/4/2003,SO61499,535,11277,6,1,2
1/5/2017,11/6/2003,SO61499,215,11277,6,4,1
1/5/2017,9/26/2003,SO61524,539,25213,9,3,2
1/5/2017,10/4/2003,SO61524,220,25213,9,4,1
1/5/2017,12/19/2003,SO61524,387,25213,9,1,1
1/5/2017,10/14/2003,SO61524,529,25213,9,2,1
1/5/2017,12/21/2003,SO61486,477,29188,9,2,2
1/5/2017,11/13/2003,SO61486,478,29188,9,1,2
1/5/2017,12/6/2003,SO61486,487,29188,9,3,1
1/5/2017,12/14/2003,SO61502,528,18449,6,2,2
1/5/2017,10/20/2003,SO61502,536,18449,6,1,2
1/5/2017,12/13/2003,SO61502,220,18449,6,3,1
1/5/2017,12/14/2003,SO61484,477,22941,9,1,2
1/5/2017,11/10/2003,SO61484,491,22941,9,2,1
1/5/2017,12/9/2003,SO61536,229,17521,4,2,1
1/5/2017,11/6/2003,SO61536,580,17521,4,1,1
1/5/2017,10/25/2003,SO61523,466,20609,9,5,2
1/5/2017,11/25/2003,SO61523,529,20609,9,2,2
1/5/2017,11/23/2003,SO61523,214,20609,9,4,1
1/5/2017,10/6/2003,SO61523,373,20609,9,1,1
1/5/2017,10/5/2003,SO61523,540,20609,9,3,1
1/5/2017,10/10/2003,SO61489,480,13561,10,3,2
1/5/2017,10/30/2003,SO61489,485,13561,10,2,2
1/5/2017,10/13/2003,SO61489,354,13561,10,1,1
1/5/2017,9/18/2003,SO61514,538,25541,8,1,2
1/5/2017,11/17/2003,SO61498,480,28232,1,2,2
1/5/2017,11/4/2003,SO61498,538,28232,1,1,2
1/5/2017,12/19/2003,SO61498,483,28232,1,3,1
1/5/2017,12/2/2003,SO61509,480,21533,10,3,3
1/5/2017,11/26/2003,SO61509,484,21533,10,4,2
1/5/2017,10/17/2003,SO61509,528,21533,10,1,2
1/5/2017,9/23/2003,SO61509,535,21533,10,2,2
1/5/2017,11/19/2003,SO61519,485,12180,1,2,2
1/5/2017,11/21/2003,SO61519,220,12180,1,3,1
1/5/2017,10/11/2003,SO61519,362,12180,1,1,1
1/5/2017,10/31/2003,SO61530,214,26200,6,2,1
1/5/2017,11/16/2003,SO61530,605,26200,6,1,1
1/5/2017,12/8/2003,SO61516,480,17186,10,2,2
1/5/2017,11/28/2003,SO61516,530,17186,10,1,1
1/5/2017,11/10/2003,SO61512,529,28570,10,1,2
1/5/2017,11/24/2003,SO61512,472,28570,10,2,1
1/5/2017,10/26/2003,SO61537,477,24100,10,2,2
1/5/2017,9/25/2003,SO61537,214,24100,10,4,1
1/5/2017,10/17/2003,SO61537,385,24100,10,1,1
1/5/2017,10/28/2003,SO61537,479,24100,10,3,1
1/5/2017,10/27/2003,SO61525,477,13650,9,2,2
1/5/2017,11/14/2003,SO61525,478,13650,9,3,2
1/5/2017,12/10/2003,SO61525,356,13650,9,1,1
1/5/2017,12/18/2003,SO61507,477,23554,6,1,1
1/5/2017,10/9/2003,SO61510,529,20133,10,2,2
1/5/2017,11/27/2003,SO61510,539,20133,10,1,1
1/5/2017,9/25/2003,SO61520,485,12078,1,2,2
1/5/2017,12/4/2003,SO61520,356,12078,1,1,1
1/5/2017,9/27/2003,SO61520,487,12078,1,3,1
1/5/2017,11/16/2003,SO61527,215,23731,6,2,1
1/5/2017,11/1/2003,SO61527,578,23731,6,1,1
1/5/2017,9/29/2003,SO61521,462,15490,6,5,2
1/5/2017,12/9/2003,SO61521,528,15490,6,2,2
1/5/2017,9/8/2003,SO61521,215,15490,6,4,1
1/5/2017,11/4/2003,SO61521,362,15490,6,1,1
1/5/2017,11/27/2003,SO61521,537,15490,6,3,1
1/5/2017,11/4/2003,SO61504,462,14574,6,4,2
1/5/2017,9/9/2003,SO61504,477,14574,6,2,2
1/5/2017,12/4/2003,SO61504,478,14574,6,1,2
1/5/2017,10/9/2003,SO61504,220,14574,6,3,1
1/5/2017,11/27/2003,SO61500,482,23689,4,3,2
1/5/2017,12/14/2003,SO61500,528,23689,4,1,2
1/5/2017,9/10/2003,SO61500,536,23689,4,2,2
1/5/2017,12/16/2003,SO61491,528,15086,7,3,3
1/5/2017,10/26/2003,SO61491,220,15086,7,4,1
1/5/2017,11/30/2003,SO61491,358,15086,7,1,1
1/5/2017,9/16/2003,SO61491,537,15086,7,2,1
1/5/2017,9/21/2003,SO61538,223,14670,9,3,2
1/5/2017,12/1/2003,SO61538,474,14670,9,2,1
1/5/2017,11/8/2003,SO61538,590,14670,9,1,1
1/5/2017,11/2/2003,SO61483,480,19578,9,3,2
1/5/2017,9/15/2003,SO61483,528,19578,9,1,2
1/5/2017,9/25/2003,SO61483,536,19578,9,2,2
1/5/2017,12/8/2003,SO61533,479,23183,4,2,2
1/5/2017,12/9/2003,SO61533,604,23183,4,1,1
1/5/2017,10/17/2003,SO61503,536,23687,1,1,2
1/5/2017,10/19/2003,SO61485,475,26143,9,1,1
1/5/2017,10/5/2003,SO61485,491,26143,9,2,1
1/5/2017,9/19/2003,SO61488,223,21545,10,2,2
1/5/2017,11/1/2003,SO61488,475,21545,10,3,1
1/5/2017,11/18/2003,SO61488,589,21545,10,1,1
1/5/2017,11/3/2003,SO61526,214,23730,6,2,1
1/5/2017,10/31/2003,SO61526,560,23730,6,1,1
1/5/2017,11/12/2003,SO61494,480,11643,1,1,2
1/5/2017,9/27/2003,SO61494,484,11643,1,2,2
1/5/2017,10/19/2003,SO61492,358,15118,10,1,1
1/5/2017,9/11/2003,SO61495,232,11506,6,1,1
1/5/2017,11/8/2003,SO61505,475,20349,4,1,1
1/5/2017,9/11/2003,SO61506,472,19018,4,2,1
1/5/2017,11/14/2003,SO61506,476,19018,4,1,1
1/5/2017,10/16/2003,SO61511,480,21077,7,2,2
1/5/2017,12/15/2003,SO61511,538,21077,7,1,2
1/5/2017,12/11/2003,SO61482,480,14059,9,3,2
1/5/2017,9/16/2003,SO61482,528,14059,9,1,2
1/5/2017,10/27/2003,SO61482,535,14059,9,2,2
1/5/2017,11/9/2003,SO61490,223,15637,7,5,3
1/5/2017,11/2/2003,SO61490,478,15637,7,2,2
1/5/2017,11/29/2003,SO61490,214,15637,7,3,1
1/5/2017,10/17/2003,SO61490,226,15637,7,4,1
1/5/2017,9/16/2003,SO61490,362,15637,7,1,1
1/5/2017,9/25/2003,SO61532,477,23265,1,3,2
1/5/2017,12/5/2003,SO61532,479,23265,1,2,2
1/5/2017,9/7/2003,SO61532,481,23265,1,4,1
1/5/2017,11/19/2003,SO61532,606,23265,1,1,1
1/5/2017,10/28/2003,SO61487,232,14217,9,1,1
1/5/2017,9/19/2003,SO61517,537,13071,6,1,1
1/5/2017,10/25/2003,SO61515,480,14784,10,3,2
1/5/2017,9/17/2003,SO61515,530,14784,10,2,2
1/5/2017,9/11/2003,SO61515,541,14784,10,1,2
1/6/2017,11/29/2003,SO61594,223,22480,7,5,2
1/6/2017,9/14/2003,SO61594,477,22480,7,3,2
1/6/2017,12/6/2003,SO61594,479,22480,7,2,1
1/6/2017,11/21/2003,SO61594,491,22480,7,4,1
1/6/2017,9/26/2003,SO61594,606,22480,7,1,1
1/6/2017,10/14/2003,SO61540,477,22176,9,3,2
1/6/2017,11/17/2003,SO61540,478,22176,9,2,2
1/6/2017,9/21/2003,SO61540,472,22176,9,4,1
1/6/2017,11/9/2003,SO61540,485,22176,9,1,1
1/6/2017,10/3/2003,SO61567,529,16266,7,2,2
1/6/2017,10/1/2003,SO61567,539,16266,7,1,2
1/6/2017,9/22/2003,SO61567,215,16266,7,3,1
1/6/2017,10/11/2003,SO61577,485,12788,4,1,3
1/6/2017,9/27/2003,SO61577,215,12788,4,2,1
1/6/2017,10/21/2003,SO61591,538,22787,4,2,3
1/6/2017,11/30/2003,SO61591,529,22787,4,3,2
1/6/2017,9/30/2003,SO61591,487,22787,4,4,1
1/6/2017,10/1/2003,SO61591,605,22787,4,1,1
1/6/2017,11/6/2003,SO61545,223,11369,9,1,2
1/6/2017,11/25/2003,SO61545,235,11369,9,2,1
1/6/2017,10/28/2003,SO61563,528,16049,8,1,2
1/6/2017,9/14/2003,SO61563,215,16049,8,2,1
1/6/2017,11/24/2003,SO61582,215,15048,10,2,1
1/6/2017,11/19/2003,SO61582,568,15048,10,1,1
1/6/2017,10/30/2003,SO61546,223,18206,9,1,2
1/6/2017,9/28/2003,SO61549,356,13562,10,1,1
1/6/2017,11/29/2003,SO61558,480,12165,6,3,3
1/6/2017,12/10/2003,SO61558,528,12165,6,2,2
1/6/2017,10/19/2003,SO61558,536,12165,6,1,2
1/6/2017,10/9/2003,SO61597,480,27513,9,3,2
1/6/2017,11/4/2003,SO61597,538,27513,9,2,2
1/6/2017,12/1/2003,SO61597,606,27513,9,1,1
1/6/2017,10/31/2003,SO61578,490,11563,10,1,1
1/6/2017,9/16/2003,SO61592,383,24047,10,1,1
1/6/2017,11/26/2003,SO61592,488,24047,10,2,1
1/6/2017,12/12/2003,SO61588,352,13130,9,1,1
1/6/2017,10/27/2003,SO61588,537,13130,9,2,1
1/6/2017,11/12/2003,SO61576,484,12978,4,4,3
1/6/2017,12/9/2003,SO61576,480,12978,4,3,1
1/6/2017,9/8/2003,SO61576,528,12978,4,1,1
1/6/2017,11/13/2003,SO61576,537,12978,4,2,1
1/6/2017,10/20/2003,SO61579,214,12966,4,2,1
1/6/2017,10/13/2003,SO61579,232,12966,4,3,1
1/6/2017,9/21/2003,SO61579,485,12966,4,1,1
1/6/2017,12/22/2003,SO61587,480,13117,9,3,2
1/6/2017,12/4/2003,SO61587,485,13117,9,2,2
1/6/2017,10/14/2003,SO61587,352,13117,9,1,1
1/6/2017,12/16/2003,SO61568,480,17951,10,2,3
1/6/2017,10/13/2003,SO61568,535,17951,10,1,1
1/6/2017,11/26/2003,SO61565,528,14543,8,2,3
1/6/2017,11/30/2003,SO61565,480,14543,8,3,2
1/6/2017,10/22/2003,SO61565,537,14543,8,1,1
1/6/2017,9/12/2003,SO61572,482,12134,10,3,2
1/6/2017,11/5/2003,SO61572,529,12134,10,2,2
1/6/2017,12/1/2003,SO61572,538,12134,10,1,2
1/6/2017,11/12/2003,SO61552,529,11505,6,1,3
1/6/2017,11/24/2003,SO61552,215,11505,6,2,1
1/6/2017,9/12/2003,SO61552,235,11505,6,3,1
1/6/2017,9/22/2003,SO61566,529,15711,10,1,2
1/6/2017,10/5/2003,SO61566,215,15711,10,3,1
1/6/2017,10/13/2003,SO61566,540,15711,10,2,1
1/6/2017,10/2/2003,SO61557,540,24285,1,1,1
1/6/2017,12/22/2003,SO61593,223,27823,8,3,2
1/6/2017,10/13/2003,SO61593,214,27823,8,2,1
1/6/2017,10/12/2003,SO61593,383,27823,8,1,1
1/6/2017,12/13/2003,SO61570,223,17809,7,5,2
1/6/2017,11/26/2003,SO61570,480,17809,7,3,2
1/6/2017,11/2/2003,SO61570,528,17809,7,2,2
1/6/2017,10/19/2003,SO61570,536,17809,7,1,2
1/6/2017,12/12/2003,SO61570,486,17809,7,4,1
1/6/2017,9/15/2003,SO61561,477,18380,1,1,3
1/6/2017,11/15/2003,SO61561,484,18380,1,2,2
1/6/2017,11/20/2003,SO61544,529,25266,9,1,2
1/6/2017,9/26/2003,SO61544,488,25266,9,2,1
1/6/2017,9/27/2003,SO61548,223,12386,8,4,2
1/6/2017,10/10/2003,SO61548,485,12386,8,2,2
1/6/2017,10/10/2003,SO61548,232,12386,8,3,1
1/6/2017,9/9/2003,SO61548,360,12386,8,1,1
1/6/2017,9/21/2003,SO61560,477,16213,6,2,2
1/6/2017,11/11/2003,SO61560,478,16213,6,1,2
1/6/2017,12/8/2003,SO61560,215,16213,6,3,1
1/6/2017,9/21/2003,SO61575,232,17371,6,2,1
1/6/2017,12/2/2003,SO61575,485,17371,6,1,1
1/6/2017,9/30/2003,SO61541,476,26164,9,1,1
1/6/2017,10/18/2003,SO61569,536,17711,7,1,3
1/6/2017,9/16/2003,SO61569,528,17711,7,2,2
1/6/2017,9/24/2003,SO61569,214,17711,7,3,1
1/6/2017,10/21/2003,SO61595,477,26956,10,2,3
1/6/2017,11/22/2003,SO61595,479,26956,10,3,2
1/6/2017,9/13/2003,SO61595,489,26956,10,4,1
1/6/2017,11/28/2003,SO61595,606,26956,10,1,1
1/6/2017,11/28/2003,SO61574,538,29439,10,1,2
1/6/2017,12/18/2003,SO61574,480,29439,10,2,1
1/6/2017,11/24/2003,SO61589,477,29203,4,2,2
1/6/2017,12/19/2003,SO61589,479,29203,4,3,2
1/6/2017,11/13/2003,SO61589,567,29203,4,1,1
1/6/2017,12/5/2003,SO61562,220,18944,6,2,1
1/6/2017,10/7/2003,SO61562,485,18944,6,1,1
1/6/2017,9/19/2003,SO61553,223,12068,4,2,2
1/6/2017,9/30/2003,SO61553,229,12068,4,1,1
1/6/2017,12/17/2003,SO61586,480,17728,9,4,2
1/6/2017,10/20/2003,SO61586,529,17728,9,3,2
1/6/2017,12/9/2003,SO61586,539,17728,9,2,2
1/6/2017,9/20/2003,SO61586,385,17728,9,1,1
1/6/2017,12/9/2003,SO61590,220,26012,4,2,1
1/6/2017,11/27/2003,SO61590,562,26012,4,1,1
1/6/2017,11/29/2003,SO61556,529,23796,4,2,2
1/6/2017,9/25/2003,SO61556,540,23796,4,1,1
1/6/2017,12/1/2003,SO61550,528,15097,10,3,2
1/6/2017,9/24/2003,SO61550,360,15097,10,1,1
1/6/2017,12/5/2003,SO61550,480,15097,10,4,1
1/6/2017,9/29/2003,SO61550,537,15097,10,2,1
1/6/2017,11/11/2003,SO61584,220,25215,9,2,1
1/6/2017,11/10/2003,SO61584,387,25215,9,1,1
1/6/2017,11/14/2003,SO61542,528,12997,9,1,2
1/6/2017,10/20/2003,SO61542,220,12997,9,2,1
1/6/2017,10/5/2003,SO61580,356,15850,6,1,1
1/6/2017,11/20/2003,SO61580,487,15850,6,2,1
1/6/2017,10/28/2003,SO61571,528,19373,8,2,2
1/6/2017,12/5/2003,SO61571,536,19373,8,1,2
1/6/2017,12/3/2003,SO61571,487,19373,8,3,1
1/6/2017,11/12/2003,SO61554,529,28225,4,2,2
1/6/2017,12/14/2003,SO61554,538,28225,4,1,2
1/6/2017,10/28/2003,SO61554,214,28225,4,3,1
1/6/2017,10/29/2003,SO61543,480,12690,9,2,2
1/6/2017,11/22/2003,SO61543,529,12690,9,1,2
1/6/2017,10/17/2003,SO61583,541,14192,7,2,2
1/6/2017,12/22/2003,SO61583,563,14192,7,1,1
1/6/2017,9/8/2003,SO61547,477,17902,8,3,3
1/6/2017,11/13/2003,SO61547,479,17902,8,2,2
1/6/2017,10/15/2003,SO61547,583,17902,8,1,1
1/6/2017,10/22/2003,SO61555,480,11330,6,3,2
1/6/2017,9/24/2003,SO61555,528,11330,6,1,2
1/6/2017,10/19/2003,SO61555,535,11330,6,2,2
1/6/2017,9/14/2003,SO61581,485,14434,4,2,2
1/6/2017,9/12/2003,SO61581,354,14434,4,1,1
1/6/2017,9/30/2003,SO61581,488,14434,4,3,1
1/6/2017,9/22/2003,SO61559,464,19224,6,3,2
1/6/2017,9/15/2003,SO61559,529,19224,6,1,2
1/6/2017,11/2/2003,SO61559,220,19224,6,4,1
1/6/2017,11/15/2003,SO61559,540,19224,6,2,1
1/6/2017,12/12/2003,SO61573,477,16294,10,1,2
1/6/2017,10/4/2003,SO61573,482,16294,10,2,2
1/6/2017,11/23/2003,SO61564,528,15680,8,1,2
1/6/2017,9/17/2003,SO61539,480,20282,9,3,2
1/6/2017,12/19/2003,SO61539,528,20282,9,2,2
1/6/2017,9/28/2003,SO61539,536,20282,9,1,2
1/6/2017,9/13/2003,SO61596,590,17232,9,1,1
1/6/2017,10/14/2003,SO61585,383,24477,9,1,1
1/6/2017,9/23/2003,SO61551,462,11890,4,2,2
1/6/2017,11/5/2003,SO61551,214,11890,4,1,1
1/7/2017,12/12/2003,SO61599,480,21371,9,2,3
1/7/2017,9/10/2003,SO61599,528,21371,9,1,2
1/7/2017,10/16/2003,SO61654,541,11894,9,2,2
1/7/2017,10/27/2003,SO61654,214,11894,9,4,1
1/7/2017,9/12/2003,SO61654,530,11894,9,3,1
1/7/2017,12/22/2003,SO61654,561,11894,9,1,1
1/7/2017,11/28/2003,SO61613,480,11185,6,3,2
1/7/2017,10/30/2003,SO61613,529,11185,6,2,2
1/7/2017,9/30/2003,SO61613,540,11185,6,1,1
1/7/2017,10/23/2003,SO61617,475,28342,6,1,1
1/7/2017,10/20/2003,SO61645,466,18647,4,3,2
1/7/2017,9/14/2003,SO61645,215,18647,4,2,1
1/7/2017,10/12/2003,SO61645,584,18647,4,1,1
1/7/2017,9/12/2003,SO61639,480,20612,9,4,2
1/7/2017,9/14/2003,SO61639,529,20612,9,2,2
1/7/2017,10/15/2003,SO61639,371,20612,9,1,1
1/7/2017,9/15/2003,SO61639,540,20612,9,3,1
1/7/2017,10/24/2003,SO61598,223,27343,9,3,2
1/7/2017,11/3/2003,SO61598,474,27343,9,1,1
1/7/2017,11/4/2003,SO61598,489,27343,9,2,1
1/7/2017,10/24/2003,SO61633,477,20544,1,3,2
1/7/2017,9/17/2003,SO61633,377,20544,1,1,1
1/7/2017,12/21/2003,SO61633,479,20544,1,2,1
1/7/2017,11/25/2003,SO61616,478,21270,1,1,2
1/7/2017,10/1/2003,SO61616,473,21270,1,2,1
1/7/2017,12/20/2003,SO61616,477,21270,1,3,1
1/7/2017,11/9/2003,SO61651,223,17143,6,3,2
1/7/2017,10/12/2003,SO61651,489,17143,6,2,1
1/7/2017,10/16/2003,SO61651,582,17143,6,1,1
1/7/2017,9/12/2003,SO61647,383,20529,1,1,1
1/7/2017,11/11/2003,SO61647,490,20529,1,2,1
1/7/2017,12/11/2003,SO61621,466,14369,1,2,2
1/7/2017,12/17/2003,SO61621,485,14369,1,1,1
1/7/2017,9/20/2003,SO61628,480,12235,10,3,2
1/7/2017,12/4/2003,SO61628,529,12235,10,2,2
1/7/2017,12/18/2003,SO61628,538,12235,10,1,2
1/7/2017,12/16/2003,SO61630,530,12327,8,1,2
1/7/2017,10/27/2003,SO61615,477,15197,6,2,2
1/7/2017,11/14/2003,SO61615,478,15197,6,1,2
1/7/2017,11/2/2003,SO61615,214,15197,6,3,1
1/7/2017,12/4/2003,SO61627,480,24854,8,2,2
1/7/2017,10/18/2003,SO61627,538,24854,8,1,2
1/7/2017,9/30/2003,SO61605,223,11662,1,1,2
1/7/2017,11/29/2003,SO61605,489,11662,1,2,1
1/7/2017,11/17/2003,SO61612,529,14725,6,1,3
1/7/2017,11/16/2003,SO61612,480,14725,6,3,2
1/7/2017,10/2/2003,SO61612,483,14725,6,4,1
1/7/2017,9/21/2003,SO61612,540,14725,6,2,1
1/7/2017,11/3/2003,SO61611,529,11300,6,2,2
1/7/2017,10/10/2003,SO61611,538,11300,6,1,2
1/7/2017,10/6/2003,SO61611,215,11300,6,3,1
1/7/2017,12/22/2003,SO61634,528,12440,4,3,2
1/7/2017,11/23/2003,SO61634,360,12440,4,1,1
1/7/2017,9/17/2003,SO61634,537,12440,4,2,1
1/7/2017,11/11/2003,SO61607,528,11709,6,2,2
1/7/2017,11/10/2003,SO61607,535,11709,6,1,2
1/7/2017,9/26/2003,SO61607,214,11709,6,3,1
1/7/2017,11/28/2003,SO61614,528,11223,6,2,3
1/7/2017,9/15/2003,SO61614,477,11223,6,4,2
1/7/2017,10/13/2003,SO61614,485,11223,6,3,2
1/7/2017,12/3/2003,SO61614,536,11223,6,1,2
1/7/2017,11/17/2003,SO61614,214,11223,6,6,1
1/7/2017,11/11/2003,SO61614,478,11223,6,5,1
1/7/2017,12/4/2003,SO61610,480,25257,4,2,3
1/7/2017,11/23/2003,SO61610,535,25257,4,1,2
1/7/2017,11/5/2003,SO61610,483,25257,4,3,1
1/7/2017,12/19/2003,SO61624,539,25326,7,1,2
1/7/2017,10/19/2003,SO61624,226,25326,7,3,1
1/7/2017,12/22/2003,SO61624,529,25326,7,2,1
1/7/2017,11/1/2003,SO61618,226,19245,4,2,1
1/7/2017,11/16/2003,SO61618,475,19245,4,1,1
1/7/2017,10/20/2003,SO61655,541,11905,9,2,2
1/7/2017,11/30/2003,SO61655,561,11905,9,1,1
1/7/2017,11/11/2003,SO61629,530,28890,8,1,2
1/7/2017,10/3/2003,SO61629,229,28890,8,3,1
1/7/2017,11/27/2003,SO61629,487,28890,8,2,1
1/7/2017,10/9/2003,SO61642,477,24676,1,2,2
1/7/2017,9/20/2003,SO61642,473,24676,1,3,1
1/7/2017,11/6/2003,SO61642,479,24676,1,4,1
1/7/2017,10/2/2003,SO61642,574,24676,1,1,1
1/7/2017,11/21/2003,SO61636,478,12914,6,2,3
1/7/2017,11/16/2003,SO61636,356,12914,6,1,1
1/7/2017,10/5/2003,SO61626,529,12752,7,1,2
1/7/2017,10/12/2003,SO61648,235,20387,4,3,1
1/7/2017,10/30/2003,SO61648,385,20387,4,1,1
1/7/2017,11/29/2003,SO61648,462,20387,4,2,1
1/7/2017,12/1/2003,SO61603,484,13263,7,2,2
1/7/2017,11/24/2003,SO61603,373,13263,7,1,1
1/7/2017,12/14/2003,SO61635,466,14602,4,5,2
1/7/2017,11/17/2003,SO61635,485,14602,4,2,2
1/7/2017,11/21/2003,SO61635,220,14602,4,3,1
1/7/2017,10/29/2003,SO61635,229,14602,4,4,1
1/7/2017,10/5/2003,SO61635,352,14602,4,1,1
1/7/2017,9/19/2003,SO61631,485,13193,4,1,2
1/7/2017,10/7/2003,SO61631,226,13193,4,2,1
1/7/2017,9/27/2003,SO61638,462,12486,10,3,2
1/7/2017,12/13/2003,SO61638,490,12486,10,2,1
1/7/2017,12/15/2003,SO61638,578,12486,10,1,1
1/7/2017,10/8/2003,SO61625,223,22553,10,3,2
1/7/2017,9/12/2003,SO61625,477,22553,10,1,2
1/7/2017,9/15/2003,SO61625,215,22553,10,2,1
1/7/2017,12/6/2003,SO61632,477,11385,10,2,2
1/7/2017,9/20/2003,SO61632,479,11385,10,1,2
1/7/2017,10/7/2003,SO61608,466,27603,4,4,3
1/7/2017,11/2/2003,SO61608,530,27603,4,2,2
1/7/2017,10/15/2003,SO61608,541,27603,4,1,2
1/7/2017,11/5/2003,SO61608,220,27603,4,3,1
1/7/2017,9/12/2003,SO61604,485,12615,10,2,2
1/7/2017,9/29/2003,SO61604,352,12615,10,1,1
1/7/2017,11/13/2003,SO61620,462,14743,1,3,2
1/7/2017,12/9/2003,SO61620,528,14743,1,1,2
1/7/2017,12/23/2003,SO61620,215,14743,1,2,1
1/7/2017,10/23/2003,SO61650,232,20434,4,2,1
1/7/2017,9/19/2003,SO61650,385,20434,4,1,1
1/7/2017,12/19/2003,SO61609,482,11506,6,3,3
1/7/2017,11/3/2003,SO61609,528,11506,6,1,2
1/7/2017,9/24/2003,SO61609,535,11506,6,2,2
1/7/2017,11/9/2003,SO61602,223,22595,7,4,3
1/7/2017,11/7/2003,SO61602,220,22595,7,3,1
1/7/2017,10/24/2003,SO61602,379,22595,7,1,1
1/7/2017,9/16/2003,SO61602,540,22595,7,2,1
1/7/2017,12/13/2003,SO61637,352,14412,1,1,1
1/7/2017,9/22/2003,SO61601,479,17831,7,2,2
1/7/2017,10/28/2003,SO61601,214,17831,7,4,1
1/7/2017,11/17/2003,SO61601,477,17831,7,3,1
1/7/2017,12/12/2003,SO61601,582,17831,7,1,1
1/7/2017,10/17/2003,SO61646,477,26321,6,2,2
1/7/2017,12/7/2003,SO61646,479,26321,6,3,2
1/7/2017,11/3/2003,SO61646,584,26321,6,1,1
1/7/2017,12/10/2003,SO61656,491,11762,9,2,1
1/7/2017,10/17/2003,SO61656,564,11762,9,1,1
1/7/2017,12/9/2003,SO61652,215,22463,7,2,1
1/7/2017,9/13/2003,SO61652,604,22463,7,1,1
1/7/2017,9/22/2003,SO61622,485,13864,4,1,1
1/7/2017,9/14/2003,SO61619,528,22354,6,1,3
1/7/2017,11/28/2003,SO61619,214,22354,6,2,1
1/7/2017,10/31/2003,SO61640,477,29175,1,2,2
1/7/2017,10/6/2003,SO61640,479,29175,1,3,2
1/7/2017,10/13/2003,SO61640,565,29175,1,1,1
1/7/2017,11/9/2003,SO61653,477,27866,9,2,3
1/7/2017,11/6/2003,SO61653,479,27866,9,3,2
1/7/2017,11/8/2003,SO61653,573,27866,9,1,1
1/7/2017,12/19/2003,SO61643,223,24683,4,1,2
1/7/2017,10/24/2003,SO61643,563,24683,4,2,1
1/7/2017,9/20/2003,SO61649,381,20400,4,1,1
1/7/2017,9/14/2003,SO61600,214,15233,9,1,1
1/7/2017,11/17/2003,SO61606,530,26248,1,2,2
1/7/2017,10/15/2003,SO61606,541,26248,1,1,2
1/7/2017,11/12/2003,SO61606,214,26248,1,3,1
1/7/2017,9/9/2003,SO61641,220,26018,1,2,1
1/7/2017,9/19/2003,SO61641,232,26018,1,3,1
1/7/2017,12/23/2003,SO61641,576,26018,1,1,1
1/8/2017,11/8/2003,SO61714,466,15566,6,5,2
1/8/2017,11/14/2003,SO61714,485,15566,6,2,2
1/8/2017,10/3/2003,SO61714,214,15566,6,3,1
1/8/2017,9/19/2003,SO61714,358,15566,6,1,1
1/8/2017,11/10/2003,SO61714,490,15566,6,4,1
1/8/2017,10/25/2003,SO61723,477,13328,6,2,3
1/8/2017,12/1/2003,SO61723,479,13328,6,3,1
1/8/2017,12/2/2003,SO61723,576,13328,6,1,1
1/8/2017,12/24/2003,SO61682,480,25966,4,2,3
1/8/2017,11/21/2003,SO61682,535,25966,4,1,2
1/8/2017,11/16/2003,SO61726,389,20541,4,1,1
1/8/2017,9/28/2003,SO61726,490,20541,4,2,1
1/8/2017,12/19/2003,SO61717,541,28497,8,2,3
1/8/2017,11/9/2003,SO61717,530,28497,8,3,2
1/8/2017,11/18/2003,SO61717,567,28497,8,1,1
1/8/2017,11/9/2003,SO61691,462,13245,1,1,2
1/8/2017,12/15/2003,SO61691,485,13245,1,2,2
1/8/2017,12/4/2003,SO61722,481,24956,4,2,2
1/8/2017,9/20/2003,SO61722,571,24956,4,1,1
1/8/2017,10/7/2003,SO61688,485,18927,6,1,3
1/8/2017,11/30/2003,SO61688,215,18927,6,2,1
1/8/2017,11/3/2003,SO61708,478,12628,7,1,2
1/8/2017,11/5/2003,SO61708,477,12628,7,2,1
1/8/2017,11/2/2003,SO61720,571,29204,1,1,1
1/8/2017,10/13/2003,SO61686,477,20477,4,2,2
1/8/2017,9/18/2003,SO61686,478,20477,4,1,2
1/8/2017,11/7/2003,SO61686,489,20477,4,3,1
1/8/2017,11/4/2003,SO61668,478,15100,8,3,2
1/8/2017,9/16/2003,SO61668,485,15100,8,2,2
1/8/2017,9/13/2003,SO61668,356,15100,8,1,1
1/8/2017,11/28/2003,SO61679,529,24931,1,1,2
1/8/2017,12/13/2003,SO61679,540,24931,1,2,1
1/8/2017,10/24/2003,SO61728,604,22472,7,1,1
1/8/2017,12/20/2003,SO61680,480,25898,1,3,2
1/8/2017,11/28/2003,SO61680,529,25898,1,2,2
1/8/2017,10/18/2003,SO61680,540,25898,1,1,1
1/8/2017,10/15/2003,SO61704,528,11692,4,1,1
1/8/2017,10/8/2003,SO61704,537,11692,4,2,1
1/8/2017,12/19/2003,SO61725,488,12193,6,2,1
1/8/2017,9/18/2003,SO61725,574,12193,6,1,1
1/8/2017,11/20/2003,SO61661,223,26145,9,1,3
1/8/2017,9/29/2003,SO61661,476,26145,9,2,1
1/8/2017,11/9/2003,SO61663,482,11367,9,2,2
1/8/2017,12/13/2003,SO61663,229,11367,9,1,1
1/8/2017,11/10/2003,SO61685,478,21425,4,1,2
1/8/2017,10/28/2003,SO61662,478,25001,9,2,3
1/8/2017,11/2/2003,SO61662,215,25001,9,3,1
1/8/2017,11/20/2003,SO61662,477,25001,9,1,1
1/8/2017,10/1/2003,SO61694,480,14537,8,3,2
1/8/2017,10/30/2003,SO61694,528,14537,8,1,2
1/8/2017,9/27/2003,SO61694,537,14537,8,2,1
1/8/2017,10/28/2003,SO61670,481,15354,10,3,2
1/8/2017,9/25/2003,SO61670,485,15354,10,2,2
1/8/2017,10/2/2003,SO61670,358,15354,10,1,1
1/8/2017,9/22/2003,SO61695,536,20965,10,1,2
1/8/2017,10/3/2003,SO61731,479,23324,9,2,2
1/8/2017,11/19/2003,SO61731,605,23324,9,1,1
1/8/2017,11/29/2003,SO61721,569,24955,4,1,1
1/8/2017,11/25/2003,SO61667,235,15626,8,3,1
1/8/2017,12/13/2003,SO61667,354,15626,8,1,1
1/8/2017,12/11/2003,SO61667,487,15626,8,2,1
1/8/2017,11/5/2003,SO61710,474,14616,4,2,1
1/8/2017,11/21/2003,SO61710,590,14616,4,1,1
1/8/2017,11/19/2003,SO61676,538,28146,4,2,2
1/8/2017,9/26/2003,SO61676,214,28146,4,3,1
1/8/2017,9/20/2003,SO61676,529,28146,4,1,1
1/8/2017,11/1/2003,SO61696,480,20566,10,2,2
1/8/2017,12/11/2003,SO61696,535,20566,10,1,2
1/8/2017,9/17/2003,SO61711,223,14613,1,3,2
1/8/2017,11/28/2003,SO61711,475,14613,1,2,1
1/8/2017,9/20/2003,SO61711,491,14613,1,4,1
1/8/2017,10/29/2003,SO61711,588,14613,1,1,1
1/8/2017,11/30/2003,SO61712,358,15006,4,1,1
1/8/2017,11/11/2003,SO61665,223,19608,9,2,2
1/8/2017,10/3/2003,SO61665,530,19608,9,3,2
1/8/2017,9/16/2003,SO61665,541,19608,9,1,2
1/8/2017,10/13/2003,SO61698,480,24123,7,2,2
1/8/2017,10/27/2003,SO61698,530,24123,7,1,2
1/8/2017,10/9/2003,SO61674,529,11287,6,1,3
1/8/2017,9/23/2003,SO61674,487,11287,6,2,1
1/8/2017,10/31/2003,SO61681,480,23790,1,3,2
1/8/2017,12/20/2003,SO61681,484,23790,1,4,2
1/8/2017,12/21/2003,SO61681,529,23790,1,1,2
1/8/2017,10/26/2003,SO61681,540,23790,1,2,1
1/8/2017,9/20/2003,SO61684,480,24643,4,2,2
1/8/2017,11/14/2003,SO61684,540,24643,4,1,1
1/8/2017,9/27/2003,SO61677,462,26812,4,3,3
1/8/2017,12/18/2003,SO61677,530,26812,4,2,2
1/8/2017,10/19/2003,SO61677,541,26812,4,1,2
1/8/2017,12/1/2003,SO61692,480,20806,10,2,2
1/8/2017,9/24/2003,SO61692,539,20806,10,1,2
1/8/2017,12/16/2003,SO61716,223,26975,7,4,2
1/8/2017,11/3/2003,SO61716,477,26975,7,3,2
1/8/2017,9/27/2003,SO61716,479,26975,7,2,2
1/8/2017,10/4/2003,SO61716,586,26975,7,1,1
1/8/2017,12/12/2003,SO61666,480,24040,8,4,2
1/8/2017,9/13/2003,SO61666,529,24040,8,3,2
1/8/2017,12/3/2003,SO61666,371,24040,8,1,1
1/8/2017,11/15/2003,SO61666,540,24040,8,2,1
1/8/2017,9/16/2003,SO61693,539,17081,7,1,2
1/8/2017,11/30/2003,SO61693,235,17081,7,2,1
1/8/2017,11/16/2003,SO61713,485,14433,4,2,2
1/8/2017,9/10/2003,SO61713,356,14433,4,1,1
1/8/2017,10/14/2003,SO61719,477,13651,9,4,3
1/8/2017,9/21/2003,SO61719,223,13651,9,3,2
1/8/2017,9/10/2003,SO61719,478,13651,9,2,2
1/8/2017,10/26/2003,SO61719,354,13651,9,1,1
1/8/2017,11/30/2003,SO61730,564,11764,9,1,1
1/8/2017,11/3/2003,SO61658,485,22003,9,1,2
1/8/2017,9/25/2003,SO61658,214,22003,9,2,1
1/8/2017,10/28/2003,SO61724,220,25962,1,2,1
1/8/2017,9/15/2003,SO61724,564,25962,1,1,1
1/8/2017,12/22/2003,SO61727,215,17564,1,2,1
1/8/2017,11/26/2003,SO61727,583,17564,1,1,1
1/8/2017,11/12/2003,SO61659,480,23078,9,2,2
1/8/2017,10/24/2003,SO61659,484,23078,9,3,2
1/8/2017,12/9/2003,SO61659,530,23078,9,1,2
1/8/2017,9/23/2003,SO61660,480,23079,9,2,2
1/8/2017,12/3/2003,SO61660,530,23079,9,1,2
1/8/2017,10/30/2003,SO61715,480,28490,8,4,3
1/8/2017,10/1/2003,SO61715,541,28490,8,2,2
1/8/2017,10/27/2003,SO61715,530,28490,8,3,1
1/8/2017,10/13/2003,SO61715,565,28490,8,1,1
1/8/2017,12/15/2003,SO61671,358,12217,7,1,1
1/8/2017,10/27/2003,SO61707,528,11713,1,2,2
1/8/2017,10/21/2003,SO61707,214,11713,1,3,1
1/8/2017,12/17/2003,SO61707,489,11713,1,4,1
1/8/2017,9/23/2003,SO61707,537,11713,1,1,1
1/8/2017,9/27/2003,SO61709,479,11397,7,1,2
1/8/2017,9/27/2003,SO61709,464,11397,7,3,1
1/8/2017,10/10/2003,SO61709,477,11397,7,2,1
1/8/2017,9/20/2003,SO61706,480,12057,1,2,1
1/8/2017,10/26/2003,SO61706,537,12057,1,1,1
1/8/2017,9/14/2003,SO61687,482,28359,6,2,2
1/8/2017,9/15/2003,SO61687,476,28359,6,1,1
1/8/2017,11/27/2003,SO61700,480,25549,7,2,3
1/8/2017,10/1/2003,SO61700,530,25549,7,1,1
1/8/2017,11/13/2003,SO61690,485,13880,1,1,2
1/8/2017,10/4/2003,SO61690,235,13880,1,2,1
1/8/2017,11/26/2003,SO61689,528,15297,1,1,2
1/8/2017,12/18/2003,SO61689,214,15297,1,2,1
1/8/2017,12/2/2003,SO61702,480,11734,4,2,2
1/8/2017,9/27/2003,SO61702,537,11734,4,1,1
1/8/2017,9/23/2003,SO61664,464,11911,9,1,2
1/8/2017,11/29/2003,SO61699,480,26418,7,3,2
1/8/2017,12/5/2003,SO61699,530,26418,7,2,2
1/8/2017,12/9/2003,SO61699,541,26418,7,1,2
1/8/2017,9/24/2003,SO61701,223,25503,7,3,2
1/8/2017,11/1/2003,SO61701,530,25503,7,1,2
1/8/2017,9/10/2003,SO61701,215,25503,7,2,1
1/8/2017,11/30/2003,SO61672,477,12861,10,3,2
1/8/2017,11/24/2003,SO61672,478,12861,10,2,2
1/8/2017,12/6/2003,SO61672,214,12861,10,4,1
1/8/2017,11/4/2003,SO61672,360,12861,10,1,1
1/8/2017,11/16/2003,SO61718,226,26991,8,2,1
1/8/2017,10/11/2003,SO61718,560,26991,8,1,1
1/8/2017,9/16/2003,SO61657,223,19618,9,2,2
1/8/2017,10/10/2003,SO61657,538,19618,9,1,2
1/8/2017,11/8/2003,SO61678,530,26128,4,2,3
1/8/2017,10/4/2003,SO61678,541,26128,4,1,2
1/8/2017,10/3/2003,SO61678,220,26128,4,3,1
1/8/2017,12/21/2003,SO61705,480,14096,6,3,2
1/8/2017,9/19/2003,SO61705,528,14096,6,1,1
1/8/2017,10/22/2003,SO61705,537,14096,6,2,1
1/8/2017,9/11/2003,SO61669,354,12212,7,1,1
1/8/2017,9/29/2003,SO61683,529,24518,4,1,2
1/8/2017,9/15/2003,SO61683,540,24518,4,2,1
1/8/2017,12/18/2003,SO61697,477,23967,10,1,2
1/9/2017,10/2/2003,SO61754,464,14917,1,2,2
1/9/2017,11/6/2003,SO61754,528,14917,1,1,2
1/9/2017,12/25/2003,SO61754,220,14917,1,3,1
1/9/2017,12/11/2003,SO61771,485,14452,1,2,2
1/9/2017,9/23/2003,SO61771,215,14452,1,3,1
1/9/2017,11/2/2003,SO61771,352,14452,1,1,1
1/9/2017,10/16/2003,SO61746,223,18820,4,1,2
1/9/2017,11/26/2003,SO61746,475,18820,4,2,1
1/9/2017,10/23/2003,SO61767,477,12179,1,3,2
1/9/2017,11/16/2003,SO61767,478,12179,1,2,2
1/9/2017,12/17/2003,SO61767,354,12179,1,1,1
1/9/2017,10/19/2003,SO61778,215,26040,6,2,1
1/9/2017,12/19/2003,SO61778,584,26040,6,1,1
1/9/2017,10/1/2003,SO61756,220,13913,4,2,1
1/9/2017,9/11/2003,SO61756,226,13913,4,3,1
1/9/2017,11/21/2003,SO61756,485,13913,4,1,1
1/9/2017,9/23/2003,SO61752,477,17682,1,1,2
1/9/2017,11/25/2003,SO61752,472,17682,1,2,1
1/9/2017,9/15/2003,SO61734,214,11425,7,2,1
1/9/2017,10/31/2003,SO61734,597,11425,7,1,1
1/9/2017,12/23/2003,SO61737,480,11185,6,2,2
1/9/2017,11/15/2003,SO61737,529,11185,6,1,2
1/9/2017,11/7/2003,SO61750,477,11748,6,1,2
1/9/2017,10/26/2003,SO61781,214,11899,9,2,1
1/9/2017,10/6/2003,SO61781,561,11899,9,1,1
1/9/2017,10/18/2003,SO61755,528,15165,4,1,2
1/9/2017,12/24/2003,SO61755,220,15165,4,2,1
1/9/2017,11/6/2003,SO61774,528,13132,9,2,2
1/9/2017,11/15/2003,SO61774,214,13132,9,4,1
1/9/2017,10/2/2003,SO61774,358,13132,9,1,1
1/9/2017,12/1/2003,SO61774,537,13132,9,3,1
1/9/2017,9/27/2003,SO61766,214,14599,1,2,1
1/9/2017,10/20/2003,SO61766,356,14599,1,1,1
1/9/2017,11/1/2003,SO61751,223,16773,1,2,3
1/9/2017,12/11/2003,SO61751,477,16773,1,1,2
1/9/2017,10/19/2003,SO61747,475,18542,1,1,1
1/9/2017,11/22/2003,SO61747,489,18542,1,2,1
1/9/2017,9/23/2003,SO61739,535,21251,6,1,2
1/9/2017,10/28/2003,SO61740,536,12182,6,1,2
1/9/2017,12/11/2003,SO61776,574,26055,1,1,1
1/9/2017,11/14/2003,SO61749,477,17436,4,1,2
1/9/2017,12/6/2003,SO61732,462,14087,9,2,2
1/9/2017,11/30/2003,SO61732,535,14087,9,1,1
1/9/2017,10/19/2003,SO61769,484,12108,1,4,2
1/9/2017,11/26/2003,SO61769,528,12108,1,3,2
1/9/2017,10/6/2003,SO61769,356,12108,1,1,1
1/9/2017,10/20/2003,SO61769,537,12108,1,2,1
1/9/2017,9/19/2003,SO61743,477,13708,6,2,2
1/9/2017,11/1/2003,SO61743,478,13708,6,1,2
1/9/2017,12/20/2003,SO61773,223,20448,9,4,3
1/9/2017,11/9/2003,SO61773,477,20448,9,3,2
1/9/2017,12/7/2003,SO61773,479,20448,9,2,2
1/9/2017,11/13/2003,SO61773,379,20448,9,1,1
1/9/2017,12/16/2003,SO61761,480,21911,7,3,2
1/9/2017,10/26/2003,SO61761,529,21911,7,2,2
1/9/2017,11/21/2003,SO61761,538,21911,7,1,2
1/9/2017,11/22/2003,SO61768,485,14657,1,2,2
1/9/2017,12/20/2003,SO61768,215,14657,1,3,1
1/9/2017,10/1/2003,SO61768,352,14657,1,1,1
1/9/2017,12/15/2003,SO61770,480,12903,6,3,2
1/9/2017,10/6/2003,SO61770,358,12903,6,1,1
1/9/2017,9/30/2003,SO61770,537,12903,6,2,1
1/9/2017,11/30/2003,SO61758,476,14955,10,1,1
1/9/2017,11/14/2003,SO61733,484,11752,9,1,2
1/9/2017,12/5/2003,SO61760,480,25787,7,3,2
1/9/2017,11/7/2003,SO61760,529,25787,7,2,2
1/9/2017,12/3/2003,SO61760,538,25787,7,1,2
1/9/2017,9/12/2003,SO61736,214,25481,10,2,1
1/9/2017,11/17/2003,SO61736,375,25481,10,1,1
1/9/2017,12/12/2003,SO61745,474,15942,6,1,1
1/9/2017,9/14/2003,SO61763,223,16563,10,3,2
1/9/2017,10/31/2003,SO61763,530,16563,10,1,2
1/9/2017,10/15/2003,SO61763,214,16563,10,2,1
1/9/2017,12/4/2003,SO61759,223,19925,8,3,1
1/9/2017,10/21/2003,SO61759,235,19925,8,2,1
1/9/2017,12/6/2003,SO61759,539,19925,8,1,1
1/9/2017,10/28/2003,SO61780,477,20422,4,3,3
1/9/2017,12/4/2003,SO61780,389,20422,4,1,1
1/9/2017,12/14/2003,SO61780,479,20422,4,2,1
1/9/2017,10/9/2003,SO61753,528,22015,6,1,2
1/9/2017,11/25/2003,SO61765,480,15376,6,3,2
1/9/2017,11/29/2003,SO61765,528,15376,6,1,2
1/9/2017,10/12/2003,SO61765,537,15376,6,2,1
1/9/2017,9/27/2003,SO61782,223,28352,9,4,2
1/9/2017,12/7/2003,SO61782,477,28352,9,2,2
1/9/2017,9/26/2003,SO61782,479,28352,9,3,2
1/9/2017,9/16/2003,SO61782,605,28352,9,1,1
1/9/2017,10/5/2003,SO61779,462,22784,4,2,2
1/9/2017,11/15/2003,SO61779,604,22784,4,1,1
1/9/2017,11/12/2003,SO61738,535,26101,1,1,2
1/9/2017,10/3/2003,SO61744,477,20485,4,2,1
1/9/2017,10/11/2003,SO61744,478,20485,4,1,1
1/9/2017,12/10/2003,SO61741,477,22025,4,2,2
1/9/2017,12/20/2003,SO61741,478,22025,4,1,2
1/9/2017,11/13/2003,SO61735,478,15054,8,3,3
1/9/2017,11/22/2003,SO61735,477,15054,8,4,2
1/9/2017,9/12/2003,SO61735,485,15054,8,2,2
1/9/2017,12/8/2003,SO61735,596,15054,8,1,1
1/9/2017,9/17/2003,SO61748,476,19149,1,1,1
1/9/2017,9/27/2003,SO61748,489,19149,1,2,1
1/9/2017,9/13/2003,SO61757,485,13654,1,1,2
1/9/2017,11/6/2003,SO61757,215,13654,1,2,1
1/9/2017,10/16/2003,SO61772,479,23436,9,3,2
1/9/2017,9/14/2003,SO61772,477,23436,9,2,1
1/9/2017,10/31/2003,SO61772,489,23436,9,4,1
1/9/2017,10/28/2003,SO61772,581,23436,9,1,1
1/9/2017,11/30/2003,SO61777,477,23238,4,3,2
1/9/2017,11/27/2003,SO61777,479,23238,4,2,2
1/9/2017,9/27/2003,SO61777,471,23238,4,4,1
1/9/2017,11/26/2003,SO61777,605,23238,4,1,1
1/9/2017,9/15/2003,SO61762,530,12610,10,2,3
1/9/2017,10/9/2003,SO61762,223,12610,10,4,2
1/9/2017,12/16/2003,SO61762,229,12610,10,3,1
1/9/2017,12/5/2003,SO61762,541,12610,10,1,1
1/9/2017,11/15/2003,SO61742,477,21328,4,1,2
1/9/2017,10/8/2003,SO61742,478,21328,4,2,2
1/9/2017,9/17/2003,SO61742,214,21328,4,3,1
1/10/2017,10/24/2003,SO61832,480,13289,6,2,2
1/10/2017,11/11/2003,SO61832,537,13289,6,1,1
1/10/2017,9/25/2003,SO61819,477,23935,10,1,1
1/10/2017,11/28/2003,SO61813,484,15375,4,3,2
1/10/2017,10/11/2003,SO61813,528,15375,4,1,2
1/10/2017,9/23/2003,SO61813,487,15375,4,2,1
1/10/2017,9/19/2003,SO61853,223,20175,7,4,2
1/10/2017,12/6/2003,SO61853,220,20175,7,2,1
1/10/2017,10/19/2003,SO61853,229,20175,7,3,1
1/10/2017,11/15/2003,SO61853,381,20175,7,1,1
1/10/2017,9/14/2003,SO61797,491,29327,1,1,1
1/10/2017,12/24/2003,SO61814,528,15011,4,1,2
1/10/2017,10/21/2003,SO61814,214,15011,4,2,1
1/10/2017,11/13/2003,SO61814,235,15011,4,3,1
1/10/2017,12/10/2003,SO61821,220,26416,10,2,1
1/10/2017,11/25/2003,SO61821,229,26416,10,3,1
1/10/2017,10/16/2003,SO61821,529,26416,10,1,1
1/10/2017,10/28/2003,SO61792,529,25462,8,2,2
1/10/2017,10/16/2003,SO61792,539,25462,8,3,2
1/10/2017,10/22/2003,SO61792,214,25462,8,4,1
1/10/2017,10/10/2003,SO61792,580,25462,8,1,1
1/10/2017,11/7/2003,SO61811,223,18504,4,2,2
1/10/2017,10/9/2003,SO61811,229,18504,4,3,1
1/10/2017,10/9/2003,SO61811,475,18504,4,1,1
1/10/2017,12/16/2003,SO61809,477,19208,1,1,2
1/10/2017,11/2/2003,SO61809,481,19208,1,4,2
1/10/2017,11/27/2003,SO61809,214,19208,1,2,1
1/10/2017,12/24/2003,SO61809,232,19208,1,3,1
1/10/2017,11/21/2003,SO61802,536,22731,4,1,3
1/10/2017,10/27/2003,SO61802,528,22731,4,2,2
1/10/2017,11/30/2003,SO61802,214,22731,4,3,1
1/10/2017,12/14/2003,SO61812,528,23253,6,1,2
1/10/2017,12/22/2003,SO61812,220,23253,6,2,1
1/10/2017,11/22/2003,SO61829,530,16935,10,1,2
1/10/2017,11/16/2003,SO61829,229,16935,10,2,1
1/10/2017,10/4/2003,SO61803,528,18644,6,2,2
1/10/2017,10/25/2003,SO61803,536,18644,6,1,2
1/10/2017,12/21/2003,SO61834,480,14591,4,3,2
1/10/2017,12/23/2003,SO61834,536,14591,4,2,2
1/10/2017,9/28/2003,SO61834,589,14591,4,1,1
1/10/2017,12/1/2003,SO61815,528,20746,6,1,2
1/10/2017,12/26/2003,SO61815,235,20746,6,2,1
1/10/2017,10/11/2003,SO61825,223,11581,7,3,3
1/10/2017,10/12/2003,SO61825,477,11581,7,1,2
1/10/2017,11/9/2003,SO61825,491,11581,7,2,1
1/10/2017,9/17/2003,SO61846,491,26061,4,2,1
1/10/2017,9/15/2003,SO61846,575,26061,4,1,1
1/10/2017,9/18/2003,SO61845,462,13345,6,4,2
1/10/2017,11/4/2003,SO61845,530,13345,6,2,1
1/10/2017,11/6/2003,SO61845,541,13345,6,3,1
1/10/2017,11/6/2003,SO61845,575,13345,6,1,1
1/10/2017,10/9/2003,SO61855,564,11759,9,1,1
1/10/2017,10/28/2003,SO61827,530,27834,7,1,2
1/10/2017,12/5/2003,SO61827,223,27834,7,2,1
1/10/2017,9/30/2003,SO61795,477,15926,8,3,2
1/10/2017,11/18/2003,SO61795,478,15926,8,2,2
1/10/2017,9/25/2003,SO61795,214,15926,8,4,1
1/10/2017,12/26/2003,SO61795,356,15926,8,1,1
1/10/2017,9/27/2003,SO61783,535,13954,9,1,2
1/10/2017,12/5/2003,SO61831,528,12183,6,2,2
1/10/2017,11/18/2003,SO61831,472,12183,6,3,1
1/10/2017,12/22/2003,SO61831,537,12183,6,1,1
1/10/2017,10/26/2003,SO61823,529,20795,7,1,2
1/10/2017,11/29/2003,SO61794,356,15080,8,1,1
1/10/2017,11/10/2003,SO61826,480,27843,8,3,3
1/10/2017,11/19/2003,SO61826,529,27843,8,2,2
1/10/2017,12/12/2003,SO61826,538,27843,8,1,1
1/10/2017,12/13/2003,SO61849,480,26202,6,4,3
1/10/2017,10/19/2003,SO61849,538,26202,6,2,3
1/10/2017,9/19/2003,SO61849,529,26202,6,3,1
1/10/2017,12/19/2003,SO61849,584,26202,6,1,1
1/10/2017,12/3/2003,SO61788,529,26558,9,1,2
1/10/2017,11/13/2003,SO61788,480,26558,9,2,1
1/10/2017,11/23/2003,SO61843,530,28662,4,3,2
1/10/2017,10/26/2003,SO61843,541,28662,4,2,2
1/10/2017,10/2/2003,SO61843,577,28662,4,1,1
1/10/2017,11/3/2003,SO61810,474,18753,1,1,1
1/10/2017,9/26/2003,SO61810,491,18753,1,2,1
1/10/2017,11/18/2003,SO61824,541,28687,8,1,2
1/10/2017,10/19/2003,SO61785,528,16165,9,2,3
1/10/2017,11/27/2003,SO61785,480,16165,9,3,2
1/10/2017,10/19/2003,SO61785,484,16165,9,4,2
1/10/2017,9/27/2003,SO61785,536,16165,9,1,1
1/10/2017,12/8/2003,SO61841,491,23429,9,2,1
1/10/2017,11/29/2003,SO61841,580,23429,9,1,1
1/10/2017,10/15/2003,SO61844,223,26075,1,2,2
1/10/2017,11/18/2003,SO61844,564,26075,1,1,1
1/10/2017,12/10/2003,SO61816,528,16542,10,1,2
1/10/2017,11/12/2003,SO61816,215,16542,10,2,1
1/10/2017,10/15/2003,SO61842,485,13626,9,2,3
1/10/2017,11/30/2003,SO61842,477,13626,9,4,2
1/10/2017,12/25/2003,SO61842,478,13626,9,3,2
1/10/2017,9/15/2003,SO61842,360,13626,9,1,1
1/10/2017,12/12/2003,SO61842,487,13626,9,5,1
1/10/2017,10/12/2003,SO61848,220,25980,1,2,1
1/10/2017,12/23/2003,SO61848,564,25980,1,1,1
1/10/2017,12/9/2003,SO61852,477,17559,4,3,2
1/10/2017,10/9/2003,SO61852,479,17559,4,2,2
1/10/2017,10/18/2003,SO61852,215,17559,4,4,1
1/10/2017,12/15/2003,SO61852,580,17559,4,1,1
1/10/2017,12/13/2003,SO61805,223,28021,6,2,3
1/10/2017,11/14/2003,SO61805,474,28021,6,1,1
1/10/2017,11/22/2003,SO61838,223,14498,4,5,2
1/10/2017,12/16/2003,SO61838,477,14498,4,3,2
1/10/2017,12/5/2003,SO61838,229,14498,4,4,1
1/10/2017,11/22/2003,SO61838,356,14498,4,1,1
1/10/2017,10/2/2003,SO61838,478,14498,4,2,1
1/10/2017,9/16/2003,SO61791,529,18305,9,2,2
1/10/2017,11/14/2003,SO61791,540,18305,9,1,1
1/10/2017,9/22/2003,SO61799,529,29234,4,1,2
1/10/2017,10/15/2003,SO61799,539,29234,4,2,2
1/10/2017,9/13/2003,SO61798,484,29160,1,2,2
1/10/2017,11/4/2003,SO61798,529,29160,1,1,2
1/10/2017,11/18/2003,SO61790,529,16681,9,2,2
1/10/2017,9/13/2003,SO61790,540,16681,9,1,1
1/10/2017,9/25/2003,SO61840,480,28499,8,4,3
1/10/2017,12/16/2003,SO61840,530,28499,8,3,2
1/10/2017,9/14/2003,SO61840,541,28499,8,2,2
1/10/2017,11/10/2003,SO61840,572,28499,8,1,1
1/10/2017,10/25/2003,SO61854,530,28549,10,3,2
1/10/2017,10/12/2003,SO61854,541,28549,10,2,2
1/10/2017,11/25/2003,SO61854,575,28549,10,1,1
1/10/2017,11/8/2003,SO61796,462,15116,8,3,2
1/10/2017,10/31/2003,SO61796,485,15116,8,2,2
1/10/2017,12/9/2003,SO61796,358,15116,8,1,1
1/10/2017,12/2/2003,SO61807,477,17696,4,1,2
1/10/2017,11/27/2003,SO61807,220,17696,4,2,1
1/10/2017,10/16/2003,SO61789,483,17501,9,1,1
1/10/2017,11/3/2003,SO61847,479,25973,1,2,2
1/10/2017,11/14/2003,SO61847,574,25973,1,1,1
1/10/2017,9/30/2003,SO61820,528,20798,8,2,2
1/10/2017,10/7/2003,SO61820,215,20798,8,3,1
1/10/2017,12/9/2003,SO61820,488,20798,8,4,1
1/10/2017,12/10/2003,SO61820,536,20798,8,1,1
1/10/2017,11/18/2003,SO61828,530,26226,8,1,2
1/10/2017,9/12/2003,SO61833,214,12238,8,1,1
1/10/2017,10/20/2003,SO61835,480,14577,1,4,3
1/10/2017,11/2/2003,SO61835,528,14577,1,3,2
1/10/2017,11/17/2003,SO61835,536,14577,1,2,1
1/10/2017,11/6/2003,SO61835,590,14577,1,1,1
1/10/2017,10/9/2003,SO61808,477,17532,4,1,2
1/10/2017,10/24/2003,SO61850,214,22717,1,2,1
1/10/2017,10/31/2003,SO61850,605,22717,1,1,1
1/10/2017,9/20/2003,SO61837,462,12198,1,6,3
1/10/2017,12/14/2003,SO61837,477,12198,1,4,3
1/10/2017,10/12/2003,SO61837,485,12198,1,2,3
1/10/2017,11/8/2003,SO61837,478,12198,1,3,2
1/10/2017,9/23/2003,SO61837,214,12198,1,5,1
1/10/2017,12/4/2003,SO61837,360,12198,1,1,1
1/10/2017,11/13/2003,SO61784,528,18715,9,2,2
1/10/2017,9/12/2003,SO61784,536,18715,9,1,2
1/10/2017,10/19/2003,SO61784,215,18715,9,3,1
1/10/2017,10/16/2003,SO61836,466,19730,4,4,3
1/10/2017,12/3/2003,SO61836,478,19730,4,2,2
1/10/2017,10/13/2003,SO61836,214,19730,4,5,1
1/10/2017,12/10/2003,SO61836,477,19730,4,3,1
1/10/2017,12/26/2003,SO61836,594,19730,4,1,1
1/10/2017,12/23/2003,SO61804,478,23475,1,4,2
1/10/2017,9/23/2003,SO61804,485,23475,1,3,2
1/10/2017,12/18/2003,SO61804,528,23475,1,2,2
1/10/2017,12/23/2003,SO61804,536,23475,1,1,2
1/10/2017,10/7/2003,SO61804,487,23475,1,5,1
1/10/2017,12/1/2003,SO61787,226,17077,9,1,1
1/10/2017,11/13/2003,SO61793,226,21540,10,2,1
1/10/2017,11/20/2003,SO61793,587,21540,10,1,1
1/10/2017,11/19/2003,SO61800,528,11330,6,1,2
1/10/2017,9/20/2003,SO61800,535,11330,6,2,2
1/10/2017,10/10/2003,SO61800,235,11330,6,3,1
1/10/2017,9/24/2003,SO61851,477,19874,6,2,3
1/10/2017,11/5/2003,SO61851,220,19874,6,4,1
1/10/2017,11/30/2003,SO61851,383,19874,6,1,1
1/10/2017,9/24/2003,SO61851,479,19874,6,3,1
1/10/2017,11/24/2003,SO61817,529,28398,7,1,2
1/10/2017,10/28/2003,SO61817,214,28398,7,3,1
1/10/2017,11/5/2003,SO61817,540,28398,7,2,1
1/10/2017,12/26/2003,SO61801,528,12959,6,1,2
1/10/2017,9/28/2003,SO61801,536,12959,6,2,2
1/10/2017,11/24/2003,SO61786,223,27363,9,2,2
1/10/2017,11/18/2003,SO61786,476,27363,9,1,1
1/10/2017,12/3/2003,SO61786,491,27363,9,3,1
1/10/2017,11/28/2003,SO61818,528,20565,10,1,2
1/10/2017,11/14/2003,SO61818,535,20565,10,2,2
1/10/2017,9/19/2003,SO61818,214,20565,10,3,1
1/10/2017,11/20/2003,SO61822,223,22588,10,2,3
1/10/2017,12/1/2003,SO61822,477,22588,10,1,2
1/10/2017,11/28/2003,SO61822,214,22588,10,3,1
1/10/2017,10/22/2003,SO61806,235,19688,4,2,1
1/10/2017,9/22/2003,SO61806,475,19688,4,1,1
1/10/2017,12/24/2003,SO61839,541,17767,7,2,1
1/10/2017,10/28/2003,SO61839,585,17767,7,1,1
1/10/2017,10/28/2003,SO61830,528,11309,1,2,2
1/10/2017,11/3/2003,SO61830,537,11309,1,1,1
1/11/2017,11/30/2003,SO61879,235,14455,6,2,1
1/11/2017,11/24/2003,SO61879,476,14455,6,1,1
1/11/2017,11/16/2003,SO61918,477,17116,6,2,2
1/11/2017,11/28/2003,SO61918,229,17116,6,4,1
1/11/2017,12/12/2003,SO61918,479,17116,6,3,1
1/11/2017,11/8/2003,SO61918,582,17116,6,1,1
1/11/2017,11/23/2003,SO61856,477,11118,9,1,3
1/11/2017,12/10/2003,SO61856,484,11118,9,4,2
1/11/2017,9/25/2003,SO61856,478,11118,9,2,1
1/11/2017,12/25/2003,SO61856,487,11118,9,3,1
1/11/2017,12/23/2003,SO61888,529,25689,10,1,2
1/11/2017,9/19/2003,SO61888,480,25689,10,2,1
1/11/2017,10/9/2003,SO61910,595,12250,9,1,1
1/11/2017,12/10/2003,SO61883,485,21447,6,1,2
1/11/2017,9/16/2003,SO61867,538,27461,1,1,2
1/11/2017,11/25/2003,SO61867,220,27461,1,3,1
1/11/2017,11/5/2003,SO61867,232,27461,1,4,1
1/11/2017,11/28/2003,SO61867,529,27461,1,2,1
1/11/2017,9/29/2003,SO61885,485,16198,10,1,2
1/11/2017,9/28/2003,SO61885,473,16198,10,2,1
1/11/2017,12/8/2003,SO61908,479,17353,9,2,3
1/11/2017,10/12/2003,SO61908,477,17353,9,3,2
1/11/2017,10/25/2003,SO61908,371,17353,9,1,1
1/11/2017,10/21/2003,SO61920,223,11766,9,5,3
1/11/2017,11/5/2003,SO61920,479,11766,9,2,3
1/11/2017,10/10/2003,SO61920,477,11766,9,3,2
1/11/2017,11/26/2003,SO61920,490,11766,9,4,1
1/11/2017,9/24/2003,SO61920,576,11766,9,1,1
1/11/2017,10/25/2003,SO61880,474,19246,1,1,1
1/11/2017,10/31/2003,SO61874,481,23786,1,2,2
1/11/2017,11/9/2003,SO61874,536,23786,1,1,2
1/11/2017,12/14/2003,SO61899,477,12719,7,2,2
1/11/2017,12/27/2003,SO61899,478,12719,7,1,2
1/11/2017,9/29/2003,SO61884,466,15115,7,2,2
1/11/2017,11/7/2003,SO61884,475,15115,7,1,1
1/11/2017,9/22/2003,SO61865,530,28282,1,1,2
1/11/2017,12/3/2003,SO61860,223,22302,10,3,2
1/11/2017,10/29/2003,SO61860,489,22302,10,2,1
1/11/2017,11/16/2003,SO61860,581,22302,10,1,1
1/11/2017,9/24/2003,SO61859,220,15920,7,2,1
1/11/2017,11/16/2003,SO61859,581,15920,7,1,1
1/11/2017,9/17/2003,SO61886,480,13773,7,3,2
1/11/2017,11/29/2003,SO61886,528,13773,7,1,2
1/11/2017,10/23/2003,SO61886,537,13773,7,2,1
1/11/2017,12/18/2003,SO61857,215,15783,9,1,1
1/11/2017,9/26/2003,SO61890,480,26912,8,3,3
1/11/2017,10/20/2003,SO61890,529,26912,8,2,2
1/11/2017,12/18/2003,SO61890,538,26912,8,1,2
1/11/2017,12/24/2003,SO61909,599,12248,9,1,1
1/11/2017,12/10/2003,SO61858,488,14517,9,1,1
1/11/2017,11/27/2003,SO61862,485,12270,8,2,3
1/11/2017,10/3/2003,SO61862,354,12270,8,1,1
1/11/2017,10/22/2003,SO61862,471,12270,8,3,1
1/11/2017,9/24/2003,SO61902,481,15876,6,3,2
1/11/2017,11/10/2003,SO61902,485,15876,6,2,2
1/11/2017,12/26/2003,SO61902,356,15876,6,1,1
1/11/2017,12/24/2003,SO61907,379,20450,9,1,1
1/11/2017,12/17/2003,SO61878,475,18814,1,1,1
1/11/2017,12/3/2003,SO61919,223,29086,9,2,2
1/11/2017,10/19/2003,SO61919,490,29086,9,3,1
1/11/2017,10/12/2003,SO61919,585,29086,9,1,1
1/11/2017,9/13/2003,SO61913,356,11991,9,1,1
1/11/2017,10/15/2003,SO61871,536,23692,1,2,2
1/11/2017,9/18/2003,SO61871,484,23692,1,3,1
1/11/2017,9/22/2003,SO61871,528,23692,1,1,1
1/11/2017,9/19/2003,SO61894,214,12111,4,3,1
1/11/2017,9/14/2003,SO61894,528,12111,4,2,1
1/11/2017,10/2/2003,SO61894,537,12111,4,1,1
1/11/2017,12/1/2003,SO61875,477,23261,1,1,2
1/11/2017,10/9/2003,SO61875,478,23261,1,2,2
1/11/2017,10/14/2003,SO61875,484,23261,1,4,1
1/11/2017,10/27/2003,SO61875,487,23261,1,3,1
1/11/2017,11/22/2003,SO61881,223,18673,4,3,2
1/11/2017,10/9/2003,SO61881,226,18673,4,2,1
1/11/2017,12/1/2003,SO61881,476,18673,4,1,1
1/11/2017,9/15/2003,SO61916,214,20525,4,2,1
1/11/2017,11/15/2003,SO61916,381,20525,4,1,1
1/11/2017,11/27/2003,SO61866,529,11505,6,1,2
1/11/2017,9/19/2003,SO61866,539,11505,6,2,2
1/11/2017,11/9/2003,SO61866,215,11505,6,3,1
1/11/2017,10/28/2003,SO61873,477,17374,6,2,2
1/11/2017,9/14/2003,SO61873,478,17374,6,1,2
1/11/2017,9/17/2003,SO61873,484,17374,6,4,2
1/11/2017,10/18/2003,SO61873,487,17374,6,3,1
1/11/2017,11/29/2003,SO61911,360,13618,9,1,1
1/11/2017,9/20/2003,SO61903,485,14470,4,4,2
1/11/2017,11/3/2003,SO61903,528,14470,4,2,2
1/11/2017,12/20/2003,SO61903,356,14470,4,1,1
1/11/2017,11/9/2003,SO61903,537,14470,4,3,1
1/11/2017,12/24/2003,SO61872,464,22087,4,4,2
1/11/2017,10/29/2003,SO61872,220,22087,4,3,1
1/11/2017,11/24/2003,SO61872,528,22087,4,1,1
1/11/2017,9/21/2003,SO61872,536,22087,4,2,1
1/11/2017,11/4/2003,SO61891,477,24568,10,1,3
1/11/2017,12/9/2003,SO61891,223,24568,10,2,2
1/11/2017,12/20/2003,SO61895,480,11869,6,2,2
1/11/2017,11/24/2003,SO61895,537,11869,6,1,1
1/11/2017,12/3/2003,SO61914,488,26056,4,2,1
1/11/2017,10/12/2003,SO61914,562,26056,4,1,1
1/11/2017,12/14/2003,SO61887,528,20595,7,2,2
1/11/2017,11/11/2003,SO61887,536,20595,7,1,2
1/11/2017,12/9/2003,SO61887,214,20595,7,3,1
1/11/2017,11/24/2003,SO61912,214,13629,9,3,1
1/11/2017,11/30/2003,SO61912,226,13629,9,4,1
1/11/2017,11/2/2003,SO61912,356,13629,9,1,1
1/11/2017,10/17/2003,SO61912,485,13629,9,2,1
1/11/2017,10/30/2003,SO61892,480,29417,8,3,2
1/11/2017,12/24/2003,SO61892,530,29417,8,1,2
1/11/2017,10/28/2003,SO61892,541,29417,8,2,2
1/11/2017,12/26/2003,SO61892,486,29417,8,4,1
1/11/2017,12/6/2003,SO61901,475,14636,1,2,1
1/11/2017,9/16/2003,SO61901,588,14636,1,1,1
1/11/2017,9/18/2003,SO61921,481,23320,9,2,2
1/11/2017,10/11/2003,SO61921,605,23320,9,1,1
1/11/2017,10/31/2003,SO61896,528,11852,4,2,2
1/11/2017,12/14/2003,SO61896,220,11852,4,3,1
1/11/2017,9/18/2003,SO61896,537,11852,4,1,1
1/11/2017,11/17/2003,SO61900,220,11602,8,1,1
1/11/2017,11/12/2003,SO61905,223,13591,10,5,2
1/11/2017,9/26/2003,SO61905,477,13591,10,2,2
1/11/2017,9/13/2003,SO61905,479,13591,10,3,2
1/11/2017,12/5/2003,SO61905,214,13591,10,4,1
1/11/2017,12/15/2003,SO61905,574,13591,10,1,1
1/11/2017,12/7/2003,SO61898,485,15864,6,1,2
1/11/2017,9/19/2003,SO61889,464,24851,10,1,2
1/11/2017,12/14/2003,SO61889,477,24851,10,2,2
1/11/2017,10/19/2003,SO61917,387,21333,1,1,1
1/11/2017,10/16/2003,SO61917,491,21333,1,2,1
1/11/2017,12/13/2003,SO61904,478,14447,1,2,2
1/11/2017,9/29/2003,SO61904,232,14447,1,4,1
1/11/2017,10/7/2003,SO61904,354,14447,1,1,1
1/11/2017,12/22/2003,SO61904,477,14447,1,3,1
1/11/2017,12/26/2003,SO61882,485,14352,1,1,2
1/11/2017,11/17/2003,SO61882,471,14352,1,2,1
1/11/2017,10/31/2003,SO61870,480,26275,1,2,2
1/11/2017,10/23/2003,SO61870,535,26275,1,1,1
1/11/2017,11/13/2003,SO61876,477,21814,1,2,2
1/11/2017,9/20/2003,SO61876,478,21814,1,1,2
1/11/2017,10/21/2003,SO61915,541,24654,4,2,2
1/11/2017,11/7/2003,SO61915,214,24654,4,4,1
1/11/2017,10/30/2003,SO61915,530,24654,4,3,1
1/11/2017,10/20/2003,SO61915,562,24654,4,1,1
1/11/2017,10/4/2003,SO61861,373,20825,10,1,1
1/11/2017,11/11/2003,SO61906,477,23425,9,2,2
1/11/2017,11/28/2003,SO61906,479,23425,9,3,2
1/11/2017,10/10/2003,SO61906,487,23425,9,4,1
1/11/2017,12/17/2003,SO61906,582,23425,9,1,1
1/11/2017,10/8/2003,SO61877,478,20449,4,1,2
1/11/2017,10/23/2003,SO61868,464,24826,1,4,2
1/11/2017,12/15/2003,SO61868,529,24826,1,2,2
1/11/2017,11/11/2003,SO61868,215,24826,1,3,1
1/11/2017,12/7/2003,SO61868,540,24826,1,1,1
1/11/2017,10/9/2003,SO61863,232,11846,4,1,1
1/11/2017,12/14/2003,SO61897,485,14341,6,3,2
1/11/2017,12/9/2003,SO61897,528,14341,6,2,2
1/11/2017,10/16/2003,SO61897,235,14341,6,4,1
1/11/2017,9/27/2003,SO61897,537,14341,6,1,1
1/11/2017,10/14/2003,SO61869,540,24774,1,1,1
1/11/2017,10/2/2003,SO61893,223,16579,10,4,2
1/11/2017,10/20/2003,SO61893,477,16579,10,3,2
1/11/2017,10/23/2003,SO61893,479,16579,10,2,2
1/11/2017,12/18/2003,SO61893,530,16579,10,1,1
1/12/2017,10/17/2003,SO61948,484,14576,1,2,2
1/12/2017,12/24/2003,SO61948,589,14576,1,1,1
1/12/2017,11/9/2003,SO61930,480,28009,4,2,2
1/12/2017,9/27/2003,SO61930,530,28009,4,1,1
1/12/2017,9/21/2003,SO61940,528,20968,10,1,2
1/12/2017,11/1/2003,SO61940,536,20968,10,2,2
1/12/2017,12/18/2003,SO61969,223,11900,9,4,2
1/12/2017,10/21/2003,SO61969,220,11900,9,2,1
1/12/2017,10/20/2003,SO61969,489,11900,9,3,1
1/12/2017,10/2/2003,SO61969,573,11900,9,1,1
1/12/2017,12/7/2003,SO61947,485,12971,4,1,3
1/12/2017,12/3/2003,SO61954,220,28557,10,2,1
1/12/2017,12/22/2003,SO61954,561,28557,10,1,1
1/12/2017,10/24/2003,SO61943,477,24188,10,1,2
1/12/2017,11/30/2003,SO61943,484,24188,10,2,2
1/12/2017,9/19/2003,SO61958,529,25218,9,2,2
1/12/2017,12/8/2003,SO61958,539,25218,9,3,2
1/12/2017,9/17/2003,SO61958,215,25218,9,4,1
1/12/2017,11/9/2003,SO61958,385,25218,9,1,1
1/12/2017,10/22/2003,SO61966,229,24051,10,2,1
1/12/2017,12/11/2003,SO61966,381,24051,10,1,1
1/12/2017,11/5/2003,SO61971,462,27501,9,4,3
1/12/2017,11/17/2003,SO61971,477,27501,9,2,2
1/12/2017,12/16/2003,SO61971,479,27501,9,3,2
1/12/2017,9/15/2003,SO61971,584,27501,9,1,1
1/12/2017,12/2/2003,SO61929,529,11181,4,1,3
1/12/2017,11/4/2003,SO61959,383,24504,9,1,1
1/12/2017,12/27/2003,SO61968,479,11896,9,2,2
1/12/2017,10/23/2003,SO61968,484,11896,9,3,2
1/12/2017,9/18/2003,SO61968,576,11896,9,1,1
1/12/2017,10/19/2003,SO61944,541,26410,7,1,2
1/12/2017,12/13/2003,SO61951,352,14471,4,1,1
1/12/2017,11/24/2003,SO61951,537,14471,4,2,1
1/12/2017,12/2/2003,SO61957,477,20614,9,3,2
1/12/2017,12/20/2003,SO61957,479,20614,9,2,2
1/12/2017,12/1/2003,SO61957,377,20614,9,1,1
1/12/2017,12/4/2003,SO61935,223,20128,1,2,2
1/12/2017,11/25/2003,SO61935,476,20128,1,1,1
1/12/2017,12/25/2003,SO61941,477,24576,10,1,2
1/12/2017,10/27/2003,SO61941,214,24576,10,2,1
1/12/2017,11/21/2003,SO61941,232,24576,10,3,1
1/12/2017,11/23/2003,SO61928,489,11502,6,1,1
1/12/2017,11/14/2003,SO61945,480,12166,6,2,2
1/12/2017,10/17/2003,SO61945,537,12166,6,1,1
1/12/2017,11/13/2003,SO61946,477,17374,6,2,2
1/12/2017,9/30/2003,SO61946,478,17374,6,3,2
1/12/2017,12/21/2003,SO61946,480,17374,6,4,2
1/12/2017,12/28/2003,SO61946,485,17374,6,1,2
1/12/2017,12/15/2003,SO61962,223,25990,1,3,2
1/12/2017,10/9/2003,SO61962,488,25990,1,2,1
1/12/2017,9/24/2003,SO61962,574,25990,1,1,1
1/12/2017,10/3/2003,SO61937,477,16154,4,1,2
1/12/2017,10/22/2003,SO61965,214,20682,4,2,1
1/12/2017,9/14/2003,SO61965,580,20682,4,1,1
1/12/2017,12/18/2003,SO61926,489,11253,6,1,1
1/12/2017,11/2/2003,SO61927,480,11253,6,1,2
1/12/2017,10/15/2003,SO61931,530,27619,4,1,3
1/12/2017,10/25/2003,SO61931,541,27619,4,2,2
1/12/2017,11/21/2003,SO61953,480,15846,6,4,2
1/12/2017,10/4/2003,SO61953,528,15846,6,2,2
1/12/2017,12/10/2003,SO61953,362,15846,6,1,1
1/12/2017,12/13/2003,SO61953,486,15846,6,5,1
1/12/2017,9/28/2003,SO61953,537,15846,6,3,1
1/12/2017,11/18/2003,SO61949,485,15906,6,2,3
1/12/2017,12/26/2003,SO61949,354,15906,6,1,1
1/12/2017,9/18/2003,SO61967,226,24101,10,2,1
1/12/2017,11/25/2003,SO61967,387,24101,10,1,1
1/12/2017,10/3/2003,SO61932,528,13268,6,1,2
1/12/2017,11/13/2003,SO61932,536,13268,6,2,2
1/12/2017,11/16/2003,SO61932,220,13268,6,3,1
1/12/2017,10/20/2003,SO61956,220,20452,9,5,1
1/12/2017,10/20/2003,SO61956,379,20452,9,1,1
1/12/2017,10/16/2003,SO61956,473,20452,9,4,1
1/12/2017,11/28/2003,SO61956,529,20452,9,3,1
1/12/2017,12/11/2003,SO61956,540,20452,9,2,1
1/12/2017,9/16/2003,SO61963,215,26060,4,2,1
1/12/2017,10/13/2003,SO61963,562,26060,4,1,1
1/12/2017,11/4/2003,SO61955,223,25758,8,3,2
1/12/2017,10/28/2003,SO61955,214,25758,8,2,1
1/12/2017,11/30/2003,SO61955,573,25758,8,1,1
1/12/2017,10/21/2003,SO61936,477,17432,1,1,2
1/12/2017,10/5/2003,SO61964,529,22749,1,3,2
1/12/2017,11/3/2003,SO61964,214,22749,1,4,1
1/12/2017,11/1/2003,SO61964,538,22749,1,2,1
1/12/2017,11/3/2003,SO61964,604,22749,1,1,1
1/12/2017,11/28/2003,SO61934,462,17410,6,3,2
1/12/2017,10/27/2003,SO61934,235,17410,6,2,1
1/12/2017,9/27/2003,SO61934,474,17410,6,1,1
1/12/2017,10/10/2003,SO61942,529,23956,8,1,2
1/12/2017,11/7/2003,SO61942,472,23956,8,2,1
1/12/2017,12/12/2003,SO61924,480,25233,9,2,2
1/12/2017,12/6/2003,SO61924,528,25233,9,1,2
1/12/2017,12/10/2003,SO61950,485,14601,4,2,2
1/12/2017,12/3/2003,SO61950,214,14601,4,3,1
1/12/2017,11/19/2003,SO61950,356,14601,4,1,1
1/12/2017,10/14/2003,SO61960,479,25231,9,3,3
1/12/2017,10/30/2003,SO61960,383,25231,9,1,1
1/12/2017,11/12/2003,SO61960,477,25231,9,2,1
1/12/2017,10/5/2003,SO61960,487,25231,9,4,1
1/12/2017,12/11/2003,SO61923,485,18270,9,1,2
1/12/2017,12/1/2003,SO61923,473,18270,9,2,1
1/12/2017,12/4/2003,SO61970,479,27877,9,2,3
1/12/2017,11/6/2003,SO61970,477,27877,9,3,2
1/12/2017,9/25/2003,SO61970,579,27877,9,1,1
1/12/2017,12/11/2003,SO61938,485,13876,4,1,2
1/12/2017,12/15/2003,SO61933,478,21771,4,1,3
1/12/2017,10/25/2003,SO61933,477,21771,4,2,2
1/12/2017,12/11/2003,SO61933,484,21771,4,3,2
1/12/2017,11/29/2003,SO61925,226,19324,7,2,1
1/12/2017,9/21/2003,SO61925,588,19324,7,1,1
1/12/2017,10/26/2003,SO61952,480,14451,4,4,2
1/12/2017,11/7/2003,SO61952,354,14451,4,1,1
1/12/2017,9/18/2003,SO61952,528,14451,4,3,1
1/12/2017,10/11/2003,SO61952,537,14451,4,2,1
1/12/2017,9/26/2003,SO61961,223,23276,4,1,2
1/12/2017,10/20/2003,SO61961,573,23276,4,2,1
1/12/2017,9/26/2003,SO61939,540,15712,10,1,1
1/12/2017,11/21/2003,SO61922,485,19098,9,1,3
1/12/2017,12/5/2003,SO61922,215,19098,9,2,1
1/12/2017,11/25/2003,SO61922,223,19098,9,3,1
1/12/2017,10/21/2003,SO61922,490,19098,9,4,1
1/13/2017,10/31/2003,SO62005,485,12042,1,2,2
1/13/2017,12/22/2003,SO62005,356,12042,1,1,1
1/13/2017,12/14/2003,SO62005,487,12042,1,3,1
1/13/2017,10/28/2003,SO61990,477,13289,6,1,2
1/13/2017,10/6/2003,SO61994,485,18081,6,1,2
1/13/2017,12/17/2003,SO61984,480,16247,6,2,2
1/13/2017,11/30/2003,SO61984,540,16247,6,1,1
1/13/2017,11/13/2003,SO62009,528,13647,9,3,2
1/13/2017,10/28/2003,SO62009,354,13647,9,1,1
1/13/2017,11/11/2003,SO62009,537,13647,9,2,1
1/13/2017,12/6/2003,SO62003,477,14485,4,3,2
1/13/2017,10/6/2003,SO62003,478,14485,4,2,2
1/13/2017,11/2/2003,SO62003,480,14485,4,4,2
1/13/2017,10/15/2003,SO62003,362,14485,4,1,1
1/13/2017,11/12/2003,SO61982,530,11501,6,1,2
1/13/2017,9/16/2003,SO61982,487,11501,6,2,1
1/13/2017,12/29/2003,SO62012,477,25943,4,2,3
1/13/2017,10/10/2003,SO62012,479,25943,4,3,2
1/13/2017,9/18/2003,SO62012,215,25943,4,4,1
1/13/2017,10/9/2003,SO62012,573,25943,4,1,1
1/13/2017,9/16/2003,SO61985,480,24263,4,2,2
1/13/2017,10/6/2003,SO61985,540,24263,4,1,1
1/13/2017,11/28/2003,SO61983,480,27648,1,2,3
1/13/2017,9/25/2003,SO61983,538,27648,1,1,2
1/13/2017,12/6/2003,SO62021,480,23100,9,3,3
1/13/2017,12/22/2003,SO62021,538,23100,9,2,2
1/13/2017,12/5/2003,SO62021,604,23100,9,1,1
1/13/2017,10/7/2003,SO62008,383,24505,9,1,1
1/13/2017,12/11/2003,SO61977,214,11116,9,3,1
1/13/2017,11/22/2003,SO61977,473,11116,9,4,1
1/13/2017,10/21/2003,SO61977,477,11116,9,1,1
1/13/2017,10/20/2003,SO61977,478,11116,9,2,1
1/13/2017,11/29/2003,SO62002,477,15908,4,3,3
1/13/2017,11/23/2003,SO62002,478,15908,4,4,2
1/13/2017,10/24/2003,SO62002,485,15908,4,2,2
1/13/2017,9/27/2003,SO62002,488,15908,4,5,1
1/13/2017,10/19/2003,SO62002,596,15908,4,1,1
1/13/2017,10/24/2003,SO61987,529,24261,4,2,2
1/13/2017,11/9/2003,SO61987,215,24261,4,3,1
1/13/2017,10/17/2003,SO61987,540,24261,4,1,1
1/13/2017,12/7/2003,SO62016,529,20145,7,2,2
1/13/2017,12/29/2003,SO62016,539,20145,7,3,2
1/13/2017,12/3/2003,SO62016,220,20145,7,4,1
1/13/2017,10/14/2003,SO62016,381,20145,7,1,1
1/13/2017,9/21/2003,SO62015,214,20437,4,2,1
1/13/2017,10/9/2003,SO62015,385,20437,4,1,1
1/13/2017,11/29/2003,SO62018,575,11906,9,1,1
1/13/2017,10/30/2003,SO61992,528,21725,6,1,2
1/13/2017,12/5/2003,SO61976,462,12038,9,3,3
1/13/2017,11/22/2003,SO61976,528,12038,9,1,3
1/13/2017,10/2/2003,SO61976,220,12038,9,2,1
1/13/2017,12/21/2003,SO61981,485,16054,10,2,2
1/13/2017,11/2/2003,SO61981,220,16054,10,3,1
1/13/2017,12/18/2003,SO61981,588,16054,10,1,1
1/13/2017,11/22/2003,SO61993,485,13902,4,1,3
1/13/2017,9/16/2003,SO61980,477,17632,10,3,2
1/13/2017,11/5/2003,SO61980,478,17632,10,2,2
1/13/2017,12/18/2003,SO61980,215,17632,10,4,1
1/13/2017,10/7/2003,SO61980,589,17632,10,1,1
1/13/2017,9/22/2003,SO61998,537,11858,4,1,1
1/13/2017,12/8/2003,SO61974,528,16711,9,2,2
1/13/2017,10/13/2003,SO61974,220,16711,9,3,1
1/13/2017,9/27/2003,SO61974,536,16711,9,1,1
1/13/2017,11/19/2003,SO61973,528,16704,9,1,3
1/13/2017,9/17/2003,SO61973,480,16704,9,3,2
1/13/2017,12/9/2003,SO61973,536,16704,9,2,2
1/13/2017,12/17/2003,SO62013,477,22234,6,3,2
1/13/2017,12/16/2003,SO62013,479,22234,6,2,2
1/13/2017,12/26/2003,SO62013,561,22234,6,1,1
1/13/2017,11/3/2003,SO62000,481,13331,4,3,2
1/13/2017,11/9/2003,SO62000,485,13331,4,1,2
1/13/2017,10/17/2003,SO62000,220,13331,4,2,1
1/13/2017,12/5/2003,SO62001,474,14867,6,2,1
1/13/2017,12/9/2003,SO62001,589,14867,6,1,1
1/13/2017,11/13/2003,SO61988,478,21724,4,1,3
1/13/2017,12/17/2003,SO61988,477,21724,4,2,2
1/13/2017,10/26/2003,SO61999,477,11342,7,1,2
1/13/2017,10/21/2003,SO61999,479,11342,7,2,2
1/13/2017,9/30/2003,SO61999,215,11342,7,3,1
1/13/2017,11/15/2003,SO61978,529,27491,9,1,2
1/13/2017,11/26/2003,SO61978,215,27491,9,2,1
1/13/2017,11/28/2003,SO62020,462,11767,9,3,2
1/13/2017,10/1/2003,SO62020,214,11767,9,2,1
1/13/2017,10/23/2003,SO62020,576,11767,9,1,1
1/13/2017,10/30/2003,SO62014,562,25979,1,1,1
1/13/2017,11/12/2003,SO61997,528,11795,4,1,2
1/13/2017,12/9/2003,SO61997,537,11795,4,2,1
1/13/2017,11/20/2003,SO62017,584,12807,8,1,1
1/13/2017,10/13/2003,SO62006,223,24201,7,3,2
1/13/2017,9/19/2003,SO62006,220,24201,7,2,1
1/13/2017,9/30/2003,SO62006,575,24201,7,1,1
1/13/2017,9/22/2003,SO61972,484,11882,1,1,2
1/13/2017,10/18/2003,SO62007,580,23433,9,1,1
1/13/2017,10/1/2003,SO61995,480,19507,7,2,2
1/13/2017,11/12/2003,SO61995,529,19507,7,1,2
1/13/2017,11/3/2003,SO62010,528,13649,9,2,2
1/13/2017,10/27/2003,SO62010,214,13649,9,4,1
1/13/2017,10/26/2003,SO62010,362,13649,9,1,1
1/13/2017,12/27/2003,SO62010,537,13649,9,3,1
1/13/2017,11/2/2003,SO61991,478,27633,6,2,3
1/13/2017,10/25/2003,SO61991,477,27633,6,3,2
1/13/2017,9/27/2003,SO61991,480,27633,6,4,2
1/13/2017,11/25/2003,SO61991,528,27633,6,1,2
1/13/2017,11/1/2003,SO61996,529,27938,10,1,2
1/13/2017,11/11/2003,SO61996,215,27938,10,2,1
1/13/2017,9/25/2003,SO61989,477,21692,1,2,3
1/13/2017,11/22/2003,SO61989,478,21692,1,1,2
1/13/2017,9/24/2003,SO61986,536,23333,1,2,2
1/13/2017,11/27/2003,SO61986,215,23333,1,3,1
1/13/2017,12/7/2003,SO61986,235,23333,1,4,1
1/13/2017,9/20/2003,SO61986,528,23333,1,1,1
1/13/2017,11/25/2003,SO62019,215,14224,9,2,1
1/13/2017,9/21/2003,SO62019,560,14224,9,1,1
1/13/2017,11/7/2003,SO61979,477,24870,10,2,2
1/13/2017,12/20/2003,SO61979,479,24870,10,3,2
1/13/2017,10/16/2003,SO61979,377,24870,10,1,1
1/13/2017,10/3/2003,SO62004,485,15905,6,2,2
1/13/2017,11/24/2003,SO62004,352,15905,6,1,1
1/13/2017,11/9/2003,SO62004,486,15905,6,3,1
1/13/2017,12/14/2003,SO62011,482,23819,6,2,2
1/13/2017,10/5/2003,SO62011,579,23819,6,1,1
1/13/2017,12/29/2003,SO61975,480,21971,9,2,2
1/13/2017,11/18/2003,SO61975,536,21971,9,1,2
1/14/2017,10/17/2003,SO62037,530,28187,4,1,2
1/14/2017,12/12/2003,SO62037,214,28187,4,2,1
1/14/2017,11/15/2003,SO62066,528,14617,1,3,2
1/14/2017,9/17/2003,SO62066,536,14617,1,2,2
1/14/2017,11/25/2003,SO62066,215,14617,1,4,1
1/14/2017,12/1/2003,SO62066,588,14617,1,1,1
1/14/2017,9/19/2003,SO62064,215,13444,4,2,1
1/14/2017,9/20/2003,SO62064,485,13444,4,1,1
1/14/2017,9/22/2003,SO62027,214,15146,9,1,1
1/14/2017,10/14/2003,SO62039,540,24512,4,1,1
1/14/2017,10/17/2003,SO62049,477,17547,4,1,1
1/14/2017,12/19/2003,SO62040,536,12196,6,2,2
1/14/2017,12/26/2003,SO62040,215,12196,6,3,1
1/14/2017,11/22/2003,SO62040,528,12196,6,1,1
1/14/2017,11/15/2003,SO62023,528,11370,9,2,2
1/14/2017,10/21/2003,SO62023,535,11370,9,1,2
1/14/2017,11/26/2003,SO62042,529,24624,4,2,3
1/14/2017,10/1/2003,SO62042,480,24624,4,3,2
1/14/2017,10/14/2003,SO62042,540,24624,4,1,1
1/14/2017,10/4/2003,SO62031,477,19626,9,2,2
1/14/2017,12/4/2003,SO62031,479,19626,9,1,2
1/14/2017,12/19/2003,SO62026,491,17061,9,1,1
1/14/2017,12/16/2003,SO62083,383,27798,8,1,1
1/14/2017,11/21/2003,SO62083,490,27798,8,2,1
1/14/2017,11/13/2003,SO62069,477,14656,1,3,3
1/14/2017,11/7/2003,SO62069,478,14656,1,2,2
1/14/2017,12/9/2003,SO62069,229,14656,1,4,1
1/14/2017,11/21/2003,SO62069,356,14656,1,1,1
1/14/2017,9/23/2003,SO62055,477,19306,7,1,2
1/14/2017,12/6/2003,SO62055,466,19306,7,2,1
1/14/2017,10/22/2003,SO62035,214,14428,8,2,1
1/14/2017,12/10/2003,SO62035,360,14428,8,1,1
1/14/2017,10/9/2003,SO62080,604,23257,4,1,1
1/14/2017,12/17/2003,SO62072,477,14461,1,3,2
1/14/2017,12/1/2003,SO62072,478,14461,1,2,2
1/14/2017,12/2/2003,SO62072,358,14461,1,1,1
1/14/2017,12/1/2003,SO62053,223,16584,10,3,2
1/14/2017,11/17/2003,SO62053,474,16584,10,1,1
1/14/2017,12/16/2003,SO62053,489,16584,10,2,1
1/14/2017,12/7/2003,SO62059,529,18619,8,1,3
1/14/2017,9/30/2003,SO62059,214,18619,8,2,1
1/14/2017,10/6/2003,SO62032,583,21679,10,1,1
1/14/2017,12/13/2003,SO62036,529,11142,6,2,3
1/14/2017,11/9/2003,SO62036,539,11142,6,1,3
1/14/2017,12/23/2003,SO62036,220,11142,6,3,1
1/14/2017,12/11/2003,SO62060,223,28879,10,4,2
1/14/2017,12/13/2003,SO62060,529,28879,10,1,2
1/14/2017,12/28/2003,SO62060,215,28879,10,3,1
1/14/2017,10/15/2003,SO62060,487,28879,10,2,1
1/14/2017,11/25/2003,SO62046,475,19715,4,1,1
1/14/2017,11/12/2003,SO62046,488,19715,4,2,1
1/14/2017,10/8/2003,SO62079,528,13645,9,3,2
1/14/2017,10/12/2003,SO62079,220,13645,9,4,1
1/14/2017,12/4/2003,SO62079,358,13645,9,1,1
1/14/2017,10/29/2003,SO62079,537,13645,9,2,1
1/14/2017,11/20/2003,SO62086,214,22582,9,2,1
1/14/2017,12/5/2003,SO62086,604,22582,9,1,1
1/14/2017,11/8/2003,SO62054,528,17712,7,1,2
1/14/2017,10/31/2003,SO62054,536,17712,7,2,2
1/14/2017,10/28/2003,SO62054,485,17712,7,3,1
1/14/2017,10/23/2003,SO62050,528,14729,4,1,2
1/14/2017,9/26/2003,SO62025,488,18727,9,1,1
1/14/2017,9/23/2003,SO62022,484,11507,6,1,2
1/14/2017,12/18/2003,SO62043,477,23693,4,2,3
1/14/2017,9/17/2003,SO62043,536,23693,4,1,2
1/14/2017,10/11/2003,SO62043,220,23693,4,3,1
1/14/2017,12/4/2003,SO62043,235,23693,4,4,1
1/14/2017,10/24/2003,SO62029,223,17327,9,1,2
1/14/2017,11/4/2003,SO62067,478,13029,1,2,2
1/14/2017,11/3/2003,SO62067,587,13029,1,1,1
1/14/2017,11/21/2003,SO62074,220,28500,8,2,1
1/14/2017,10/23/2003,SO62074,565,28500,8,1,1
1/14/2017,12/6/2003,SO62028,229,14665,9,1,1
1/14/2017,11/17/2003,SO62081,477,23266,1,2,2
1/14/2017,9/28/2003,SO62081,226,23266,1,4,1
1/14/2017,11/22/2003,SO62081,479,23266,1,3,1
1/14/2017,11/11/2003,SO62081,584,23266,1,1,1
1/14/2017,12/7/2003,SO62038,528,26516,4,2,2
1/14/2017,12/6/2003,SO62038,480,26516,4,3,1
1/14/2017,11/18/2003,SO62038,535,26516,4,1,1
1/14/2017,11/18/2003,SO62082,477,22788,4,3,3
1/14/2017,9/19/2003,SO62082,232,22788,4,4,1
1/14/2017,11/23/2003,SO62082,479,22788,4,2,1
1/14/2017,10/21/2003,SO62082,606,22788,4,1,1
1/14/2017,10/2/2003,SO62077,356,13129,9,1,1
1/14/2017,9/28/2003,SO62077,537,13129,9,2,1
1/14/2017,11/19/2003,SO62084,489,11903,9,2,1
1/14/2017,12/25/2003,SO62084,575,11903,9,1,1
1/14/2017,9/30/2003,SO62076,484,20258,9,2,2
1/14/2017,10/22/2003,SO62076,371,20258,9,1,1
1/14/2017,12/6/2003,SO62041,535,17371,6,1,2
1/14/2017,10/5/2003,SO62041,214,17371,6,3,1
1/14/2017,12/27/2003,SO62041,528,17371,6,2,1
1/14/2017,10/15/2003,SO62075,223,19325,8,1,2
1/14/2017,9/21/2003,SO62075,578,19325,8,2,1
1/14/2017,10/4/2003,SO62057,466,22390,8,2,2
1/14/2017,9/25/2003,SO62057,477,22390,8,1,2
1/14/2017,10/30/2003,SO62065,214,12236,8,1,1
1/14/2017,10/6/2003,SO62073,360,12033,1,1,1
1/14/2017,11/27/2003,SO62073,485,12033,1,2,1
1/14/2017,12/7/2003,SO62073,488,12033,1,3,1
1/14/2017,12/28/2003,SO62034,485,15085,7,2,2
1/14/2017,10/28/2003,SO62034,226,15085,7,3,1
1/14/2017,10/6/2003,SO62034,362,15085,7,1,1
1/14/2017,9/25/2003,SO62058,214,23221,8,2,1
1/14/2017,12/3/2003,SO62058,529,23221,8,1,1
1/14/2017,10/14/2003,SO62085,491,11465,9,2,1
1/14/2017,11/6/2003,SO62085,562,11465,9,1,1
1/14/2017,10/22/2003,SO62068,480,19735,4,4,2
1/14/2017,12/20/2003,SO62068,528,19735,4,2,2
1/14/2017,12/17/2003,SO62068,535,19735,4,3,2
1/14/2017,11/3/2003,SO62068,596,19735,4,1,1
1/14/2017,10/1/2003,SO62048,223,19011,4,2,2
1/14/2017,11/26/2003,SO62048,474,19011,4,1,1
1/14/2017,10/18/2003,SO62024,480,22177,9,2,2
1/14/2017,9/21/2003,SO62024,485,22177,9,1,2
1/14/2017,10/24/2003,SO62044,477,14370,6,2,2
1/14/2017,10/15/2003,SO62044,478,14370,6,1,2
1/14/2017,9/25/2003,SO62070,485,12109,1,2,2
1/14/2017,10/27/2003,SO62070,215,12109,1,3,1
1/14/2017,9/18/2003,SO62070,358,12109,1,1,1
1/14/2017,12/24/2003,SO62062,480,11174,4,3,2
1/14/2017,10/1/2003,SO62062,528,11174,4,2,2
1/14/2017,11/13/2003,SO62062,537,11174,4,1,1
1/14/2017,11/29/2003,SO62061,529,22556,7,1,2
1/14/2017,11/14/2003,SO62061,214,22556,7,3,1
1/14/2017,10/12/2003,SO62061,538,22556,7,2,1
1/14/2017,11/29/2003,SO62056,490,11545,7,1,1
1/14/2017,11/12/2003,SO62071,362,14501,4,1,1
1/14/2017,11/11/2003,SO62047,475,16910,6,1,1
1/14/2017,11/16/2003,SO62030,488,14516,9,1,1
1/14/2017,10/8/2003,SO62078,478,11992,9,2,2
1/14/2017,12/30/2003,SO62078,354,11992,9,1,1
1/14/2017,9/20/2003,SO62087,529,22583,9,2,3
1/14/2017,11/10/2003,SO62087,464,22583,9,4,2
1/14/2017,10/23/2003,SO62087,538,22583,9,3,2
1/14/2017,9/17/2003,SO62087,235,22583,9,5,1
1/14/2017,11/4/2003,SO62087,606,22583,9,1,1
1/14/2017,12/4/2003,SO62033,214,15624,7,2,1
1/14/2017,12/8/2003,SO62033,352,15624,7,1,1
1/14/2017,9/23/2003,SO62051,528,22144,6,1,2
1/14/2017,10/26/2003,SO62051,220,22144,6,2,1
1/14/2017,12/16/2003,SO62051,232,22144,6,3,1
1/15/2017,12/14/2003,SO62105,214,15863,6,3,1
1/15/2017,10/18/2003,SO62105,529,15863,6,2,1
1/15/2017,11/28/2003,SO62105,540,15863,6,1,1
1/15/2017,11/26/2003,SO62131,223,19714,4,2,3
1/15/2017,11/23/2003,SO62131,598,19714,4,1,1
1/15/2017,10/7/2003,SO62137,215,23534,9,2,1
1/15/2017,11/18/2003,SO62137,581,23534,9,1,1
1/15/2017,11/28/2003,SO62106,536,18600,6,1,3
1/15/2017,11/12/2003,SO62092,528,16177,9,1,3
1/15/2017,9/17/2003,SO62092,464,16177,9,3,2
1/15/2017,10/24/2003,SO62092,536,16177,9,2,2
1/15/2017,12/14/2003,SO62092,215,16177,9,4,1
1/15/2017,10/22/2003,SO62133,485,14400,4,4,3
1/15/2017,10/10/2003,SO62133,528,14400,4,3,2
1/15/2017,10/4/2003,SO62133,360,14400,4,1,1
1/15/2017,11/17/2003,SO62133,537,14400,4,2,1
1/15/2017,12/10/2003,SO62097,478,15695,10,2,2
1/15/2017,12/13/2003,SO62097,215,15695,10,3,1
1/15/2017,10/10/2003,SO62097,362,15695,10,1,1
1/15/2017,10/19/2003,SO62118,477,17222,7,3,2
1/15/2017,12/9/2003,SO62118,478,17222,7,2,2
1/15/2017,12/2/2003,SO62118,485,17222,7,1,2
1/15/2017,11/11/2003,SO62088,223,11277,6,1,2
1/15/2017,12/1/2003,SO62143,352,13632,9,1,1
1/15/2017,12/4/2003,SO62107,477,21346,4,2,3
1/15/2017,11/1/2003,SO62107,478,21346,4,1,2
1/15/2017,9/20/2003,SO62156,215,11768,9,2,1
1/15/2017,9/19/2003,SO62156,564,11768,9,1,1
1/15/2017,11/21/2003,SO62122,541,23969,7,1,3
1/15/2017,9/26/2003,SO62122,480,23969,7,3,2
1/15/2017,10/28/2003,SO62122,530,23969,7,2,2
1/15/2017,9/18/2003,SO62147,223,26616,1,2,2
1/15/2017,12/13/2003,SO62147,586,26616,1,1,1
1/15/2017,11/2/2003,SO62142,214,13128,9,2,1
1/15/2017,12/15/2003,SO62142,358,13128,9,1,1
1/15/2017,11/9/2003,SO62149,605,23239,4,1,1
1/15/2017,11/2/2003,SO62129,477,15986,4,3,2
1/15/2017,9/19/2003,SO62129,215,15986,4,4,1
1/15/2017,11/21/2003,SO62129,232,15986,4,5,1
1/15/2017,12/10/2003,SO62129,478,15986,4,2,1
1/15/2017,11/13/2003,SO62129,600,15986,4,1,1
1/15/2017,12/26/2003,SO62103,536,23054,1,1,2
1/15/2017,10/4/2003,SO62120,529,24535,7,1,2
1/15/2017,12/15/2003,SO62135,220,11333,10,2,1
1/15/2017,12/17/2003,SO62135,575,11333,10,1,1
1/15/2017,12/15/2003,SO62112,477,24627,6,1,2
1/15/2017,9/18/2003,SO62112,472,24627,6,2,1
1/15/2017,9/19/2003,SO62093,485,21998,9,2,1
1/15/2017,10/28/2003,SO62093,537,21998,9,1,1
1/15/2017,10/9/2003,SO62117,485,13656,4,1,2
1/15/2017,9/30/2003,SO62117,220,13656,4,2,1
1/15/2017,10/22/2003,SO62096,581,21067,10,1,1
1/15/2017,12/21/2003,SO62141,385,24485,9,1,1
1/15/2017,10/21/2003,SO62141,489,24485,9,2,1
1/15/2017,12/13/2003,SO62091,536,17060,9,1,3
1/15/2017,11/14/2003,SO62091,220,17060,9,3,1
1/15/2017,12/12/2003,SO62091,528,17060,9,2,1
1/15/2017,9/23/2003,SO62094,489,17236,9,1,1
1/15/2017,9/29/2003,SO62139,484,17354,9,2,2
1/15/2017,12/26/2003,SO62139,377,17354,9,1,1
1/15/2017,11/20/2003,SO62089,484,11505,6,1,3
1/15/2017,11/26/2003,SO62136,477,17181,8,3,2
1/15/2017,11/29/2003,SO62136,215,17181,8,4,1
1/15/2017,11/3/2003,SO62136,479,17181,8,2,1
1/15/2017,10/21/2003,SO62136,573,17181,8,1,1
1/15/2017,9/28/2003,SO62095,486,13003,9,1,1
1/15/2017,9/26/2003,SO62108,215,21353,1,2,1
1/15/2017,10/6/2003,SO62108,478,21353,1,1,1
1/15/2017,11/25/2003,SO62146,214,25840,4,2,1
1/15/2017,12/9/2003,SO62146,577,25840,4,1,1
1/15/2017,9/27/2003,SO62151,214,20395,4,2,1
1/15/2017,11/4/2003,SO62151,387,20395,4,1,1
1/15/2017,10/18/2003,SO62151,466,20395,4,3,1
1/15/2017,12/1/2003,SO62104,529,24978,1,1,2
1/15/2017,9/20/2003,SO62104,471,24978,1,4,1
1/15/2017,12/31/2003,SO62104,487,24978,1,3,1
1/15/2017,9/18/2003,SO62104,540,24978,1,2,1
1/15/2017,12/11/2003,SO62124,484,24871,7,4,2
1/15/2017,10/10/2003,SO62124,529,24871,7,2,2
1/15/2017,11/28/2003,SO62124,538,24871,7,1,2
1/15/2017,11/20/2003,SO62124,480,24871,7,3,1
1/15/2017,11/28/2003,SO62157,584,23099,9,1,1
1/15/2017,10/17/2003,SO62154,476,17229,9,2,1
1/15/2017,12/22/2003,SO62154,488,17229,9,3,1
1/15/2017,12/20/2003,SO62154,590,17229,9,1,1
1/15/2017,10/2/2003,SO62155,477,14308,9,3,2
1/15/2017,11/18/2003,SO62155,479,14308,9,2,1
1/15/2017,12/16/2003,SO62155,585,14308,9,1,1
1/15/2017,10/7/2003,SO62134,220,28695,10,2,1
1/15/2017,10/5/2003,SO62134,561,28695,10,1,1
1/15/2017,11/14/2003,SO62128,223,14590,4,4,2
1/15/2017,10/26/2003,SO62128,226,14590,4,3,1
1/15/2017,11/13/2003,SO62128,474,14590,4,2,1
1/15/2017,9/17/2003,SO62128,588,14590,4,1,1
1/15/2017,11/20/2003,SO62116,480,21631,6,2,2
1/15/2017,10/12/2003,SO62116,528,21631,6,1,2
1/15/2017,12/25/2003,SO62111,477,17689,1,1,2
1/15/2017,12/4/2003,SO62102,528,23734,1,2,2
1/15/2017,9/20/2003,SO62102,536,23734,1,1,2
1/15/2017,9/19/2003,SO62102,214,23734,1,3,1
1/15/2017,10/24/2003,SO62114,528,22285,6,1,2
1/15/2017,12/2/2003,SO62114,220,22285,6,2,1
1/15/2017,12/2/2003,SO62114,226,22285,6,3,1
1/15/2017,10/19/2003,SO62099,480,26794,1,3,2
1/15/2017,12/25/2003,SO62099,484,26794,1,4,2
1/15/2017,12/9/2003,SO62099,530,26794,1,2,2
1/15/2017,12/10/2003,SO62099,541,26794,1,1,2
1/15/2017,11/2/2003,SO62090,535,14056,9,1,3
1/15/2017,12/29/2003,SO62123,480,29416,10,3,2
1/15/2017,10/27/2003,SO62123,529,29416,10,1,2
1/15/2017,9/25/2003,SO62123,538,29416,10,2,2
1/15/2017,10/6/2003,SO62121,541,29377,8,1,2
1/15/2017,12/11/2003,SO62121,530,29377,8,2,1
1/15/2017,10/1/2003,SO62109,474,19882,4,1,1
1/15/2017,12/24/2003,SO62109,488,19882,4,2,1
1/15/2017,11/8/2003,SO62101,535,26079,1,1,3
1/15/2017,11/19/2003,SO62101,528,26079,1,2,2
1/15/2017,12/17/2003,SO62101,220,26079,1,3,1
1/15/2017,11/26/2003,SO62148,479,22247,6,2,3
1/15/2017,12/23/2003,SO62148,477,22247,6,3,2
1/15/2017,11/6/2003,SO62148,480,22247,6,4,2
1/15/2017,10/6/2003,SO62148,573,22247,6,1,1
1/15/2017,10/7/2003,SO62125,528,11211,6,1,1
1/15/2017,10/12/2003,SO62125,537,11211,6,2,1
1/15/2017,12/23/2003,SO62100,530,26254,1,2,2
1/15/2017,12/11/2003,SO62100,541,26254,1,1,2
1/15/2017,11/9/2003,SO62153,473,23898,8,2,1
1/15/2017,12/31/2003,SO62153,605,23898,8,1,1
1/15/2017,11/9/2003,SO62098,529,29009,4,1,2
1/15/2017,10/3/2003,SO62098,539,29009,4,2,2
1/15/2017,10/30/2003,SO62130,477,22117,6,2,2
1/15/2017,11/15/2003,SO62130,478,22117,6,3,2
1/15/2017,12/13/2003,SO62130,593,22117,6,1,1
1/15/2017,11/26/2003,SO62126,223,12636,8,1,2
1/15/2017,9/28/2003,SO62132,477,19718,1,3,2
1/15/2017,12/15/2003,SO62132,478,19718,1,2,2
1/15/2017,10/28/2003,SO62132,595,19718,1,1,1
1/15/2017,10/22/2003,SO62152,604,27121,10,1,1
1/15/2017,10/29/2003,SO62140,529,17351,9,3,2
1/15/2017,11/26/2003,SO62140,214,17351,9,4,1
1/15/2017,11/8/2003,SO62140,373,17351,9,1,1
1/15/2017,9/18/2003,SO62140,464,17351,9,5,1
1/15/2017,12/20/2003,SO62140,540,17351,9,2,1
1/15/2017,10/18/2003,SO62144,480,13953,9,2,3
1/15/2017,9/30/2003,SO62144,356,13953,9,1,1
1/15/2017,11/24/2003,SO62138,529,13527,9,2,2
1/15/2017,12/13/2003,SO62138,377,13527,9,1,1
1/15/2017,10/14/2003,SO62138,540,13527,9,3,1
1/15/2017,11/19/2003,SO62127,466,11248,7,2,2
1/15/2017,9/18/2003,SO62127,477,11248,7,3,2
1/15/2017,10/15/2003,SO62127,479,11248,7,1,2
1/15/2017,11/4/2003,SO62150,477,23195,1,2,2
1/15/2017,11/7/2003,SO62150,479,23195,1,3,2
1/15/2017,11/25/2003,SO62150,220,23195,1,4,1
1/15/2017,12/5/2003,SO62150,232,23195,1,5,1
1/15/2017,12/3/2003,SO62150,584,23195,1,1,1
1/16/2017,11/20/2003,SO62180,480,28776,4,1,2
1/16/2017,10/13/2003,SO62172,539,17787,7,2,2
1/16/2017,10/13/2003,SO62172,581,17787,7,1,1
1/16/2017,12/4/2003,SO62176,223,17873,8,3,2
1/16/2017,11/7/2003,SO62176,226,17873,8,2,1
1/16/2017,11/2/2003,SO62176,580,17873,8,1,1
1/16/2017,10/26/2003,SO62181,464,28855,4,3,2
1/16/2017,10/22/2003,SO62181,529,28855,4,2,2
1/16/2017,11/19/2003,SO62181,539,28855,4,1,2
1/16/2017,11/8/2003,SO62181,232,28855,4,4,1
1/16/2017,12/20/2003,SO62186,538,27474,1,2,2
1/16/2017,11/4/2003,SO62186,215,27474,1,3,1
1/16/2017,10/11/2003,SO62186,529,27474,1,1,1
1/16/2017,12/26/2003,SO62202,538,11434,10,1,2
1/16/2017,10/15/2003,SO62179,488,11646,1,1,1
1/16/2017,12/28/2003,SO62190,478,16247,6,1,3
1/16/2017,10/4/2003,SO62190,477,16247,6,2,2
1/16/2017,10/12/2003,SO62164,477,22859,9,1,2
1/16/2017,10/16/2003,SO62231,223,23102,9,1,3
1/16/2017,10/13/2003,SO62231,605,23102,9,2,1
1/16/2017,9/26/2003,SO62210,485,18942,4,4,3
1/16/2017,10/14/2003,SO62210,528,18942,4,3,2
1/16/2017,10/13/2003,SO62210,536,18942,4,2,2
1/16/2017,10/20/2003,SO62210,484,18942,4,6,1
1/16/2017,10/31/2003,SO62210,487,18942,4,5,1
1/16/2017,12/12/2003,SO62210,587,18942,4,1,1
1/16/2017,11/28/2003,SO62161,480,17061,9,2,2
1/16/2017,11/4/2003,SO62161,536,17061,9,1,2
1/16/2017,11/4/2003,SO62221,362,13131,9,1,1
1/16/2017,10/21/2003,SO62174,464,22311,10,3,2
1/16/2017,10/28/2003,SO62174,477,22311,10,4,2
1/16/2017,10/31/2003,SO62174,479,22311,10,2,2
1/16/2017,9/19/2003,SO62174,580,22311,10,1,1
1/16/2017,10/3/2003,SO62183,529,27506,4,1,3
1/16/2017,11/27/2003,SO62183,484,27506,4,3,2
1/16/2017,11/8/2003,SO62183,538,27506,4,2,2
1/16/2017,10/28/2003,SO62175,476,17782,10,2,1
1/16/2017,12/14/2003,SO62175,588,17782,10,1,1
1/16/2017,11/12/2003,SO62220,358,13115,9,1,1
1/16/2017,10/11/2003,SO62220,480,13115,9,2,1
1/16/2017,12/25/2003,SO62201,529,23772,8,1,2
1/16/2017,12/15/2003,SO62201,214,23772,8,2,1
1/16/2017,10/2/2003,SO62177,477,15357,8,2,2
1/16/2017,11/8/2003,SO62177,478,15357,8,3,2
1/16/2017,12/6/2003,SO62177,215,15357,8,4,1
1/16/2017,12/7/2003,SO62177,352,15357,8,1,1
1/16/2017,11/19/2003,SO62215,564,14191,10,1,1
1/16/2017,9/30/2003,SO62169,223,18247,9,1,2
1/16/2017,12/16/2003,SO62162,480,22204,9,3,3
1/16/2017,11/6/2003,SO62162,528,22204,9,1,2
1/16/2017,10/30/2003,SO62162,537,22204,9,2,1
1/16/2017,11/8/2003,SO62200,529,26216,10,1,2
1/16/2017,10/31/2003,SO62200,220,26216,10,2,1
1/16/2017,10/26/2003,SO62200,491,26216,10,3,1
1/16/2017,11/25/2003,SO62168,464,13954,9,1,3
1/16/2017,12/27/2003,SO62208,528,13206,6,2,3
1/16/2017,11/27/2003,SO62208,223,13206,6,5,2
1/16/2017,12/4/2003,SO62208,477,13206,6,6,2
1/16/2017,10/9/2003,SO62208,478,13206,6,4,2
1/16/2017,12/6/2003,SO62208,485,13206,6,3,2
1/16/2017,11/23/2003,SO62208,537,13206,6,1,1
1/16/2017,12/4/2003,SO62171,540,14123,9,1,1
1/16/2017,9/25/2003,SO62230,587,14346,9,1,1
1/16/2017,11/18/2003,SO62225,489,26058,4,2,1
1/16/2017,11/3/2003,SO62225,563,26058,4,1,1
1/16/2017,11/9/2003,SO62189,528,23191,1,1,2
1/16/2017,12/6/2003,SO62189,536,23191,1,2,2
1/16/2017,11/6/2003,SO62163,528,24897,9,1,2
1/16/2017,10/31/2003,SO62159,235,11223,6,1,1
1/16/2017,11/3/2003,SO62167,223,17283,9,1,1
1/16/2017,11/30/2003,SO62167,229,17283,9,2,1
1/16/2017,12/15/2003,SO62193,223,17422,6,2,3
1/16/2017,10/18/2003,SO62193,475,17422,6,1,1
1/16/2017,10/4/2003,SO62194,482,13350,6,2,3
1/16/2017,10/29/2003,SO62194,477,13350,6,1,2
1/16/2017,10/20/2003,SO62224,477,26617,4,2,2
1/16/2017,11/22/2003,SO62224,479,26617,4,3,2
1/16/2017,11/7/2003,SO62224,489,26617,4,4,1
1/16/2017,10/21/2003,SO62224,586,26617,4,1,1
1/16/2017,12/23/2003,SO62185,480,26583,4,3,2
1/16/2017,9/23/2003,SO62185,530,26583,4,1,2
1/16/2017,10/1/2003,SO62185,541,26583,4,2,2
1/16/2017,11/4/2003,SO62211,223,14639,4,2,1
1/16/2017,10/9/2003,SO62211,475,14639,4,3,1
1/16/2017,10/13/2003,SO62211,587,14639,4,1,1
1/16/2017,10/27/2003,SO62205,480,16511,10,2,2
1/16/2017,10/29/2003,SO62205,530,16511,10,1,2
1/16/2017,12/6/2003,SO62198,481,19801,6,4,3
1/16/2017,12/24/2003,SO62198,477,19801,6,2,2
1/16/2017,10/4/2003,SO62198,478,19801,6,3,2
1/16/2017,10/25/2003,SO62198,485,19801,6,1,2
1/16/2017,11/9/2003,SO62199,235,12752,7,2,1
1/16/2017,12/29/2003,SO62199,476,12752,7,1,1
1/16/2017,12/4/2003,SO62173,599,11420,7,1,1
1/16/2017,9/18/2003,SO62217,214,23432,9,2,1
1/16/2017,10/10/2003,SO62217,583,23432,9,1,1
1/16/2017,9/18/2003,SO62197,528,15837,1,1,2
1/16/2017,12/19/2003,SO62197,215,15837,1,2,1
1/16/2017,9/25/2003,SO62195,477,17577,4,1,2
1/16/2017,11/3/2003,SO62195,214,17577,4,2,1
1/16/2017,11/18/2003,SO62232,477,23321,9,3,2
1/16/2017,9/21/2003,SO62232,479,23321,9,2,2
1/16/2017,10/13/2003,SO62232,471,23321,9,4,1
1/16/2017,10/14/2003,SO62232,604,23321,9,1,1
1/16/2017,12/2/2003,SO62204,480,28748,10,2,2
1/16/2017,11/4/2003,SO62204,538,28748,10,1,1
1/16/2017,11/3/2003,SO62229,477,23226,8,3,2
1/16/2017,12/17/2003,SO62229,479,23226,8,2,2
1/16/2017,12/27/2003,SO62229,214,23226,8,4,1
1/16/2017,12/19/2003,SO62229,605,23226,8,1,1
1/16/2017,10/8/2003,SO62218,214,20613,9,2,1
1/16/2017,10/5/2003,SO62218,377,20613,9,1,1
1/16/2017,10/4/2003,SO62182,541,27391,1,2,3
1/16/2017,11/6/2003,SO62182,530,27391,1,1,1
1/16/2017,11/16/2003,SO62212,588,14589,4,1,1
1/16/2017,9/27/2003,SO62228,235,20059,7,2,1
1/16/2017,12/13/2003,SO62228,389,20059,7,1,1
1/16/2017,11/13/2003,SO62209,466,15974,6,2,2
1/16/2017,12/20/2003,SO62209,485,15974,6,1,2
1/16/2017,11/8/2003,SO62223,220,25421,1,2,1
1/16/2017,12/3/2003,SO62223,577,25421,1,1,1
1/16/2017,12/12/2003,SO62184,480,26451,1,2,2
1/16/2017,10/19/2003,SO62184,535,26451,1,1,2
1/16/2017,11/19/2003,SO62188,540,14370,6,1,1
1/16/2017,12/13/2003,SO62216,477,26963,8,3,2
1/16/2017,12/8/2003,SO62216,223,26963,8,4,1
1/16/2017,11/21/2003,SO62216,479,26963,8,2,1
1/16/2017,10/2/2003,SO62216,578,26963,8,1,1
1/16/2017,12/24/2003,SO62165,478,28951,9,1,3
1/16/2017,10/28/2003,SO62219,389,25234,9,1,1
1/16/2017,12/21/2003,SO62219,491,25234,9,2,1
1/16/2017,9/30/2003,SO62166,478,15240,9,1,2
1/16/2017,10/30/2003,SO62226,466,19681,6,3,2
1/16/2017,9/30/2003,SO62226,214,19681,6,2,1
1/16/2017,11/10/2003,SO62226,387,19681,6,1,1
1/16/2017,10/10/2003,SO62158,479,12894,4,2,3
1/16/2017,11/29/2003,SO62158,477,12894,4,1,2
1/16/2017,10/9/2003,SO62191,477,20635,1,1,3
1/16/2017,9/25/2003,SO62191,478,20635,1,2,2
1/16/2017,12/26/2003,SO62191,215,20635,1,3,1
1/16/2017,12/3/2003,SO62187,528,26679,1,2,2
1/16/2017,10/15/2003,SO62187,535,26679,1,1,2
1/16/2017,12/12/2003,SO62214,480,19721,1,3,2
1/16/2017,12/22/2003,SO62214,485,19721,1,2,2
1/16/2017,11/5/2003,SO62214,597,19721,1,1,1
1/16/2017,12/10/2003,SO62213,477,19736,4,2,3
1/16/2017,11/16/2003,SO62213,478,19736,4,3,2
1/16/2017,10/30/2003,SO62213,487,19736,4,4,1
1/16/2017,10/19/2003,SO62213,490,19736,4,5,1
1/16/2017,12/8/2003,SO62213,596,19736,4,1,1
1/16/2017,11/23/2003,SO62160,480,14307,9,3,3
1/16/2017,12/7/2003,SO62160,528,14307,9,2,2
1/16/2017,12/28/2003,SO62160,535,14307,9,1,1
1/16/2017,12/26/2003,SO62170,223,11150,9,1,2
1/16/2017,10/25/2003,SO62227,223,17025,6,1,2
1/16/2017,11/7/2003,SO62227,583,17025,6,2,1
1/16/2017,10/19/2003,SO62203,480,12633,10,3,2
1/16/2017,10/1/2003,SO62203,541,12633,10,1,2
1/16/2017,11/17/2003,SO62203,530,12633,10,2,1
1/16/2017,9/19/2003,SO62196,528,16356,4,1,3
1/16/2017,12/6/2003,SO62196,480,16356,4,2,2
1/16/2017,12/8/2003,SO62192,477,21612,1,2,2
1/16/2017,10/31/2003,SO62192,478,21612,1,1,2
1/16/2017,10/28/2003,SO62207,480,14904,6,2,2
1/16/2017,12/13/2003,SO62207,483,14904,6,3,1
1/16/2017,10/29/2003,SO62207,537,14904,6,1,1
1/16/2017,10/19/2003,SO62222,356,11031,9,1,1
1/16/2017,10/2/2003,SO62222,480,11031,9,2,1
1/16/2017,10/15/2003,SO62178,214,12211,7,2,1
1/16/2017,11/6/2003,SO62178,358,12211,7,1,1
1/16/2017,12/11/2003,SO62206,537,11258,4,1,1
1/17/2017,12/13/2003,SO62255,477,15859,6,2,2
1/17/2017,11/19/2003,SO62255,478,15859,6,1,2
1/17/2017,11/13/2003,SO62271,485,14419,1,2,2
1/17/2017,10/27/2003,SO62271,358,14419,1,1,1
1/17/2017,10/13/2003,SO62271,491,14419,1,3,1
1/17/2017,12/11/2003,SO62249,541,26586,1,1,2
1/17/2017,10/21/2003,SO62243,477,12276,8,2,2
1/17/2017,1/1/2004,SO62243,478,12276,8,3,2
1/17/2017,10/6/2003,SO62243,215,12276,8,4,1
1/17/2017,10/21/2003,SO62243,358,12276,8,1,1
1/17/2017,10/14/2003,SO62274,389,17732,9,1,1
1/17/2017,10/17/2003,SO62274,489,17732,9,2,1
1/17/2017,9/25/2003,SO62246,529,11230,4,1,2
1/17/2017,11/22/2003,SO62246,484,11230,4,2,1
1/17/2017,10/23/2003,SO62275,214,25229,9,2,1
1/17/2017,10/21/2003,SO62275,383,25229,9,1,1
1/17/2017,12/16/2003,SO62252,480,23199,1,3,2
1/17/2017,11/23/2003,SO62252,484,23199,1,4,2
1/17/2017,12/16/2003,SO62252,528,23199,1,2,2
1/17/2017,12/21/2003,SO62252,536,23199,1,1,2
1/17/2017,12/10/2003,SO62251,485,12892,6,3,2
1/17/2017,10/2/2003,SO62251,528,12892,6,2,2
1/17/2017,10/29/2003,SO62251,536,12892,6,1,2
1/17/2017,11/25/2003,SO62251,215,12892,6,4,1
1/17/2017,12/15/2003,SO62251,235,12892,6,5,1
1/17/2017,9/24/2003,SO62262,529,14190,8,2,2
1/17/2017,9/20/2003,SO62262,540,14190,8,1,1
1/17/2017,12/11/2003,SO62284,220,22986,9,2,1
1/17/2017,11/23/2003,SO62284,606,22986,9,1,1
1/17/2017,12/31/2003,SO62244,480,14940,8,4,2
1/17/2017,9/23/2003,SO62244,484,14940,8,5,2
1/17/2017,10/30/2003,SO62244,528,14940,8,2,2
1/17/2017,11/18/2003,SO62244,356,14940,8,1,1
1/17/2017,12/31/2003,SO62244,537,14940,8,3,1
1/17/2017,9/27/2003,SO62253,529,11277,6,1,3
1/17/2017,11/4/2003,SO62253,466,11277,6,4,2
1/17/2017,1/2/2004,SO62253,220,11277,6,3,1
1/17/2017,10/10/2003,SO62253,540,11277,6,2,1
1/17/2017,10/9/2003,SO62279,223,25975,1,4,3
1/17/2017,10/4/2003,SO62279,477,25975,1,2,2
1/17/2017,10/8/2003,SO62279,479,25975,1,3,2
1/17/2017,11/18/2003,SO62279,562,25975,1,1,1
1/17/2017,11/22/2003,SO62247,530,11142,6,1,3
1/17/2017,12/30/2003,SO62247,214,11142,6,2,1
1/17/2017,10/3/2003,SO62237,528,21370,9,1,2
1/17/2017,11/1/2003,SO62237,220,21370,9,2,1
1/17/2017,12/10/2003,SO62245,480,11078,6,1,3
1/17/2017,11/8/2003,SO62245,486,11078,6,2,1
1/17/2017,11/1/2003,SO62236,474,26759,9,1,1
1/17/2017,10/7/2003,SO62236,488,26759,9,2,1
1/17/2017,1/2/2004,SO62259,464,17179,4,2,2
1/17/2017,11/30/2003,SO62259,477,17179,4,1,2
1/17/2017,12/23/2003,SO62263,536,21049,10,1,3
1/17/2017,1/2/2004,SO62263,480,21049,10,2,2
1/17/2017,12/7/2003,SO62277,480,13636,9,2,2
1/17/2017,11/30/2003,SO62277,356,13636,9,1,1
1/17/2017,9/20/2003,SO62272,477,15030,9,3,2
1/17/2017,12/12/2003,SO62272,479,15030,9,2,2
1/17/2017,12/1/2003,SO62272,580,15030,9,1,1
1/17/2017,11/13/2003,SO62260,528,15545,4,1,2
1/17/2017,9/20/2003,SO62260,220,15545,4,2,1
1/17/2017,12/12/2003,SO62276,528,12253,9,3,2
1/17/2017,9/27/2003,SO62276,535,12253,9,2,2
1/17/2017,10/28/2003,SO62276,235,12253,9,5,1
1/17/2017,12/10/2003,SO62276,485,12253,9,4,1
1/17/2017,11/16/2003,SO62276,593,12253,9,1,1
1/17/2017,12/4/2003,SO62250,540,23792,1,1,1
1/17/2017,11/19/2003,SO62248,530,11253,6,1,2
1/17/2017,10/16/2003,SO62233,220,11949,4,1,1
1/17/2017,12/19/2003,SO62239,484,11102,9,1,2
1/17/2017,11/7/2003,SO62273,377,20451,9,1,1
1/17/2017,11/19/2003,SO62273,540,20451,9,2,1
1/17/2017,11/23/2003,SO62278,220,25432,4,2,1
1/17/2017,11/16/2003,SO62278,579,25432,4,1,1
1/17/2017,12/18/2003,SO62268,477,11393,7,1,2
1/17/2017,10/11/2003,SO62268,479,11393,7,2,2
1/17/2017,12/15/2003,SO62283,477,14220,9,3,2
1/17/2017,12/6/2003,SO62283,479,14220,9,2,2
1/17/2017,12/11/2003,SO62283,220,14220,9,4,1
1/17/2017,10/8/2003,SO62283,579,14220,9,1,1
1/17/2017,10/15/2003,SO62266,530,25494,7,1,3
1/17/2017,11/2/2003,SO62266,214,25494,7,2,1
1/17/2017,12/19/2003,SO62265,528,21118,10,1,2
1/17/2017,11/16/2003,SO62265,536,21118,10,2,1
1/17/2017,11/21/2003,SO62270,223,14631,6,3,2
1/17/2017,10/17/2003,SO62270,474,14631,6,2,1
1/17/2017,11/10/2003,SO62270,588,14631,6,1,1
1/17/2017,9/30/2003,SO62238,220,18278,9,1,1
1/17/2017,9/21/2003,SO62281,538,22655,8,2,2
1/17/2017,11/16/2003,SO62281,529,22655,8,3,1
1/17/2017,11/20/2003,SO62281,604,22655,8,1,1
1/17/2017,10/25/2003,SO62256,475,11203,6,1,1
1/17/2017,12/31/2003,SO62254,477,21761,4,2,1
1/17/2017,10/3/2003,SO62254,478,21761,4,1,1
1/17/2017,9/27/2003,SO62254,483,21761,4,3,1
1/17/2017,12/27/2003,SO62261,480,19039,7,2,2
1/17/2017,11/14/2003,SO62261,528,19039,7,1,2
1/17/2017,9/22/2003,SO62235,528,12012,9,1,2
1/17/2017,12/26/2003,SO62235,214,12012,9,2,1
1/17/2017,10/9/2003,SO62234,480,15593,9,2,2
1/17/2017,11/27/2003,SO62234,539,15593,9,1,2
1/17/2017,10/27/2003,SO62257,478,20435,4,1,3
1/17/2017,10/2/2003,SO62257,477,20435,4,2,2
1/17/2017,11/10/2003,SO62257,215,20435,4,3,1
1/17/2017,9/25/2003,SO62258,477,13201,6,1,2
1/17/2017,12/22/2003,SO62258,484,13201,6,2,2
1/17/2017,10/14/2003,SO62269,485,13162,4,2,2
1/17/2017,12/19/2003,SO62269,471,13162,4,1,1
1/17/2017,12/21/2003,SO62280,214,17566,4,2,1
1/17/2017,12/14/2003,SO62280,580,17566,4,1,1
1/17/2017,10/24/2003,SO62264,480,21511,10,3,2
1/17/2017,11/24/2003,SO62264,528,21511,10,1,2
1/17/2017,12/19/2003,SO62264,535,21511,10,2,2
1/17/2017,10/12/2003,SO62267,480,11331,6,2,2
1/17/2017,10/10/2003,SO62267,537,11331,6,1,1
1/17/2017,11/3/2003,SO62240,220,22678,8,2,1
1/17/2017,12/8/2003,SO62240,488,22678,8,3,1
1/17/2017,10/6/2003,SO62240,594,22678,8,1,1
1/17/2017,10/18/2003,SO62282,466,14347,9,2,2
1/17/2017,11/28/2003,SO62282,214,14347,9,3,1
1/17/2017,9/24/2003,SO62282,590,14347,9,1,1
1/17/2017,11/10/2003,SO62241,478,24565,8,2,2
1/17/2017,12/19/2003,SO62241,594,24565,8,1,1
1/18/2017,11/13/2003,SO62344,477,23314,9,3,2
1/18/2017,11/10/2003,SO62344,479,23314,9,2,2
1/18/2017,12/18/2003,SO62344,223,23314,9,4,1
1/18/2017,11/9/2003,SO62344,606,23314,9,1,1
1/18/2017,9/21/2003,SO62308,476,27756,6,1,1
1/18/2017,12/8/2003,SO62285,480,13045,9,2,2
1/18/2017,11/24/2003,SO62285,535,13045,9,1,1
1/18/2017,12/23/2003,SO62325,541,27326,7,1,2
1/18/2017,10/17/2003,SO62325,226,27326,7,3,1
1/18/2017,10/6/2003,SO62325,530,27326,7,2,1
1/18/2017,12/25/2003,SO62321,529,22568,8,1,2
1/18/2017,1/2/2004,SO62316,480,13379,1,2,2
1/18/2017,11/11/2003,SO62316,485,13379,1,1,2
1/18/2017,10/18/2003,SO62287,480,15811,9,2,2
1/18/2017,12/15/2003,SO62287,536,15811,9,1,2
1/18/2017,12/31/2003,SO62312,232,20271,4,2,1
1/18/2017,11/11/2003,SO62312,474,20271,4,1,1
1/18/2017,11/23/2003,SO62342,215,29085,9,2,1
1/18/2017,12/26/2003,SO62342,572,29085,9,1,1
1/18/2017,11/23/2003,SO62292,479,16487,9,2,2
1/18/2017,11/5/2003,SO62292,215,16487,9,3,1
1/18/2017,12/7/2003,SO62292,477,16487,9,1,1
1/18/2017,12/20/2003,SO62337,477,22716,1,3,2
1/18/2017,12/6/2003,SO62337,479,22716,1,2,1
1/18/2017,12/21/2003,SO62337,605,22716,1,1,1
1/18/2017,12/23/2003,SO62332,488,23538,9,2,1
1/18/2017,10/24/2003,SO62332,582,23538,9,1,1
1/18/2017,9/20/2003,SO62338,214,20480,1,2,1
1/18/2017,11/20/2003,SO62338,381,20480,1,1,1
1/18/2017,12/14/2003,SO62291,539,26379,10,2,3
1/18/2017,10/7/2003,SO62291,529,26379,10,3,2
1/18/2017,11/25/2003,SO62291,490,26379,10,4,1
1/18/2017,11/17/2003,SO62291,580,26379,10,1,1
1/18/2017,11/2/2003,SO62290,477,28956,9,2,2
1/18/2017,11/1/2003,SO62290,478,28956,9,1,2
1/18/2017,12/29/2003,SO62294,479,24868,10,3,3
1/18/2017,11/17/2003,SO62294,223,24868,10,5,2
1/18/2017,1/2/2004,SO62294,214,24868,10,4,1
1/18/2017,11/3/2003,SO62294,379,24868,10,1,1
1/18/2017,11/23/2003,SO62294,477,24868,10,2,1
1/18/2017,11/25/2003,SO62334,462,24502,9,3,2
1/18/2017,12/8/2003,SO62334,220,24502,9,2,1
1/18/2017,9/25/2003,SO62334,381,24502,9,1,1
1/18/2017,12/28/2003,SO62328,528,11975,4,2,2
1/18/2017,12/18/2003,SO62328,483,11975,4,3,1
1/18/2017,12/3/2003,SO62328,537,11975,4,1,1
1/18/2017,9/24/2003,SO62295,477,15921,7,3,2
1/18/2017,12/16/2003,SO62295,214,15921,7,4,1
1/18/2017,11/4/2003,SO62295,356,15921,7,1,1
1/18/2017,10/10/2003,SO62295,478,15921,7,2,1
1/18/2017,9/27/2003,SO62303,536,19862,6,1,3
1/18/2017,11/12/2003,SO62303,472,19862,6,2,1
1/18/2017,1/3/2004,SO62304,480,22746,4,2,2
1/18/2017,12/2/2003,SO62304,484,22746,4,3,2
1/18/2017,1/1/2004,SO62304,536,22746,4,1,2
1/18/2017,12/8/2003,SO62289,480,12992,9,2,2
1/18/2017,12/3/2003,SO62289,528,12992,9,1,2
1/18/2017,11/24/2003,SO62299,539,29046,1,2,3
1/18/2017,11/19/2003,SO62299,480,29046,1,3,2
1/18/2017,10/28/2003,SO62299,529,29046,1,1,1
1/18/2017,11/12/2003,SO62340,477,22711,8,3,2
1/18/2017,10/24/2003,SO62340,479,22711,8,2,2
1/18/2017,9/27/2003,SO62340,220,22711,8,4,1
1/18/2017,9/21/2003,SO62340,584,22711,8,1,1
1/18/2017,9/23/2003,SO62301,480,25358,1,2,2
1/18/2017,12/3/2003,SO62301,535,25358,1,1,2
1/18/2017,10/13/2003,SO62323,530,27314,8,2,2
1/18/2017,12/3/2003,SO62323,541,27314,8,1,2
1/18/2017,10/30/2003,SO62323,220,27314,8,3,1
1/18/2017,11/30/2003,SO62333,375,20256,9,1,1
1/18/2017,12/21/2003,SO62333,484,20256,9,2,1
1/18/2017,9/30/2003,SO62317,528,16543,10,1,2
1/18/2017,12/6/2003,SO62317,220,16543,10,2,1
1/18/2017,1/3/2004,SO62329,485,16097,6,1,2
1/18/2017,12/30/2003,SO62329,220,16097,6,2,1
1/18/2017,11/18/2003,SO62302,530,27198,1,1,2
1/18/2017,9/26/2003,SO62302,223,27198,1,5,1
1/18/2017,10/4/2003,SO62302,226,27198,1,4,1
1/18/2017,12/23/2003,SO62302,487,27198,1,3,1
1/18/2017,10/18/2003,SO62302,541,27198,1,2,1
1/18/2017,12/9/2003,SO62310,481,14458,6,2,3
1/18/2017,10/18/2003,SO62310,475,14458,6,1,1
1/18/2017,12/3/2003,SO62339,214,26960,10,2,1
1/18/2017,11/22/2003,SO62339,606,26960,10,1,1
1/18/2017,12/14/2003,SO62311,477,18100,4,1,2
1/18/2017,10/16/2003,SO62311,487,18100,4,2,1
1/18/2017,10/17/2003,SO62307,481,18890,1,2,2
1/18/2017,12/3/2003,SO62307,474,18890,1,1,1
1/18/2017,12/13/2003,SO62309,232,19890,4,2,1
1/18/2017,12/17/2003,SO62309,475,19890,4,1,1
1/18/2017,11/5/2003,SO62306,477,21397,1,1,2
1/18/2017,9/29/2003,SO62306,478,21397,1,2,2
1/18/2017,12/17/2003,SO62306,220,21397,1,3,1
1/18/2017,10/18/2003,SO62327,528,11737,4,1,2
1/18/2017,10/24/2003,SO62327,480,11737,4,3,1
1/18/2017,11/8/2003,SO62327,537,11737,4,2,1
1/18/2017,12/29/2003,SO62326,464,13827,8,2,2
1/18/2017,11/15/2003,SO62326,530,13827,8,1,2
1/18/2017,9/30/2003,SO62314,528,19729,6,1,2
1/18/2017,11/11/2003,SO62341,223,29480,10,5,3
1/18/2017,10/25/2003,SO62341,477,29480,10,3,2
1/18/2017,10/26/2003,SO62341,479,29480,10,2,2
1/18/2017,12/28/2003,SO62341,215,29480,10,4,1
1/18/2017,11/25/2003,SO62341,562,29480,10,1,1
1/18/2017,11/13/2003,SO62297,530,28144,1,1,3
1/18/2017,9/26/2003,SO62297,480,28144,1,2,2
1/18/2017,10/18/2003,SO62297,484,28144,1,3,2
1/18/2017,12/5/2003,SO62330,478,19723,4,2,2
1/18/2017,11/11/2003,SO62330,592,19723,4,1,1
1/18/2017,10/21/2003,SO62286,480,24280,9,3,2
1/18/2017,11/3/2003,SO62286,529,24280,9,2,2
1/18/2017,12/16/2003,SO62286,538,24280,9,1,2
1/18/2017,11/24/2003,SO62288,481,21378,9,2,2
1/18/2017,12/8/2003,SO62288,474,21378,9,1,1
1/18/2017,11/28/2003,SO62335,214,22789,4,2,1
1/18/2017,12/17/2003,SO62335,606,22789,4,1,1
1/18/2017,10/27/2003,SO62346,604,29066,9,1,1
1/18/2017,9/20/2003,SO62320,480,17800,7,3,3
1/18/2017,12/12/2003,SO62320,528,17800,7,2,1
1/18/2017,10/5/2003,SO62320,536,17800,7,1,1
1/18/2017,10/25/2003,SO62345,471,28534,9,2,1
1/18/2017,10/9/2003,SO62345,584,28534,9,1,1
1/18/2017,11/25/2003,SO62300,464,26478,4,2,2
1/18/2017,11/4/2003,SO62300,535,26478,4,1,2
1/18/2017,11/10/2003,SO62336,481,26115,6,5,2
1/18/2017,9/24/2003,SO62336,529,26115,6,2,2
1/18/2017,11/15/2003,SO62336,538,26115,6,3,2
1/18/2017,12/25/2003,SO62336,214,26115,6,4,1
1/18/2017,10/27/2003,SO62336,584,26115,6,1,1
1/18/2017,10/23/2003,SO62324,223,14993,10,4,2
1/18/2017,12/5/2003,SO62324,530,14993,10,2,2
1/18/2017,10/2/2003,SO62324,541,14993,10,1,2
1/18/2017,11/12/2003,SO62324,215,14993,10,3,1
1/18/2017,12/12/2003,SO62319,528,18041,10,1,3
1/18/2017,10/6/2003,SO62319,535,18041,10,2,2
1/18/2017,9/24/2003,SO62319,480,18041,10,3,1
1/18/2017,10/27/2003,SO62331,528,14442,4,3,2
1/18/2017,9/29/2003,SO62331,214,14442,4,4,1
1/18/2017,10/16/2003,SO62331,360,14442,4,1,1
1/18/2017,11/19/2003,SO62331,537,14442,4,2,1
1/18/2017,10/8/2003,SO62298,223,26719,1,5,2
1/18/2017,10/13/2003,SO62298,530,26719,1,2,2
1/18/2017,12/19/2003,SO62298,541,26719,1,1,2
1/18/2017,12/21/2003,SO62298,214,26719,1,3,1
1/18/2017,12/14/2003,SO62298,226,26719,1,4,1
1/18/2017,11/12/2003,SO62322,529,25633,8,1,2
1/18/2017,12/28/2003,SO62322,538,25633,8,2,2
1/18/2017,12/2/2003,SO62322,220,25633,8,3,1
1/18/2017,11/30/2003,SO62322,232,25633,8,4,1
1/18/2017,12/9/2003,SO62305,536,23286,4,1,2
1/18/2017,11/26/2003,SO62343,573,11751,9,1,1
1/18/2017,11/19/2003,SO62293,478,17933,10,2,2
1/18/2017,10/11/2003,SO62293,215,17933,10,3,1
1/18/2017,10/14/2003,SO62293,235,17933,10,4,1
1/18/2017,12/2/2003,SO62293,591,17933,10,1,1
1/18/2017,10/22/2003,SO62318,535,19175,10,1,3
1/18/2017,12/17/2003,SO62315,485,14396,1,2,2
1/18/2017,10/3/2003,SO62315,528,14396,1,1,2
1/18/2017,12/14/2003,SO62315,229,14396,1,3,1
1/19/2017,10/20/2003,SO62386,561,13101,6,1,1
1/19/2017,10/10/2003,SO62362,477,18347,4,1,2
1/19/2017,11/26/2003,SO62362,215,18347,4,2,1
1/19/2017,9/21/2003,SO62349,229,14320,9,1,1
1/19/2017,10/14/2003,SO62372,530,27307,8,2,2
1/19/2017,10/31/2003,SO62372,541,27307,8,1,2
1/19/2017,10/5/2003,SO62372,214,27307,8,3,1
1/19/2017,12/17/2003,SO62393,571,14302,9,1,1
1/19/2017,10/1/2003,SO62392,223,27809,8,3,2
1/19/2017,10/23/2003,SO62392,215,27809,8,2,1
1/19/2017,11/15/2003,SO62392,381,27809,8,1,1
1/19/2017,12/24/2003,SO62373,530,24196,7,1,3
1/19/2017,12/15/2003,SO62373,214,24196,7,2,1
1/19/2017,11/26/2003,SO62355,530,26674,4,2,2
1/19/2017,12/28/2003,SO62355,541,26674,4,1,2
1/19/2017,11/28/2003,SO62355,215,26674,4,3,1
1/19/2017,9/21/2003,SO62394,466,23101,9,5,2
1/19/2017,10/27/2003,SO62394,477,23101,9,3,2
1/19/2017,12/13/2003,SO62394,479,23101,9,2,2
1/19/2017,11/21/2003,SO62394,214,23101,9,4,1
1/19/2017,11/4/2003,SO62394,605,23101,9,1,1
1/19/2017,12/28/2003,SO62367,536,22838,10,1,2
1/19/2017,12/9/2003,SO62368,480,26969,8,2,2
1/19/2017,11/4/2003,SO62368,538,26969,8,1,2
1/19/2017,12/12/2003,SO62382,484,20446,9,2,2
1/19/2017,10/22/2003,SO62382,371,20446,9,1,1
1/19/2017,12/16/2003,SO62371,530,26859,7,1,2
1/19/2017,12/15/2003,SO62371,541,26859,7,2,2
1/19/2017,12/23/2003,SO62383,220,20600,9,2,1
1/19/2017,12/4/2003,SO62383,377,20600,9,1,1
1/19/2017,12/9/2003,SO62377,528,14614,4,2,3
1/19/2017,1/4/2004,SO62377,485,14614,4,4,2
1/19/2017,10/24/2003,SO62377,536,14614,4,3,2
1/19/2017,1/4/2004,SO62377,483,14614,4,5,1
1/19/2017,11/4/2003,SO62377,588,14614,4,1,1
1/19/2017,1/4/2004,SO62385,223,26066,4,4,2
1/19/2017,11/27/2003,SO62385,477,26066,4,3,2
1/19/2017,11/8/2003,SO62385,479,26066,4,2,2
1/19/2017,10/25/2003,SO62385,235,26066,4,5,1
1/19/2017,10/5/2003,SO62385,573,26066,4,1,1
1/19/2017,10/10/2003,SO62365,477,14208,10,1,2
1/19/2017,11/5/2003,SO62365,478,14208,10,2,2
1/19/2017,11/23/2003,SO62365,214,14208,10,4,1
1/19/2017,10/17/2003,SO62365,223,14208,10,3,1
1/19/2017,11/17/2003,SO62375,485,13395,1,1,2
1/19/2017,12/6/2003,SO62381,223,14584,4,5,2
1/19/2017,12/27/2003,SO62381,477,14584,4,4,2
1/19/2017,10/10/2003,SO62381,478,14584,4,3,2
1/19/2017,10/31/2003,SO62381,485,14584,4,2,2
1/19/2017,11/12/2003,SO62381,362,14584,4,1,1
1/19/2017,11/27/2003,SO62370,480,22700,8,2,3
1/19/2017,10/24/2003,SO62370,529,22700,8,1,1
1/19/2017,10/13/2003,SO62387,477,26041,1,3,2
1/19/2017,9/21/2003,SO62387,484,26041,1,5,2
1/19/2017,11/1/2003,SO62387,479,26041,1,2,1
1/19/2017,11/24/2003,SO62387,487,26041,1,4,1
1/19/2017,11/30/2003,SO62387,561,26041,1,1,1
1/19/2017,10/25/2003,SO62352,475,17639,10,2,1
1/19/2017,9/30/2003,SO62352,490,17639,10,3,1
1/19/2017,11/4/2003,SO62352,589,17639,10,1,1
1/19/2017,10/31/2003,SO62360,223,27230,6,2,1
1/19/2017,10/11/2003,SO62360,477,27230,6,1,1
1/19/2017,12/30/2003,SO62376,466,12617,8,3,2
1/19/2017,10/20/2003,SO62376,477,12617,8,2,2
1/19/2017,12/18/2003,SO62376,478,12617,8,1,1
1/19/2017,11/28/2003,SO62366,480,17112,10,2,2
1/19/2017,11/29/2003,SO62366,529,17112,10,1,2
1/19/2017,12/3/2003,SO62369,530,27311,7,2,3
1/19/2017,10/8/2003,SO62369,541,27311,7,1,2
1/19/2017,12/27/2003,SO62380,223,12437,1,3,2
1/19/2017,1/1/2004,SO62380,485,12437,1,2,2
1/19/2017,10/13/2003,SO62380,354,12437,1,1,1
1/19/2017,12/22/2003,SO62380,490,12437,1,4,1
1/19/2017,11/13/2003,SO62356,529,24514,4,2,3
1/19/2017,11/17/2003,SO62356,540,24514,4,1,1
1/19/2017,10/6/2003,SO62391,480,22719,4,4,2
1/19/2017,12/22/2003,SO62391,529,22719,4,3,2
1/19/2017,10/28/2003,SO62391,538,22719,4,2,2
1/19/2017,10/8/2003,SO62391,605,22719,4,1,1
1/19/2017,9/30/2003,SO62364,529,27007,10,1,2
1/19/2017,12/2/2003,SO62364,539,27007,10,2,2
1/19/2017,10/20/2003,SO62364,215,27007,10,3,1
1/19/2017,11/17/2003,SO62364,229,27007,10,4,1
1/19/2017,9/29/2003,SO62378,481,12768,4,3,2
1/19/2017,10/5/2003,SO62378,474,12768,4,2,1
1/19/2017,9/26/2003,SO62378,589,12768,4,1,1
1/19/2017,12/22/2003,SO62357,528,19014,6,2,2
1/19/2017,12/24/2003,SO62357,536,19014,6,1,2
1/19/2017,11/20/2003,SO62353,478,15699,10,2,2
1/19/2017,10/28/2003,SO62353,362,15699,10,1,1
1/19/2017,11/14/2003,SO62361,528,27414,6,1,2
1/19/2017,10/24/2003,SO62348,528,28303,9,1,2
1/19/2017,9/21/2003,SO62348,214,28303,9,3,1
1/19/2017,9/24/2003,SO62348,537,28303,9,2,1
1/19/2017,10/26/2003,SO62354,529,29226,1,1,2
1/19/2017,10/25/2003,SO62354,215,29226,1,2,1
1/19/2017,11/23/2003,SO62358,480,22364,4,3,2
1/19/2017,10/4/2003,SO62358,484,22364,4,4,2
1/19/2017,10/1/2003,SO62358,528,22364,4,1,2
1/19/2017,10/8/2003,SO62358,536,22364,4,2,2
1/19/2017,9/22/2003,SO62388,223,12177,6,4,2
1/19/2017,11/26/2003,SO62388,477,12177,6,3,2
1/19/2017,12/8/2003,SO62388,479,12177,6,2,2
1/19/2017,10/25/2003,SO62388,561,12177,6,1,1
1/19/2017,9/24/2003,SO62374,480,25491,7,2,2
1/19/2017,12/27/2003,SO62374,530,25491,7,1,2
1/19/2017,12/9/2003,SO62350,214,13121,9,2,1
1/19/2017,12/20/2003,SO62350,529,13121,9,1,1
1/19/2017,12/16/2003,SO62395,477,28715,9,3,3
1/19/2017,1/4/2004,SO62395,479,28715,9,2,2
1/19/2017,11/7/2003,SO62395,215,28715,9,4,1
1/19/2017,11/18/2003,SO62395,584,28715,9,1,1
1/19/2017,12/10/2003,SO62379,485,15166,4,2,3
1/19/2017,10/30/2003,SO62379,352,15166,4,1,1
1/19/2017,10/24/2003,SO62390,584,18471,1,1,1
1/19/2017,12/1/2003,SO62359,478,21905,1,1,3
1/19/2017,12/1/2003,SO62359,477,21905,1,2,2
1/19/2017,12/7/2003,SO62347,529,14521,9,1,2
1/19/2017,10/8/2003,SO62347,539,14521,9,2,2
1/19/2017,10/3/2003,SO62347,214,14521,9,3,1
1/19/2017,11/3/2003,SO62389,584,22872,1,1,1
1/19/2017,10/2/2003,SO62363,528,15164,4,1,1
1/19/2017,12/17/2003,SO62351,462,19101,9,3,3
1/19/2017,10/30/2003,SO62351,530,19101,9,2,2
1/19/2017,11/16/2003,SO62351,541,19101,9,1,2
1/19/2017,11/30/2003,SO62384,466,13646,9,6,2
1/19/2017,11/27/2003,SO62384,477,13646,9,4,2
1/19/2017,11/25/2003,SO62384,478,13646,9,3,2
1/19/2017,11/25/2003,SO62384,485,13646,9,2,2
1/19/2017,1/4/2004,SO62384,362,13646,9,1,1
1/19/2017,12/23/2003,SO62384,491,13646,9,5,1
1/20/2017,10/31/2003,SO62438,480,11874,4,4,2
1/20/2017,11/2/2003,SO62438,485,11874,4,3,2
1/20/2017,10/20/2003,SO62438,528,11874,4,1,2
1/20/2017,10/16/2003,SO62438,537,11874,4,2,1
1/20/2017,12/14/2003,SO62445,477,12084,1,4,2
1/20/2017,10/14/2003,SO62445,478,12084,1,3,2
1/20/2017,12/24/2003,SO62445,232,12084,1,5,1
1/20/2017,12/13/2003,SO62445,352,12084,1,1,1
1/20/2017,12/31/2003,SO62445,485,12084,1,2,1
1/20/2017,1/5/2004,SO62417,478,21686,4,1,2
1/20/2017,12/3/2003,SO62433,530,14542,10,2,2
1/20/2017,9/27/2003,SO62433,541,14542,10,1,2
1/20/2017,12/7/2003,SO62433,480,14542,10,3,1
1/20/2017,10/9/2003,SO62467,223,11244,10,5,2
1/20/2017,10/30/2003,SO62467,529,11244,10,2,2
1/20/2017,12/18/2003,SO62467,538,11244,10,3,2
1/20/2017,12/14/2003,SO62467,214,11244,10,4,1
1/20/2017,10/19/2003,SO62467,605,11244,10,1,1
1/20/2017,10/15/2003,SO62396,215,11215,6,1,1
1/20/2017,10/7/2003,SO62431,529,24531,8,2,2
1/20/2017,12/8/2003,SO62431,472,24531,8,1,1
1/20/2017,9/26/2003,SO62462,477,23242,1,3,2
1/20/2017,12/11/2003,SO62462,479,23242,1,2,2
1/20/2017,11/10/2003,SO62462,605,23242,1,1,1
1/20/2017,12/28/2003,SO62436,485,12931,4,3,2
1/20/2017,12/9/2003,SO62436,215,12931,4,4,1
1/20/2017,11/14/2003,SO62436,235,12931,4,5,1
1/20/2017,10/14/2003,SO62436,528,12931,4,1,1
1/20/2017,11/15/2003,SO62436,537,12931,4,2,1
1/20/2017,11/20/2003,SO62428,481,15001,8,2,2
1/20/2017,11/9/2003,SO62428,485,15001,8,1,2
1/20/2017,12/11/2003,SO62418,477,21770,1,2,2
1/20/2017,12/9/2003,SO62418,478,21770,1,1,2
1/20/2017,10/20/2003,SO62418,482,21770,1,3,2
1/20/2017,12/21/2003,SO62411,354,15710,7,1,1
1/20/2017,12/11/2003,SO62446,480,14439,1,4,3
1/20/2017,10/18/2003,SO62446,477,14439,1,3,2
1/20/2017,10/12/2003,SO62446,478,14439,1,2,2
1/20/2017,12/15/2003,SO62446,360,14439,1,1,1
1/20/2017,11/4/2003,SO62465,604,11483,7,1,1
1/20/2017,12/10/2003,SO62442,528,15909,4,3,3
1/20/2017,11/16/2003,SO62442,480,15909,4,4,2
1/20/2017,11/2/2003,SO62442,535,15909,4,2,2
1/20/2017,10/15/2003,SO62442,594,15909,4,1,1
1/20/2017,12/26/2003,SO62424,528,15772,4,1,2
1/20/2017,10/27/2003,SO62424,215,15772,4,2,1
1/20/2017,11/11/2003,SO62439,477,12714,8,2,2
1/20/2017,12/11/2003,SO62439,478,12714,8,1,2
1/20/2017,10/8/2003,SO62439,215,12714,8,3,1
1/20/2017,9/25/2003,SO62405,480,12372,9,1,2
1/20/2017,10/17/2003,SO62421,223,28992,6,1,2
1/20/2017,11/11/2003,SO62421,476,28992,6,2,1
1/20/2017,10/22/2003,SO62426,485,14954,7,2,3
1/20/2017,10/6/2003,SO62426,223,14954,7,4,2
1/20/2017,12/21/2003,SO62426,528,14954,7,1,2
1/20/2017,12/9/2003,SO62426,220,14954,7,3,1
1/20/2017,12/16/2003,SO62403,223,19962,9,2,2
1/20/2017,10/6/2003,SO62403,538,19962,9,1,2
1/20/2017,11/7/2003,SO62470,214,28351,9,2,1
1/20/2017,12/6/2003,SO62470,584,28351,9,1,1
1/20/2017,11/25/2003,SO62400,538,19619,9,1,3
1/20/2017,12/11/2003,SO62400,480,19619,9,2,2
1/20/2017,10/8/2003,SO62432,529,25317,8,1,2
1/20/2017,9/22/2003,SO62432,538,25317,8,2,2
1/20/2017,11/12/2003,SO62432,471,25317,8,3,1
1/20/2017,12/13/2003,SO62463,477,23181,1,2,2
1/20/2017,11/3/2003,SO62463,479,23181,1,3,2
1/20/2017,10/23/2003,SO62463,214,23181,1,4,1
1/20/2017,12/11/2003,SO62463,606,23181,1,1,1
1/20/2017,11/5/2003,SO62466,477,26962,10,3,2
1/20/2017,9/24/2003,SO62466,479,26962,10,2,2
1/20/2017,12/18/2003,SO62466,605,26962,10,1,1
1/20/2017,11/9/2003,SO62423,528,16063,4,1,2
1/20/2017,1/3/2004,SO62451,223,11400,10,2,2
1/20/2017,12/31/2003,SO62451,232,11400,10,3,1
1/20/2017,10/29/2003,SO62451,577,11400,10,1,1
1/20/2017,11/17/2003,SO62401,485,18298,9,1,2
1/20/2017,9/24/2003,SO62413,480,11078,6,2,1
1/20/2017,1/4/2004,SO62413,530,11078,6,1,1
1/20/2017,11/15/2003,SO62440,537,12985,4,1,1
1/20/2017,11/2/2003,SO62416,480,25416,4,3,2
1/20/2017,11/2/2003,SO62416,484,25416,4,4,2
1/20/2017,10/10/2003,SO62416,528,25416,4,2,2
1/20/2017,11/10/2003,SO62416,535,25416,4,1,2
1/20/2017,10/9/2003,SO62427,223,17208,8,4,2
1/20/2017,11/6/2003,SO62427,477,17208,8,2,2
1/20/2017,12/3/2003,SO62427,478,17208,8,3,2
1/20/2017,11/22/2003,SO62427,485,17208,8,1,2
1/20/2017,11/25/2003,SO62456,381,24506,9,1,1
1/20/2017,11/5/2003,SO62437,528,11922,6,2,3
1/20/2017,9/26/2003,SO62437,215,11922,6,3,1
1/20/2017,10/5/2003,SO62437,488,11922,6,4,1
1/20/2017,10/4/2003,SO62437,537,11922,6,1,1
1/20/2017,10/5/2003,SO62407,529,17898,8,3,2
1/20/2017,11/13/2003,SO62407,539,17898,8,2,2
1/20/2017,11/3/2003,SO62407,214,17898,8,4,1
1/20/2017,10/31/2003,SO62407,582,17898,8,1,1
1/20/2017,10/23/2003,SO62464,480,20463,4,3,2
1/20/2017,12/13/2003,SO62464,539,20463,4,2,2
1/20/2017,12/27/2003,SO62464,383,20463,4,1,1
1/20/2017,10/7/2003,SO62434,480,24864,8,3,2
1/20/2017,12/1/2003,SO62434,484,24864,8,4,2
1/20/2017,11/4/2003,SO62434,529,24864,8,2,2
1/20/2017,12/5/2003,SO62434,538,24864,8,1,2
1/20/2017,11/3/2003,SO62434,483,24864,8,5,1
1/20/2017,12/9/2003,SO62455,484,20259,9,2,2
1/20/2017,11/27/2003,SO62455,377,20259,9,1,1
1/20/2017,9/25/2003,SO62420,477,18323,1,1,3
1/20/2017,12/18/2003,SO62420,215,18323,1,2,1
1/20/2017,11/20/2003,SO62449,477,11337,10,2,2
1/20/2017,10/16/2003,SO62449,479,11337,10,3,2
1/20/2017,11/10/2003,SO62449,573,11337,10,1,1
1/20/2017,11/8/2003,SO62454,373,20606,9,1,1
1/20/2017,12/28/2003,SO62454,540,20606,9,2,1
1/20/2017,10/27/2003,SO62447,485,14440,4,2,3
1/20/2017,12/8/2003,SO62447,477,14440,4,4,2
1/20/2017,12/19/2003,SO62447,478,14440,4,3,2
1/20/2017,11/24/2003,SO62447,215,14440,4,5,1
1/20/2017,11/12/2003,SO62447,362,14440,4,1,1
1/20/2017,11/28/2003,SO62399,536,17235,9,1,2
1/20/2017,1/1/2004,SO62422,477,18074,1,1,2
1/20/2017,12/24/2003,SO62422,490,18074,1,2,1
1/20/2017,12/30/2003,SO62453,583,23434,9,1,1
1/20/2017,9/26/2003,SO62443,485,14664,4,2,2
1/20/2017,9/26/2003,SO62443,214,14664,4,3,1
1/20/2017,10/26/2003,SO62443,352,14664,4,1,1
1/20/2017,10/17/2003,SO62443,464,14664,4,4,1
1/20/2017,10/9/2003,SO62459,356,13644,9,1,1
1/20/2017,10/29/2003,SO62429,480,17718,8,3,2
1/20/2017,10/16/2003,SO62429,528,17718,8,2,2
1/20/2017,9/30/2003,SO62429,535,17718,8,1,2
1/20/2017,10/2/2003,SO62430,539,21841,10,1,3
1/20/2017,10/26/2003,SO62419,478,20780,1,1,2
1/20/2017,10/3/2003,SO62452,229,25593,7,2,1
1/20/2017,10/30/2003,SO62452,577,25593,7,1,1
1/20/2017,10/21/2003,SO62412,529,11276,6,1,2
1/20/2017,10/11/2003,SO62412,480,11276,6,2,1
1/20/2017,10/2/2003,SO62412,484,11276,6,3,1
1/20/2017,12/13/2003,SO62414,530,26675,4,2,3
1/20/2017,12/8/2003,SO62414,214,26675,4,3,1
1/20/2017,12/8/2003,SO62414,541,26675,4,1,1
1/20/2017,11/4/2003,SO62441,371,16732,1,1,1
1/20/2017,11/29/2003,SO62441,484,16732,1,2,1
1/20/2017,11/24/2003,SO62398,529,14278,9,1,2
1/20/2017,11/2/2003,SO62398,539,14278,9,2,2
1/20/2017,10/13/2003,SO62398,214,14278,9,4,1
1/20/2017,1/2/2004,SO62398,473,14278,9,3,1
1/20/2017,11/13/2003,SO62425,477,14028,1,3,2
1/20/2017,10/15/2003,SO62425,478,14028,1,2,2
1/20/2017,11/6/2003,SO62425,485,14028,1,1,2
1/20/2017,11/26/2003,SO62425,487,14028,1,4,1
1/20/2017,1/3/2004,SO62406,220,15055,8,2,1
1/20/2017,10/24/2003,SO62406,592,15055,8,1,1
1/20/2017,1/4/2004,SO62450,541,11341,10,2,3
1/20/2017,12/21/2003,SO62450,530,11341,10,3,2
1/20/2017,12/10/2003,SO62450,215,11341,10,4,1
1/20/2017,10/27/2003,SO62450,573,11341,10,1,1
1/20/2017,11/30/2003,SO62461,215,25982,1,2,1
1/20/2017,12/24/2003,SO62461,573,25982,1,1,1
1/20/2017,11/23/2003,SO62460,477,29174,1,3,2
1/20/2017,10/24/2003,SO62460,479,29174,1,2,1
1/20/2017,12/16/2003,SO62460,565,29174,1,1,1
1/20/2017,11/1/2003,SO62444,360,15889,6,1,1
1/20/2017,11/17/2003,SO62444,483,15889,6,2,1
1/20/2017,12/22/2003,SO62448,223,28494,8,2,2
1/20/2017,11/24/2003,SO62448,565,28494,8,1,1
1/20/2017,10/28/2003,SO62469,481,14301,9,2,3
1/20/2017,12/11/2003,SO62469,585,14301,9,1,1
1/20/2017,10/28/2003,SO62408,528,15692,10,3,2
1/20/2017,12/7/2003,SO62408,220,15692,10,4,1
1/20/2017,12/3/2003,SO62408,356,15692,10,1,1
1/20/2017,10/6/2003,SO62408,537,15692,10,2,1
1/20/2017,11/30/2003,SO62468,214,13585,10,2,1
1/20/2017,11/8/2003,SO62468,573,13585,10,1,1
1/20/2017,10/2/2003,SO62397,529,15239,9,2,3
1/20/2017,12/4/2003,SO62397,539,15239,9,1,2
1/20/2017,12/7/2003,SO62397,214,15239,9,3,1
1/20/2017,11/27/2003,SO62457,383,25138,9,1,1
1/20/2017,11/13/2003,SO62402,529,26035,9,1,2
1/20/2017,10/19/2003,SO62402,538,26035,9,2,2
1/20/2017,11/13/2003,SO62402,472,26035,9,3,1
1/20/2017,11/6/2003,SO62410,477,15106,10,3,2
1/20/2017,12/7/2003,SO62410,478,15106,10,2,2
1/20/2017,12/30/2003,SO62410,215,15106,10,4,1
1/20/2017,10/27/2003,SO62410,354,15106,10,1,1
1/20/2017,12/17/2003,SO62409,484,15101,8,4,2
1/20/2017,10/25/2003,SO62409,528,15101,8,3,2
1/20/2017,11/25/2003,SO62409,360,15101,8,1,1
1/20/2017,11/20/2003,SO62409,537,15101,8,2,1
1/20/2017,12/6/2003,SO62415,541,26707,4,1,3
1/20/2017,12/9/2003,SO62415,530,26707,4,2,2
1/20/2017,12/24/2003,SO62458,478,12251,9,2,2
1/20/2017,9/24/2003,SO62458,598,12251,9,1,1
1/20/2017,11/1/2003,SO62404,530,23569,9,1,2
1/20/2017,11/6/2003,SO62404,220,23569,9,2,1
1/21/2017,11/9/2003,SO62510,477,16751,1,3,2
1/21/2017,12/6/2003,SO62510,479,16751,1,2,2
1/21/2017,12/28/2003,SO62510,214,16751,1,4,1
1/21/2017,11/23/2003,SO62510,373,16751,1,1,1
1/21/2017,10/30/2003,SO62519,462,17733,9,2,2
1/21/2017,10/3/2003,SO62519,215,17733,9,3,1
1/21/2017,12/14/2003,SO62519,385,17733,9,1,1
1/21/2017,11/28/2003,SO62493,528,22353,6,1,2
1/21/2017,12/21/2003,SO62493,214,22353,6,2,1
1/21/2017,12/9/2003,SO62485,480,11197,1,2,2
1/21/2017,12/21/2003,SO62485,529,11197,1,1,2
1/21/2017,11/16/2003,SO62485,486,11197,1,3,1
1/21/2017,12/28/2003,SO62504,223,11566,7,2,2
1/21/2017,12/27/2003,SO62504,529,11566,7,1,2
1/21/2017,10/5/2003,SO62497,476,15104,7,1,1
1/21/2017,12/28/2003,SO62502,223,21091,8,1,3
1/21/2017,10/26/2003,SO62502,477,21091,8,2,2
1/21/2017,11/5/2003,SO62508,485,13293,4,1,2
1/21/2017,12/24/2003,SO62472,485,22205,9,2,2
1/21/2017,9/27/2003,SO62472,473,22205,9,3,1
1/21/2017,11/23/2003,SO62472,537,22205,9,1,1
1/21/2017,11/29/2003,SO62481,214,12221,7,3,1
1/21/2017,11/5/2003,SO62481,356,12221,7,1,1
1/21/2017,12/25/2003,SO62481,537,12221,7,2,1
1/21/2017,12/30/2003,SO62511,480,12096,4,2,2
1/21/2017,10/4/2003,SO62511,352,12096,4,1,1
1/21/2017,9/23/2003,SO62525,479,26113,6,2,2
1/21/2017,12/19/2003,SO62525,604,26113,6,1,1
1/21/2017,11/27/2003,SO62500,528,20723,8,2,2
1/21/2017,10/8/2003,SO62500,487,20723,8,3,1
1/21/2017,9/26/2003,SO62500,490,20723,8,4,1
1/21/2017,1/3/2004,SO62500,536,20723,8,1,1
1/21/2017,1/5/2004,SO62516,479,20241,9,2,3
1/21/2017,12/28/2003,SO62516,477,20241,9,3,2
1/21/2017,1/6/2004,SO62516,489,20241,9,4,1
1/21/2017,12/26/2003,SO62516,583,20241,9,1,1
1/21/2017,1/3/2004,SO62488,477,21640,4,2,3
1/21/2017,11/28/2003,SO62488,478,21640,4,1,2
1/21/2017,12/2/2003,SO62488,487,21640,4,3,1
1/21/2017,1/6/2004,SO62488,491,21640,4,4,1
1/21/2017,10/21/2003,SO62526,604,22770,4,1,1
1/21/2017,11/19/2003,SO62473,536,15809,9,1,2
1/21/2017,10/14/2003,SO62482,220,15920,7,2,1
1/21/2017,12/8/2003,SO62482,362,15920,7,1,1
1/21/2017,10/7/2003,SO62486,529,16149,6,1,2
1/21/2017,11/24/2003,SO62486,540,16149,6,2,1
1/21/2017,11/11/2003,SO62529,220,27811,8,2,1
1/21/2017,12/10/2003,SO62529,383,27811,8,1,1
1/21/2017,10/17/2003,SO62512,215,14991,10,2,1
1/21/2017,11/3/2003,SO62512,572,14991,10,1,1
1/21/2017,12/19/2003,SO62514,477,26976,7,3,2
1/21/2017,9/23/2003,SO62514,479,26976,7,2,2
1/21/2017,11/1/2003,SO62514,214,26976,7,4,1
1/21/2017,10/18/2003,SO62514,571,26976,7,1,1
1/21/2017,9/27/2003,SO62528,383,24048,10,1,1
1/21/2017,10/1/2003,SO62528,489,24048,10,2,1
1/21/2017,12/27/2003,SO62484,490,11507,6,1,1
1/21/2017,11/6/2003,SO62509,223,13327,1,2,1
1/21/2017,11/1/2003,SO62509,485,13327,1,1,1
1/21/2017,11/27/2003,SO62520,478,13119,9,2,2
1/21/2017,10/7/2003,SO62520,214,13119,9,3,1
1/21/2017,9/24/2003,SO62520,354,13119,9,1,1
1/21/2017,12/8/2003,SO62522,566,29202,1,1,1
1/21/2017,12/31/2003,SO62507,528,12945,6,2,2
1/21/2017,10/21/2003,SO62507,215,12945,6,4,1
1/21/2017,1/6/2004,SO62507,472,12945,6,3,1
1/21/2017,10/29/2003,SO62507,537,12945,6,1,1
1/21/2017,10/30/2003,SO62496,484,17087,10,2,2
1/21/2017,12/22/2003,SO62496,528,17087,10,1,2
1/21/2017,10/18/2003,SO62483,215,11870,1,1,1
1/21/2017,11/2/2003,SO62487,462,20096,6,2,2
1/21/2017,11/11/2003,SO62487,535,20096,6,1,2
1/21/2017,12/24/2003,SO62521,489,25420,1,2,1
1/21/2017,9/28/2003,SO62521,578,25420,1,1,1
1/21/2017,10/28/2003,SO62471,535,13981,9,1,3
1/21/2017,10/12/2003,SO62471,480,13981,9,2,2
1/21/2017,11/18/2003,SO62471,484,13981,9,3,2
1/21/2017,11/6/2003,SO62490,477,20790,4,2,2
1/21/2017,12/27/2003,SO62490,478,20790,4,1,1
1/21/2017,11/7/2003,SO62479,529,16633,9,1,3
1/21/2017,10/15/2003,SO62479,220,16633,9,3,1
1/21/2017,10/4/2003,SO62479,540,16633,9,2,1
1/21/2017,11/10/2003,SO62513,566,13261,8,1,1
1/21/2017,10/5/2003,SO62477,529,16162,9,1,2
1/21/2017,11/13/2003,SO62477,540,16162,9,2,1
1/21/2017,10/28/2003,SO62499,540,14188,7,1,1
1/21/2017,12/31/2003,SO62515,477,15047,10,2,2
1/21/2017,11/5/2003,SO62515,479,15047,10,3,2
1/21/2017,11/1/2003,SO62515,565,15047,10,1,1
1/21/2017,12/28/2003,SO62503,530,23440,7,2,2
1/21/2017,12/8/2003,SO62503,541,23440,7,1,2
1/21/2017,11/6/2003,SO62492,476,18764,4,1,1
1/21/2017,10/22/2003,SO62523,215,25974,4,2,1
1/21/2017,11/28/2003,SO62523,564,25974,4,1,1
1/21/2017,10/10/2003,SO62527,235,20702,4,2,1
1/21/2017,11/15/2003,SO62527,583,20702,4,1,1
1/21/2017,11/12/2003,SO62517,214,23533,9,2,1
1/21/2017,12/26/2003,SO62517,583,23533,9,1,1
1/21/2017,9/28/2003,SO62506,223,26881,7,3,2
1/21/2017,10/23/2003,SO62506,530,26881,7,2,2
1/21/2017,11/10/2003,SO62506,541,26881,7,1,2
1/21/2017,12/20/2003,SO62478,223,17522,9,1,2
1/21/2017,9/23/2003,SO62518,482,25226,9,4,2
1/21/2017,12/4/2003,SO62518,529,25226,9,3,2
1/21/2017,11/14/2003,SO62518,539,25226,9,2,2
1/21/2017,1/5/2004,SO62518,385,25226,9,1,1
1/21/2017,11/3/2003,SO62480,478,12255,7,2,2
1/21/2017,10/7/2003,SO62480,360,12255,7,1,1
1/21/2017,11/3/2003,SO62501,464,21518,7,5,2
1/21/2017,12/13/2003,SO62501,528,21518,7,2,2
1/21/2017,10/6/2003,SO62501,536,21518,7,1,2
1/21/2017,9/27/2003,SO62501,214,21518,7,3,1
1/21/2017,9/23/2003,SO62501,235,21518,7,4,1
1/21/2017,12/1/2003,SO62491,466,11500,6,2,2
1/21/2017,12/31/2003,SO62491,476,11500,6,1,1
1/21/2017,10/24/2003,SO62530,489,11907,9,2,1
1/21/2017,12/28/2003,SO62530,573,11907,9,1,1
1/21/2017,10/1/2003,SO62494,485,18685,6,1,2
1/21/2017,1/3/2004,SO62494,471,18685,6,2,1
1/21/2017,10/13/2003,SO62476,477,11068,9,1,2
1/21/2017,9/26/2003,SO62476,478,11068,9,2,2
1/21/2017,11/20/2003,SO62524,223,22722,4,4,2
1/21/2017,11/16/2003,SO62524,477,22722,4,3,2
1/21/2017,11/8/2003,SO62524,479,22722,4,2,2
1/21/2017,12/13/2003,SO62524,604,22722,4,1,1
1/21/2017,11/5/2003,SO62475,477,19762,9,1,2
1/21/2017,11/20/2003,SO62475,214,19762,9,2,1
1/21/2017,11/24/2003,SO62475,481,19762,9,3,1
1/21/2017,10/24/2003,SO62498,539,17088,7,1,2
1/21/2017,9/27/2003,SO62489,477,12203,6,2,2
1/21/2017,11/3/2003,SO62489,478,12203,6,1,1
1/22/2017,11/28/2003,SO62557,530,11566,7,2,2
1/22/2017,12/8/2003,SO62557,541,11566,7,1,2
1/22/2017,10/14/2003,SO62557,215,11566,7,3,1
1/22/2017,12/28/2003,SO62549,528,17348,6,1,2
1/22/2017,1/4/2004,SO62549,536,17348,6,2,2
1/22/2017,12/23/2003,SO62533,537,21175,9,1,1
1/22/2017,9/29/2003,SO62567,223,13619,9,3,2
1/22/2017,11/20/2003,SO62567,485,13619,9,2,2
1/22/2017,10/10/2003,SO62567,362,13619,9,1,1
1/22/2017,11/21/2003,SO62578,387,24044,10,1,1
1/22/2017,10/2/2003,SO62578,488,24044,10,2,1
1/22/2017,10/15/2003,SO62543,529,11185,6,1,2
1/22/2017,12/3/2003,SO62543,220,11185,6,2,1
1/22/2017,11/7/2003,SO62575,529,20399,1,2,3
1/22/2017,11/12/2003,SO62575,539,20399,1,3,2
1/22/2017,10/10/2003,SO62575,220,20399,1,4,1
1/22/2017,10/25/2003,SO62575,389,20399,1,1,1
1/22/2017,10/9/2003,SO62531,477,12893,4,2,2
1/22/2017,11/28/2003,SO62531,479,12893,4,1,2
1/22/2017,10/12/2003,SO62565,529,23422,9,3,2
1/22/2017,12/16/2003,SO62565,539,23422,9,2,2
1/22/2017,11/2/2003,SO62565,581,23422,9,1,1
1/22/2017,1/6/2004,SO62563,462,25756,8,3,2
1/22/2017,10/5/2003,SO62563,215,25756,8,2,1
1/22/2017,10/5/2003,SO62563,235,25756,8,4,1
1/22/2017,11/18/2003,SO62563,576,25756,8,1,1
1/22/2017,12/19/2003,SO62555,485,13483,1,1,2
1/22/2017,11/13/2003,SO62555,220,13483,1,2,1
1/22/2017,10/6/2003,SO62579,223,24050,10,2,2
1/22/2017,12/15/2003,SO62579,215,24050,10,3,1
1/22/2017,10/13/2003,SO62579,389,24050,10,1,1
1/22/2017,12/28/2003,SO62566,477,20245,9,2,2
1/22/2017,11/7/2003,SO62566,479,20245,9,3,2
1/22/2017,11/28/2003,SO62566,229,20245,9,4,1
1/22/2017,11/26/2003,SO62566,373,20245,9,1,1
1/22/2017,10/17/2003,SO62574,480,20484,4,4,2
1/22/2017,11/4/2003,SO62574,529,20484,4,2,2
1/22/2017,12/22/2003,SO62574,539,20484,4,3,2
1/22/2017,10/22/2003,SO62574,387,20484,4,1,1
1/22/2017,10/28/2003,SO62534,528,25131,9,1,2
1/22/2017,9/27/2003,SO62544,529,11287,6,2,3
1/22/2017,10/31/2003,SO62544,480,11287,6,3,2
1/22/2017,12/12/2003,SO62544,539,11287,6,1,2
1/22/2017,12/26/2003,SO62540,529,16429,8,3,3
1/22/2017,12/13/2003,SO62540,214,16429,8,4,1
1/22/2017,1/3/2004,SO62540,377,16429,8,1,1
1/22/2017,12/30/2003,SO62540,540,16429,8,2,1
1/22/2017,9/26/2003,SO62547,535,11808,6,1,2
1/22/2017,10/31/2003,SO62547,220,11808,6,2,1
1/22/2017,11/13/2003,SO62552,536,11724,6,1,3
1/22/2017,10/24/2003,SO62552,480,11724,6,2,2
1/22/2017,10/25/2003,SO62553,477,21273,1,2,2
1/22/2017,12/12/2003,SO62553,478,21273,1,1,2
1/22/2017,11/1/2003,SO62569,477,25972,1,2,3
1/22/2017,1/1/2004,SO62569,479,25972,1,3,2
1/22/2017,12/15/2003,SO62569,484,25972,1,4,2
1/22/2017,12/15/2003,SO62569,576,25972,1,1,1
1/22/2017,11/27/2003,SO62558,480,24016,7,3,3
1/22/2017,12/29/2003,SO62558,484,24016,7,4,2
1/22/2017,12/17/2003,SO62558,530,24016,7,2,2
1/22/2017,11/10/2003,SO62558,541,24016,7,1,2
1/22/2017,11/23/2003,SO62572,480,23268,4,4,2
1/22/2017,11/16/2003,SO62572,529,23268,4,2,2
1/22/2017,1/5/2004,SO62572,538,23268,4,3,1
1/22/2017,10/6/2003,SO62572,606,23268,4,1,1
1/22/2017,11/8/2003,SO62576,583,17548,4,1,1
1/22/2017,11/1/2003,SO62536,490,19173,10,2,1
1/22/2017,11/20/2003,SO62536,597,19173,10,1,1
1/22/2017,11/21/2003,SO62556,528,12569,10,1,2
1/22/2017,11/19/2003,SO62556,220,12569,10,3,1
1/22/2017,12/4/2003,SO62556,537,12569,10,2,1
1/22/2017,9/24/2003,SO62577,229,24055,10,2,1
1/22/2017,11/18/2003,SO62577,385,24055,10,1,1
1/22/2017,11/10/2003,SO62550,483,12054,6,2,1
1/22/2017,11/18/2003,SO62550,540,12054,6,1,1
1/22/2017,10/31/2003,SO62554,480,22983,6,2,2
1/22/2017,12/30/2003,SO62554,528,22983,6,1,2
1/22/2017,11/10/2003,SO62545,538,19220,6,1,3
1/22/2017,10/4/2003,SO62545,480,19220,6,3,2
1/22/2017,11/9/2003,SO62545,529,19220,6,2,1
1/22/2017,10/24/2003,SO62538,477,20862,10,3,2
1/22/2017,11/4/2003,SO62538,479,20862,10,2,2
1/22/2017,11/5/2003,SO62538,379,20862,10,1,1
1/22/2017,11/18/2003,SO62539,379,28901,8,1,1
1/22/2017,12/29/2003,SO62570,490,25978,4,2,1
1/22/2017,11/5/2003,SO62570,576,25978,4,1,1
1/22/2017,10/6/2003,SO62546,541,11276,6,1,2
1/22/2017,12/17/2003,SO62559,484,13535,10,4,3
1/22/2017,12/18/2003,SO62559,541,13535,10,1,3
1/22/2017,1/3/2004,SO62559,480,13535,10,3,2
1/22/2017,1/4/2004,SO62559,530,13535,10,2,2
1/22/2017,11/15/2003,SO62564,530,26974,8,3,2
1/22/2017,11/3/2003,SO62564,214,26974,8,4,1
1/22/2017,10/24/2003,SO62564,223,26974,8,5,1
1/22/2017,10/3/2003,SO62564,541,26974,8,2,1
1/22/2017,11/17/2003,SO62564,577,26974,8,1,1
1/22/2017,10/16/2003,SO62561,214,14984,10,2,1
1/22/2017,10/12/2003,SO62561,567,14984,10,1,1
1/22/2017,11/20/2003,SO62573,604,22873,4,1,1
1/22/2017,12/17/2003,SO62541,485,16201,10,3,1
1/22/2017,10/5/2003,SO62541,487,16201,10,4,1
1/22/2017,10/18/2003,SO62541,536,16201,10,2,1
1/22/2017,12/1/2003,SO62541,590,16201,10,1,1
1/22/2017,11/13/2003,SO62535,477,16709,9,1,2
1/22/2017,10/22/2003,SO62535,479,16709,9,2,2
1/22/2017,11/17/2003,SO62535,491,16709,9,3,1
1/22/2017,11/14/2003,SO62542,214,11330,6,1,1
1/22/2017,11/14/2003,SO62560,528,11330,6,1,3
1/22/2017,11/14/2003,SO62560,537,11330,6,2,1
1/22/2017,1/5/2004,SO62568,488,13249,6,2,1
1/22/2017,11/4/2003,SO62568,563,13249,6,1,1
1/22/2017,11/8/2003,SO62548,466,24265,4,4,3
1/22/2017,11/28/2003,SO62548,215,24265,4,3,1
1/22/2017,11/3/2003,SO62548,529,24265,4,1,1
1/22/2017,9/30/2003,SO62548,540,24265,4,2,1
1/22/2017,10/26/2003,SO62562,479,17183,8,3,3
1/22/2017,1/3/2004,SO62562,477,17183,8,2,2
1/22/2017,11/17/2003,SO62562,464,17183,8,4,1
1/22/2017,11/18/2003,SO62562,576,17183,8,1,1
1/22/2017,10/8/2003,SO62537,485,14995,7,2,2
1/22/2017,11/2/2003,SO62537,473,14995,7,3,1
1/22/2017,10/18/2003,SO62537,594,14995,7,1,1
1/22/2017,11/27/2003,SO62580,215,11461,9,2,1
1/22/2017,11/18/2003,SO62580,573,11461,9,1,1
1/22/2017,10/9/2003,SO62571,606,23264,1,1,1
1/22/2017,11/12/2003,SO62532,536,16619,9,1,2
1/23/2017,10/29/2003,SO62621,358,13622,9,1,1
1/23/2017,11/9/2003,SO62621,485,13622,9,2,1
1/23/2017,11/22/2003,SO62608,480,25490,7,2,2
1/23/2017,12/13/2003,SO62608,530,25490,7,1,1
1/23/2017,9/25/2003,SO62617,477,14596,4,3,2
1/23/2017,12/14/2003,SO62617,478,14596,4,4,2
1/23/2017,9/29/2003,SO62617,485,14596,4,2,2
1/23/2017,1/3/2004,SO62617,356,14596,4,1,1
1/23/2017,12/19/2003,SO62609,223,16247,6,3,2
1/23/2017,11/25/2003,SO62609,477,16247,6,2,2
1/23/2017,11/17/2003,SO62609,478,16247,6,4,2
1/23/2017,12/10/2003,SO62609,485,16247,6,1,2
1/23/2017,12/26/2003,SO62607,541,27303,7,1,3
1/23/2017,11/26/2003,SO62598,477,21421,1,2,2
1/23/2017,11/1/2003,SO62598,478,21421,1,1,2
1/23/2017,11/17/2003,SO62598,215,21421,1,3,1
1/23/2017,9/27/2003,SO62598,229,21421,1,4,1
1/23/2017,10/6/2003,SO62592,480,26271,4,2,2
1/23/2017,11/17/2003,SO62592,538,26271,4,1,2
1/23/2017,10/8/2003,SO62582,538,19626,9,2,3
1/23/2017,12/10/2003,SO62582,529,19626,9,1,2
1/23/2017,11/7/2003,SO62584,480,19100,9,1,2
1/23/2017,11/6/2003,SO62587,529,15710,7,2,2
1/23/2017,11/30/2003,SO62587,539,15710,7,3,2
1/23/2017,12/31/2003,SO62587,220,15710,7,4,1
1/23/2017,10/21/2003,SO62587,226,15710,7,5,1
1/23/2017,11/28/2003,SO62587,583,15710,7,1,1
1/23/2017,1/4/2004,SO62594,480,25283,4,3,2
1/23/2017,12/2/2003,SO62594,529,25283,4,2,2
1/23/2017,12/27/2003,SO62594,540,25283,4,1,1
1/23/2017,11/27/2003,SO62619,480,15567,6,3,3
1/23/2017,11/5/2003,SO62619,484,15567,6,4,2
1/23/2017,12/27/2003,SO62619,358,15567,6,1,1
1/23/2017,10/27/2003,SO62619,485,15567,6,2,1
1/23/2017,10/9/2003,SO62627,584,27514,9,1,1
1/23/2017,12/5/2003,SO62623,480,22782,4,4,3
1/23/2017,1/3/2004,SO62623,538,22782,4,2,2
1/23/2017,10/9/2003,SO62623,529,22782,4,3,1
1/23/2017,10/26/2003,SO62623,584,22782,4,1,1
1/23/2017,12/9/2003,SO62597,529,11091,6,1,2
1/23/2017,12/11/2003,SO62597,223,11091,6,3,1
1/23/2017,10/7/2003,SO62597,488,11091,6,4,1
1/23/2017,9/26/2003,SO62597,540,11091,6,2,1
1/23/2017,10/6/2003,SO62586,595,14966,7,1,1
1/23/2017,12/28/2003,SO62581,480,11902,9,3,2
1/23/2017,10/7/2003,SO62581,528,11902,9,2,2
1/23/2017,10/20/2003,SO62581,535,11902,9,1,2
1/23/2017,12/20/2003,SO62589,485,15114,8,2,2
1/23/2017,10/12/2003,SO62589,360,15114,8,1,1
1/23/2017,12/26/2003,SO62625,477,13605,7,2,2
1/23/2017,10/31/2003,SO62625,479,13605,7,3,2
1/23/2017,11/8/2003,SO62625,573,13605,7,1,1
1/23/2017,9/25/2003,SO62611,477,13516,10,1,2
1/23/2017,1/2/2004,SO62611,478,13516,10,2,2
1/23/2017,11/11/2003,SO62599,477,21460,4,1,2
1/23/2017,1/2/2004,SO62599,478,21460,4,2,2
1/23/2017,11/26/2003,SO62604,485,18411,6,1,2
1/23/2017,9/29/2003,SO62585,223,18211,9,1,2
1/23/2017,10/10/2003,SO62620,485,14394,1,2,2
1/23/2017,12/26/2003,SO62620,356,14394,1,1,1
1/23/2017,9/26/2003,SO62620,480,14394,1,3,1
1/23/2017,10/27/2003,SO62615,220,20496,4,2,1
1/23/2017,11/8/2003,SO62615,379,20496,4,1,1
1/23/2017,10/20/2003,SO62606,528,22304,10,2,2
1/23/2017,11/11/2003,SO62606,536,22304,10,1,2
1/23/2017,11/22/2003,SO62606,480,22304,10,3,1
1/23/2017,10/19/2003,SO62593,538,11200,6,1,2
1/23/2017,11/24/2003,SO62605,223,21082,8,3,2
1/23/2017,11/18/2003,SO62605,477,21082,8,1,2
1/23/2017,10/3/2003,SO62605,220,21082,8,2,1
1/23/2017,10/22/2003,SO62605,232,21082,8,4,1
1/23/2017,11/22/2003,SO62622,528,13631,9,3,2
1/23/2017,10/1/2003,SO62622,214,13631,9,4,1
1/23/2017,11/4/2003,SO62622,362,13631,9,1,1
1/23/2017,10/16/2003,SO62622,537,13631,9,2,1
1/23/2017,10/4/2003,SO62596,540,24962,1,1,1
1/23/2017,12/2/2003,SO62603,480,15858,4,2,2
1/23/2017,12/3/2003,SO62603,528,15858,4,1,2
1/23/2017,10/19/2003,SO62626,574,11892,9,1,1
1/23/2017,11/29/2003,SO62624,479,13590,10,2,2
1/23/2017,12/1/2003,SO62624,477,13590,10,3,1
1/23/2017,10/27/2003,SO62624,575,13590,10,1,1
1/23/2017,10/16/2003,SO62612,484,15942,6,2,2
1/23/2017,12/14/2003,SO62612,485,15942,6,1,2
1/23/2017,11/23/2003,SO62590,223,27677,1,2,3
1/23/2017,10/11/2003,SO62590,489,27677,1,3,1
1/23/2017,1/4/2004,SO62590,538,27677,1,1,1
1/23/2017,12/7/2003,SO62618,485,14572,4,2,2
1/23/2017,11/9/2003,SO62618,360,14572,4,1,1
1/23/2017,10/20/2003,SO62595,480,24821,1,2,2
1/23/2017,11/26/2003,SO62595,484,24821,1,3,2
1/23/2017,11/16/2003,SO62595,540,24821,1,1,1
1/23/2017,11/20/2003,SO62613,223,13312,4,3,2
1/23/2017,10/15/2003,SO62613,485,13312,4,1,2
1/23/2017,12/10/2003,SO62613,226,13312,4,2,1
1/23/2017,10/16/2003,SO62610,480,14504,6,3,2
1/23/2017,9/29/2003,SO62610,528,14504,6,1,1
1/23/2017,12/6/2003,SO62610,537,14504,6,2,1
1/23/2017,9/29/2003,SO62602,528,20070,6,1,3
1/23/2017,12/13/2003,SO62602,214,20070,6,2,1
1/23/2017,12/1/2003,SO62588,485,15685,8,2,2
1/23/2017,9/25/2003,SO62588,362,15685,8,1,1
1/23/2017,10/4/2003,SO62601,528,15957,4,1,2
1/23/2017,11/11/2003,SO62601,486,15957,4,2,1
1/23/2017,11/7/2003,SO62600,477,18405,4,1,1
1/23/2017,10/15/2003,SO62614,220,20527,4,2,1
1/23/2017,10/16/2003,SO62614,379,20527,4,1,1
1/23/2017,10/29/2003,SO62591,529,26483,4,1,2
1/23/2017,11/27/2003,SO62591,538,26483,4,2,2
1/23/2017,10/8/2003,SO62616,480,12441,4,2,2
1/23/2017,10/7/2003,SO62616,358,12441,4,1,1
1/23/2017,10/23/2003,SO62583,480,11755,9,2,2
1/23/2017,12/7/2003,SO62583,528,11755,9,1,2
1/24/2017,10/9/2003,SO62692,466,14348,9,3,1
1/24/2017,11/12/2003,SO62692,475,14348,9,2,1
1/24/2017,1/3/2004,SO62692,489,14348,9,4,1
1/24/2017,10/30/2003,SO62692,590,14348,9,1,1
1/24/2017,12/25/2003,SO62636,232,14072,9,1,1
1/24/2017,12/6/2003,SO62661,484,13920,6,3,2
1/24/2017,1/8/2004,SO62661,528,13920,6,1,1
1/24/2017,10/8/2003,SO62661,537,13920,6,2,1
1/24/2017,12/27/2003,SO62691,574,11898,9,1,1
1/24/2017,12/27/2003,SO62646,480,28577,1,2,2
1/24/2017,10/5/2003,SO62646,530,28577,1,1,2
1/24/2017,11/19/2003,SO62672,462,20445,9,3,2
1/24/2017,11/29/2003,SO62672,371,20445,9,1,1
1/24/2017,11/21/2003,SO62672,540,20445,9,2,1
1/24/2017,12/26/2003,SO62682,464,26057,4,6,2
1/24/2017,10/14/2003,SO62682,530,26057,4,2,2
1/24/2017,12/1/2003,SO62682,541,26057,4,3,2
1/24/2017,1/1/2004,SO62682,214,26057,4,4,1
1/24/2017,1/1/2004,SO62682,232,26057,4,5,1
1/24/2017,1/6/2004,SO62682,563,26057,4,1,1
1/24/2017,10/27/2003,SO62660,528,12136,6,2,3
1/24/2017,12/29/2003,SO62660,466,12136,6,4,2
1/24/2017,12/21/2003,SO62660,214,12136,6,3,1
1/24/2017,10/30/2003,SO62660,537,12136,6,1,1
1/24/2017,12/6/2003,SO62689,223,26992,10,3,2
1/24/2017,10/15/2003,SO62689,214,26992,10,2,1
1/24/2017,10/13/2003,SO62689,604,26992,10,1,1
1/24/2017,1/4/2004,SO62645,477,28059,4,2,2
1/24/2017,11/14/2003,SO62645,479,28059,4,3,2
1/24/2017,1/7/2004,SO62645,530,28059,4,1,2
1/24/2017,11/18/2003,SO62645,473,28059,4,4,1
1/24/2017,12/3/2003,SO62649,474,28640,6,1,1
1/24/2017,10/16/2003,SO62648,462,22269,4,4,2
1/24/2017,10/30/2003,SO62648,528,22269,4,2,2
1/24/2017,12/9/2003,SO62648,536,22269,4,1,2
1/24/2017,11/30/2003,SO62648,214,22269,4,3,1
1/24/2017,11/8/2003,SO62671,477,20444,9,2,2
1/24/2017,10/12/2003,SO62671,479,20444,9,3,2
1/24/2017,11/12/2003,SO62671,226,20444,9,4,1
1/24/2017,10/15/2003,SO62671,379,20444,9,1,1
1/24/2017,11/9/2003,SO62678,528,13139,9,2,2
1/24/2017,11/14/2003,SO62678,360,13139,9,1,1
1/24/2017,10/17/2003,SO62678,487,13139,9,4,1
1/24/2017,11/9/2003,SO62678,537,13139,9,3,1
1/24/2017,12/2/2003,SO62637,223,15020,9,1,3
1/24/2017,12/22/2003,SO62676,485,13114,9,2,3
1/24/2017,10/8/2003,SO62676,214,13114,9,3,1
1/24/2017,12/9/2003,SO62676,362,13114,9,1,1
1/24/2017,11/23/2003,SO62662,477,16950,6,2,3
1/24/2017,1/7/2004,SO62662,478,16950,6,3,2
1/24/2017,10/21/2003,SO62662,485,16950,6,1,2
1/24/2017,11/17/2003,SO62662,232,16950,6,4,1
1/24/2017,12/15/2003,SO62685,466,16873,6,3,2
1/24/2017,12/15/2003,SO62685,477,16873,6,4,2
1/24/2017,12/23/2003,SO62685,479,16873,6,2,2
1/24/2017,10/15/2003,SO62685,584,16873,6,1,1
1/24/2017,10/18/2003,SO62629,538,24456,9,1,3
1/24/2017,10/25/2003,SO62635,232,14034,9,1,1
1/24/2017,11/25/2003,SO62680,477,29168,4,2,2
1/24/2017,10/10/2003,SO62680,223,29168,4,4,1
1/24/2017,11/19/2003,SO62680,479,29168,4,3,1
1/24/2017,11/2/2003,SO62680,585,29168,4,1,1
1/24/2017,11/12/2003,SO62679,541,25436,4,2,2
1/24/2017,10/29/2003,SO62679,560,25436,4,1,1
1/24/2017,10/1/2003,SO62650,464,17530,1,3,2
1/24/2017,10/9/2003,SO62650,477,17530,1,1,2
1/24/2017,11/17/2003,SO62650,232,17530,1,2,1
1/24/2017,10/29/2003,SO62673,379,17352,9,1,1
1/24/2017,10/13/2003,SO62639,480,14965,7,4,2
1/24/2017,9/27/2003,SO62639,528,14965,7,2,2
1/24/2017,12/7/2003,SO62639,535,14965,7,3,2
1/24/2017,10/14/2003,SO62639,600,14965,7,1,1
1/24/2017,11/5/2003,SO62640,539,25492,8,2,3
1/24/2017,10/18/2003,SO62640,529,25492,8,3,2
1/24/2017,12/30/2003,SO62640,215,25492,8,4,1
1/24/2017,11/10/2003,SO62640,582,25492,8,1,1
1/24/2017,11/22/2003,SO62688,387,24054,10,1,1
1/24/2017,11/23/2003,SO62688,490,24054,10,2,1
1/24/2017,12/1/2003,SO62669,564,17191,8,1,1
1/24/2017,12/2/2003,SO62643,223,12985,4,1,1
1/24/2017,12/17/2003,SO62683,220,12154,6,2,1
1/24/2017,12/25/2003,SO62683,561,12154,6,1,1
1/24/2017,12/3/2003,SO62667,481,14421,1,4,2
1/24/2017,10/14/2003,SO62667,528,14421,1,3,2
1/24/2017,10/10/2003,SO62667,352,14421,1,1,1
1/24/2017,10/18/2003,SO62667,537,14421,1,2,1
1/24/2017,10/1/2003,SO62686,529,20401,4,3,3
1/24/2017,11/16/2003,SO62686,539,20401,4,2,2
1/24/2017,10/8/2003,SO62686,215,20401,4,4,1
1/24/2017,11/20/2003,SO62686,389,20401,4,1,1
1/24/2017,1/2/2004,SO62670,489,20264,9,2,1
1/24/2017,11/20/2003,SO62670,580,20264,9,1,1
1/24/2017,12/21/2003,SO62638,581,21669,10,1,1
1/24/2017,11/8/2003,SO62668,462,11344,10,4,2
1/24/2017,11/25/2003,SO62668,477,11344,10,2,2
1/24/2017,10/25/2003,SO62668,479,11344,10,3,2
1/24/2017,11/3/2003,SO62668,561,11344,10,1,1
1/24/2017,12/23/2003,SO62674,377,20610,9,1,1
1/24/2017,11/22/2003,SO62690,538,22471,7,2,2
1/24/2017,12/1/2003,SO62690,604,22471,7,1,1
1/24/2017,11/2/2003,SO62681,223,24685,4,2,2
1/24/2017,10/24/2003,SO62681,575,24685,4,1,1
1/24/2017,10/18/2003,SO62677,528,13633,9,3,2
1/24/2017,12/20/2003,SO62677,220,13633,9,4,1
1/24/2017,11/15/2003,SO62677,358,13633,9,1,1
1/24/2017,12/2/2003,SO62677,537,13633,9,2,1
1/24/2017,10/19/2003,SO62665,352,12902,6,1,1
1/24/2017,11/27/2003,SO62665,478,12902,6,2,1
1/24/2017,11/6/2003,SO62642,477,15691,10,3,2
1/24/2017,11/25/2003,SO62642,478,15691,10,2,2
1/24/2017,11/12/2003,SO62642,214,15691,10,4,1
1/24/2017,11/16/2003,SO62642,223,15691,10,5,1
1/24/2017,10/16/2003,SO62642,352,15691,10,1,1
1/24/2017,12/4/2003,SO62658,223,19514,8,4,2
1/24/2017,11/18/2003,SO62658,528,19514,8,2,2
1/24/2017,11/23/2003,SO62658,536,19514,8,1,2
1/24/2017,1/5/2004,SO62658,220,19514,8,3,1
1/24/2017,11/4/2003,SO62655,539,20804,10,1,2
1/24/2017,11/30/2003,SO62644,539,28984,1,1,3
1/24/2017,12/20/2003,SO62644,529,28984,1,2,2
1/24/2017,11/29/2003,SO62664,485,14585,4,2,2
1/24/2017,10/11/2003,SO62664,358,14585,4,1,1
1/24/2017,11/24/2003,SO62666,528,14448,1,2,2
1/24/2017,12/16/2003,SO62666,220,14448,1,4,1
1/24/2017,1/6/2004,SO62666,362,14448,1,1,1
1/24/2017,1/3/2004,SO62666,537,14448,1,3,1
1/24/2017,10/19/2003,SO62656,480,21079,10,3,2
1/24/2017,11/30/2003,SO62656,528,21079,10,1,2
1/24/2017,10/17/2003,SO62656,536,21079,10,2,2
1/24/2017,11/6/2003,SO62659,480,11019,6,2,2
1/24/2017,10/8/2003,SO62659,537,11019,6,1,1
1/24/2017,11/15/2003,SO62630,485,18306,9,1,2
1/24/2017,11/9/2003,SO62630,471,18306,9,2,1
1/24/2017,10/27/2003,SO62634,462,14016,9,2,2
1/24/2017,11/10/2003,SO62634,540,14016,9,1,1
1/24/2017,11/27/2003,SO62684,484,22864,1,4,3
1/24/2017,1/4/2004,SO62684,480,22864,1,3,2
1/24/2017,11/24/2003,SO62684,538,22864,1,2,2
1/24/2017,1/6/2004,SO62684,604,22864,1,1,1
1/24/2017,10/20/2003,SO62651,528,15508,1,1,2
1/24/2017,10/30/2003,SO62651,215,15508,1,2,1
1/24/2017,12/11/2003,SO62632,475,13621,9,1,1
1/24/2017,11/18/2003,SO62657,480,17707,8,3,2
1/24/2017,11/10/2003,SO62657,528,17707,8,2,2
1/24/2017,10/30/2003,SO62657,535,17707,8,1,1
1/24/2017,11/21/2003,SO62693,482,11893,9,2,2
1/24/2017,10/16/2003,SO62693,214,11893,9,3,1
1/24/2017,10/21/2003,SO62693,575,11893,9,1,1
1/24/2017,12/2/2003,SO62641,466,15928,8,4,3
1/24/2017,12/17/2003,SO62641,478,15928,8,3,3
1/24/2017,12/22/2003,SO62641,356,15928,8,1,1
1/24/2017,12/20/2003,SO62641,477,15928,8,2,1
1/24/2017,11/8/2003,SO62675,529,25214,9,3,2
1/24/2017,12/30/2003,SO62675,381,25214,9,1,1
1/24/2017,12/16/2003,SO62675,539,25214,9,2,1
1/24/2017,10/16/2003,SO62687,214,17561,4,2,1
1/24/2017,10/8/2003,SO62687,581,17561,4,1,1
1/24/2017,11/4/2003,SO62628,223,12927,4,1,2
1/24/2017,10/26/2003,SO62631,528,25054,9,1,2
1/24/2017,10/15/2003,SO62631,220,25054,9,2,1
1/24/2017,10/2/2003,SO62631,472,25054,9,3,1
1/24/2017,11/17/2003,SO62694,477,23325,9,3,2
1/24/2017,11/14/2003,SO62694,479,23325,9,2,2
1/24/2017,12/4/2003,SO62694,584,23325,9,1,1
1/24/2017,10/23/2003,SO62654,528,15090,8,1,2
1/24/2017,12/19/2003,SO62654,486,15090,8,2,1
1/24/2017,9/26/2003,SO62652,528,23284,6,1,2
1/24/2017,10/18/2003,SO62652,220,23284,6,2,1
1/24/2017,12/21/2003,SO62653,466,17194,8,4,2
1/24/2017,10/24/2003,SO62653,478,17194,8,2,2
1/24/2017,12/1/2003,SO62653,485,17194,8,1,2
1/24/2017,10/14/2003,SO62653,487,17194,8,3,1
1/24/2017,11/11/2003,SO62647,540,24290,1,1,1
1/25/2017,10/14/2003,SO62715,484,13423,6,2,2
1/25/2017,1/9/2004,SO62715,477,13423,6,1,1
1/25/2017,1/1/2004,SO62720,485,13874,4,1,2
1/25/2017,10/2/2003,SO62720,487,13874,4,2,1
1/25/2017,10/11/2003,SO62737,223,11343,10,4,2
1/25/2017,10/27/2003,SO62737,477,11343,10,3,2
1/25/2017,11/14/2003,SO62737,479,11343,10,2,2
1/25/2017,10/20/2003,SO62737,220,11343,10,5,1
1/25/2017,11/6/2003,SO62737,575,11343,10,1,1
1/25/2017,10/5/2003,SO62739,354,11030,9,1,1
1/25/2017,12/8/2003,SO62701,215,17889,10,2,1
1/25/2017,10/31/2003,SO62701,592,17889,10,1,1
1/25/2017,12/10/2003,SO62698,477,29338,9,1,2
1/25/2017,12/23/2003,SO62698,220,29338,9,2,1
1/25/2017,10/17/2003,SO62711,477,21804,1,1,2
1/25/2017,12/29/2003,SO62711,478,21804,1,2,2
1/25/2017,1/9/2004,SO62724,235,28722,7,2,1
1/25/2017,10/21/2003,SO62724,474,28722,7,1,1
1/25/2017,11/8/2003,SO62713,229,19888,4,2,1
1/25/2017,9/27/2003,SO62713,476,19888,4,1,1
1/25/2017,12/16/2003,SO62714,476,20107,1,1,1
1/25/2017,10/5/2003,SO62749,568,29081,9,1,1
1/25/2017,12/26/2003,SO62743,538,22871,1,2,2
1/25/2017,10/25/2003,SO62743,606,22871,1,1,1
1/25/2017,1/6/2004,SO62727,529,21847,10,1,3
1/25/2017,10/22/2003,SO62727,486,21847,10,3,1
1/25/2017,10/8/2003,SO62727,539,21847,10,2,1
1/25/2017,10/17/2003,SO62722,539,20724,10,1,2
1/25/2017,10/13/2003,SO62750,214,11097,9,2,1
1/25/2017,10/14/2003,SO62750,562,11097,9,1,1
1/25/2017,12/9/2003,SO62702,477,13405,7,3,3
1/25/2017,10/10/2003,SO62702,479,13405,7,2,2
1/25/2017,11/27/2003,SO62702,379,13405,7,1,1
1/25/2017,11/18/2003,SO62719,528,14563,1,1,2
1/25/2017,10/29/2003,SO62719,220,14563,1,2,1
1/25/2017,12/17/2003,SO62705,480,11157,1,2,2
1/25/2017,12/25/2003,SO62705,529,11157,1,1,2
1/25/2017,1/5/2004,SO62741,220,25924,4,2,1
1/25/2017,11/4/2003,SO62741,563,25924,4,1,1
1/25/2017,12/29/2003,SO62742,561,25976,4,1,1
1/25/2017,11/27/2003,SO62695,464,11771,1,2,2
1/25/2017,12/24/2003,SO62695,220,11771,1,1,1
1/25/2017,10/8/2003,SO62703,362,15693,8,1,1
1/25/2017,10/28/2003,SO62706,480,29200,1,2,2
1/25/2017,10/24/2003,SO62706,529,29200,1,1,2
1/25/2017,9/27/2003,SO62707,480,28008,1,2,2
1/25/2017,10/3/2003,SO62707,530,28008,1,1,2
1/25/2017,1/2/2004,SO62746,477,19884,6,3,2
1/25/2017,10/24/2003,SO62746,479,19884,6,2,2
1/25/2017,10/30/2003,SO62746,381,19884,6,1,1
1/25/2017,1/8/2004,SO62746,490,19884,6,4,1
1/25/2017,11/28/2003,SO62716,223,18663,4,1,2
1/25/2017,11/5/2003,SO62716,477,18663,4,2,2
1/25/2017,11/27/2003,SO62726,481,27822,10,3,2
1/25/2017,12/27/2003,SO62726,529,27822,10,2,2
1/25/2017,11/18/2003,SO62726,538,27822,10,1,2
1/25/2017,11/12/2003,SO62735,481,14453,1,4,2
1/25/2017,12/16/2003,SO62735,485,14453,1,2,2
1/25/2017,1/4/2004,SO62735,232,14453,1,3,1
1/25/2017,11/27/2003,SO62735,352,14453,1,1,1
1/25/2017,1/2/2004,SO62717,477,29267,6,1,1
1/25/2017,10/28/2003,SO62734,477,12746,10,1,2
1/25/2017,12/21/2003,SO62734,478,12746,10,2,2
1/25/2017,10/18/2003,SO62734,489,12746,10,3,1
1/25/2017,10/23/2003,SO62696,535,13044,9,1,2
1/25/2017,9/27/2003,SO62729,529,24128,8,1,2
1/25/2017,10/13/2003,SO62729,214,24128,8,3,1
1/25/2017,12/24/2003,SO62729,487,24128,8,2,1
1/25/2017,1/7/2004,SO62700,477,11114,9,2,2
1/25/2017,10/14/2003,SO62700,214,11114,9,3,1
1/25/2017,1/1/2004,SO62700,478,11114,9,1,1
1/25/2017,10/17/2003,SO62744,464,22298,4,4,3
1/25/2017,10/29/2003,SO62744,477,22298,4,3,2
1/25/2017,10/11/2003,SO62744,479,22298,4,2,2
1/25/2017,12/12/2003,SO62744,606,22298,4,1,1
1/25/2017,9/30/2003,SO62697,482,19104,9,2,2
1/25/2017,9/30/2003,SO62697,485,19104,9,1,2
1/25/2017,11/16/2003,SO62699,477,23345,9,1,2
1/25/2017,12/11/2003,SO62745,223,16220,6,4,2
1/25/2017,1/9/2004,SO62745,477,16220,6,3,2
1/25/2017,11/19/2003,SO62745,479,16220,6,2,2
1/25/2017,11/30/2003,SO62745,604,16220,6,1,1
1/25/2017,11/21/2003,SO62740,479,13343,6,2,2
1/25/2017,12/21/2003,SO62740,484,13343,6,3,1
1/25/2017,10/12/2003,SO62740,564,13343,6,1,1
1/25/2017,1/2/2004,SO62736,358,14473,4,1,1
1/25/2017,12/13/2003,SO62736,473,14473,4,3,1
1/25/2017,11/3/2003,SO62736,487,14473,4,2,1
1/25/2017,12/3/2003,SO62704,488,11720,4,1,1
1/25/2017,11/27/2003,SO62732,528,11642,6,2,3
1/25/2017,11/29/2003,SO62732,215,11642,6,3,1
1/25/2017,12/15/2003,SO62732,537,11642,6,1,1
1/25/2017,10/30/2003,SO62718,528,16652,4,1,2
1/25/2017,9/30/2003,SO62718,214,16652,4,2,1
1/25/2017,10/12/2003,SO62718,482,16652,4,3,1
1/25/2017,12/8/2003,SO62723,223,17991,10,4,2
1/25/2017,1/3/2004,SO62723,528,17991,10,2,2
1/25/2017,11/27/2003,SO62723,535,17991,10,1,2
1/25/2017,10/6/2003,SO62723,215,17991,10,3,1
1/25/2017,9/27/2003,SO62731,528,11658,4,2,3
1/25/2017,11/9/2003,SO62731,481,11658,4,3,2
1/25/2017,11/8/2003,SO62731,537,11658,4,1,1
1/25/2017,9/29/2003,SO62725,529,23626,7,1,2
1/25/2017,12/4/2003,SO62725,215,23626,7,2,1
1/25/2017,12/27/2003,SO62708,480,25931,1,2,2
1/25/2017,11/20/2003,SO62708,535,25931,1,1,2
1/25/2017,10/1/2003,SO62710,536,11500,6,1,1
1/25/2017,11/5/2003,SO62728,529,27785,10,1,3
1/25/2017,1/1/2004,SO62728,214,27785,10,2,1
1/25/2017,12/22/2003,SO62730,530,26893,10,1,2
1/25/2017,11/28/2003,SO62730,487,26893,10,2,1
1/25/2017,11/10/2003,SO62747,385,20061,7,1,1
1/25/2017,12/11/2003,SO62747,488,20061,7,2,1
1/25/2017,9/29/2003,SO62733,223,12515,7,1,2
1/25/2017,11/19/2003,SO62709,529,27430,1,1,2
1/25/2017,1/4/2004,SO62709,538,27430,1,2,2
1/25/2017,10/15/2003,SO62709,484,27430,1,3,1
1/25/2017,9/28/2003,SO62738,490,20249,9,2,1
1/25/2017,11/30/2003,SO62738,582,20249,9,1,1
1/25/2017,11/3/2003,SO62721,485,13381,4,1,2
1/25/2017,1/7/2004,SO62721,232,13381,4,2,1
1/26/2017,1/7/2004,SO62766,528,14141,7,3,2
1/26/2017,11/4/2003,SO62766,220,14141,7,4,1
1/26/2017,1/5/2004,SO62766,536,14141,7,2,1
1/26/2017,10/23/2003,SO62766,587,14141,7,1,1
1/26/2017,10/6/2003,SO62773,480,27035,4,2,2
1/26/2017,1/7/2004,SO62773,530,27035,4,1,2
1/26/2017,10/16/2003,SO62796,462,11646,1,2,1
1/26/2017,10/22/2003,SO62796,537,11646,1,1,1
1/26/2017,11/7/2003,SO62765,214,24865,10,2,1
1/26/2017,11/30/2003,SO62765,371,24865,10,1,1
1/26/2017,12/4/2003,SO62804,480,12094,4,5,2
1/26/2017,12/18/2003,SO62804,485,12094,4,4,2
1/26/2017,1/11/2004,SO62804,528,12094,4,3,2
1/26/2017,10/20/2003,SO62804,352,12094,4,1,1
1/26/2017,10/20/2003,SO62804,537,12094,4,2,1
1/26/2017,12/23/2003,SO62814,529,22685,8,3,3
1/26/2017,11/4/2003,SO62814,538,22685,8,2,2
1/26/2017,12/25/2003,SO62814,215,22685,8,4,1
1/26/2017,1/3/2004,SO62814,605,22685,8,1,1
1/26/2017,10/12/2003,SO62819,479,27511,9,2,3
1/26/2017,10/11/2003,SO62819,584,27511,9,1,1
1/26/2017,12/1/2003,SO62759,484,11458,9,1,2
1/26/2017,12/26/2003,SO62776,480,26048,4,3,2
1/26/2017,1/1/2004,SO62776,528,26048,4,2,2
1/26/2017,9/28/2003,SO62776,486,26048,4,4,1
1/26/2017,1/2/2004,SO62776,535,26048,4,1,1
1/26/2017,1/11/2004,SO62768,358,12378,8,1,1
1/26/2017,10/17/2003,SO62805,356,12075,1,1,1
1/26/2017,11/27/2003,SO62805,537,12075,1,2,1
1/26/2017,1/5/2004,SO62763,229,17830,7,2,1
1/26/2017,12/17/2003,SO62763,583,17830,7,1,1
1/26/2017,11/1/2003,SO62795,464,11672,4,1,2
1/26/2017,12/23/2003,SO62795,537,11672,4,2,1
1/26/2017,12/27/2003,SO62777,529,24766,1,2,2
1/26/2017,10/22/2003,SO62777,215,24766,1,3,1
1/26/2017,12/14/2003,SO62777,540,24766,1,1,1
1/26/2017,11/7/2003,SO62760,480,18299,9,1,1
1/26/2017,11/29/2003,SO62816,486,14300,9,2,1
1/26/2017,1/5/2004,SO62816,585,14300,9,1,1
1/26/2017,11/17/2003,SO62813,477,11480,7,3,2
1/26/2017,11/6/2003,SO62813,479,11480,7,2,2
1/26/2017,11/15/2003,SO62813,606,11480,7,1,1
1/26/2017,10/7/2003,SO62789,480,15098,7,3,2
1/26/2017,1/9/2004,SO62789,529,15098,7,1,2
1/26/2017,11/5/2003,SO62789,540,15098,7,2,1
1/26/2017,12/6/2003,SO62808,485,13958,9,3,2
1/26/2017,12/29/2003,SO62808,354,13958,9,1,1
1/26/2017,10/15/2003,SO62808,473,13958,9,2,1
1/26/2017,10/29/2003,SO62815,215,11895,9,2,1
1/26/2017,10/23/2003,SO62815,575,11895,9,1,1
1/26/2017,10/14/2003,SO62772,530,28999,4,1,2
1/26/2017,10/10/2003,SO62782,477,25016,6,1,2
1/26/2017,11/2/2003,SO62751,223,11932,4,2,2
1/26/2017,10/18/2003,SO62751,214,11932,4,1,1
1/26/2017,12/9/2003,SO62751,232,11932,4,3,1
1/26/2017,11/18/2003,SO62784,223,25209,6,4,2
1/26/2017,12/17/2003,SO62784,477,25209,6,1,2
1/26/2017,11/8/2003,SO62784,220,25209,6,2,1
1/26/2017,10/29/2003,SO62784,229,25209,6,3,1
1/26/2017,1/9/2004,SO62802,485,19737,1,2,2
1/26/2017,10/27/2003,SO62802,214,19737,1,3,1
1/26/2017,12/1/2003,SO62802,595,19737,1,1,1
1/26/2017,10/23/2003,SO62771,529,29349,1,1,2
1/26/2017,10/15/2003,SO62771,220,29349,1,2,1
1/26/2017,10/28/2003,SO62752,529,15241,9,2,2
1/26/2017,12/29/2003,SO62752,539,15241,9,1,2
1/26/2017,11/20/2003,SO62778,466,11223,6,2,2
1/26/2017,11/21/2003,SO62778,535,11223,6,1,2
1/26/2017,10/18/2003,SO62783,477,26270,6,1,2
1/26/2017,1/8/2004,SO62761,464,21060,10,2,2
1/26/2017,12/6/2003,SO62761,583,21060,10,1,1
1/26/2017,10/18/2003,SO62779,528,24745,4,2,2
1/26/2017,1/2/2004,SO62779,535,24745,4,1,2
1/26/2017,12/7/2003,SO62812,385,24069,10,1,1
1/26/2017,11/9/2003,SO62812,490,24069,10,2,1
1/26/2017,12/27/2003,SO62798,528,11824,6,2,1
1/26/2017,12/2/2003,SO62798,537,11824,6,1,1
1/26/2017,12/9/2003,SO62769,360,12860,10,1,1
1/26/2017,12/5/2003,SO62769,483,12860,10,2,1
1/26/2017,11/24/2003,SO62792,529,25474,10,1,2
1/26/2017,10/21/2003,SO62792,214,25474,10,2,1
1/26/2017,12/7/2003,SO62786,215,14097,1,2,1
1/26/2017,12/9/2003,SO62786,485,14097,1,1,1
1/26/2017,10/10/2003,SO62753,529,14008,9,1,2
1/26/2017,10/25/2003,SO62753,539,14008,9,2,2
1/26/2017,1/8/2004,SO62758,223,14231,9,1,2
1/26/2017,11/15/2003,SO62758,226,14231,9,2,1
1/26/2017,11/15/2003,SO62755,485,18705,9,1,2
1/26/2017,10/19/2003,SO62755,220,18705,9,2,1
1/26/2017,12/27/2003,SO62780,477,21636,4,2,2
1/26/2017,10/23/2003,SO62780,478,21636,4,1,2
1/26/2017,12/30/2003,SO62797,480,13268,6,2,3
1/26/2017,11/13/2003,SO62797,537,13268,6,1,1
1/26/2017,10/17/2003,SO62794,529,22561,7,2,2
1/26/2017,11/27/2003,SO62794,538,22561,7,1,1
1/26/2017,12/14/2003,SO62806,220,20247,9,2,1
1/26/2017,11/11/2003,SO62806,379,20247,9,1,1
1/26/2017,12/6/2003,SO62757,477,22856,9,1,1
1/26/2017,12/27/2003,SO62818,214,11462,9,2,1
1/26/2017,12/3/2003,SO62818,574,11462,9,1,1
1/26/2017,11/29/2003,SO62774,530,26800,4,2,2
1/26/2017,1/6/2004,SO62774,541,26800,4,1,2
1/26/2017,12/24/2003,SO62774,220,26800,4,3,1
1/26/2017,10/19/2003,SO62801,485,19662,6,1,1
1/26/2017,10/31/2003,SO62801,491,19662,6,2,1
1/26/2017,11/29/2003,SO62787,214,16586,7,2,1
1/26/2017,1/6/2004,SO62787,537,16586,7,1,1
1/26/2017,10/25/2003,SO62790,485,14152,7,1,2
1/26/2017,12/27/2003,SO62790,226,14152,7,2,1
1/26/2017,12/6/2003,SO62810,215,22790,4,2,1
1/26/2017,10/28/2003,SO62810,584,22790,4,1,1
1/26/2017,10/30/2003,SO62785,223,26474,6,2,2
1/26/2017,12/30/2003,SO62785,477,26474,6,1,1
1/26/2017,10/20/2003,SO62767,215,12873,10,2,1
1/26/2017,12/15/2003,SO62767,354,12873,10,1,1
1/26/2017,11/12/2003,SO62762,488,17827,7,2,1
1/26/2017,11/21/2003,SO62762,583,17827,7,1,1
1/26/2017,11/11/2003,SO62800,226,16380,6,2,1
1/26/2017,10/28/2003,SO62800,485,16380,6,1,1
1/26/2017,10/24/2003,SO62799,528,14370,6,2,3
1/26/2017,1/11/2004,SO62799,215,14370,6,3,1
1/26/2017,10/11/2003,SO62799,537,14370,6,1,1
1/26/2017,1/2/2004,SO62803,478,22128,6,2,3
1/26/2017,12/29/2003,SO62803,477,22128,6,4,2
1/26/2017,10/12/2003,SO62803,223,22128,6,3,1
1/26/2017,11/23/2003,SO62803,599,22128,6,1,1
1/26/2017,10/8/2003,SO62770,480,11174,4,2,2
1/26/2017,10/9/2003,SO62770,529,11174,4,1,2
1/26/2017,10/30/2003,SO62811,529,20684,4,3,2
1/26/2017,1/11/2004,SO62811,539,20684,4,2,2
1/26/2017,11/7/2003,SO62811,580,20684,4,1,1
1/26/2017,9/29/2003,SO62807,223,12252,9,4,2
1/26/2017,12/16/2003,SO62807,477,12252,9,3,2
1/26/2017,1/9/2004,SO62807,478,12252,9,2,2
1/26/2017,10/31/2003,SO62807,598,12252,9,1,1
1/26/2017,11/26/2003,SO62809,477,13643,9,3,2
1/26/2017,12/18/2003,SO62809,478,13643,9,2,2
1/26/2017,10/27/2003,SO62809,356,13643,9,1,1
1/26/2017,1/8/2004,SO62756,485,16709,9,1,2
1/26/2017,11/11/2003,SO62756,490,16709,9,2,1
1/26/2017,12/26/2003,SO62754,536,16632,9,1,2
1/26/2017,11/24/2003,SO62775,480,11331,6,2,2
1/26/2017,12/24/2003,SO62775,484,11331,6,3,2
1/26/2017,10/9/2003,SO62775,535,11331,6,1,2
1/26/2017,11/7/2003,SO62793,529,22688,8,1,3
1/26/2017,10/15/2003,SO62793,214,22688,8,2,1
1/26/2017,12/25/2003,SO62788,464,15045,7,1,2
1/26/2017,10/19/2003,SO62788,535,15045,7,2,2
1/26/2017,11/6/2003,SO62764,220,17928,8,2,1
1/26/2017,12/24/2003,SO62764,582,17928,8,1,1
1/26/2017,12/12/2003,SO62791,529,25313,10,1,2
1/26/2017,11/17/2003,SO62781,477,15536,6,2,2
1/26/2017,11/3/2003,SO62781,471,15536,6,3,1
1/26/2017,1/2/2004,SO62781,478,15536,6,1,1
1/26/2017,11/29/2003,SO62817,220,29080,9,2,1
1/26/2017,11/16/2003,SO62817,585,29080,9,1,1
1/27/2017,12/15/2003,SO62850,528,12067,4,2,3
1/27/2017,12/16/2003,SO62850,214,12067,4,3,1
1/27/2017,10/24/2003,SO62850,537,12067,4,1,1
1/27/2017,12/5/2003,SO62845,480,24563,8,2,2
1/27/2017,12/2/2003,SO62845,529,24563,8,1,2
1/27/2017,10/13/2003,SO62844,477,25781,10,1,2
1/27/2017,11/25/2003,SO62844,215,25781,10,2,1
1/27/2017,11/1/2003,SO62851,476,14634,1,2,1
1/27/2017,1/5/2004,SO62851,589,14634,1,1,1
1/27/2017,11/16/2003,SO62858,485,12030,1,2,3
1/27/2017,12/2/2003,SO62858,226,12030,1,3,1
1/27/2017,11/26/2003,SO62858,354,12030,1,1,1
1/27/2017,10/14/2003,SO62849,485,13297,4,1,2
1/27/2017,10/6/2003,SO62837,529,24312,1,2,2
1/27/2017,10/11/2003,SO62837,540,24312,1,1,1
1/27/2017,11/28/2003,SO62826,356,15625,8,1,1
1/27/2017,10/14/2003,SO62826,485,15625,8,2,1
1/27/2017,12/1/2003,SO62839,477,18658,1,1,2
1/27/2017,10/2/2003,SO62839,490,18658,1,2,1
1/27/2017,11/17/2003,SO62867,220,12710,6,2,1
1/27/2017,1/5/2004,SO62867,562,12710,6,1,1
1/27/2017,12/26/2003,SO62865,477,13638,9,3,2
1/27/2017,11/21/2003,SO62865,478,13638,9,2,2
1/27/2017,12/31/2003,SO62865,358,13638,9,1,1
1/27/2017,11/29/2003,SO62865,491,13638,9,4,1
1/27/2017,11/8/2003,SO62842,477,19062,7,4,2
1/27/2017,9/29/2003,SO62842,478,19062,7,3,2
1/27/2017,12/2/2003,SO62842,528,19062,7,1,2
1/27/2017,11/10/2003,SO62842,535,19062,7,2,2
1/27/2017,10/23/2003,SO62842,220,19062,7,5,1
1/27/2017,11/21/2003,SO62869,479,28376,8,2,3
1/27/2017,12/5/2003,SO62869,477,28376,8,3,2
1/27/2017,10/17/2003,SO62869,381,28376,8,1,1
1/27/2017,11/27/2003,SO62822,478,11753,9,1,2
1/27/2017,11/6/2003,SO62856,485,14438,1,2,2
1/27/2017,12/18/2003,SO62856,214,14438,1,3,1
1/27/2017,10/20/2003,SO62856,358,14438,1,1,1
1/27/2017,11/5/2003,SO62857,477,12027,1,3,2
1/27/2017,10/9/2003,SO62857,478,12027,1,2,2
1/27/2017,12/17/2003,SO62857,352,12027,1,1,1
1/27/2017,11/18/2003,SO62832,529,28236,4,2,2
1/27/2017,12/20/2003,SO62832,538,28236,4,1,2
1/27/2017,12/13/2003,SO62832,220,28236,4,3,1
1/27/2017,11/28/2003,SO62872,530,13584,10,3,2
1/27/2017,12/13/2003,SO62872,541,13584,10,2,2
1/27/2017,11/24/2003,SO62872,220,13584,10,4,1
1/27/2017,10/21/2003,SO62872,561,13584,10,1,1
1/27/2017,11/30/2003,SO62829,223,11520,6,2,2
1/27/2017,12/8/2003,SO62829,489,11520,6,1,1
1/27/2017,12/3/2003,SO62853,477,22118,6,3,3
1/27/2017,10/5/2003,SO62853,478,22118,6,2,1
1/27/2017,10/14/2003,SO62853,592,22118,6,1,1
1/27/2017,10/3/2003,SO62860,477,20447,9,3,2
1/27/2017,1/6/2004,SO62860,479,20447,9,2,2
1/27/2017,11/6/2003,SO62860,379,20447,9,1,1
1/27/2017,12/4/2003,SO62863,215,16161,9,3,1
1/27/2017,12/20/2003,SO62863,485,16161,9,2,1
1/27/2017,10/3/2003,SO62863,488,16161,9,4,1
1/27/2017,10/5/2003,SO62863,596,16161,9,1,1
1/27/2017,10/13/2003,SO62854,485,15023,1,2,2
1/27/2017,10/20/2003,SO62854,358,15023,1,1,1
1/27/2017,11/19/2003,SO62854,472,15023,1,3,1
1/27/2017,10/14/2003,SO62871,477,14186,7,3,2
1/27/2017,12/31/2003,SO62871,479,14186,7,2,2
1/27/2017,12/14/2003,SO62871,220,14186,7,4,1
1/27/2017,12/19/2003,SO62871,562,14186,7,1,1
1/27/2017,10/5/2003,SO62843,477,21836,8,1,2
1/27/2017,11/29/2003,SO62852,588,14610,1,1,1
1/27/2017,11/23/2003,SO62841,480,17758,8,3,2
1/27/2017,12/10/2003,SO62841,528,17758,8,2,2
1/27/2017,10/15/2003,SO62841,535,17758,8,1,2
1/27/2017,11/21/2003,SO62862,220,24478,9,2,1
1/27/2017,11/29/2003,SO62862,387,24478,9,1,1
1/27/2017,10/30/2003,SO62870,529,26949,10,2,2
1/27/2017,10/15/2003,SO62870,538,26949,10,3,2
1/27/2017,11/18/2003,SO62870,606,26949,10,1,1
1/27/2017,12/16/2003,SO62823,215,13983,9,1,1
1/27/2017,12/13/2003,SO62825,529,16442,8,3,2
1/27/2017,12/19/2003,SO62825,371,16442,8,1,1
1/27/2017,12/4/2003,SO62825,540,16442,8,2,1
1/27/2017,12/4/2003,SO62873,214,11765,9,2,1
1/27/2017,1/12/2004,SO62873,488,11765,9,3,1
1/27/2017,11/9/2003,SO62873,564,11765,9,1,1
1/27/2017,12/8/2003,SO62835,541,27290,1,1,2
1/27/2017,11/22/2003,SO62859,220,20430,9,2,1
1/27/2017,12/4/2003,SO62859,375,20430,9,1,1
1/27/2017,1/12/2004,SO62840,223,17837,8,3,3
1/27/2017,12/20/2003,SO62840,528,17837,8,2,3
1/27/2017,11/30/2003,SO62840,535,17837,8,1,2
1/27/2017,10/6/2003,SO62840,214,17837,8,4,1
1/27/2017,11/7/2003,SO62833,480,26636,1,3,3
1/27/2017,10/24/2003,SO62833,541,26636,1,1,3
1/27/2017,11/7/2003,SO62833,530,26636,1,2,1
1/27/2017,10/29/2003,SO62838,536,23491,1,1,3
1/27/2017,10/29/2003,SO62838,482,23491,1,3,2
1/27/2017,1/2/2004,SO62838,528,23491,1,2,2
1/27/2017,10/6/2003,SO62828,485,15623,7,3,2
1/27/2017,1/10/2004,SO62828,354,15623,7,1,1
1/27/2017,11/25/2003,SO62828,473,15623,7,2,1
1/27/2017,11/16/2003,SO62834,529,11276,6,2,2
1/27/2017,12/27/2003,SO62834,538,11276,6,1,2
1/27/2017,11/21/2003,SO62846,214,17710,10,2,1
1/27/2017,10/8/2003,SO62846,223,17710,10,3,1
1/27/2017,12/21/2003,SO62846,530,17710,10,1,1
1/27/2017,12/12/2003,SO62868,481,19704,6,4,3
1/27/2017,11/8/2003,SO62868,477,19704,6,3,2
1/27/2017,10/27/2003,SO62868,479,19704,6,2,2
1/27/2017,9/29/2003,SO62868,381,19704,6,1,1
1/27/2017,10/17/2003,SO62820,538,24382,9,1,2
1/27/2017,11/19/2003,SO62820,480,24382,9,2,1
1/27/2017,1/9/2004,SO62820,483,24382,9,3,1
1/27/2017,11/11/2003,SO62874,480,23098,9,3,2
1/27/2017,12/9/2003,SO62874,538,23098,9,2,2
1/27/2017,10/27/2003,SO62874,604,23098,9,1,1
1/27/2017,10/6/2003,SO62824,235,14233,9,1,1
1/27/2017,11/12/2003,SO62830,480,11024,4,2,2
1/27/2017,10/29/2003,SO62830,484,11024,4,3,2
1/27/2017,11/14/2003,SO62830,529,11024,4,1,2
1/27/2017,12/28/2003,SO62831,480,11619,6,3,2
1/27/2017,1/4/2004,SO62831,529,11619,6,2,2
1/27/2017,10/27/2003,SO62831,539,11619,6,1,2
1/27/2017,11/13/2003,SO62827,485,13557,10,2,3
1/27/2017,11/10/2003,SO62827,358,13557,10,1,1
1/27/2017,12/23/2003,SO62827,487,13557,10,3,1
1/27/2017,10/1/2003,SO62836,464,25894,4,2,2
1/27/2017,11/13/2003,SO62836,535,25894,4,1,2
1/27/2017,12/6/2003,SO62866,477,25863,1,2,3
1/27/2017,10/6/2003,SO62866,479,25863,1,3,3
1/27/2017,11/23/2003,SO62866,480,25863,1,4,3
1/27/2017,11/27/2003,SO62866,578,25863,1,1,1
1/27/2017,1/6/2004,SO62821,220,25110,9,2,1
1/27/2017,10/29/2003,SO62821,528,25110,9,1,1
1/27/2017,10/29/2003,SO62847,485,16666,6,1,2
1/27/2017,10/25/2003,SO62847,220,16666,6,2,1
1/27/2017,12/4/2003,SO62847,464,16666,6,3,1
1/27/2017,11/21/2003,SO62848,485,13228,4,1,2
1/27/2017,11/22/2003,SO62848,215,13228,4,2,1
1/27/2017,10/23/2003,SO62861,477,20253,9,2,2
1/27/2017,11/6/2003,SO62861,479,20253,9,3,2
1/27/2017,10/11/2003,SO62861,375,20253,9,1,1
1/27/2017,10/11/2003,SO62864,352,13160,9,1,1
1/27/2017,11/17/2003,SO62864,487,13160,9,2,1
1/28/2017,10/14/2003,SO62917,537,11205,1,1,1
1/28/2017,11/25/2003,SO62916,480,11229,4,3,2
1/28/2017,10/13/2003,SO62916,528,11229,4,2,2
1/28/2017,12/10/2003,SO62916,537,11229,4,1,1
1/28/2017,10/26/2003,SO62887,477,15084,8,3,3
1/28/2017,12/18/2003,SO62887,478,15084,8,2,2
1/28/2017,10/16/2003,SO62887,352,15084,8,1,1
1/28/2017,11/16/2003,SO62887,472,15084,8,4,1
1/28/2017,11/19/2003,SO62930,484,20456,9,2,3
1/28/2017,11/11/2003,SO62930,371,20456,9,1,1
1/28/2017,12/28/2003,SO62935,477,13955,9,4,2
1/28/2017,12/18/2003,SO62935,478,13955,9,2,2
1/28/2017,10/13/2003,SO62935,358,13955,9,1,1
1/28/2017,10/28/2003,SO62935,472,13955,9,3,1
1/28/2017,11/4/2003,SO62899,536,22237,4,1,2
1/28/2017,11/5/2003,SO62912,541,12554,10,1,2
1/28/2017,1/12/2004,SO62923,477,12110,4,3,2
1/28/2017,10/17/2003,SO62923,478,12110,4,2,2
1/28/2017,10/21/2003,SO62923,362,12110,4,1,1
1/28/2017,12/9/2003,SO62934,477,13630,9,5,2
1/28/2017,10/29/2003,SO62934,478,13630,9,4,2
1/28/2017,1/5/2004,SO62934,480,13630,9,6,2
1/28/2017,10/25/2003,SO62934,485,13630,9,3,2
1/28/2017,12/10/2003,SO62934,358,13630,9,1,1
1/28/2017,11/28/2003,SO62934,537,13630,9,2,1
1/28/2017,12/26/2003,SO62940,226,20526,4,2,1
1/28/2017,12/18/2003,SO62940,383,20526,4,1,1
1/28/2017,1/1/2004,SO62898,223,22360,1,5,2
1/28/2017,1/1/2004,SO62898,477,22360,1,3,2
1/28/2017,11/22/2003,SO62898,478,22360,1,4,2
1/28/2017,11/4/2003,SO62898,528,22360,1,2,2
1/28/2017,11/7/2003,SO62898,536,22360,1,1,2
1/28/2017,10/3/2003,SO62918,220,11729,1,3,1
1/28/2017,12/6/2003,SO62918,232,11729,1,4,1
1/28/2017,10/26/2003,SO62918,528,11729,1,2,1
1/28/2017,10/9/2003,SO62918,537,11729,1,1,1
1/28/2017,12/15/2003,SO62931,477,20608,9,2,2
1/28/2017,11/5/2003,SO62931,479,20608,9,3,2
1/28/2017,11/10/2003,SO62931,377,20608,9,1,1
1/28/2017,12/9/2003,SO62913,530,14528,8,1,3
1/28/2017,9/30/2003,SO62943,477,26966,10,3,2
1/28/2017,11/7/2003,SO62943,479,26966,10,2,2
1/28/2017,11/26/2003,SO62943,214,26966,10,4,1
1/28/2017,10/15/2003,SO62943,584,26966,10,1,1
1/28/2017,10/31/2003,SO62895,535,25956,1,1,1
1/28/2017,10/5/2003,SO62909,477,21821,8,1,3
1/28/2017,10/14/2003,SO62909,223,21821,8,3,2
1/28/2017,10/17/2003,SO62909,214,21821,8,2,1
1/28/2017,12/18/2003,SO62933,484,13620,9,4,2
1/28/2017,12/9/2003,SO62933,358,13620,9,1,1
1/28/2017,11/6/2003,SO62933,485,13620,9,2,1
1/28/2017,1/3/2004,SO62933,487,13620,9,3,1
1/28/2017,12/13/2003,SO62907,464,20582,7,5,3
1/28/2017,1/12/2004,SO62907,539,20582,7,1,2
1/28/2017,10/13/2003,SO62907,220,20582,7,3,1
1/28/2017,12/12/2003,SO62907,490,20582,7,4,1
1/28/2017,10/1/2003,SO62907,529,20582,7,2,1
1/28/2017,10/26/2003,SO62892,530,27204,4,1,3
1/28/2017,10/29/2003,SO62932,477,13133,9,3,3
1/28/2017,10/10/2003,SO62932,478,13133,9,2,2
1/28/2017,12/30/2003,SO62932,220,13133,9,4,1
1/28/2017,10/22/2003,SO62932,362,13133,9,1,1
1/28/2017,10/5/2003,SO62903,528,15773,4,1,2
1/28/2017,11/18/2003,SO62903,214,15773,4,2,1
1/28/2017,10/20/2003,SO62903,466,15773,4,3,1
1/28/2017,1/12/2004,SO62936,223,26070,4,2,2
1/28/2017,1/8/2004,SO62936,564,26070,4,1,1
1/28/2017,10/30/2003,SO62901,477,12182,6,1,3
1/28/2017,12/11/2003,SO62919,462,12195,4,3,2
1/28/2017,10/17/2003,SO62919,485,12195,4,2,2
1/28/2017,11/26/2003,SO62919,214,12195,4,4,1
1/28/2017,10/17/2003,SO62919,537,12195,4,1,1
1/28/2017,12/6/2003,SO62906,535,17853,8,2,3
1/28/2017,12/29/2003,SO62906,528,17853,8,1,2
1/28/2017,11/19/2003,SO62876,220,11300,6,1,1
1/28/2017,10/29/2003,SO62896,528,11300,6,1,2
1/28/2017,12/16/2003,SO62896,535,11300,6,2,2
1/28/2017,1/1/2004,SO62896,471,11300,6,5,1
1/28/2017,11/28/2003,SO62896,477,11300,6,3,1
1/28/2017,11/7/2003,SO62896,478,11300,6,4,1
1/28/2017,11/11/2003,SO62942,215,17533,1,2,1
1/28/2017,10/15/2003,SO62942,580,17533,1,1,1
1/28/2017,10/5/2003,SO62945,530,25744,8,3,3
1/28/2017,11/27/2003,SO62945,480,25744,8,4,2
1/28/2017,10/22/2003,SO62945,484,25744,8,5,2
1/28/2017,11/27/2003,SO62945,541,25744,8,2,2
1/28/2017,11/17/2003,SO62945,574,25744,8,1,1
1/28/2017,12/13/2003,SO62875,462,11223,6,4,2
1/28/2017,12/14/2003,SO62875,477,11223,6,2,2
1/28/2017,1/2/2004,SO62875,479,11223,6,1,2
1/28/2017,1/3/2004,SO62875,229,11223,6,3,1
1/28/2017,12/12/2003,SO62880,480,17236,9,2,2
1/28/2017,11/4/2003,SO62880,536,17236,9,1,2
1/28/2017,10/4/2003,SO62882,477,22922,9,1,2
1/28/2017,11/28/2003,SO62882,482,22922,9,3,2
1/28/2017,11/28/2003,SO62882,487,22922,9,2,1
1/28/2017,12/18/2003,SO62905,481,14035,4,3,3
1/28/2017,1/11/2004,SO62905,485,14035,4,1,2
1/28/2017,10/4/2003,SO62905,214,14035,4,2,1
1/28/2017,10/3/2003,SO62889,235,11507,6,1,1
1/28/2017,12/19/2003,SO62878,481,15132,9,4,2
1/28/2017,10/29/2003,SO62878,529,15132,9,1,2
1/28/2017,10/3/2003,SO62878,539,15132,9,2,2
1/28/2017,12/7/2003,SO62878,487,15132,9,3,1
1/28/2017,11/12/2003,SO62915,528,11285,4,1,3
1/28/2017,1/5/2004,SO62915,485,11285,4,3,2
1/28/2017,12/5/2003,SO62915,472,11285,4,4,1
1/28/2017,12/5/2003,SO62915,537,11285,4,2,1
1/28/2017,11/7/2003,SO62914,480,17087,10,3,2
1/28/2017,10/2/2003,SO62914,530,17087,10,1,2
1/28/2017,12/12/2003,SO62914,487,17087,10,2,1
1/28/2017,10/12/2003,SO62939,232,20481,4,2,1
1/28/2017,11/26/2003,SO62939,383,20481,4,1,1
1/28/2017,10/12/2003,SO62885,375,24053,8,1,1
1/28/2017,10/28/2003,SO62890,235,11848,1,1,1
1/28/2017,12/24/2003,SO62938,477,23204,1,2,2
1/28/2017,11/3/2003,SO62938,223,23204,1,4,1
1/28/2017,12/16/2003,SO62938,479,23204,1,3,1
1/28/2017,11/5/2003,SO62938,604,23204,1,1,1
1/28/2017,1/4/2004,SO62886,477,12219,7,3,2
1/28/2017,10/26/2003,SO62886,478,12219,7,2,2
1/28/2017,10/17/2003,SO62886,352,12219,7,1,1
1/28/2017,11/27/2003,SO62886,489,12219,7,4,1
1/28/2017,10/29/2003,SO62908,478,13664,10,1,3
1/28/2017,12/18/2003,SO62908,477,13664,10,2,2
1/28/2017,12/28/2003,SO62925,352,14477,4,1,1
1/28/2017,10/29/2003,SO62925,485,14477,4,2,1
1/28/2017,10/1/2003,SO62902,477,16644,4,1,2
1/28/2017,10/9/2003,SO62941,482,19829,6,4,2
1/28/2017,11/15/2003,SO62941,529,19829,6,2,2
1/28/2017,9/30/2003,SO62941,539,19829,6,3,2
1/28/2017,10/2/2003,SO62941,385,19829,6,1,1
1/28/2017,12/14/2003,SO62922,484,14640,6,4,2
1/28/2017,10/21/2003,SO62922,528,14640,6,2,2
1/28/2017,10/26/2003,SO62922,536,14640,6,3,2
1/28/2017,12/7/2003,SO62922,590,14640,6,1,1
1/28/2017,10/7/2003,SO62920,229,12545,10,1,1
1/28/2017,11/10/2003,SO62877,214,28591,4,1,1
1/28/2017,12/9/2003,SO62921,214,11573,10,1,1
1/28/2017,11/25/2003,SO62888,480,11620,1,1,2
1/28/2017,12/6/2003,SO62910,529,18007,10,1,2
1/28/2017,11/10/2003,SO62910,214,18007,10,2,1
1/28/2017,11/8/2003,SO62924,485,14472,4,2,3
1/28/2017,10/25/2003,SO62924,480,14472,4,3,2
1/28/2017,10/26/2003,SO62924,356,14472,4,1,1
1/28/2017,10/31/2003,SO62924,486,14472,4,4,1
1/28/2017,11/10/2003,SO62926,220,11334,10,2,1
1/28/2017,12/7/2003,SO62926,562,11334,10,1,1
1/28/2017,10/20/2003,SO62891,539,28994,4,1,2
1/28/2017,11/30/2003,SO62944,479,13540,8,2,2
1/28/2017,11/23/2003,SO62944,584,13540,8,1,1
1/28/2017,10/8/2003,SO62883,476,13159,9,1,1
1/28/2017,1/12/2004,SO62883,491,13159,9,2,1
1/28/2017,10/29/2003,SO62911,530,16321,10,1,2
1/28/2017,11/28/2003,SO62911,215,16321,10,2,1
1/28/2017,12/14/2003,SO62911,229,16321,10,3,1
1/28/2017,1/13/2004,SO62897,528,24227,4,1,2
1/28/2017,10/19/2003,SO62897,536,24227,4,2,2
1/28/2017,11/6/2003,SO62893,480,26454,1,2,2
1/28/2017,12/12/2003,SO62893,535,26454,1,1,2
1/28/2017,11/25/2003,SO62879,529,15123,9,2,3
1/28/2017,11/16/2003,SO62879,480,15123,9,3,2
1/28/2017,11/11/2003,SO62879,539,15123,9,1,2
1/28/2017,12/16/2003,SO62900,476,19694,1,1,1
1/28/2017,10/6/2003,SO62884,528,25825,9,1,2
1/28/2017,12/2/2003,SO62937,214,23269,4,2,1
1/28/2017,12/30/2003,SO62937,604,23269,4,1,1
1/28/2017,11/30/2003,SO62928,214,16199,8,2,1
1/28/2017,11/21/2003,SO62928,576,16199,8,1,1
1/28/2017,10/14/2003,SO62904,484,14000,1,3,2
1/28/2017,12/11/2003,SO62904,485,14000,1,1,2
1/28/2017,10/25/2003,SO62904,487,14000,1,2,1
1/28/2017,10/20/2003,SO62881,528,21890,9,1,2
1/28/2017,12/10/2003,SO62881,537,21890,9,2,1
1/28/2017,10/28/2003,SO62929,529,23421,9,2,2
1/28/2017,11/16/2003,SO62929,539,23421,9,3,2
1/28/2017,1/4/2004,SO62929,215,23421,9,4,1
1/28/2017,10/16/2003,SO62929,583,23421,9,1,1
1/28/2017,10/30/2003,SO62894,530,26803,4,2,2
1/28/2017,11/18/2003,SO62894,541,26803,4,1,2
1/28/2017,1/2/2004,SO62894,487,26803,4,3,1
1/29/2017,11/16/2003,SO63002,538,23323,9,2,3
1/29/2017,11/12/2003,SO63002,480,23323,9,3,1
1/29/2017,11/11/2003,SO63002,605,23323,9,1,1
1/29/2017,10/12/2003,SO62992,387,25225,9,1,1
1/29/2017,10/9/2003,SO62992,479,25225,9,2,1
1/29/2017,12/6/2003,SO62946,214,11960,1,1,1
1/29/2017,12/10/2003,SO62986,528,14411,1,3,2
1/29/2017,12/22/2003,SO62986,356,14411,1,1,1
1/29/2017,1/9/2004,SO62986,537,14411,1,2,1
1/29/2017,11/24/2003,SO62960,529,27433,4,2,2
1/29/2017,10/15/2003,SO62960,538,27433,4,1,2
1/29/2017,12/3/2003,SO62960,480,27433,4,3,1
1/29/2017,1/11/2004,SO62976,529,24080,8,1,2
1/29/2017,11/13/2003,SO62976,226,24080,8,2,1
1/29/2017,10/14/2003,SO62967,528,22371,6,1,2
1/29/2017,10/24/2003,SO62967,215,22371,6,2,1
1/29/2017,12/17/2003,SO62948,215,15803,9,1,1
1/29/2017,12/11/2003,SO62991,379,20611,9,1,1
1/29/2017,1/7/2004,SO62947,477,15261,9,2,2
1/29/2017,1/12/2004,SO62947,478,15261,9,1,2
1/29/2017,10/14/2003,SO62947,480,15261,9,3,2
1/29/2017,10/4/2003,SO62998,220,11547,7,2,1
1/29/2017,10/20/2003,SO62998,605,11547,7,1,1
1/29/2017,1/12/2004,SO62969,477,16765,1,1,2
1/29/2017,12/28/2003,SO62952,478,17890,10,3,2
1/29/2017,10/19/2003,SO62952,485,17890,10,2,2
1/29/2017,11/18/2003,SO62952,600,17890,10,1,1
1/29/2017,11/20/2003,SO62993,606,22862,4,1,1
1/29/2017,1/1/2004,SO62959,538,27639,1,1,2
1/29/2017,10/27/2003,SO62957,489,11287,6,1,1
1/29/2017,1/4/2004,SO62966,466,29047,6,3,2
1/29/2017,12/4/2003,SO62966,485,29047,6,2,2
1/29/2017,11/26/2003,SO62966,528,29047,6,1,2
1/29/2017,10/10/2003,SO62975,477,21844,8,1,2
1/29/2017,12/11/2003,SO62975,215,21844,8,2,1
1/29/2017,10/8/2003,SO62999,485,11359,9,2,2
1/29/2017,12/29/2003,SO62999,214,11359,9,3,1
1/29/2017,11/5/2003,SO62999,587,11359,9,1,1
1/29/2017,1/3/2004,SO62961,529,11200,6,2,2
1/29/2017,12/2/2003,SO62961,540,11200,6,1,1
1/29/2017,11/28/2003,SO62985,358,12785,6,1,1
1/29/2017,10/9/2003,SO62955,480,19323,7,3,2
1/29/2017,10/10/2003,SO62955,536,19323,7,2,2
1/29/2017,12/29/2003,SO62955,587,19323,7,1,1
1/29/2017,10/27/2003,SO62980,478,13594,8,1,2
1/29/2017,12/1/2003,SO62980,220,13594,8,2,1
1/29/2017,10/23/2003,SO62977,484,20827,7,2,2
1/29/2017,11/20/2003,SO62977,529,20827,7,1,2
1/29/2017,12/20/2003,SO62973,480,20143,8,2,3
1/29/2017,12/13/2003,SO62973,536,20143,8,1,2
1/29/2017,11/21/2003,SO62964,232,19777,4,2,1
1/29/2017,11/21/2003,SO62964,475,19777,4,1,1
1/29/2017,10/13/2003,SO62968,477,25349,6,1,2
1/29/2017,11/10/2003,SO62994,464,23216,4,5,2
1/29/2017,12/24/2003,SO62994,477,23216,4,2,2
1/29/2017,12/17/2003,SO62994,479,23216,4,3,2
1/29/2017,11/7/2003,SO62994,215,23216,4,4,1
1/29/2017,12/13/2003,SO62994,606,23216,4,1,1
1/29/2017,11/21/2003,SO62949,235,17228,9,1,1
1/29/2017,11/30/2003,SO62997,226,17034,6,2,1
1/29/2017,10/27/2003,SO62997,581,17034,6,1,1
1/29/2017,10/25/2003,SO62981,223,14745,6,4,2
1/29/2017,1/5/2004,SO62981,475,14745,6,2,1
1/29/2017,10/10/2003,SO62981,490,14745,6,3,1
1/29/2017,10/26/2003,SO62981,587,14745,6,1,1
1/29/2017,11/7/2003,SO62996,480,17497,4,4,3
1/29/2017,12/7/2003,SO62996,477,17497,4,3,2
1/29/2017,12/23/2003,SO62996,479,17497,4,2,2
1/29/2017,11/25/2003,SO62996,581,17497,4,1,1
1/29/2017,11/13/2003,SO62978,530,14804,10,1,2
1/29/2017,10/28/2003,SO62978,541,14804,10,2,2
1/29/2017,12/12/2003,SO62978,214,14804,10,3,1
1/29/2017,11/16/2003,SO62983,528,14481,1,3,3
1/29/2017,1/10/2004,SO62983,354,14481,1,1,1
1/29/2017,10/24/2003,SO62983,537,14481,1,2,1
1/29/2017,12/19/2003,SO62958,529,11176,6,1,3
1/29/2017,12/23/2003,SO62958,480,11176,6,2,2
1/29/2017,12/12/2003,SO62988,489,11433,7,2,1
1/29/2017,12/23/2003,SO62988,579,11433,7,1,1
1/29/2017,10/15/2003,SO62987,541,25745,8,2,3
1/29/2017,12/18/2003,SO62987,487,25745,8,4,1
1/29/2017,11/22/2003,SO62987,530,25745,8,3,1
1/29/2017,1/4/2004,SO62987,562,25745,8,1,1
1/29/2017,12/19/2003,SO62989,226,15032,9,2,1
1/29/2017,1/13/2004,SO62989,581,15032,9,1,1
1/29/2017,11/18/2003,SO62979,528,13988,6,2,2
1/29/2017,10/13/2003,SO62979,215,13988,6,3,1
1/29/2017,11/10/2003,SO62979,537,13988,6,1,1
1/29/2017,12/22/2003,SO62984,477,12118,4,5,2
1/29/2017,10/11/2003,SO62984,478,12118,4,4,2
1/29/2017,1/13/2004,SO62984,485,12118,4,3,2
1/29/2017,11/16/2003,SO62984,226,12118,4,6,1
1/29/2017,11/22/2003,SO62984,358,12118,4,1,1
1/29/2017,10/4/2003,SO62984,481,12118,4,7,1
1/29/2017,11/11/2003,SO62984,537,12118,4,2,1
1/29/2017,10/16/2003,SO62965,478,20501,1,1,3
1/29/2017,10/25/2003,SO62965,487,20501,1,2,1
1/29/2017,10/10/2003,SO62974,480,21543,7,3,2
1/29/2017,11/9/2003,SO62974,528,21543,7,1,2
1/29/2017,11/6/2003,SO62974,536,21543,7,2,2
1/29/2017,1/6/2004,SO62962,528,22724,4,2,3
1/29/2017,11/27/2003,SO62962,536,22724,4,1,2
1/29/2017,11/6/2003,SO62962,220,22724,4,3,1
1/29/2017,12/2/2003,SO62970,480,26527,6,3,2
1/29/2017,11/7/2003,SO62970,485,26527,6,2,2
1/29/2017,10/24/2003,SO62970,528,26527,6,1,2
1/29/2017,11/16/2003,SO62950,530,19622,9,2,3
1/29/2017,12/1/2003,SO62950,480,19622,9,3,2
1/29/2017,11/6/2003,SO62950,541,19622,9,1,1
1/29/2017,10/27/2003,SO62951,223,17892,10,3,2
1/29/2017,12/2/2003,SO62951,485,17892,10,2,2
1/29/2017,10/7/2003,SO62951,215,17892,10,4,1
1/29/2017,10/2/2003,SO62951,598,17892,10,1,1
1/29/2017,12/28/2003,SO62990,214,23435,9,2,1
1/29/2017,10/2/2003,SO62990,583,23435,9,1,1
1/29/2017,1/3/2004,SO62982,477,14603,4,3,2
1/29/2017,12/19/2003,SO62982,478,14603,4,2,2
1/29/2017,12/14/2003,SO62982,356,14603,4,1,1
1/29/2017,1/1/2004,SO63000,479,28353,9,2,3
1/29/2017,12/7/2003,SO63000,584,28353,9,1,1
1/29/2017,12/2/2003,SO62954,529,28902,8,2,2
1/29/2017,11/15/2003,SO62954,232,28902,8,4,1
1/29/2017,12/24/2003,SO62954,371,28902,8,1,1
1/29/2017,10/5/2003,SO62954,540,28902,8,3,1
1/29/2017,1/10/2004,SO62963,477,21303,4,1,2
1/29/2017,1/11/2004,SO62963,478,21303,4,2,1
1/29/2017,11/29/2003,SO62963,489,21303,4,3,1
1/29/2017,1/7/2004,SO62972,462,14787,10,2,2
1/29/2017,1/9/2004,SO62972,476,14787,10,1,1
1/29/2017,12/2/2003,SO62956,482,13840,7,3,2
1/29/2017,12/17/2003,SO62956,232,13840,7,2,1
1/29/2017,10/17/2003,SO62956,589,13840,7,1,1
1/29/2017,12/16/2003,SO62971,485,20341,6,1,2
1/29/2017,11/26/2003,SO62971,214,20341,6,2,1
1/29/2017,12/9/2003,SO62953,373,20048,10,1,1
1/29/2017,10/4/2003,SO63001,466,23322,9,3,2
1/29/2017,10/3/2003,SO63001,215,23322,9,2,1
1/29/2017,12/1/2003,SO63001,606,23322,9,1,1
1/29/2017,1/3/2004,SO62995,529,22718,4,3,2
1/29/2017,11/23/2003,SO62995,538,22718,4,2,2
1/29/2017,12/3/2003,SO62995,214,22718,4,4,1
1/29/2017,12/28/2003,SO62995,584,22718,4,1,1
1/30/2017,10/25/2003,SO63056,229,17565,1,2,1
1/30/2017,12/7/2003,SO63056,581,17565,1,1,1
1/30/2017,11/29/2003,SO63010,477,23654,9,1,3
1/30/2017,12/13/2003,SO63010,487,23654,9,2,1
1/30/2017,12/8/2003,SO63027,477,14358,1,4,2
1/30/2017,12/15/2003,SO63027,478,14358,1,2,2
1/30/2017,1/3/2004,SO63027,223,14358,1,3,1
1/30/2017,1/14/2004,SO63027,485,14358,1,1,1
1/30/2017,10/27/2003,SO63050,215,26618,4,2,1
1/30/2017,10/21/2003,SO63050,570,26618,4,1,1
1/30/2017,12/4/2003,SO63022,477,22069,4,2,2
1/30/2017,10/4/2003,SO63022,478,22069,4,1,2
1/30/2017,10/31/2003,SO63022,484,22069,4,3,2
1/30/2017,10/23/2003,SO63048,541,26977,8,2,2
1/30/2017,1/2/2004,SO63048,220,26977,8,4,1
1/30/2017,11/17/2003,SO63048,530,26977,8,3,1
1/30/2017,10/24/2003,SO63048,579,26977,8,1,1
1/30/2017,11/1/2003,SO63060,462,23316,9,4,2
1/30/2017,11/14/2003,SO63060,214,23316,9,2,1
1/30/2017,1/7/2004,SO63060,490,23316,9,3,1
1/30/2017,11/18/2003,SO63060,605,23316,9,1,1
1/30/2017,10/26/2003,SO63026,484,15202,4,2,2
1/30/2017,12/18/2003,SO63026,528,15202,4,1,2
1/30/2017,12/5/2003,SO63039,477,14184,10,1,2
1/30/2017,1/11/2004,SO63039,478,14184,10,2,2
1/30/2017,11/16/2003,SO63039,489,14184,10,3,1
1/30/2017,10/11/2003,SO63015,478,12254,7,2,2
1/30/2017,1/13/2004,SO63015,220,12254,7,3,1
1/30/2017,10/6/2003,SO63015,226,12254,7,4,1
1/30/2017,12/28/2003,SO63015,358,12254,7,1,1
1/30/2017,11/13/2003,SO63029,528,23476,6,1,1
1/30/2017,12/4/2003,SO63047,477,17198,8,3,2
1/30/2017,1/8/2004,SO63047,479,17198,8,2,1
1/30/2017,1/15/2004,SO63047,561,17198,8,1,1
1/30/2017,1/10/2004,SO63021,528,23864,4,2,3
1/30/2017,12/2/2003,SO63021,536,23864,4,1,3
1/30/2017,12/14/2003,SO63021,232,23864,4,3,1
1/30/2017,10/31/2003,SO63044,485,12435,4,2,2
1/30/2017,12/12/2003,SO63044,354,12435,4,1,1
1/30/2017,10/26/2003,SO63059,538,23313,9,2,3
1/30/2017,11/12/2003,SO63059,529,23313,9,3,2
1/30/2017,11/7/2003,SO63059,486,23313,9,4,1
1/30/2017,10/26/2003,SO63059,604,23313,9,1,1
1/30/2017,10/17/2003,SO63051,481,26011,4,2,2
1/30/2017,10/26/2003,SO63051,561,26011,4,1,1
1/30/2017,11/30/2003,SO63017,477,15117,8,3,2
1/30/2017,11/25/2003,SO63017,478,15117,8,2,2
1/30/2017,10/11/2003,SO63017,215,15117,8,4,1
1/30/2017,11/21/2003,SO63017,232,15117,8,5,1
1/30/2017,12/19/2003,SO63017,362,15117,8,1,1
1/30/2017,11/20/2003,SO63049,480,29167,1,4,2
1/30/2017,10/20/2003,SO63049,484,29167,1,5,2
1/30/2017,11/13/2003,SO63049,530,29167,1,3,2
1/30/2017,10/25/2003,SO63049,541,29167,1,2,2
1/30/2017,12/12/2003,SO63049,565,29167,1,1,1
1/30/2017,10/29/2003,SO63052,563,26042,4,1,1
1/30/2017,12/8/2003,SO63014,528,20930,8,2,2
1/30/2017,12/7/2003,SO63014,536,20930,8,3,2
1/30/2017,10/8/2003,SO63014,589,20930,8,1,1
1/30/2017,1/7/2004,SO63058,223,11761,9,1,2
1/30/2017,12/28/2003,SO63058,576,11761,9,2,1
1/30/2017,12/28/2003,SO63023,477,20474,1,2,2
1/30/2017,10/16/2003,SO63023,478,20474,1,1,2
1/30/2017,11/2/2003,SO63023,215,20474,1,3,1
1/30/2017,12/11/2003,SO63019,480,15507,6,3,2
1/30/2017,1/6/2004,SO63019,529,15507,6,1,2
1/30/2017,12/7/2003,SO63019,540,15507,6,2,1
1/30/2017,12/7/2003,SO63054,529,22753,1,2,2
1/30/2017,12/8/2003,SO63054,538,22753,1,3,2
1/30/2017,11/25/2003,SO63054,486,22753,1,4,1
1/30/2017,12/13/2003,SO63054,606,22753,1,1,1
1/30/2017,12/20/2003,SO63003,223,11287,6,1,2
1/30/2017,12/4/2003,SO63007,539,15715,9,1,2
1/30/2017,10/18/2003,SO63035,529,24129,8,1,2
1/30/2017,11/18/2003,SO63040,223,13505,10,4,2
1/30/2017,1/8/2004,SO63040,477,13505,10,2,2
1/30/2017,1/1/2004,SO63040,478,13505,10,1,2
1/30/2017,1/1/2004,SO63040,220,13505,10,3,1
1/30/2017,11/13/2003,SO63038,215,11803,1,3,1
1/30/2017,12/11/2003,SO63038,473,11803,1,4,1
1/30/2017,11/2/2003,SO63038,485,11803,1,2,1
1/30/2017,12/22/2003,SO63038,537,11803,1,1,1
1/30/2017,12/23/2003,SO63045,485,12783,6,4,2
1/30/2017,10/8/2003,SO63045,528,12783,6,3,2
1/30/2017,11/13/2003,SO63045,360,12783,6,1,1
1/30/2017,1/9/2004,SO63045,473,12783,6,5,1
1/30/2017,11/8/2003,SO63045,537,12783,6,2,1
1/30/2017,11/13/2003,SO63046,358,14392,1,1,1
1/30/2017,11/5/2003,SO63006,539,15234,9,1,3
1/30/2017,12/20/2003,SO63008,539,14019,9,1,2
1/30/2017,1/5/2004,SO63018,480,27679,1,2,2
1/30/2017,12/11/2003,SO63018,484,27679,1,3,2
1/30/2017,12/3/2003,SO63018,538,27679,1,1,2
1/30/2017,10/7/2003,SO63043,484,12121,1,4,2
1/30/2017,1/7/2004,SO63043,528,12121,1,2,2
1/30/2017,12/24/2003,SO63043,354,12121,1,1,1
1/30/2017,10/5/2003,SO63043,537,12121,1,3,1
1/30/2017,11/27/2003,SO63028,485,13931,1,1,3
1/30/2017,12/4/2003,SO63055,220,20459,4,2,1
1/30/2017,12/30/2003,SO63055,389,20459,4,1,1
1/30/2017,10/29/2003,SO63009,536,21221,9,1,1
1/30/2017,10/18/2003,SO63041,223,12260,10,1,2
1/30/2017,11/12/2003,SO63041,232,12260,10,2,1
1/30/2017,11/26/2003,SO63012,223,17333,9,1,2
1/30/2017,11/17/2003,SO63005,529,14854,9,2,2
1/30/2017,12/14/2003,SO63005,539,14854,9,1,2
1/30/2017,11/15/2003,SO63005,220,14854,9,3,1
1/30/2017,10/30/2003,SO63031,477,19273,7,1,2
1/30/2017,1/15/2004,SO63031,220,19273,7,2,1
1/30/2017,10/14/2003,SO63020,528,12107,6,2,2
1/30/2017,11/23/2003,SO63020,536,12107,6,1,2
1/30/2017,12/13/2003,SO63025,480,16010,4,2,2
1/30/2017,1/12/2004,SO63025,528,16010,4,1,2
1/30/2017,10/21/2003,SO63037,223,22325,10,1,3
1/30/2017,1/2/2004,SO63037,530,22325,10,2,2
1/30/2017,10/8/2003,SO63024,462,18921,1,2,2
1/30/2017,11/23/2003,SO63024,476,18921,1,1,1
1/30/2017,12/26/2003,SO63032,530,26380,7,1,2
1/30/2017,12/22/2003,SO63032,541,26380,7,2,2
1/30/2017,10/10/2003,SO63013,464,12006,9,1,3
1/30/2017,11/24/2003,SO63036,480,11509,4,2,2
1/30/2017,11/3/2003,SO63036,486,11509,4,3,1
1/30/2017,10/15/2003,SO63036,537,11509,4,1,1
1/30/2017,11/10/2003,SO63030,528,19927,10,1,2
1/30/2017,11/22/2003,SO63034,480,25533,8,3,2
1/30/2017,1/3/2004,SO63034,529,25533,8,1,2
1/30/2017,11/2/2003,SO63034,538,25533,8,2,2
1/30/2017,11/11/2003,SO63057,223,25742,8,4,2
1/30/2017,11/2/2003,SO63057,541,25742,8,2,2
1/30/2017,12/12/2003,SO63057,214,25742,8,5,1
1/30/2017,10/3/2003,SO63057,530,25742,8,3,1
1/30/2017,12/17/2003,SO63057,574,25742,8,1,1
1/30/2017,12/17/2003,SO63004,535,13138,9,1,2
1/30/2017,11/23/2003,SO63053,479,24653,1,2,1
1/30/2017,12/16/2003,SO63053,563,24653,1,1,1
1/30/2017,10/16/2003,SO63011,480,11757,9,2,2
1/30/2017,12/23/2003,SO63011,529,11757,9,1,2
1/30/2017,10/14/2003,SO63016,362,12220,7,1,1
1/30/2017,10/17/2003,SO63016,485,12220,7,2,1
1/30/2017,10/30/2003,SO63016,487,12220,7,3,1
1/30/2017,11/17/2003,SO63033,529,22511,7,2,2
1/30/2017,11/30/2003,SO63033,538,22511,7,1,2
1/30/2017,10/19/2003,SO63033,487,22511,7,3,1
1/30/2017,10/27/2003,SO63042,360,12120,1,1,1
1/30/2017,10/20/2003,SO63042,537,12120,1,2,1
1/31/2017,12/19/2003,SO63069,478,12275,8,2,2
1/31/2017,12/11/2003,SO63069,360,12275,8,1,1
1/31/2017,11/25/2003,SO63069,477,12275,8,3,1
1/31/2017,12/23/2003,SO63069,488,12275,8,4,1
1/31/2017,10/24/2003,SO63106,539,25029,9,2,3
1/31/2017,11/19/2003,SO63106,480,25029,9,4,2
1/31/2017,11/8/2003,SO63106,529,25029,9,3,2
1/31/2017,11/22/2003,SO63106,381,25029,9,1,1
1/31/2017,11/30/2003,SO63106,483,25029,9,5,1
1/31/2017,10/3/2003,SO63089,528,17846,7,2,2
1/31/2017,12/18/2003,SO63089,536,17846,7,1,2
1/31/2017,12/11/2003,SO63089,214,17846,7,3,1
1/31/2017,11/11/2003,SO63081,536,18081,6,1,2
1/31/2017,11/11/2003,SO63115,223,11096,9,1,1
1/31/2017,12/15/2003,SO63115,564,11096,9,2,1
1/31/2017,12/16/2003,SO63070,535,14997,8,2,2
1/31/2017,12/25/2003,SO63070,599,14997,8,1,1
1/31/2017,12/15/2003,SO63080,223,21799,1,3,2
1/31/2017,11/23/2003,SO63080,477,21799,1,2,2
1/31/2017,10/5/2003,SO63080,478,21799,1,1,2
1/31/2017,10/12/2003,SO63112,477,20436,4,2,2
1/31/2017,12/11/2003,SO63112,381,20436,4,1,1
1/31/2017,11/11/2003,SO63112,479,20436,4,3,1
1/31/2017,11/27/2003,SO63072,223,11185,6,2,2
1/31/2017,12/22/2003,SO63072,488,11185,6,1,1
1/31/2017,12/17/2003,SO63095,528,11821,4,2,3
1/31/2017,10/16/2003,SO63095,462,11821,4,5,2
1/31/2017,10/3/2003,SO63095,477,11821,4,6,2
1/31/2017,10/13/2003,SO63095,478,11821,4,4,2
1/31/2017,12/31/2003,SO63095,485,11821,4,3,2
1/31/2017,11/28/2003,SO63095,537,11821,4,1,1
1/31/2017,1/10/2004,SO63105,389,25228,9,1,1
1/31/2017,1/7/2004,SO63108,528,13113,9,3,2
1/31/2017,10/9/2003,SO63108,356,13113,9,1,1
1/31/2017,10/22/2003,SO63108,537,13113,9,2,1
1/31/2017,12/11/2003,SO63113,389,27902,8,1,1
1/31/2017,10/17/2003,SO63113,488,27902,8,2,1
1/31/2017,12/23/2003,SO63102,577,25594,7,1,1
1/31/2017,12/7/2003,SO63079,482,23197,4,2,2
1/31/2017,11/30/2003,SO63079,536,23197,4,1,2
1/31/2017,10/31/2003,SO63110,484,13616,9,3,2
1/31/2017,11/12/2003,SO63110,485,13616,9,2,2
1/31/2017,12/3/2003,SO63110,352,13616,9,1,1
1/31/2017,1/15/2004,SO63063,223,23122,9,2,2
1/31/2017,12/2/2003,SO63063,477,23122,9,1,1
1/31/2017,11/29/2003,SO63082,478,21312,1,1,2
1/31/2017,12/5/2003,SO63082,214,21312,1,2,1
1/31/2017,11/18/2003,SO63082,229,21312,1,3,1
1/31/2017,12/9/2003,SO63098,462,19722,4,3,2
1/31/2017,1/1/2004,SO63098,485,19722,4,2,2
1/31/2017,1/13/2004,SO63098,598,19722,4,1,1
1/31/2017,12/9/2003,SO63092,538,28459,10,1,2
1/31/2017,12/31/2003,SO63065,223,20153,9,2,2
1/31/2017,11/25/2003,SO63065,477,20153,9,1,2
1/31/2017,1/10/2004,SO63076,482,24401,4,3,2
1/31/2017,12/7/2003,SO63076,529,24401,4,1,2
1/31/2017,10/23/2003,SO63076,540,24401,4,2,1
1/31/2017,12/26/2003,SO63088,481,15245,4,1,2
1/31/2017,10/31/2003,SO63088,485,15245,4,2,1
1/31/2017,11/8/2003,SO63064,477,28306,9,1,2
1/31/2017,10/6/2003,SO63074,223,27209,4,2,2
1/31/2017,11/18/2003,SO63074,530,27209,4,1,2
1/31/2017,10/15/2003,SO63086,235,14376,1,2,1
1/31/2017,11/3/2003,SO63086,485,14376,1,1,1
1/31/2017,11/1/2003,SO63084,477,27061,6,1,3
1/31/2017,1/8/2004,SO63090,477,12748,7,1,2
1/31/2017,10/8/2003,SO63090,478,12748,7,2,2
1/31/2017,10/23/2003,SO63090,214,12748,7,3,1
1/31/2017,10/20/2003,SO63087,485,13861,1,1,2
1/31/2017,10/18/2003,SO63077,215,12056,6,3,1
1/31/2017,12/6/2003,SO63077,528,12056,6,1,1
1/31/2017,11/6/2003,SO63077,536,12056,6,2,1
1/31/2017,10/24/2003,SO63116,466,11754,9,3,3
1/31/2017,12/18/2003,SO63116,215,11754,9,2,1
1/31/2017,12/9/2003,SO63116,574,11754,9,1,1
1/31/2017,10/15/2003,SO63099,223,28489,8,2,3
1/31/2017,12/6/2003,SO63099,215,28489,8,3,1
1/31/2017,11/21/2003,SO63099,586,28489,8,1,1
1/31/2017,12/8/2003,SO63075,540,24951,4,1,1
1/31/2017,1/3/2004,SO63118,606,27517,9,1,1
1/31/2017,12/27/2003,SO63078,536,23292,1,1,2
1/31/2017,12/8/2003,SO63078,528,23292,1,2,1
1/31/2017,1/9/2004,SO63071,464,11722,1,2,2
1/31/2017,12/9/2003,SO63071,489,11722,1,1,1
1/31/2017,10/20/2003,SO63097,478,15953,4,2,2
1/31/2017,1/1/2004,SO63097,595,15953,4,1,1
1/31/2017,12/23/2003,SO63111,541,24668,4,2,3
1/31/2017,11/1/2003,SO63111,530,24668,4,3,2
1/31/2017,1/10/2004,SO63111,487,24668,4,4,1
1/31/2017,1/2/2004,SO63111,564,24668,4,1,1
1/31/2017,1/11/2004,SO63107,215,25133,9,2,1
1/31/2017,12/5/2003,SO63107,381,25133,9,1,1
1/31/2017,11/29/2003,SO63114,466,22484,7,4,2
1/31/2017,10/29/2003,SO63114,529,22484,7,2,2
1/31/2017,12/12/2003,SO63114,538,22484,7,3,1
1/31/2017,10/18/2003,SO63114,604,22484,7,1,1
1/31/2017,12/13/2003,SO63104,381,24503,9,1,1
1/31/2017,11/1/2003,SO63104,491,24503,9,2,1
1/31/2017,10/17/2003,SO63062,484,19972,9,4,3
1/31/2017,12/1/2003,SO63062,529,19972,9,1,3
1/31/2017,11/21/2003,SO63062,480,19972,9,3,2
1/31/2017,12/14/2003,SO63062,538,19972,9,2,2
1/31/2017,1/13/2004,SO63109,478,13126,9,2,2
1/31/2017,12/2/2003,SO63109,214,13126,9,3,1
1/31/2017,11/8/2003,SO63109,352,13126,9,1,1
1/31/2017,11/10/2003,SO63103,220,20261,9,2,1
1/31/2017,1/14/2004,SO63103,580,20261,9,1,1
1/31/2017,12/25/2003,SO63085,484,20498,6,2,3
1/31/2017,10/9/2003,SO63085,528,20498,6,1,2
1/31/2017,11/17/2003,SO63100,477,28493,8,4,3
1/31/2017,12/10/2003,SO63100,479,28493,8,5,2
1/31/2017,11/23/2003,SO63100,462,28493,8,6,1
1/31/2017,12/28/2003,SO63100,530,28493,8,3,1
1/31/2017,12/6/2003,SO63100,541,28493,8,2,1
1/31/2017,10/14/2003,SO63100,572,28493,8,1,1
1/31/2017,11/7/2003,SO63073,529,11506,6,1,2
1/31/2017,11/16/2003,SO63083,462,11506,6,2,2
1/31/2017,11/17/2003,SO63083,476,11506,6,1,1
1/31/2017,10/11/2003,SO63094,484,12077,6,4,2
1/31/2017,11/19/2003,SO63094,528,12077,6,1,2
1/31/2017,11/27/2003,SO63094,480,12077,6,3,1
1/31/2017,11/13/2003,SO63094,537,12077,6,2,1
1/31/2017,11/17/2003,SO63093,480,27962,7,2,2
1/31/2017,11/1/2003,SO63093,530,27962,7,1,1
1/31/2017,12/7/2003,SO63068,530,19618,9,2,2
1/31/2017,10/21/2003,SO63068,541,19618,9,1,2
1/31/2017,10/22/2003,SO63068,487,19618,9,3,1
1/31/2017,10/11/2003,SO63096,479,20543,4,2,2
1/31/2017,11/29/2003,SO63096,220,20543,4,4,1
1/31/2017,1/12/2004,SO63096,375,20543,4,1,1
1/31/2017,10/19/2003,SO63096,477,20543,4,3,1
1/31/2017,11/8/2003,SO63067,477,29122,9,2,2
1/31/2017,1/1/2004,SO63067,478,29122,9,1,2
1/31/2017,12/9/2003,SO63067,215,29122,9,3,1
1/31/2017,10/30/2003,SO63061,529,24373,9,2,2
1/31/2017,11/8/2003,SO63061,538,24373,9,1,2
1/31/2017,12/31/2003,SO63061,480,24373,9,3,1
1/31/2017,12/31/2003,SO63101,220,27005,7,2,1
1/31/2017,11/20/2003,SO63101,566,27005,7,1,1
1/31/2017,11/7/2003,SO63066,480,25816,9,2,2
1/31/2017,10/3/2003,SO63066,528,25816,9,1,2
1/31/2017,1/6/2004,SO63117,477,23097,9,2,3
1/31/2017,12/17/2003,SO63117,479,23097,9,3,3
1/31/2017,11/25/2003,SO63117,214,23097,9,4,1
1/31/2017,11/11/2003,SO63117,606,23097,9,1,1
1/31/2017,10/29/2003,SO63091,223,14968,10,2,3
1/31/2017,12/11/2003,SO63091,477,14968,10,1,3
1/31/2017,12/19/2003,SO63091,214,14968,10,3,1
2/1/2017,10/21/2003,SO63300,477,17187,7,3,3
2/1/2017,11/3/2003,SO63300,478,17187,7,2,2
2/1/2017,11/14/2003,SO63300,362,17187,7,1,1
2/1/2017,12/17/2003,SO63314,480,15945,1,2,2
2/1/2017,12/12/2003,SO63314,528,15945,1,1,2
2/1/2017,10/9/2003,SO63320,535,16397,8,2,2
2/1/2017,10/6/2003,SO63320,214,16397,8,3,1
2/1/2017,10/27/2003,SO63320,528,16397,8,1,1
2/1/2017,12/11/2003,SO63312,477,24665,6,1,2
2/1/2017,11/7/2003,SO63312,226,24665,6,3,1
2/1/2017,12/13/2003,SO63312,487,24665,6,2,1
2/1/2017,12/8/2003,SO63303,535,11467,9,1,2
2/1/2017,12/11/2003,SO63306,223,26712,4,3,3
2/1/2017,12/8/2003,SO63306,530,26712,4,2,3
2/1/2017,10/24/2003,SO63306,541,26712,4,1,2
2/1/2017,10/30/2003,SO63328,538,25685,8,1,2
2/1/2017,11/24/2003,SO63330,537,11719,6,1,1
2/1/2017,12/1/2003,SO63348,480,20629,9,4,2
2/1/2017,11/12/2003,SO63348,529,20629,9,2,2
2/1/2017,12/6/2003,SO63348,371,20629,9,1,1
2/1/2017,12/16/2003,SO63348,540,20629,9,3,1
2/1/2017,12/5/2003,SO63354,477,23334,1,2,2
2/1/2017,10/23/2003,SO63354,479,23334,1,3,2
2/1/2017,10/13/2003,SO63354,605,23334,1,1,1
2/1/2017,11/15/2003,SO63338,356,15419,1,1,1
2/1/2017,1/17/2004,SO63294,535,12582,9,1,2
2/1/2017,10/16/2003,SO63327,530,23766,8,1,2
2/1/2017,10/6/2003,SO63327,541,23766,8,2,2
2/1/2017,11/9/2003,SO63327,215,23766,8,3,1
2/1/2017,11/26/2003,SO63326,541,28754,8,1,2
2/1/2017,10/17/2003,SO63326,220,28754,8,3,1
2/1/2017,12/17/2003,SO63326,530,28754,8,2,1
2/1/2017,10/5/2003,SO63352,477,26091,4,3,2
2/1/2017,12/30/2003,SO63352,479,26091,4,2,2
2/1/2017,10/4/2003,SO63352,487,26091,4,4,1
2/1/2017,12/13/2003,SO63352,575,26091,4,1,1
2/1/2017,12/3/2003,SO63331,484,17409,6,2,2
2/1/2017,12/19/2003,SO63331,483,17409,6,3,1
2/1/2017,10/11/2003,SO63331,485,17409,6,1,1
2/1/2017,10/5/2003,SO63356,462,20660,1,3,3
2/1/2017,1/2/2004,SO63356,215,20660,1,2,1
2/1/2017,10/8/2003,SO63356,381,20660,1,1,1
2/1/2017,12/16/2003,SO63334,223,11579,10,2,2
2/1/2017,1/5/2004,SO63334,214,11579,10,1,1
2/1/2017,1/13/2004,SO63346,539,15033,9,2,2
2/1/2017,10/25/2003,SO63346,581,15033,9,1,1
2/1/2017,12/17/2003,SO63310,474,15378,6,1,1
2/1/2017,11/27/2003,SO63335,215,18947,4,2,1
2/1/2017,11/5/2003,SO63335,590,18947,4,1,1
2/1/2017,1/7/2004,SO63345,220,28502,8,2,1
2/1/2017,11/4/2003,SO63345,565,28502,8,1,1
2/1/2017,12/2/2003,SO63316,483,14748,4,2,1
2/1/2017,1/4/2004,SO63316,528,14748,4,1,1
2/1/2017,11/9/2003,SO63297,528,12715,9,1,3
2/1/2017,12/23/2003,SO63297,480,12715,9,2,1
2/1/2017,12/2/2003,SO63307,528,11300,6,2,2
2/1/2017,11/19/2003,SO63307,535,11300,6,1,1
2/1/2017,12/18/2003,SO63298,529,14185,7,3,2
2/1/2017,10/10/2003,SO63298,373,14185,7,1,1
2/1/2017,1/17/2004,SO63298,472,14185,7,4,1
2/1/2017,1/12/2004,SO63298,540,14185,7,2,1
2/1/2017,1/16/2004,SO63319,484,14241,4,3,3
2/1/2017,10/9/2003,SO63319,485,14241,4,1,2
2/1/2017,1/4/2004,SO63319,487,14241,4,2,1
2/1/2017,12/12/2003,SO63340,528,12448,1,3,2
2/1/2017,10/28/2003,SO63340,358,12448,1,1,1
2/1/2017,11/5/2003,SO63340,480,12448,1,4,1
2/1/2017,12/29/2003,SO63340,537,12448,1,2,1
2/1/2017,12/4/2003,SO63295,529,19608,9,2,2
2/1/2017,11/11/2003,SO63295,538,19608,9,1,2
2/1/2017,11/19/2003,SO63322,490,29408,7,1,1
2/1/2017,12/12/2003,SO63336,528,19738,1,2,2
2/1/2017,12/19/2003,SO63336,535,19738,1,3,2
2/1/2017,10/12/2003,SO63336,215,19738,1,4,1
2/1/2017,1/10/2004,SO63336,598,19738,1,1,1
2/1/2017,10/28/2003,SO63309,484,18756,6,3,2
2/1/2017,10/10/2003,SO63309,528,18756,6,2,2
2/1/2017,11/21/2003,SO63309,536,18756,6,1,2
2/1/2017,1/14/2004,SO63313,223,16677,4,2,2
2/1/2017,11/10/2003,SO63313,477,16677,4,1,2
2/1/2017,12/5/2003,SO63349,352,14071,9,1,1
2/1/2017,1/13/2004,SO63329,480,11137,1,2,2
2/1/2017,12/18/2003,SO63329,486,11137,1,3,1
2/1/2017,12/21/2003,SO63329,537,11137,1,1,1
2/1/2017,12/10/2003,SO63323,477,22557,10,1,3
2/1/2017,10/11/2003,SO63317,487,16017,4,2,1
2/1/2017,11/22/2003,SO63317,528,16017,4,1,1
2/1/2017,10/7/2003,SO63358,462,20826,7,4,2
2/1/2017,11/27/2003,SO63358,529,20826,7,3,2
2/1/2017,12/4/2003,SO63358,539,20826,7,2,2
2/1/2017,10/26/2003,SO63358,381,20826,7,1,1
2/1/2017,11/2/2003,SO63332,223,25733,7,4,2
2/1/2017,12/29/2003,SO63332,479,25733,7,1,2
2/1/2017,10/7/2003,SO63332,477,25733,7,2,1
2/1/2017,11/7/2003,SO63332,491,25733,7,3,1
2/1/2017,11/27/2003,SO63359,223,24114,10,2,2
2/1/2017,12/6/2003,SO63359,229,24114,10,3,1
2/1/2017,11/21/2003,SO63359,381,24114,10,1,1
2/1/2017,1/2/2004,SO63308,485,25254,1,3,2
2/1/2017,12/11/2003,SO63308,528,25254,1,1,2
2/1/2017,12/21/2003,SO63308,535,25254,1,2,2
2/1/2017,12/9/2003,SO63360,479,11417,7,2,3
2/1/2017,1/10/2004,SO63360,605,11417,7,1,1
2/1/2017,10/30/2003,SO63357,220,17677,1,2,1
2/1/2017,12/24/2003,SO63357,583,17677,1,1,1
2/1/2017,11/17/2003,SO63361,562,18125,8,1,1
2/1/2017,11/24/2003,SO63353,215,22252,6,2,1
2/1/2017,10/25/2003,SO63353,235,22252,6,3,1
2/1/2017,10/20/2003,SO63353,576,22252,6,1,1
2/1/2017,12/12/2003,SO63299,220,15061,7,2,1
2/1/2017,10/20/2003,SO63299,593,15061,7,1,1
2/1/2017,1/5/2004,SO63296,528,24911,9,1,2
2/1/2017,11/10/2003,SO63296,215,24911,9,2,1
2/1/2017,12/6/2003,SO63296,223,24911,9,4,1
2/1/2017,10/14/2003,SO63296,488,24911,9,3,1
2/1/2017,11/3/2003,SO63325,529,22867,8,1,3
2/1/2017,10/15/2003,SO63325,220,22867,8,2,1
2/1/2017,10/9/2003,SO63344,223,11413,10,5,2
2/1/2017,10/25/2003,SO63344,530,11413,10,3,2
2/1/2017,1/14/2004,SO63344,541,11413,10,2,2
2/1/2017,1/13/2004,SO63344,226,11413,10,4,1
2/1/2017,11/10/2003,SO63344,571,11413,10,1,1
2/1/2017,12/27/2003,SO63333,477,13334,1,2,2
2/1/2017,10/26/2003,SO63333,478,13334,1,3,2
2/1/2017,10/24/2003,SO63333,485,13334,1,1,2
2/1/2017,10/18/2003,SO63333,220,13334,1,4,1
2/1/2017,12/9/2003,SO63318,485,14111,1,1,2
2/1/2017,10/14/2003,SO63318,487,14111,1,2,1
2/1/2017,11/4/2003,SO63355,477,23058,4,3,2
2/1/2017,11/2/2003,SO63355,479,23058,4,2,2
2/1/2017,12/30/2003,SO63355,214,23058,4,4,1
2/1/2017,11/16/2003,SO63355,606,23058,4,1,1
2/1/2017,10/24/2003,SO63351,530,25888,1,3,2
2/1/2017,12/1/2003,SO63351,541,25888,1,2,2
2/1/2017,11/24/2003,SO63351,560,25888,1,1,1
2/1/2017,12/20/2003,SO63337,477,15994,1,3,2
2/1/2017,10/26/2003,SO63337,478,15994,1,2,2
2/1/2017,10/28/2003,SO63337,491,15994,1,4,1
2/1/2017,10/9/2003,SO63337,600,15994,1,1,1
2/1/2017,11/20/2003,SO63301,485,15924,7,2,2
2/1/2017,1/11/2004,SO63301,229,15924,7,3,1
2/1/2017,12/19/2003,SO63301,354,15924,7,1,1
2/1/2017,10/14/2003,SO63347,482,18255,9,4,3
2/1/2017,11/3/2003,SO63347,529,18255,9,3,3
2/1/2017,10/23/2003,SO63347,371,18255,9,1,1
2/1/2017,1/9/2004,SO63347,540,18255,9,2,1
2/1/2017,11/24/2003,SO63302,223,16824,8,3,2
2/1/2017,10/14/2003,SO63302,215,16824,8,2,1
2/1/2017,12/20/2003,SO63302,356,16824,8,1,1
2/1/2017,11/18/2003,SO63362,220,15692,10,2,1
2/1/2017,1/13/2004,SO63362,573,15692,10,1,1
2/1/2017,12/24/2003,SO63311,477,25147,6,1,2
2/1/2017,12/14/2003,SO63311,220,25147,6,2,1
2/1/2017,10/25/2003,SO63341,480,12452,1,3,2
2/1/2017,12/17/2003,SO63341,352,12452,1,1,1
2/1/2017,12/8/2003,SO63341,537,12452,1,2,1
2/1/2017,12/16/2003,SO63339,477,15491,5,4,2
2/1/2017,12/28/2003,SO63339,478,15491,5,2,2
2/1/2017,12/10/2003,SO63339,352,15491,5,1,1
2/1/2017,11/27/2003,SO63339,473,15491,5,3,1
2/1/2017,10/20/2003,SO63321,480,19248,8,2,2
2/1/2017,11/4/2003,SO63321,539,19248,8,1,2
2/1/2017,11/30/2003,SO63321,483,19248,8,3,1
2/1/2017,1/8/2004,SO63350,478,14215,9,5,2
2/1/2017,10/14/2003,SO63350,485,14215,9,4,2
2/1/2017,10/13/2003,SO63350,528,14215,9,2,2
2/1/2017,11/4/2003,SO63350,360,14215,9,1,1
2/1/2017,10/13/2003,SO63350,537,14215,9,3,1
2/1/2017,12/30/2003,SO63343,484,28518,8,2,1
2/1/2017,11/2/2003,SO63343,569,28518,8,1,1
2/1/2017,12/27/2003,SO63324,480,26834,10,2,2
2/1/2017,11/10/2003,SO63324,529,26834,10,1,2
2/1/2017,1/13/2004,SO63315,466,27451,6,3,2
2/1/2017,1/8/2004,SO63315,484,27451,6,2,2
2/1/2017,12/1/2003,SO63315,528,27451,6,1,2
2/1/2017,10/14/2003,SO63342,477,15388,4,2,2
2/1/2017,11/20/2003,SO63342,478,15388,4,3,2
2/1/2017,10/12/2003,SO63342,220,15388,4,4,1
2/1/2017,1/12/2004,SO63342,362,15388,4,1,1
2/2/2017,11/30/2003,SO63403,480,15429,4,4,2
2/2/2017,1/13/2004,SO63403,484,15429,4,5,2
2/2/2017,10/22/2003,SO63403,485,15429,4,3,2
2/2/2017,12/15/2003,SO63403,352,15429,4,1,1
2/2/2017,10/22/2003,SO63403,537,15429,4,2,1
2/2/2017,1/7/2004,SO63370,358,17188,7,1,1
2/2/2017,1/12/2004,SO63370,487,17188,7,2,1
2/2/2017,10/13/2003,SO63381,477,17507,4,1,2
2/2/2017,11/19/2003,SO63381,481,17507,4,3,1
2/2/2017,10/25/2003,SO63381,487,17507,4,2,1
2/2/2017,1/6/2004,SO63366,223,14518,9,2,2
2/2/2017,12/25/2003,SO63366,488,14518,9,1,1
2/2/2017,11/14/2003,SO63399,530,27959,8,1,2
2/2/2017,12/16/2003,SO63399,232,27959,8,2,1
2/2/2017,10/6/2003,SO63398,223,22314,7,3,2
2/2/2017,11/25/2003,SO63398,489,22314,7,2,1
2/2/2017,12/6/2003,SO63398,538,22314,7,1,1
2/2/2017,12/16/2003,SO63394,477,20978,8,1,2
2/2/2017,11/13/2003,SO63406,490,23640,9,2,1
2/2/2017,12/13/2003,SO63406,582,23640,9,1,1
2/2/2017,12/23/2003,SO63378,477,14077,6,2,2
2/2/2017,12/8/2003,SO63378,478,14077,6,1,2
2/2/2017,11/20/2003,SO63378,491,14077,6,3,1
2/2/2017,10/16/2003,SO63380,223,28986,6,2,2
2/2/2017,12/17/2003,SO63380,474,28986,6,1,1
2/2/2017,10/22/2003,SO63371,480,16595,10,2,2
2/2/2017,10/28/2003,SO63371,362,16595,10,1,1
2/2/2017,10/25/2003,SO63377,476,19804,1,1,1
2/2/2017,11/26/2003,SO63377,489,19804,1,2,1
2/2/2017,11/10/2003,SO63404,485,15371,1,2,2
2/2/2017,12/30/2003,SO63404,356,15371,1,1,1
2/2/2017,12/14/2003,SO63404,491,15371,1,3,1
2/2/2017,11/6/2003,SO63419,529,26955,10,3,2
2/2/2017,12/10/2003,SO63419,538,26955,10,2,2
2/2/2017,12/30/2003,SO63419,605,26955,10,1,1
2/2/2017,1/8/2004,SO63391,462,21073,8,1,2
2/2/2017,10/29/2003,SO63391,477,21073,8,2,2
2/2/2017,11/2/2003,SO63416,539,17609,4,2,2
2/2/2017,1/1/2004,SO63416,582,17609,4,1,1
2/2/2017,1/11/2004,SO63387,480,20764,6,2,3
2/2/2017,11/14/2003,SO63387,528,20764,6,1,2
2/2/2017,12/2/2003,SO63364,484,18299,9,2,2
2/2/2017,12/15/2003,SO63364,485,18299,9,1,2
2/2/2017,12/29/2003,SO63395,477,22383,10,1,3
2/2/2017,11/13/2003,SO63395,223,22383,10,2,2
2/2/2017,11/17/2003,SO63395,491,22383,10,3,1
2/2/2017,12/8/2003,SO63389,529,16544,7,2,2
2/2/2017,12/17/2003,SO63389,539,16544,7,1,2
2/2/2017,12/27/2003,SO63384,477,18069,4,1,2
2/2/2017,11/22/2003,SO63407,223,25221,9,4,3
2/2/2017,11/1/2003,SO63407,477,25221,9,2,2
2/2/2017,11/23/2003,SO63407,479,25221,9,3,2
2/2/2017,10/13/2003,SO63407,389,25221,9,1,1
2/2/2017,10/9/2003,SO63386,480,21251,6,2,2
2/2/2017,12/5/2003,SO63386,486,21251,6,3,1
2/2/2017,10/19/2003,SO63386,528,21251,6,1,1
2/2/2017,12/27/2003,SO63415,389,19989,6,1,1
2/2/2017,11/5/2003,SO63367,214,13605,7,2,1
2/2/2017,10/23/2003,SO63367,379,13605,7,1,1
2/2/2017,11/29/2003,SO63401,223,17422,6,5,2
2/2/2017,1/13/2004,SO63401,477,17422,6,3,2
2/2/2017,10/15/2003,SO63401,478,17422,6,2,2
2/2/2017,11/5/2003,SO63401,226,17422,6,4,1
2/2/2017,12/3/2003,SO63401,485,17422,6,1,1
2/2/2017,1/7/2004,SO63382,477,17152,1,1,2
2/2/2017,11/19/2003,SO63382,484,17152,1,2,2
2/2/2017,1/11/2004,SO63413,479,22999,4,2,3
2/2/2017,10/6/2003,SO63413,477,22999,4,3,2
2/2/2017,12/12/2003,SO63413,604,22999,4,1,1
2/2/2017,11/13/2003,SO63390,529,20976,7,2,2
2/2/2017,12/25/2003,SO63390,538,20976,7,1,2
2/2/2017,10/8/2003,SO63390,214,20976,7,3,1
2/2/2017,10/10/2003,SO63405,573,17209,8,1,1
2/2/2017,10/19/2003,SO63400,223,12518,8,1,2
2/2/2017,1/16/2004,SO63375,480,27052,1,3,3
2/2/2017,10/13/2003,SO63375,530,27052,1,2,3
2/2/2017,10/27/2003,SO63375,541,27052,1,1,2
2/2/2017,10/9/2003,SO63409,220,11033,9,2,1
2/2/2017,12/24/2003,SO63409,356,11033,9,1,1
2/2/2017,1/10/2004,SO63374,480,27386,4,3,2
2/2/2017,10/6/2003,SO63374,530,27386,4,2,2
2/2/2017,10/22/2003,SO63374,541,27386,4,1,2
2/2/2017,12/16/2003,SO63385,528,23208,6,1,2
2/2/2017,1/4/2004,SO63385,487,23208,6,2,1
2/2/2017,12/3/2003,SO63369,358,17182,10,1,1
2/2/2017,11/16/2003,SO63369,487,17182,10,2,1
2/2/2017,11/19/2003,SO63418,477,22487,7,2,2
2/2/2017,12/1/2003,SO63418,479,22487,7,3,2
2/2/2017,11/30/2003,SO63418,215,22487,7,4,1
2/2/2017,11/5/2003,SO63418,606,22487,7,1,1
2/2/2017,10/12/2003,SO63412,477,23287,4,2,2
2/2/2017,12/1/2003,SO63412,479,23287,4,3,2
2/2/2017,11/13/2003,SO63412,487,23287,4,4,1
2/2/2017,10/26/2003,SO63412,605,23287,4,1,1
2/2/2017,12/10/2003,SO63422,564,18130,8,1,1
2/2/2017,11/25/2003,SO63388,528,14620,4,1,2
2/2/2017,11/5/2003,SO63363,539,14685,9,1,3
2/2/2017,12/2/2003,SO63363,480,14685,9,2,2
2/2/2017,10/28/2003,SO63373,480,11621,1,1,1
2/2/2017,12/20/2003,SO63365,528,21279,9,1,2
2/2/2017,12/13/2003,SO63424,477,14102,9,3,2
2/2/2017,12/30/2003,SO63424,479,14102,9,2,2
2/2/2017,12/18/2003,SO63424,568,14102,9,1,1
2/2/2017,12/15/2003,SO63392,528,20865,8,2,2
2/2/2017,10/5/2003,SO63392,536,20865,8,1,2
2/2/2017,1/16/2004,SO63414,471,23125,1,2,1
2/2/2017,11/2/2003,SO63414,584,23125,1,1,1
2/2/2017,10/23/2003,SO63410,485,14038,9,2,3
2/2/2017,11/23/2003,SO63410,220,14038,9,3,1
2/2/2017,10/19/2003,SO63410,354,14038,9,1,1
2/2/2017,11/9/2003,SO63379,462,16009,6,1,3
2/2/2017,12/22/2003,SO63379,474,16009,6,2,1
2/2/2017,11/30/2003,SO63397,538,29376,10,1,2
2/2/2017,10/25/2003,SO63396,530,29406,8,2,2
2/2/2017,11/15/2003,SO63396,214,29406,8,3,1
2/2/2017,1/14/2004,SO63396,541,29406,8,1,1
2/2/2017,11/24/2003,SO63408,223,21169,9,4,2
2/2/2017,1/4/2004,SO63408,477,21169,9,3,2
2/2/2017,12/19/2003,SO63408,479,21169,9,2,2
2/2/2017,11/12/2003,SO63408,377,21169,9,1,1
2/2/2017,12/21/2003,SO63402,235,12273,8,1,1
2/2/2017,12/2/2003,SO63423,477,11909,9,3,2
2/2/2017,12/4/2003,SO63423,479,11909,9,2,2
2/2/2017,10/30/2003,SO63423,215,11909,9,4,1
2/2/2017,11/11/2003,SO63423,575,11909,9,1,1
2/2/2017,11/23/2003,SO63383,477,18665,1,1,3
2/2/2017,10/31/2003,SO63383,484,18665,1,3,1
2/2/2017,1/17/2004,SO63383,487,18665,1,2,1
2/2/2017,10/10/2003,SO63411,354,13970,9,1,1
2/2/2017,1/10/2004,SO63411,487,13970,9,2,1
2/2/2017,11/1/2003,SO63417,223,28393,7,3,2
2/2/2017,10/23/2003,SO63417,215,28393,7,2,1
2/2/2017,12/10/2003,SO63417,385,28393,7,1,1
2/2/2017,10/19/2003,SO63368,474,14170,7,2,1
2/2/2017,11/5/2003,SO63368,482,14170,7,3,1
2/2/2017,1/6/2004,SO63368,590,14170,7,1,1
2/2/2017,12/26/2003,SO63376,477,22339,1,2,2
2/2/2017,1/14/2004,SO63376,478,22339,1,1,2
2/2/2017,11/6/2003,SO63372,354,13679,10,1,1
2/2/2017,12/20/2003,SO63372,537,13679,10,2,1
2/2/2017,11/6/2003,SO63420,606,27778,10,1,1
2/2/2017,10/8/2003,SO63393,480,26845,8,3,3
2/2/2017,10/18/2003,SO63393,538,26845,8,1,3
2/2/2017,12/24/2003,SO63393,529,26845,8,2,1
2/2/2017,12/10/2003,SO63421,477,24219,7,2,2
2/2/2017,12/8/2003,SO63421,479,24219,7,3,2
2/2/2017,12/15/2003,SO63421,215,24219,7,4,1
2/2/2017,11/13/2003,SO63421,564,24219,7,1,1
2/3/2017,10/26/2003,SO63474,480,16754,6,4,2
2/3/2017,11/19/2003,SO63474,528,16754,6,3,2
2/3/2017,11/6/2003,SO63474,356,16754,6,1,1
2/3/2017,10/21/2003,SO63474,537,16754,6,2,1
2/3/2017,11/9/2003,SO63471,480,12442,4,2,2
2/3/2017,10/30/2003,SO63471,356,12442,4,1,1
2/3/2017,12/15/2003,SO63457,232,12491,10,3,1
2/3/2017,10/14/2003,SO63457,529,12491,10,2,1
2/3/2017,11/27/2003,SO63457,540,12491,10,1,1
2/3/2017,1/3/2004,SO63489,477,23270,4,2,2
2/3/2017,11/3/2003,SO63489,479,23270,4,3,2
2/3/2017,11/9/2003,SO63489,471,23270,4,4,1
2/3/2017,11/11/2003,SO63489,606,23270,4,1,1
2/3/2017,1/12/2004,SO63473,223,15345,4,4,3
2/3/2017,12/4/2003,SO63473,478,15345,4,3,3
2/3/2017,10/30/2003,SO63473,477,15345,4,2,2
2/3/2017,12/30/2003,SO63473,360,15345,4,1,1
2/3/2017,12/3/2003,SO63432,215,11782,4,1,1
2/3/2017,11/7/2003,SO63432,226,11782,4,2,1
2/3/2017,1/12/2004,SO63432,466,11782,4,3,1
2/3/2017,12/18/2003,SO63446,476,20274,1,1,1
2/3/2017,10/10/2003,SO63453,480,16014,4,2,2
2/3/2017,12/9/2003,SO63453,528,16014,4,1,2
2/3/2017,10/22/2003,SO63494,215,11398,10,2,1
2/3/2017,12/13/2003,SO63494,562,11398,10,1,1
2/3/2017,10/7/2003,SO63467,477,12029,4,3,2
2/3/2017,10/11/2003,SO63467,478,12029,4,4,2
2/3/2017,11/27/2003,SO63467,528,12029,4,1,2
2/3/2017,12/24/2003,SO63467,537,12029,4,2,1
2/3/2017,11/19/2003,SO63469,528,14646,4,2,2
2/3/2017,12/7/2003,SO63469,536,14646,4,3,2
2/3/2017,1/16/2004,SO63469,215,14646,4,4,1
2/3/2017,11/23/2003,SO63469,587,14646,4,1,1
2/3/2017,1/15/2004,SO63458,528,17797,8,1,2
2/3/2017,11/11/2003,SO63458,535,17797,8,2,2
2/3/2017,1/2/2004,SO63458,220,17797,8,3,1
2/3/2017,12/21/2003,SO63443,481,23288,4,2,2
2/3/2017,10/28/2003,SO63443,536,23288,4,1,2
2/3/2017,12/19/2003,SO63433,536,21551,9,1,2
2/3/2017,1/16/2004,SO63426,480,17195,7,2,2
2/3/2017,10/30/2003,SO63426,484,17195,7,3,2
2/3/2017,12/14/2003,SO63426,356,17195,7,1,1
2/3/2017,11/24/2003,SO63465,530,23977,7,2,2
2/3/2017,1/14/2004,SO63465,541,23977,7,1,2
2/3/2017,12/21/2003,SO63465,220,23977,7,4,1
2/3/2017,11/26/2003,SO63465,487,23977,7,3,1
2/3/2017,11/21/2003,SO63493,214,11394,10,2,1
2/3/2017,11/17/2003,SO63493,573,11394,10,1,1
2/3/2017,10/27/2003,SO63439,482,17284,9,1,2
2/3/2017,12/4/2003,SO63439,232,17284,9,2,1
2/3/2017,1/3/2004,SO63476,223,23999,9,1,2
2/3/2017,12/29/2003,SO63476,606,23999,9,2,1
2/3/2017,1/6/2004,SO63470,223,14649,4,4,2
2/3/2017,10/19/2003,SO63470,476,14649,4,2,1
2/3/2017,1/17/2004,SO63470,490,14649,4,3,1
2/3/2017,12/5/2003,SO63470,588,14649,4,1,1
2/3/2017,10/16/2003,SO63472,214,13143,6,2,1
2/3/2017,12/24/2003,SO63472,226,13143,6,3,1
2/3/2017,10/13/2003,SO63472,354,13143,6,1,1
2/3/2017,11/12/2003,SO63487,479,24770,4,3,2
2/3/2017,10/29/2003,SO63487,477,24770,4,2,1
2/3/2017,11/19/2003,SO63487,563,24770,4,1,1
2/3/2017,1/10/2004,SO63486,541,26622,1,2,2
2/3/2017,11/4/2003,SO63486,586,26622,1,1,1
2/3/2017,11/11/2003,SO63434,528,16172,9,1,3
2/3/2017,11/17/2003,SO63434,462,16172,9,4,2
2/3/2017,10/9/2003,SO63434,536,16172,9,2,2
2/3/2017,12/31/2003,SO63434,220,16172,9,3,1
2/3/2017,11/23/2003,SO63431,464,11200,6,2,2
2/3/2017,1/6/2004,SO63431,215,11200,6,1,1
2/3/2017,10/10/2003,SO63431,226,11200,6,3,1
2/3/2017,12/23/2003,SO63492,215,20653,4,2,1
2/3/2017,10/20/2003,SO63492,389,20653,4,1,1
2/3/2017,11/13/2003,SO63478,220,29098,9,2,1
2/3/2017,12/17/2003,SO63478,491,29098,9,3,1
2/3/2017,10/19/2003,SO63478,605,29098,9,1,1
2/3/2017,11/15/2003,SO63483,477,11999,9,3,2
2/3/2017,10/23/2003,SO63483,478,11999,9,2,2
2/3/2017,11/30/2003,SO63483,354,11999,9,1,1
2/3/2017,12/26/2003,SO63496,563,15691,10,1,1
2/3/2017,1/4/2004,SO63455,485,19827,6,1,1
2/3/2017,11/28/2003,SO63428,477,17185,10,3,2
2/3/2017,11/20/2003,SO63428,478,17185,10,2,2
2/3/2017,11/3/2003,SO63428,220,17185,10,4,1
2/3/2017,12/21/2003,SO63428,362,17185,10,1,1
2/3/2017,10/31/2003,SO63459,477,13665,10,2,2
2/3/2017,12/1/2003,SO63459,478,13665,10,1,2
2/3/2017,12/22/2003,SO63427,356,18125,8,1,1
2/3/2017,12/18/2003,SO63427,537,18125,8,2,1
2/3/2017,11/18/2003,SO63456,528,16577,7,2,3
2/3/2017,10/31/2003,SO63456,214,16577,7,3,1
2/3/2017,1/17/2004,SO63456,537,16577,7,1,1
2/3/2017,11/13/2003,SO63435,485,18292,9,1,3
2/3/2017,12/13/2003,SO63435,477,18292,9,3,2
2/3/2017,12/29/2003,SO63435,478,18292,9,2,1
2/3/2017,1/2/2004,SO63482,480,18193,9,3,2
2/3/2017,11/4/2003,SO63482,535,18193,9,2,2
2/3/2017,10/8/2003,SO63482,598,18193,9,1,1
2/3/2017,11/1/2003,SO63466,480,11203,6,2,2
2/3/2017,10/24/2003,SO63466,484,11203,6,3,2
2/3/2017,1/5/2004,SO63466,537,11203,6,1,1
2/3/2017,12/10/2003,SO63451,476,27522,6,1,1
2/3/2017,11/19/2003,SO63436,223,18283,9,3,2
2/3/2017,10/7/2003,SO63436,485,18283,9,1,2
2/3/2017,11/14/2003,SO63436,215,18283,9,2,1
2/3/2017,10/26/2003,SO63436,491,18283,9,4,1
2/3/2017,12/27/2003,SO63464,480,14809,10,3,2
2/3/2017,10/14/2003,SO63464,530,14809,10,2,2
2/3/2017,12/28/2003,SO63464,541,14809,10,1,2
2/3/2017,12/29/2003,SO63479,529,25032,9,3,2
2/3/2017,1/11/2004,SO63479,539,25032,9,2,2
2/3/2017,11/11/2003,SO63479,220,25032,9,4,1
2/3/2017,10/26/2003,SO63479,381,25032,9,1,1
2/3/2017,11/7/2003,SO63425,485,17247,9,2,2
2/3/2017,12/15/2003,SO63425,223,17247,9,3,1
2/3/2017,12/23/2003,SO63425,488,17247,9,4,1
2/3/2017,11/10/2003,SO63425,588,17247,9,1,1
2/3/2017,12/20/2003,SO63454,528,26678,6,1,1
2/3/2017,10/10/2003,SO63447,223,18383,1,2,2
2/3/2017,11/17/2003,SO63447,477,18383,1,1,2
2/3/2017,12/17/2003,SO63491,220,20675,1,2,1
2/3/2017,10/17/2003,SO63491,387,20675,1,1,1
2/3/2017,1/10/2004,SO63488,462,23699,4,2,2
2/3/2017,1/9/2004,SO63488,220,23699,4,3,1
2/3/2017,10/18/2003,SO63488,579,23699,4,1,1
2/3/2017,1/12/2004,SO63475,389,25920,9,1,1
2/3/2017,11/4/2003,SO63485,352,14063,9,1,1
2/3/2017,10/31/2003,SO63485,537,14063,9,2,1
2/3/2017,1/1/2004,SO63438,530,27979,9,1,2
2/3/2017,11/3/2003,SO63460,484,17823,7,3,2
2/3/2017,12/16/2003,SO63460,536,17823,7,1,2
2/3/2017,11/1/2003,SO63460,480,17823,7,2,1
2/3/2017,12/1/2003,SO63441,220,25637,10,3,1
2/3/2017,10/13/2003,SO63441,375,25637,10,1,1
2/3/2017,1/6/2004,SO63441,540,25637,10,2,1
2/3/2017,12/26/2003,SO63495,479,17221,8,2,3
2/3/2017,12/14/2003,SO63495,223,17221,8,5,2
2/3/2017,12/22/2003,SO63495,477,17221,8,3,2
2/3/2017,12/5/2003,SO63495,214,17221,8,4,1
2/3/2017,10/17/2003,SO63495,562,17221,8,1,1
2/3/2017,1/3/2004,SO63429,477,11211,6,2,2
2/3/2017,11/13/2003,SO63429,479,11211,6,1,2
2/3/2017,11/24/2003,SO63452,223,17155,4,2,2
2/3/2017,1/2/2004,SO63452,477,17155,4,1,2
2/3/2017,11/7/2003,SO63490,223,20674,1,3,3
2/3/2017,12/16/2003,SO63490,477,20674,1,2,2
2/3/2017,10/11/2003,SO63490,479,20674,1,4,2
2/3/2017,12/8/2003,SO63490,387,20674,1,1,1
2/3/2017,10/20/2003,SO63437,477,23428,9,1,2
2/3/2017,11/16/2003,SO63437,215,23428,9,2,1
2/3/2017,10/12/2003,SO63462,529,21098,7,2,3
2/3/2017,12/15/2003,SO63462,223,21098,7,4,2
2/3/2017,10/23/2003,SO63462,538,21098,7,1,2
2/3/2017,12/15/2003,SO63462,215,21098,7,3,1
2/3/2017,10/7/2003,SO63449,477,12959,6,1,2
2/3/2017,11/12/2003,SO63449,223,12959,6,3,1
2/3/2017,1/17/2004,SO63449,226,12959,6,2,1
2/3/2017,11/27/2003,SO63450,466,18915,4,2,1
2/3/2017,11/11/2003,SO63450,475,18915,4,1,1
2/3/2017,10/28/2003,SO63481,480,14224,9,2,2
2/3/2017,11/23/2003,SO63481,354,14224,9,1,1
2/3/2017,12/9/2003,SO63445,528,17482,6,2,3
2/3/2017,12/21/2003,SO63445,536,17482,6,1,2
2/3/2017,10/8/2003,SO63445,220,17482,6,3,1
2/3/2017,12/15/2003,SO63461,477,19390,7,1,2
2/3/2017,1/16/2004,SO63440,477,19629,9,1,2
2/3/2017,1/17/2004,SO63440,479,19629,9,2,2
2/3/2017,11/22/2003,SO63440,214,19629,9,3,1
2/3/2017,10/11/2003,SO63468,479,11384,7,1,3
2/3/2017,11/6/2003,SO63468,477,11384,7,2,2
2/3/2017,12/1/2003,SO63468,220,11384,7,3,1
2/3/2017,10/17/2003,SO63444,480,14641,6,2,2
2/3/2017,12/17/2003,SO63444,540,14641,6,1,1
2/3/2017,1/4/2004,SO63480,214,25243,9,2,1
2/3/2017,11/4/2003,SO63480,387,25243,9,1,1
2/3/2017,11/17/2003,SO63430,215,11940,4,1,1
2/3/2017,12/24/2003,SO63463,541,28710,8,2,2
2/3/2017,10/31/2003,SO63463,530,28710,8,1,1
2/3/2017,10/10/2003,SO63484,478,11996,9,3,2
2/3/2017,12/20/2003,SO63484,485,11996,9,2,2
2/3/2017,12/4/2003,SO63484,215,11996,9,5,1
2/3/2017,11/30/2003,SO63484,356,11996,9,1,1
2/3/2017,1/12/2004,SO63484,477,11996,9,4,1
2/3/2017,11/12/2003,SO63477,220,24003,9,2,1
2/3/2017,11/6/2003,SO63477,232,24003,9,3,1
2/3/2017,12/24/2003,SO63477,605,24003,9,1,1
2/3/2017,12/13/2003,SO63442,529,24984,4,1,2
2/3/2017,10/26/2003,SO63442,540,24984,4,2,1
2/3/2017,10/29/2003,SO63448,476,29021,6,1,1
2/4/2017,12/19/2003,SO63549,541,12002,9,2,2
2/4/2017,11/30/2003,SO63549,575,12002,9,1,1
2/4/2017,10/10/2003,SO63515,528,26550,1,2,2
2/4/2017,1/16/2004,SO63515,535,26550,1,1,2
2/4/2017,12/16/2003,SO63515,473,26550,1,3,1
2/4/2017,12/18/2003,SO63504,479,13575,7,3,2
2/4/2017,11/3/2003,SO63504,375,13575,7,1,1
2/4/2017,1/1/2004,SO63504,477,13575,7,2,1
2/4/2017,10/16/2003,SO63527,480,19492,7,2,2
2/4/2017,10/28/2003,SO63527,529,19492,7,1,2
2/4/2017,1/4/2004,SO63497,477,11185,6,1,2
2/4/2017,11/22/2003,SO63497,479,11185,6,2,2
2/4/2017,1/14/2004,SO63497,215,11185,6,3,1
2/4/2017,12/9/2003,SO63532,466,15482,4,3,2
2/4/2017,11/2/2003,SO63532,485,15482,4,2,2
2/4/2017,11/21/2003,SO63532,362,15482,4,1,1
2/4/2017,10/28/2003,SO63507,223,12095,4,1,2
2/4/2017,1/3/2004,SO63531,535,19814,4,2,3
2/4/2017,10/20/2003,SO63531,591,19814,4,1,1
2/4/2017,1/15/2004,SO63543,477,23081,4,2,2
2/4/2017,11/26/2003,SO63543,479,23081,4,3,2
2/4/2017,12/11/2003,SO63543,487,23081,4,4,1
2/4/2017,12/11/2003,SO63543,606,23081,4,1,1
2/4/2017,1/18/2004,SO63530,528,15340,6,1,2
2/4/2017,11/9/2003,SO63530,537,15340,6,2,1
2/4/2017,11/12/2003,SO63508,483,12117,1,1,1
2/4/2017,11/15/2003,SO63533,485,12755,4,2,2
2/4/2017,11/26/2003,SO63533,352,12755,4,1,1
2/4/2017,12/26/2003,SO63533,472,12755,4,4,1
2/4/2017,1/10/2004,SO63533,477,12755,4,3,1
2/4/2017,10/17/2003,SO63533,478,12755,4,5,1
2/4/2017,12/25/2003,SO63509,539,29006,1,1,3
2/4/2017,12/13/2003,SO63509,529,29006,1,2,2
2/4/2017,12/10/2003,SO63509,480,29006,1,3,1
2/4/2017,11/27/2003,SO63509,483,29006,1,4,1
2/4/2017,11/8/2003,SO63502,540,16683,9,1,1
2/4/2017,11/8/2003,SO63541,575,26339,1,1,1
2/4/2017,11/20/2003,SO63550,220,12339,9,2,1
2/4/2017,11/3/2003,SO63550,575,12339,9,1,1
2/4/2017,11/16/2003,SO63540,223,26106,4,2,2
2/4/2017,10/28/2003,SO63540,562,26106,4,1,1
2/4/2017,10/29/2003,SO63516,528,11091,6,1,2
2/4/2017,1/17/2004,SO63516,215,11091,6,3,1
2/4/2017,12/14/2003,SO63516,226,11091,6,4,1
2/4/2017,11/10/2003,SO63516,535,11091,6,2,1
2/4/2017,11/10/2003,SO63536,580,23539,9,1,1
2/4/2017,10/9/2003,SO63535,530,17199,8,3,2
2/4/2017,11/18/2003,SO63535,541,17199,8,2,2
2/4/2017,12/10/2003,SO63535,573,17199,8,1,1
2/4/2017,1/15/2004,SO63548,541,27878,9,2,3
2/4/2017,11/15/2003,SO63548,530,27878,9,3,2
2/4/2017,11/11/2003,SO63548,215,27878,9,4,1
2/4/2017,11/22/2003,SO63548,560,27878,9,1,1
2/4/2017,12/21/2003,SO63500,480,12715,9,1,3
2/4/2017,11/30/2003,SO63514,529,15564,6,2,2
2/4/2017,1/20/2004,SO63514,229,15564,6,3,1
2/4/2017,11/16/2003,SO63514,540,15564,6,1,1
2/4/2017,1/3/2004,SO63538,220,14216,9,2,1
2/4/2017,12/20/2003,SO63538,352,14216,9,1,1
2/4/2017,10/25/2003,SO63498,464,11287,6,2,3
2/4/2017,12/7/2003,SO63498,220,11287,6,1,1
2/4/2017,11/2/2003,SO63547,530,11910,9,3,2
2/4/2017,12/7/2003,SO63547,541,11910,9,2,2
2/4/2017,1/2/2004,SO63547,573,11910,9,1,1
2/4/2017,11/22/2003,SO63524,477,21860,7,1,1
2/4/2017,11/27/2003,SO63522,477,16905,4,1,2
2/4/2017,11/12/2003,SO63503,215,22313,10,2,1
2/4/2017,10/20/2003,SO63503,581,22313,10,1,1
2/4/2017,11/25/2003,SO63545,477,27796,7,3,2
2/4/2017,11/10/2003,SO63545,479,27796,7,2,2
2/4/2017,12/4/2003,SO63545,389,27796,7,1,1
2/4/2017,11/27/2003,SO63539,480,14058,9,2,2
2/4/2017,12/27/2003,SO63539,362,14058,9,1,1
2/4/2017,10/15/2003,SO63521,477,18417,4,1,2
2/4/2017,1/6/2004,SO63521,215,18417,4,2,1
2/4/2017,11/6/2003,SO63499,229,17073,9,1,1
2/4/2017,10/28/2003,SO63546,477,11420,7,3,3
2/4/2017,11/29/2003,SO63546,220,11420,7,4,1
2/4/2017,12/27/2003,SO63546,479,11420,7,2,1
2/4/2017,11/9/2003,SO63546,574,11420,7,1,1
2/4/2017,11/25/2003,SO63520,475,18874,1,1,1
2/4/2017,11/30/2003,SO63537,539,23593,9,3,3
2/4/2017,10/27/2003,SO63537,462,23593,9,5,2
2/4/2017,11/24/2003,SO63537,529,23593,9,2,2
2/4/2017,1/13/2004,SO63537,489,23593,9,4,1
2/4/2017,11/20/2003,SO63537,580,23593,9,1,1
2/4/2017,12/7/2003,SO63528,223,12726,8,4,3
2/4/2017,12/6/2003,SO63528,530,12726,8,1,2
2/4/2017,12/1/2003,SO63528,214,12726,8,2,1
2/4/2017,12/17/2003,SO63528,229,12726,8,3,1
2/4/2017,12/18/2003,SO63525,480,19250,8,3,2
2/4/2017,10/19/2003,SO63525,529,19250,8,2,2
2/4/2017,10/18/2003,SO63525,539,19250,8,1,2
2/4/2017,10/13/2003,SO63519,466,21767,4,5,2
2/4/2017,1/2/2004,SO63519,478,21767,4,1,2
2/4/2017,12/2/2003,SO63519,220,21767,4,3,1
2/4/2017,10/15/2003,SO63519,226,21767,4,4,1
2/4/2017,12/3/2003,SO63519,477,21767,4,2,1
2/4/2017,12/5/2003,SO63526,528,17884,10,1,2
2/4/2017,11/20/2003,SO63526,535,17884,10,2,2
2/4/2017,10/21/2003,SO63513,541,27618,1,2,3
2/4/2017,11/5/2003,SO63513,530,27618,1,1,2
2/4/2017,12/2/2003,SO63513,215,27618,1,3,1
2/4/2017,12/8/2003,SO63544,583,17620,1,1,1
2/4/2017,10/27/2003,SO63534,477,15097,10,4,2
2/4/2017,10/10/2003,SO63534,479,15097,10,2,2
2/4/2017,12/22/2003,SO63534,472,15097,10,3,1
2/4/2017,12/30/2003,SO63534,562,15097,10,1,1
2/4/2017,12/15/2003,SO63518,529,23740,4,2,1
2/4/2017,11/29/2003,SO63518,540,23740,4,1,1
2/4/2017,11/17/2003,SO63542,538,23318,4,2,2
2/4/2017,10/13/2003,SO63542,604,23318,4,1,1
2/4/2017,12/17/2003,SO63523,474,15919,10,1,1
2/4/2017,1/9/2004,SO63512,535,25355,1,1,2
2/4/2017,10/29/2003,SO63512,215,25355,1,2,1
2/4/2017,12/2/2003,SO63517,482,22725,1,2,2
2/4/2017,10/16/2003,SO63517,536,22725,1,1,2
2/4/2017,12/17/2003,SO63505,223,14192,7,3,2
2/4/2017,10/29/2003,SO63505,220,14192,7,2,1
2/4/2017,11/25/2003,SO63505,373,14192,7,1,1
2/4/2017,12/12/2003,SO63501,480,18492,9,1,2
2/4/2017,10/27/2003,SO63501,486,18492,9,2,1
2/4/2017,12/26/2003,SO63529,480,28453,8,3,3
2/4/2017,12/11/2003,SO63529,530,28453,8,2,2
2/4/2017,11/29/2003,SO63529,541,28453,8,1,2
2/4/2017,10/26/2003,SO63506,220,16585,10,2,1
2/4/2017,12/10/2003,SO63506,360,16585,10,1,1
2/4/2017,12/22/2003,SO63511,538,27503,3,1,2
2/5/2017,12/30/2003,SO63617,215,20855,7,2,1
2/5/2017,10/10/2003,SO63617,389,20855,7,1,1
2/5/2017,11/8/2003,SO63559,480,17950,7,4,2
2/5/2017,11/4/2003,SO63559,529,17950,7,3,2
2/5/2017,12/5/2003,SO63559,539,17950,7,2,2
2/5/2017,11/5/2003,SO63559,583,17950,7,1,1
2/5/2017,1/18/2004,SO63584,530,12598,10,2,2
2/5/2017,11/16/2003,SO63584,541,12598,10,1,2
2/5/2017,10/30/2003,SO63610,223,21335,1,2,2
2/5/2017,12/23/2003,SO63610,385,21335,1,1,1
2/5/2017,1/1/2004,SO63610,488,21335,1,3,1
2/5/2017,12/18/2003,SO63573,478,21708,1,1,3
2/5/2017,11/3/2003,SO63573,477,21708,1,2,2
2/5/2017,10/11/2003,SO63573,220,21708,1,3,1
2/5/2017,10/25/2003,SO63618,477,22495,7,3,2
2/5/2017,10/8/2003,SO63618,479,22495,7,2,2
2/5/2017,12/13/2003,SO63618,491,22495,7,4,1
2/5/2017,10/15/2003,SO63618,584,22495,7,1,1
2/5/2017,11/18/2003,SO63605,477,14032,9,3,2
2/5/2017,12/25/2003,SO63605,478,14032,9,2,2
2/5/2017,12/29/2003,SO63605,223,14032,9,4,1
2/5/2017,11/21/2003,SO63605,226,14032,9,5,1
2/5/2017,10/20/2003,SO63605,360,14032,9,1,1
2/5/2017,11/24/2003,SO63555,223,15253,9,1,2
2/5/2017,11/3/2003,SO63620,529,23992,9,2,2
2/5/2017,11/19/2003,SO63620,538,23992,9,3,2
2/5/2017,12/17/2003,SO63620,486,23992,9,4,1
2/5/2017,10/21/2003,SO63620,604,23992,9,1,1
2/5/2017,1/16/2004,SO63597,480,15916,6,3,2
2/5/2017,12/5/2003,SO63597,362,15916,6,1,1
2/5/2017,1/19/2004,SO63597,537,15916,6,2,1
2/5/2017,10/12/2003,SO63557,214,24209,7,2,1
2/5/2017,10/10/2003,SO63557,581,24209,7,1,1
2/5/2017,11/17/2003,SO63564,491,11212,6,1,1
2/5/2017,12/26/2003,SO63553,535,14312,9,1,1
2/5/2017,12/28/2003,SO63580,464,16714,4,2,2
2/5/2017,10/10/2003,SO63580,215,16714,4,3,1
2/5/2017,12/6/2003,SO63580,528,16714,4,1,1
2/5/2017,12/25/2003,SO63561,223,16580,7,3,2
2/5/2017,12/22/2003,SO63561,485,16580,7,2,2
2/5/2017,11/22/2003,SO63561,220,16580,7,4,1
2/5/2017,10/31/2003,SO63561,356,16580,7,1,1
2/5/2017,11/17/2003,SO63602,375,21205,9,1,1
2/5/2017,12/31/2003,SO63594,479,11411,8,2,3
2/5/2017,11/22/2003,SO63594,477,11411,8,1,2
2/5/2017,1/11/2004,SO63594,466,11411,8,3,1
2/5/2017,12/13/2003,SO63552,480,16733,9,3,2
2/5/2017,11/15/2003,SO63552,539,16733,9,2,2
2/5/2017,1/13/2004,SO63552,529,16733,9,1,1
2/5/2017,11/2/2003,SO63608,530,26342,4,3,3
2/5/2017,12/6/2003,SO63608,541,26342,4,2,2
2/5/2017,10/19/2003,SO63608,576,26342,4,1,1
2/5/2017,11/1/2003,SO63589,471,16837,6,2,1
2/5/2017,10/27/2003,SO63589,485,16837,6,1,1
2/5/2017,12/20/2003,SO63566,480,27426,4,2,2
2/5/2017,11/15/2003,SO63566,538,27426,4,1,2
2/5/2017,12/16/2003,SO63581,485,19001,6,1,2
2/5/2017,12/5/2003,SO63593,223,12597,10,1,1
2/5/2017,11/4/2003,SO63576,477,17471,1,1,2
2/5/2017,10/22/2003,SO63576,220,17471,1,2,1
2/5/2017,11/8/2003,SO63612,214,20699,4,2,1
2/5/2017,10/11/2003,SO63612,383,20699,4,1,1
2/5/2017,10/14/2003,SO63612,488,20699,4,3,1
2/5/2017,10/24/2003,SO63598,462,15196,4,4,3
2/5/2017,11/9/2003,SO63598,485,15196,4,2,2
2/5/2017,10/25/2003,SO63598,214,15196,4,3,1
2/5/2017,10/28/2003,SO63598,362,15196,4,1,1
2/5/2017,1/19/2004,SO63556,539,26390,10,2,2
2/5/2017,11/20/2003,SO63556,581,26390,10,1,1
2/5/2017,11/2/2003,SO63571,528,23206,4,1,2
2/5/2017,10/15/2003,SO63571,536,23206,4,2,2
2/5/2017,11/29/2003,SO63571,215,23206,4,3,1
2/5/2017,12/8/2003,SO63575,223,14661,6,3,2
2/5/2017,11/4/2003,SO63575,477,14661,6,1,2
2/5/2017,12/17/2003,SO63575,478,14661,6,2,2
2/5/2017,12/19/2003,SO63572,536,24225,4,1,2
2/5/2017,12/18/2003,SO63572,473,24225,4,2,1
2/5/2017,10/8/2003,SO63603,528,12571,9,2,1
2/5/2017,11/25/2003,SO63603,535,12571,9,3,1
2/5/2017,1/19/2004,SO63603,599,12571,9,1,1
2/5/2017,10/23/2003,SO63614,581,17147,6,1,1
2/5/2017,1/12/2004,SO63615,479,17659,1,2,2
2/5/2017,1/16/2004,SO63615,583,17659,1,1,1
2/5/2017,12/5/2003,SO63585,530,13786,8,1,2
2/5/2017,1/4/2004,SO63592,485,16005,6,1,3
2/5/2017,12/31/2003,SO63592,462,16005,6,3,2
2/5/2017,11/1/2003,SO63592,229,16005,6,2,1
2/5/2017,12/13/2003,SO63586,541,26982,7,1,2
2/5/2017,12/7/2003,SO63616,223,17662,4,3,2
2/5/2017,10/11/2003,SO63616,488,17662,4,2,1
2/5/2017,10/23/2003,SO63616,582,17662,4,1,1
2/5/2017,12/8/2003,SO63560,360,12290,7,1,1
2/5/2017,12/6/2003,SO63578,528,15382,4,1,2
2/5/2017,11/2/2003,SO63578,214,15382,4,2,1
2/5/2017,1/10/2004,SO63578,471,15382,4,3,1
2/5/2017,10/25/2003,SO63587,530,28911,7,1,2
2/5/2017,10/20/2003,SO63600,479,15059,10,2,3
2/5/2017,11/13/2003,SO63600,477,15059,10,3,2
2/5/2017,1/2/2004,SO63600,220,15059,10,4,1
2/5/2017,12/3/2003,SO63600,235,15059,10,5,1
2/5/2017,12/3/2003,SO63600,571,15059,10,1,1
2/5/2017,11/12/2003,SO63582,485,18686,6,1,1
2/5/2017,1/15/2004,SO63611,480,20686,4,4,2
2/5/2017,1/21/2004,SO63611,529,20686,4,2,2
2/5/2017,1/17/2004,SO63611,389,20686,4,1,1
2/5/2017,10/15/2003,SO63611,539,20686,4,3,1
2/5/2017,11/8/2003,SO63574,478,20533,4,1,3
2/5/2017,12/10/2003,SO63574,223,20533,4,4,2
2/5/2017,10/17/2003,SO63574,477,20533,4,2,2
2/5/2017,10/9/2003,SO63574,484,20533,4,3,1
2/5/2017,12/14/2003,SO63619,477,29091,9,3,2
2/5/2017,1/21/2004,SO63619,479,29091,9,2,2
2/5/2017,10/30/2003,SO63619,567,29091,9,1,1
2/5/2017,12/21/2003,SO63554,536,18266,9,1,3
2/5/2017,12/8/2003,SO63554,528,18266,9,2,2
2/5/2017,11/10/2003,SO63554,480,18266,9,3,1
2/5/2017,11/6/2003,SO63606,220,14050,9,2,1
2/5/2017,11/28/2003,SO63606,354,14050,9,1,1
2/5/2017,11/2/2003,SO63613,223,20700,4,6,3
2/5/2017,1/14/2004,SO63613,529,20700,4,3,2
2/5/2017,1/8/2004,SO63613,539,20700,4,2,2
2/5/2017,11/6/2003,SO63613,215,20700,4,4,1
2/5/2017,11/22/2003,SO63613,232,20700,4,5,1
2/5/2017,10/27/2003,SO63613,381,20700,4,1,1
2/5/2017,12/1/2003,SO63579,528,14918,1,1,3
2/5/2017,10/9/2003,SO63579,484,14918,1,2,2
2/5/2017,1/20/2004,SO63551,466,11176,6,2,2
2/5/2017,11/15/2003,SO63551,529,11176,6,1,1
2/5/2017,10/16/2003,SO63609,220,21334,4,2,1
2/5/2017,1/11/2004,SO63609,389,21334,4,1,1
2/5/2017,11/15/2003,SO63595,223,12595,10,1,2
2/5/2017,12/28/2003,SO63591,485,12937,1,1,2
2/5/2017,12/24/2003,SO63591,488,12937,1,2,1
2/5/2017,12/2/2003,SO63607,480,24782,4,4,2
2/5/2017,11/26/2003,SO63607,530,24782,4,3,2
2/5/2017,11/16/2003,SO63607,541,24782,4,2,2
2/5/2017,11/9/2003,SO63607,561,24782,4,1,1
2/5/2017,12/28/2003,SO63568,462,26639,4,2,2
2/5/2017,10/8/2003,SO63568,535,26639,4,1,2
2/5/2017,12/5/2003,SO63604,360,14214,9,1,1
2/5/2017,12/28/2003,SO63583,530,26383,7,2,2
2/5/2017,12/30/2003,SO63583,541,26383,7,1,2
2/5/2017,12/22/2003,SO63565,466,14096,6,1,2
2/5/2017,1/6/2004,SO63565,488,14096,6,2,1
2/5/2017,10/20/2003,SO63577,485,23083,6,2,3
2/5/2017,10/22/2003,SO63577,477,23083,6,4,2
2/5/2017,10/24/2003,SO63577,478,23083,6,3,2
2/5/2017,10/12/2003,SO63577,484,23083,6,5,2
2/5/2017,12/28/2003,SO63577,528,23083,6,1,2
2/5/2017,12/14/2003,SO63590,485,18523,6,1,3
2/5/2017,10/20/2003,SO63590,478,18523,6,2,2
2/5/2017,11/3/2003,SO63588,528,11305,4,2,2
2/5/2017,12/2/2003,SO63588,215,11305,4,3,1
2/5/2017,12/30/2003,SO63588,537,11305,4,1,1
2/5/2017,11/25/2003,SO63596,587,14722,1,1,1
2/5/2017,10/18/2003,SO63567,529,25103,4,1,3
2/5/2017,1/1/2004,SO63567,488,25103,4,3,1
2/5/2017,12/16/2003,SO63567,540,25103,4,2,1
2/5/2017,11/2/2003,SO63599,477,15349,4,4,2
2/5/2017,1/1/2004,SO63599,478,15349,4,3,2
2/5/2017,11/4/2003,SO63599,485,15349,4,2,2
2/5/2017,1/8/2004,SO63599,354,15349,4,1,1
2/5/2017,12/31/2003,SO63570,536,23052,4,1,2
2/5/2017,10/18/2003,SO63558,528,15004,7,2,2
2/5/2017,10/31/2003,SO63558,535,15004,7,3,2
2/5/2017,12/10/2003,SO63558,214,15004,7,4,1
2/5/2017,12/27/2003,SO63558,592,15004,7,1,1
2/5/2017,12/10/2003,SO63563,220,11731,4,1,1
2/5/2017,1/11/2004,SO63562,480,15676,7,4,2
2/5/2017,1/9/2004,SO63562,352,15676,7,1,1
2/5/2017,1/15/2004,SO63562,528,15676,7,2,1
2/5/2017,1/19/2004,SO63562,537,15676,7,3,1
2/6/2017,12/8/2003,SO63633,480,28781,4,1,3
2/6/2017,12/9/2003,SO63654,528,19068,8,2,2
2/6/2017,12/17/2003,SO63654,535,19068,8,1,2
2/6/2017,11/27/2003,SO63654,214,19068,8,3,1
2/6/2017,11/11/2003,SO63631,215,16594,10,2,1
2/6/2017,12/14/2003,SO63631,352,16594,10,1,1
2/6/2017,11/2/2003,SO63639,462,26473,1,3,2
2/6/2017,10/25/2003,SO63639,528,26473,1,2,2
2/6/2017,10/17/2003,SO63639,535,26473,1,1,2
2/6/2017,12/12/2003,SO63639,220,26473,1,4,1
2/6/2017,1/20/2004,SO63669,220,12756,4,2,1
2/6/2017,11/7/2003,SO63669,360,12756,4,1,1
2/6/2017,10/26/2003,SO63658,223,28430,8,3,3
2/6/2017,1/14/2004,SO63658,530,28430,8,2,3
2/6/2017,10/22/2003,SO63658,541,28430,8,1,2
2/6/2017,12/31/2003,SO63643,530,26689,4,2,3
2/6/2017,10/18/2003,SO63643,484,26689,4,4,2
2/6/2017,1/14/2004,SO63643,541,26689,4,1,2
2/6/2017,10/16/2003,SO63643,487,26689,4,3,1
2/6/2017,12/17/2003,SO63657,538,24867,8,1,2
2/6/2017,10/25/2003,SO63674,385,25946,9,1,1
2/6/2017,10/17/2003,SO63674,489,25946,9,2,1
2/6/2017,10/14/2003,SO63650,481,22545,6,3,2
2/6/2017,10/29/2003,SO63650,528,22545,6,1,2
2/6/2017,12/28/2003,SO63650,214,22545,6,2,1
2/6/2017,12/31/2003,SO63670,220,12492,10,2,1
2/6/2017,12/5/2003,SO63670,586,12492,10,1,1
2/6/2017,12/19/2003,SO63646,476,20379,4,1,1
2/6/2017,11/23/2003,SO63646,488,20379,4,2,1
2/6/2017,10/17/2003,SO63686,381,20650,4,1,1
2/6/2017,11/1/2003,SO63686,489,20650,4,2,1
2/6/2017,10/17/2003,SO63648,214,17598,4,2,1
2/6/2017,11/17/2003,SO63648,477,17598,4,1,1
2/6/2017,12/23/2003,SO63629,232,14524,7,2,1
2/6/2017,10/19/2003,SO63629,590,14524,7,1,1
2/6/2017,11/9/2003,SO63661,541,24062,7,1,2
2/6/2017,12/23/2003,SO63636,529,11091,6,1,2
2/6/2017,12/27/2003,SO63636,538,11091,6,2,2
2/6/2017,10/22/2003,SO63625,477,24591,9,1,2
2/6/2017,10/16/2003,SO63625,491,24591,9,2,1
2/6/2017,11/21/2003,SO63662,528,11164,4,1,2
2/6/2017,1/20/2004,SO63662,214,11164,4,4,1
2/6/2017,1/19/2004,SO63662,472,11164,4,3,1
2/6/2017,1/2/2004,SO63662,537,11164,4,2,1
2/6/2017,12/11/2003,SO63671,215,15077,10,2,1
2/6/2017,1/13/2004,SO63671,572,15077,10,1,1
2/6/2017,12/2/2003,SO63656,480,25472,8,3,2
2/6/2017,11/7/2003,SO63656,529,25472,8,2,2
2/6/2017,11/1/2003,SO63656,538,25472,8,1,1
2/6/2017,11/5/2003,SO63684,214,26328,4,2,1
2/6/2017,11/9/2003,SO63684,232,26328,4,3,1
2/6/2017,11/27/2003,SO63684,563,26328,4,1,1
2/6/2017,10/19/2003,SO63677,387,25272,9,1,1
2/6/2017,11/21/2003,SO63677,488,25272,9,2,1
2/6/2017,10/23/2003,SO63679,477,14211,9,2,2
2/6/2017,11/2/2003,SO63679,478,14211,9,3,2
2/6/2017,11/25/2003,SO63679,356,14211,9,1,1
2/6/2017,10/25/2003,SO63679,487,14211,9,4,1
2/6/2017,10/29/2003,SO63652,485,13457,1,1,2
2/6/2017,11/30/2003,SO63652,220,13457,1,2,1
2/6/2017,1/15/2004,SO63647,476,27656,6,1,1
2/6/2017,1/17/2004,SO63663,528,11163,4,1,3
2/6/2017,11/23/2003,SO63663,480,11163,4,3,2
2/6/2017,1/22/2004,SO63663,537,11163,4,2,1
2/6/2017,1/4/2004,SO63676,215,17904,9,2,1
2/6/2017,11/13/2003,SO63676,389,17904,9,1,1
2/6/2017,10/15/2003,SO63660,530,12325,10,2,2
2/6/2017,11/20/2003,SO63660,541,12325,10,1,2
2/6/2017,12/25/2003,SO63660,223,12325,10,3,1
2/6/2017,1/12/2004,SO63660,487,12325,10,4,1
2/6/2017,10/10/2003,SO63668,360,16103,6,1,1
2/6/2017,11/25/2003,SO63668,487,16103,6,2,1
2/6/2017,10/21/2003,SO63680,477,24738,4,3,3
2/6/2017,12/25/2003,SO63680,479,24738,4,2,2
2/6/2017,12/30/2003,SO63680,214,24738,4,4,1
2/6/2017,11/4/2003,SO63680,573,24738,4,1,1
2/6/2017,11/15/2003,SO63659,538,25772,8,1,2
2/6/2017,11/26/2003,SO63659,488,25772,8,2,1
2/6/2017,12/11/2003,SO63630,485,17937,10,2,2
2/6/2017,12/24/2003,SO63630,471,17937,10,3,1
2/6/2017,12/1/2003,SO63630,600,17937,10,1,1
2/6/2017,12/20/2003,SO63637,530,27379,4,2,2
2/6/2017,1/17/2004,SO63637,541,27379,4,1,2
2/6/2017,1/10/2004,SO63637,471,27379,4,4,1
2/6/2017,12/11/2003,SO63637,487,27379,4,3,1
2/6/2017,11/28/2003,SO63651,528,27628,6,1,2
2/6/2017,12/15/2003,SO63681,477,13460,6,3,2
2/6/2017,1/6/2004,SO63681,479,13460,6,2,2
2/6/2017,12/10/2003,SO63681,562,13460,6,1,1
2/6/2017,11/7/2003,SO63640,541,26798,1,1,2
2/6/2017,10/24/2003,SO63667,480,12777,1,2,2
2/6/2017,11/1/2003,SO63667,356,12777,1,1,1
2/6/2017,1/17/2004,SO63689,574,18133,8,1,1
2/6/2017,12/23/2003,SO63672,581,23648,9,1,1
2/6/2017,10/18/2003,SO63673,581,21180,9,1,1
2/6/2017,11/18/2003,SO63645,478,21801,4,1,2
2/6/2017,10/30/2003,SO63645,220,21801,4,2,1
2/6/2017,11/20/2003,SO63621,485,13150,9,3,2
2/6/2017,11/28/2003,SO63621,528,13150,9,2,2
2/6/2017,1/22/2004,SO63621,535,13150,9,1,2
2/6/2017,10/15/2003,SO63621,480,13150,9,4,1
2/6/2017,12/2/2003,SO63622,529,17066,9,2,2
2/6/2017,11/8/2003,SO63622,480,17066,9,3,1
2/6/2017,1/21/2004,SO63622,539,17066,9,1,1
2/6/2017,11/18/2003,SO63683,223,26292,1,3,2
2/6/2017,11/10/2003,SO63683,477,26292,1,2,2
2/6/2017,10/23/2003,SO63683,479,26292,1,4,2
2/6/2017,10/20/2003,SO63683,561,26292,1,1,1
2/6/2017,1/14/2004,SO63635,539,29220,4,1,2
2/6/2017,1/1/2004,SO63641,529,27652,1,1,2
2/6/2017,12/23/2003,SO63641,538,27652,1,2,2
2/6/2017,12/13/2003,SO63641,229,27652,1,3,1
2/6/2017,12/28/2003,SO63623,466,20267,9,3,2
2/6/2017,10/15/2003,SO63623,529,20267,9,1,2
2/6/2017,1/22/2004,SO63623,538,20267,9,2,2
2/6/2017,10/11/2003,SO63626,477,29118,9,2,2
2/6/2017,11/13/2003,SO63626,478,29118,9,1,2
2/6/2017,10/14/2003,SO63626,223,29118,9,4,1
2/6/2017,12/15/2003,SO63626,235,29118,9,3,1
2/6/2017,11/22/2003,SO63675,385,25033,9,1,1
2/6/2017,12/22/2003,SO63678,214,20628,9,2,1
2/6/2017,10/30/2003,SO63678,371,20628,9,1,1
2/6/2017,1/17/2004,SO63664,478,13539,10,1,1
2/6/2017,1/10/2004,SO63634,529,11331,6,1,2
2/6/2017,12/10/2003,SO63634,539,11331,6,2,2
2/6/2017,10/18/2003,SO63687,539,20709,4,2,3
2/6/2017,11/7/2003,SO63687,529,20709,4,3,2
2/6/2017,10/28/2003,SO63687,580,20709,4,1,1
2/6/2017,12/24/2003,SO63632,489,11500,6,1,1
2/6/2017,10/31/2003,SO63627,466,15239,9,2,2
2/6/2017,11/7/2003,SO63627,220,15239,9,1,1
2/6/2017,12/29/2003,SO63655,480,28373,7,3,1
2/6/2017,10/25/2003,SO63655,529,28373,7,1,1
2/6/2017,12/9/2003,SO63655,540,28373,7,2,1
2/6/2017,11/3/2003,SO63624,538,19807,9,1,2
2/6/2017,1/20/2004,SO63688,480,24186,10,3,2
2/6/2017,12/1/2003,SO63688,539,24186,10,2,2
2/6/2017,1/18/2004,SO63688,385,24186,10,1,1
2/6/2017,10/10/2003,SO63644,528,22085,4,1,2
2/6/2017,11/28/2003,SO63644,536,22085,4,2,2
2/6/2017,1/20/2004,SO63666,223,14653,4,3,1
2/6/2017,10/22/2003,SO63666,474,14653,4,2,1
2/6/2017,11/3/2003,SO63666,590,14653,4,1,1
2/6/2017,11/3/2003,SO63653,473,13937,1,1,1
2/6/2017,1/10/2004,SO63653,485,13937,1,2,1
2/6/2017,11/5/2003,SO63685,538,23016,4,2,3
2/6/2017,1/18/2004,SO63685,604,23016,4,1,1
2/6/2017,12/24/2003,SO63682,479,26487,1,2,3
2/6/2017,12/2/2003,SO63682,223,26487,1,4,2
2/6/2017,1/3/2004,SO63682,477,26487,1,3,2
2/6/2017,12/8/2003,SO63682,576,26487,1,1,1
2/6/2017,11/22/2003,SO63642,529,24732,1,2,3
2/6/2017,12/9/2003,SO63642,223,24732,1,4,2
2/6/2017,10/20/2003,SO63642,488,24732,1,3,1
2/6/2017,11/5/2003,SO63642,540,24732,1,1,1
2/6/2017,11/22/2003,SO63628,223,18194,9,1,2
2/7/2017,11/10/2003,SO63747,479,23982,8,2,2
2/7/2017,11/11/2003,SO63747,606,23982,8,1,1
2/7/2017,11/13/2003,SO63728,485,15364,1,2,2
2/7/2017,12/4/2003,SO63728,223,15364,1,4,1
2/7/2017,12/28/2003,SO63728,226,15364,1,3,1
2/7/2017,1/14/2004,SO63728,356,15364,1,1,1
2/7/2017,11/4/2003,SO63704,223,12265,7,3,2
2/7/2017,12/1/2003,SO63704,485,12265,7,2,2
2/7/2017,1/17/2004,SO63704,220,12265,7,4,1
2/7/2017,11/29/2003,SO63704,356,12265,7,1,1
2/7/2017,10/11/2003,SO63714,528,19541,6,1,2
2/7/2017,12/1/2003,SO63714,220,19541,6,2,1
2/7/2017,11/24/2003,SO63714,223,19541,6,4,1
2/7/2017,1/4/2004,SO63714,229,19541,6,3,1
2/7/2017,11/12/2003,SO63729,528,15367,1,2,2
2/7/2017,12/25/2003,SO63729,214,15367,1,4,1
2/7/2017,10/11/2003,SO63729,356,15367,1,1,1
2/7/2017,12/3/2003,SO63729,537,15367,1,3,1
2/7/2017,12/22/2003,SO63703,477,13661,10,3,3
2/7/2017,12/11/2003,SO63703,478,13661,10,2,2
2/7/2017,12/23/2003,SO63703,354,13661,10,1,1
2/7/2017,11/4/2003,SO63713,528,15270,1,1,2
2/7/2017,11/28/2003,SO63713,220,15270,1,2,1
2/7/2017,12/11/2003,SO63754,215,23998,9,2,1
2/7/2017,12/19/2003,SO63754,605,23998,9,1,1
2/7/2017,1/6/2004,SO63705,480,11185,6,2,3
2/7/2017,10/26/2003,SO63705,539,11185,6,1,2
2/7/2017,1/21/2004,SO63730,362,15321,4,1,1
2/7/2017,11/19/2003,SO63730,537,15321,4,2,1
2/7/2017,11/24/2003,SO63720,480,19251,8,2,2
2/7/2017,12/7/2003,SO63720,539,19251,8,1,1
2/7/2017,10/21/2003,SO63744,223,17615,1,3,3
2/7/2017,12/6/2003,SO63744,489,17615,1,2,1
2/7/2017,10/26/2003,SO63744,581,17615,1,1,1
2/7/2017,10/26/2003,SO63743,582,17608,1,1,1
2/7/2017,10/15/2003,SO63700,223,16277,10,2,2
2/7/2017,10/26/2003,SO63700,235,16277,10,3,1
2/7/2017,11/25/2003,SO63700,589,16277,10,1,1
2/7/2017,1/2/2004,SO63749,215,16206,8,2,1
2/7/2017,1/16/2004,SO63749,562,16206,8,1,1
2/7/2017,1/5/2004,SO63692,466,15147,9,2,2
2/7/2017,12/17/2003,SO63692,215,15147,9,1,1
2/7/2017,12/21/2003,SO63696,215,22320,10,2,1
2/7/2017,11/8/2003,SO63696,581,22320,10,1,1
2/7/2017,10/19/2003,SO63727,478,16022,1,2,3
2/7/2017,11/5/2003,SO63727,477,16022,1,3,2
2/7/2017,1/23/2004,SO63727,215,16022,1,4,1
2/7/2017,10/24/2003,SO63727,597,16022,1,1,1
2/7/2017,10/19/2003,SO63693,529,16733,9,1,2
2/7/2017,12/29/2003,SO63737,360,11034,9,1,1
2/7/2017,1/7/2004,SO63708,477,22070,4,2,2
2/7/2017,11/19/2003,SO63708,478,22070,4,1,2
2/7/2017,12/2/2003,SO63726,485,15847,6,1,2
2/7/2017,11/9/2003,SO63726,471,15847,6,2,1
2/7/2017,11/30/2003,SO63735,381,25108,9,1,1
2/7/2017,10/20/2003,SO63735,462,25108,9,3,1
2/7/2017,12/16/2003,SO63735,491,25108,9,2,1
2/7/2017,12/7/2003,SO63691,477,15241,9,2,2
2/7/2017,12/23/2003,SO63691,478,15241,9,1,2
2/7/2017,1/1/2004,SO63691,484,15241,9,3,2
2/7/2017,12/21/2003,SO63734,538,24162,9,2,2
2/7/2017,1/21/2004,SO63734,605,24162,9,1,1
2/7/2017,11/19/2003,SO63746,604,23903,8,1,1
2/7/2017,11/17/2003,SO63741,477,26114,4,3,2
2/7/2017,10/30/2003,SO63741,479,26114,4,2,2
2/7/2017,1/22/2004,SO63741,487,26114,4,4,1
2/7/2017,12/25/2003,SO63741,561,26114,4,1,1
2/7/2017,10/24/2003,SO63702,220,17209,8,2,1
2/7/2017,11/25/2003,SO63702,352,17209,8,1,1
2/7/2017,10/29/2003,SO63701,478,13680,10,4,2
2/7/2017,11/17/2003,SO63701,356,13680,10,1,1
2/7/2017,12/6/2003,SO63701,528,13680,10,2,1
2/7/2017,11/1/2003,SO63701,537,13680,10,3,1
2/7/2017,12/12/2003,SO63725,528,11187,1,2,1
2/7/2017,1/16/2004,SO63725,537,11187,1,1,1
2/7/2017,11/11/2003,SO63733,223,17909,9,3,1
2/7/2017,12/16/2003,SO63733,383,17909,9,1,1
2/7/2017,12/28/2003,SO63733,489,17909,9,2,1
2/7/2017,11/16/2003,SO63716,478,13757,1,2,3
2/7/2017,1/8/2004,SO63716,485,13757,1,1,2
2/7/2017,11/16/2003,SO63716,487,13757,1,3,1
2/7/2017,12/19/2003,SO63722,480,12729,10,3,2
2/7/2017,12/12/2003,SO63722,530,12729,10,2,2
2/7/2017,1/10/2004,SO63722,541,12729,10,1,2
2/7/2017,11/20/2003,SO63710,477,21243,4,2,2
2/7/2017,11/5/2003,SO63710,478,21243,4,1,2
2/7/2017,1/9/2004,SO63690,528,21177,9,2,2
2/7/2017,1/4/2004,SO63690,537,21177,9,1,1
2/7/2017,11/16/2003,SO63751,575,11989,9,1,1
2/7/2017,12/2/2003,SO63750,223,11988,9,2,2
2/7/2017,12/10/2003,SO63750,563,11988,9,1,1
2/7/2017,11/18/2003,SO63709,223,14566,6,3,3
2/7/2017,1/15/2004,SO63709,477,14566,6,2,2
2/7/2017,11/13/2003,SO63709,478,14566,6,1,2
2/7/2017,11/29/2003,SO63709,487,14566,6,4,1
2/7/2017,11/17/2003,SO63736,485,11995,9,2,2
2/7/2017,12/28/2003,SO63736,352,11995,9,1,1
2/7/2017,11/12/2003,SO63736,472,11995,9,3,1
2/7/2017,1/4/2004,SO63718,476,13512,7,1,1
2/7/2017,10/17/2003,SO63738,360,14030,9,1,1
2/7/2017,12/21/2003,SO63738,483,14030,9,2,1
2/7/2017,11/10/2003,SO63721,528,17749,7,2,3
2/7/2017,12/8/2003,SO63721,536,17749,7,1,3
2/7/2017,11/25/2003,SO63721,220,17749,7,3,1
2/7/2017,11/4/2003,SO63707,535,26522,1,1,2
2/7/2017,12/22/2003,SO63715,485,22366,6,1,2
2/7/2017,1/18/2004,SO63715,215,22366,6,2,1
2/7/2017,11/11/2003,SO63724,530,18186,10,1,3
2/7/2017,12/24/2003,SO63724,477,18186,10,2,2
2/7/2017,1/1/2004,SO63724,479,18186,10,3,2
2/7/2017,1/22/2004,SO63724,220,18186,10,4,1
2/7/2017,11/3/2003,SO63719,540,12509,7,1,1
2/7/2017,10/26/2003,SO63755,464,12010,9,3,2
2/7/2017,12/20/2003,SO63755,220,12010,9,2,1
2/7/2017,12/19/2003,SO63755,563,12010,9,1,1
2/7/2017,11/23/2003,SO63732,491,15041,9,2,1
2/7/2017,12/26/2003,SO63732,583,15041,9,1,1
2/7/2017,11/4/2003,SO63745,223,17661,4,2,2
2/7/2017,12/22/2003,SO63745,583,17661,4,1,1
2/7/2017,11/10/2003,SO63712,477,18473,4,1,2
2/7/2017,10/28/2003,SO63712,480,18473,4,2,2
2/7/2017,1/23/2004,SO63712,483,18473,4,3,1
2/7/2017,11/29/2003,SO63731,232,27004,8,2,1
2/7/2017,12/23/2003,SO63731,560,27004,8,1,1
2/7/2017,10/14/2003,SO63753,214,23993,9,2,1
2/7/2017,11/23/2003,SO63753,488,23993,9,3,1
2/7/2017,11/17/2003,SO63753,605,23993,9,1,1
2/7/2017,10/21/2003,SO63694,486,13004,9,1,1
2/7/2017,12/7/2003,SO63756,462,12039,9,3,2
2/7/2017,12/3/2003,SO63756,215,12039,9,2,1
2/7/2017,11/8/2003,SO63756,575,12039,9,1,1
2/7/2017,11/28/2003,SO63723,530,25316,7,1,2
2/7/2017,12/6/2003,SO63706,529,11500,6,1,2
2/7/2017,11/9/2003,SO63706,214,11500,6,2,1
2/7/2017,10/18/2003,SO63711,223,18981,4,2,3
2/7/2017,12/3/2003,SO63711,476,18981,4,1,1
2/7/2017,10/20/2003,SO63748,529,11250,10,2,3
2/7/2017,10/18/2003,SO63748,538,11250,10,3,3
2/7/2017,1/2/2004,SO63748,462,11250,10,4,2
2/7/2017,1/18/2004,SO63748,606,11250,10,1,1
2/7/2017,12/12/2003,SO63697,214,17891,7,2,1
2/7/2017,12/19/2003,SO63697,580,17891,7,1,1
2/7/2017,1/4/2004,SO63717,485,13371,1,1,2
2/7/2017,10/29/2003,SO63717,235,13371,1,2,1
2/7/2017,12/5/2003,SO63740,490,13440,6,2,1
2/7/2017,11/5/2003,SO63740,562,13440,6,1,1
2/7/2017,1/7/2004,SO63698,529,22416,10,3,2
2/7/2017,1/6/2004,SO63698,539,22416,10,2,2
2/7/2017,1/8/2004,SO63698,214,22416,10,4,1
2/7/2017,12/8/2003,SO63698,582,22416,10,1,1
2/7/2017,10/30/2003,SO63752,477,29088,9,2,2
2/7/2017,11/24/2003,SO63752,479,29088,9,3,2
2/7/2017,11/17/2003,SO63752,567,29088,9,1,1
2/7/2017,1/9/2004,SO63699,580,17940,8,1,1
2/7/2017,12/28/2003,SO63742,529,20677,4,2,3
2/7/2017,1/7/2004,SO63742,539,20677,4,3,3
2/7/2017,10/15/2003,SO63742,214,20677,4,4,1
2/7/2017,11/14/2003,SO63742,387,20677,4,1,1
2/7/2017,1/4/2004,SO63739,477,25866,1,3,2
2/7/2017,11/13/2003,SO63739,479,25866,1,2,2
2/7/2017,11/11/2003,SO63739,579,25866,1,1,1
2/8/2017,11/21/2003,SO63811,489,17617,4,2,1
2/8/2017,10/26/2003,SO63811,582,17617,4,1,1
2/8/2017,1/22/2004,SO63788,528,11941,1,2,2
2/8/2017,11/22/2003,SO63788,537,11941,1,1,1
2/8/2017,12/12/2003,SO63818,215,27867,9,3,1
2/8/2017,12/15/2003,SO63818,464,27867,9,2,1
2/8/2017,11/12/2003,SO63818,573,27867,9,1,1
2/8/2017,12/21/2003,SO63802,226,26623,1,2,1
2/8/2017,12/18/2003,SO63802,585,26623,1,1,1
2/8/2017,1/15/2004,SO63786,223,24574,10,4,2
2/8/2017,10/26/2003,SO63786,477,24574,10,1,2
2/8/2017,11/29/2003,SO63786,215,24574,10,2,1
2/8/2017,11/30/2003,SO63786,235,24574,10,3,1
2/8/2017,12/27/2003,SO63803,215,26490,4,2,1
2/8/2017,11/15/2003,SO63803,573,26490,4,1,1
2/8/2017,1/11/2004,SO63816,538,22626,7,3,2
2/8/2017,12/21/2003,SO63816,529,22626,7,2,1
2/8/2017,12/22/2003,SO63816,606,22626,7,1,1
2/8/2017,11/6/2003,SO63789,477,13534,10,2,2
2/8/2017,10/15/2003,SO63789,478,13534,10,1,2
2/8/2017,11/26/2003,SO63789,214,13534,10,3,1
2/8/2017,1/23/2004,SO63800,478,13971,9,2,2
2/8/2017,11/30/2003,SO63800,358,13971,9,1,1
2/8/2017,1/10/2004,SO63800,477,13971,9,3,1
2/8/2017,12/31/2003,SO63783,485,14027,1,1,2
2/8/2017,12/8/2003,SO63796,223,24004,9,4,2
2/8/2017,12/12/2003,SO63796,477,24004,9,3,2
2/8/2017,12/14/2003,SO63796,479,24004,9,2,1
2/8/2017,11/10/2003,SO63796,584,24004,9,1,1
2/8/2017,1/15/2004,SO63799,214,21173,9,2,1
2/8/2017,12/22/2003,SO63799,375,21173,9,1,1
2/8/2017,10/11/2003,SO63776,536,22721,1,1,2
2/8/2017,12/23/2003,SO63776,480,22721,1,3,1
2/8/2017,10/22/2003,SO63776,528,22721,1,2,1
2/8/2017,1/18/2004,SO63795,223,15354,10,1,2
2/8/2017,10/12/2003,SO63795,563,15354,10,2,1
2/8/2017,11/3/2003,SO63775,536,23207,4,1,2
2/8/2017,10/11/2003,SO63804,223,26201,4,3,3
2/8/2017,10/20/2003,SO63804,530,26201,4,4,2
2/8/2017,11/21/2003,SO63804,541,26201,4,2,2
2/8/2017,11/5/2003,SO63804,575,26201,4,1,1
2/8/2017,11/7/2003,SO63805,530,24739,4,3,2
2/8/2017,12/13/2003,SO63805,541,24739,4,2,2
2/8/2017,11/6/2003,SO63805,220,24739,4,4,1
2/8/2017,11/23/2003,SO63805,564,24739,4,1,1
2/8/2017,1/19/2004,SO63768,477,17199,8,3,3
2/8/2017,12/18/2003,SO63768,223,17199,8,5,2
2/8/2017,11/3/2003,SO63768,478,17199,8,2,2
2/8/2017,1/14/2004,SO63768,356,17199,8,1,1
2/8/2017,11/7/2003,SO63768,491,17199,8,4,1
2/8/2017,10/14/2003,SO63769,488,11747,1,1,1
2/8/2017,1/13/2004,SO63817,477,11952,9,3,2
2/8/2017,12/26/2003,SO63817,479,11952,9,2,2
2/8/2017,11/16/2003,SO63817,576,11952,9,1,1
2/8/2017,11/6/2003,SO63813,477,17568,4,3,2
2/8/2017,10/16/2003,SO63813,479,17568,4,2,1
2/8/2017,11/15/2003,SO63813,581,17568,4,1,1
2/8/2017,1/14/2004,SO63787,528,11697,4,2,3
2/8/2017,11/1/2003,SO63787,229,11697,4,3,1
2/8/2017,11/29/2003,SO63787,537,11697,4,1,1
2/8/2017,10/18/2003,SO63814,215,28405,8,2,1
2/8/2017,11/26/2003,SO63814,389,28405,8,1,1
2/8/2017,12/16/2003,SO63770,480,11300,6,1,2
2/8/2017,12/5/2003,SO63771,462,11300,6,2,2
2/8/2017,11/20/2003,SO63771,529,11300,6,1,2
2/8/2017,1/17/2004,SO63815,477,22612,7,2,3
2/8/2017,12/22/2003,SO63815,479,22612,7,3,2
2/8/2017,1/1/2004,SO63815,484,22612,7,4,1
2/8/2017,12/13/2003,SO63815,605,22612,7,1,1
2/8/2017,10/27/2003,SO63766,477,16260,10,2,2
2/8/2017,11/8/2003,SO63766,478,16260,10,3,2
2/8/2017,12/3/2003,SO63766,214,16260,10,4,1
2/8/2017,11/24/2003,SO63766,587,16260,10,1,1
2/8/2017,12/27/2003,SO63807,477,23356,4,3,2
2/8/2017,1/4/2004,SO63807,479,23356,4,2,2
2/8/2017,12/17/2003,SO63807,220,23356,4,4,1
2/8/2017,11/24/2003,SO63807,584,23356,4,1,1
2/8/2017,12/2/2003,SO63793,478,16654,6,2,3
2/8/2017,10/19/2003,SO63793,360,16654,6,1,1
2/8/2017,11/18/2003,SO63780,223,18382,6,3,2
2/8/2017,12/17/2003,SO63780,476,18382,6,1,1
2/8/2017,11/19/2003,SO63780,489,18382,6,2,1
2/8/2017,11/18/2003,SO63782,477,17172,4,1,2
2/8/2017,12/9/2003,SO63782,472,17172,4,2,1
2/8/2017,1/15/2004,SO63808,472,23082,4,2,1
2/8/2017,11/12/2003,SO63808,584,23082,4,1,1
2/8/2017,11/9/2003,SO63772,223,26476,4,2,3
2/8/2017,11/14/2003,SO63772,538,26476,4,1,3
2/8/2017,11/21/2003,SO63762,528,12665,9,1,2
2/8/2017,12/19/2003,SO63762,480,12665,9,2,1
2/8/2017,10/30/2003,SO63779,223,19720,1,2,2
2/8/2017,10/20/2003,SO63779,476,19720,1,1,1
2/8/2017,10/28/2003,SO63791,480,15483,4,4,2
2/8/2017,12/17/2003,SO63791,528,15483,4,2,2
2/8/2017,11/9/2003,SO63791,360,15483,4,1,1
2/8/2017,12/26/2003,SO63791,537,15483,4,3,1
2/8/2017,11/15/2003,SO63764,371,20060,10,1,1
2/8/2017,12/30/2003,SO63759,539,15025,9,1,3
2/8/2017,12/25/2003,SO63801,480,14020,9,2,2
2/8/2017,10/29/2003,SO63801,352,14020,9,1,1
2/8/2017,12/1/2003,SO63806,472,23355,4,1,1
2/8/2017,11/12/2003,SO63806,584,23355,4,2,1
2/8/2017,11/9/2003,SO63819,477,11100,9,3,2
2/8/2017,11/22/2003,SO63819,479,11100,9,2,2
2/8/2017,12/25/2003,SO63819,563,11100,9,1,1
2/8/2017,1/7/2004,SO63820,215,11967,9,2,1
2/8/2017,1/11/2004,SO63820,574,11967,9,1,1
2/8/2017,11/19/2003,SO63781,223,20094,4,2,2
2/8/2017,12/27/2003,SO63781,477,20094,4,1,2
2/8/2017,1/24/2004,SO63773,540,25255,4,1,1
2/8/2017,1/24/2004,SO63778,223,21463,4,3,3
2/8/2017,11/9/2003,SO63778,477,21463,4,2,3
2/8/2017,12/11/2003,SO63778,478,21463,4,1,2
2/8/2017,1/11/2004,SO63785,528,20889,10,2,2
2/8/2017,1/1/2004,SO63785,536,20889,10,1,2
2/8/2017,1/23/2004,SO63785,214,20889,10,3,1
2/8/2017,1/22/2004,SO63757,232,14147,8,2,1
2/8/2017,10/21/2003,SO63757,587,14147,8,1,1
2/8/2017,1/14/2004,SO63822,214,29096,9,2,1
2/8/2017,12/1/2003,SO63822,604,29096,9,1,1
2/8/2017,10/27/2003,SO63761,477,24380,9,1,2
2/8/2017,12/17/2003,SO63758,464,20621,9,5,2
2/8/2017,1/1/2004,SO63758,529,20621,9,3,2
2/8/2017,11/27/2003,SO63758,215,20621,9,4,1
2/8/2017,12/15/2003,SO63758,377,20621,9,1,1
2/8/2017,11/12/2003,SO63758,540,20621,9,2,1
2/8/2017,1/3/2004,SO63797,215,24163,9,2,1
2/8/2017,12/29/2003,SO63797,584,24163,9,1,1
2/8/2017,11/24/2003,SO63792,478,12771,4,2,2
2/8/2017,11/22/2003,SO63792,352,12771,4,1,1
2/8/2017,12/17/2003,SO63774,529,24822,4,1,3
2/8/2017,1/6/2004,SO63774,486,24822,4,3,1
2/8/2017,12/26/2003,SO63774,540,24822,4,2,1
2/8/2017,1/24/2004,SO63767,223,14167,8,3,2
2/8/2017,1/20/2004,SO63767,226,14167,8,2,1
2/8/2017,1/23/2004,SO63767,590,14167,8,1,1
2/8/2017,11/23/2003,SO63810,223,17574,4,2,2
2/8/2017,12/26/2003,SO63810,583,17574,4,1,1
2/8/2017,12/11/2003,SO63790,478,13609,10,1,2
2/8/2017,1/5/2004,SO63760,480,16606,9,2,2
2/8/2017,11/25/2003,SO63760,536,16606,9,1,2
2/8/2017,11/13/2003,SO63763,477,14998,7,3,2
2/8/2017,10/23/2003,SO63763,478,14998,7,2,2
2/8/2017,1/23/2004,SO63763,220,14998,7,4,1
2/8/2017,11/24/2003,SO63763,595,14998,7,1,1
2/8/2017,1/23/2004,SO63794,223,28696,10,3,2
2/8/2017,12/16/2003,SO63794,214,28696,10,2,1
2/8/2017,11/12/2003,SO63794,563,28696,10,1,1
2/8/2017,12/23/2003,SO63765,484,16513,7,4,2
2/8/2017,10/14/2003,SO63765,529,16513,7,3,2
2/8/2017,12/15/2003,SO63765,379,16513,7,1,1
2/8/2017,11/17/2003,SO63765,540,16513,7,2,1
2/8/2017,12/15/2003,SO63821,584,29067,9,1,1
2/8/2017,11/9/2003,SO63812,477,17660,4,3,2
2/8/2017,1/10/2004,SO63812,479,17660,4,2,2
2/8/2017,12/30/2003,SO63812,582,17660,4,1,1
2/8/2017,1/21/2004,SO63798,385,25242,9,1,1
2/8/2017,10/17/2003,SO63784,215,28384,7,2,1
2/8/2017,1/10/2004,SO63784,540,28384,7,1,1
2/8/2017,11/7/2003,SO63809,215,21342,4,2,1
2/8/2017,1/10/2004,SO63809,383,21342,4,1,1
2/8/2017,1/6/2004,SO63777,477,21164,4,2,2
2/8/2017,11/16/2003,SO63777,478,21164,4,1,2
2/8/2017,10/16/2003,SO63777,490,21164,4,3,1
2/9/2017,12/12/2003,SO63846,475,18669,4,1,1
2/9/2017,1/20/2004,SO63823,356,12383,7,1,1
2/9/2017,10/14/2003,SO63844,477,23271,4,2,2
2/9/2017,11/27/2003,SO63844,478,23271,4,1,2
2/9/2017,12/9/2003,SO63844,220,23271,4,3,1
2/9/2017,12/1/2003,SO63875,220,24184,10,2,1
2/9/2017,10/31/2003,SO63875,389,24184,10,1,1
2/9/2017,11/3/2003,SO63835,529,15244,6,1,1
2/9/2017,11/9/2003,SO63830,477,17929,8,3,2
2/9/2017,12/22/2003,SO63830,479,17929,8,2,2
2/9/2017,1/2/2004,SO63830,580,17929,8,1,1
2/9/2017,1/19/2004,SO63845,476,18852,6,1,1
2/9/2017,10/16/2003,SO63845,491,18852,6,2,1
2/9/2017,1/17/2004,SO63871,220,29223,1,2,1
2/9/2017,12/14/2003,SO63871,585,29223,1,1,1
2/9/2017,12/6/2003,SO63828,529,12704,9,1,2
2/9/2017,1/10/2004,SO63828,464,12704,9,2,1
2/9/2017,10/31/2003,SO63838,530,28060,1,1,2
2/9/2017,11/12/2003,SO63838,214,28060,1,2,1
2/9/2017,11/8/2003,SO63866,477,27583,9,3,2
2/9/2017,1/1/2004,SO63866,479,27583,9,2,1
2/9/2017,11/17/2003,SO63866,604,27583,9,1,1
2/9/2017,10/18/2003,SO63859,485,12445,1,1,2
2/9/2017,1/18/2004,SO63863,481,11353,10,2,2
2/9/2017,12/13/2003,SO63863,575,11353,10,1,1
2/9/2017,1/1/2004,SO63876,479,23917,8,3,2
2/9/2017,11/29/2003,SO63876,477,23917,8,2,1
2/9/2017,10/24/2003,SO63876,606,23917,8,1,1
2/9/2017,1/1/2004,SO63826,223,23014,9,2,2
2/9/2017,12/9/2003,SO63826,530,23014,9,1,2
2/9/2017,11/4/2003,SO63834,480,11277,6,1,2
2/9/2017,12/21/2003,SO63839,529,11277,6,1,2
2/9/2017,12/6/2003,SO63839,538,11277,6,2,1
2/9/2017,12/4/2003,SO63861,477,19740,1,3,2
2/9/2017,1/18/2004,SO63861,478,19740,1,2,2
2/9/2017,10/15/2003,SO63861,220,19740,1,4,1
2/9/2017,1/15/2004,SO63861,596,19740,1,1,1
2/9/2017,10/27/2003,SO63841,462,26345,4,2,2
2/9/2017,1/7/2004,SO63841,535,26345,4,1,2
2/9/2017,10/29/2003,SO63867,383,17735,9,1,1
2/9/2017,1/2/2004,SO63867,490,17735,9,2,1
2/9/2017,11/20/2003,SO63847,477,17602,4,1,2
2/9/2017,11/5/2003,SO63879,223,12337,9,2,2
2/9/2017,10/12/2003,SO63879,576,12337,9,1,1
2/9/2017,10/20/2003,SO63852,485,13940,4,1,2
2/9/2017,12/11/2003,SO63852,471,13940,4,2,1
2/9/2017,12/11/2003,SO63825,528,12992,9,2,2
2/9/2017,10/25/2003,SO63825,535,12992,9,1,2
2/9/2017,12/28/2003,SO63825,214,12992,9,3,1
2/9/2017,10/15/2003,SO63825,226,12992,9,4,1
2/9/2017,10/17/2003,SO63856,538,11557,10,1,2
2/9/2017,11/25/2003,SO63860,214,12223,8,1,1
2/9/2017,10/25/2003,SO63849,477,22100,6,3,2
2/9/2017,10/17/2003,SO63849,478,22100,6,2,2
2/9/2017,12/11/2003,SO63849,485,22100,6,1,2
2/9/2017,1/20/2004,SO63849,490,22100,6,4,1
2/9/2017,12/22/2003,SO63854,480,20715,8,3,3
2/9/2017,12/10/2003,SO63854,528,20715,8,1,3
2/9/2017,10/15/2003,SO63854,486,20715,8,4,1
2/9/2017,12/22/2003,SO63854,536,20715,8,2,1
2/9/2017,11/2/2003,SO63850,485,14001,1,1,2
2/9/2017,10/12/2003,SO63850,214,14001,1,2,1
2/9/2017,10/25/2003,SO63850,235,14001,1,3,1
2/9/2017,1/16/2004,SO63857,477,22528,10,1,2
2/9/2017,12/5/2003,SO63857,220,22528,10,2,1
2/9/2017,12/30/2003,SO63877,214,29095,9,2,1
2/9/2017,1/16/2004,SO63877,565,29095,9,1,1
2/9/2017,1/23/2004,SO63878,220,12004,9,2,1
2/9/2017,11/27/2003,SO63878,575,12004,9,1,1
2/9/2017,1/25/2004,SO63870,529,18188,9,3,2
2/9/2017,1/4/2004,SO63870,215,18188,9,4,1
2/9/2017,12/29/2003,SO63870,375,18188,9,1,1
2/9/2017,1/21/2004,SO63870,540,18188,9,2,1
2/9/2017,10/22/2003,SO63836,529,11262,6,1,3
2/9/2017,10/14/2003,SO63836,480,11262,6,3,2
2/9/2017,11/3/2003,SO63836,484,11262,6,4,2
2/9/2017,1/1/2004,SO63836,539,11262,6,2,2
2/9/2017,11/21/2003,SO63874,214,20841,8,2,1
2/9/2017,10/21/2003,SO63874,381,20841,8,1,1
2/9/2017,1/10/2004,SO63829,489,11146,9,1,1
2/9/2017,11/10/2003,SO63851,484,21345,6,2,2
2/9/2017,11/27/2003,SO63851,485,21345,6,1,2
2/9/2017,12/4/2003,SO63865,477,27582,9,3,3
2/9/2017,12/11/2003,SO63865,479,27582,9,2,2
2/9/2017,1/24/2004,SO63865,484,27582,9,4,2
2/9/2017,10/19/2003,SO63865,584,27582,9,1,1
2/9/2017,12/25/2003,SO63853,484,16187,10,2,2
2/9/2017,11/10/2003,SO63853,485,16187,10,1,2
2/9/2017,11/8/2003,SO63848,480,14635,1,3,2
2/9/2017,1/11/2004,SO63848,485,14635,1,2,2
2/9/2017,1/15/2004,SO63848,528,14635,1,1,2
2/9/2017,1/8/2004,SO63848,484,14635,1,4,1
2/9/2017,1/17/2004,SO63872,529,26373,6,3,2
2/9/2017,12/23/2003,SO63872,538,26373,6,2,2
2/9/2017,1/4/2004,SO63872,606,26373,6,1,1
2/9/2017,10/29/2003,SO63862,352,15200,4,1,1
2/9/2017,1/2/2004,SO63862,528,15200,4,3,1
2/9/2017,10/15/2003,SO63862,537,15200,4,2,1
2/9/2017,12/19/2003,SO63842,464,27481,4,3,2
2/9/2017,12/29/2003,SO63842,530,27481,4,2,1
2/9/2017,10/20/2003,SO63842,541,27481,4,1,1
2/9/2017,10/20/2003,SO63858,480,11770,1,3,2
2/9/2017,11/23/2003,SO63858,528,11770,1,1,2
2/9/2017,12/11/2003,SO63858,537,11770,1,2,1
2/9/2017,11/10/2003,SO63824,477,13563,10,2,2
2/9/2017,12/18/2003,SO63824,478,13563,10,3,2
2/9/2017,10/30/2003,SO63824,215,13563,10,4,1
2/9/2017,11/16/2003,SO63824,354,13563,10,1,1
2/9/2017,12/31/2003,SO63869,484,20625,9,2,2
2/9/2017,11/27/2003,SO63869,371,20625,9,1,1
2/9/2017,11/21/2003,SO63837,480,11280,1,1,1
2/9/2017,12/29/2003,SO63864,539,23652,9,2,3
2/9/2017,1/1/2004,SO63864,580,23652,9,1,1
2/9/2017,1/10/2004,SO63840,530,26720,1,2,2
2/9/2017,1/8/2004,SO63840,541,26720,1,1,2
2/9/2017,1/8/2004,SO63840,220,26720,1,3,1
2/9/2017,11/10/2003,SO63873,214,20703,1,2,1
2/9/2017,1/8/2004,SO63873,582,20703,1,1,1
2/9/2017,10/29/2003,SO63832,223,14148,8,3,2
2/9/2017,1/21/2004,SO63832,226,14148,8,2,1
2/9/2017,12/25/2003,SO63832,588,14148,8,1,1
2/9/2017,10/31/2003,SO63868,477,21165,9,3,3
2/9/2017,12/14/2003,SO63868,479,21165,9,2,2
2/9/2017,10/17/2003,SO63868,214,21165,9,4,1
2/9/2017,11/13/2003,SO63868,375,21165,9,1,1
2/9/2017,1/8/2004,SO63827,474,27367,9,1,1
2/9/2017,12/19/2003,SO63831,477,22632,7,3,2
2/9/2017,10/20/2003,SO63831,220,22632,7,4,1
2/9/2017,10/13/2003,SO63831,377,22632,7,1,1
2/9/2017,10/24/2003,SO63831,479,22632,7,2,1
2/9/2017,11/27/2003,SO63855,223,21530,7,5,2
2/9/2017,10/19/2003,SO63855,528,21530,7,2,2
2/9/2017,10/24/2003,SO63855,220,21530,7,3,1
2/9/2017,1/16/2004,SO63855,232,21530,7,4,1
2/9/2017,10/14/2003,SO63855,536,21530,7,1,1
2/9/2017,10/26/2003,SO63843,529,24616,4,1,2
2/9/2017,11/30/2003,SO63843,215,24616,4,3,1
2/9/2017,1/14/2004,SO63843,540,24616,4,2,1
2/10/2017,11/8/2003,SO63928,485,12761,1,2,2
2/10/2017,11/25/2003,SO63928,356,12761,1,1,1
2/10/2017,1/24/2004,SO63928,482,12761,1,3,1
2/10/2017,1/26/2004,SO63937,362,14225,9,1,1
2/10/2017,10/29/2003,SO63937,478,14225,9,2,1
2/10/2017,10/28/2003,SO63929,480,15417,4,4,2
2/10/2017,12/16/2003,SO63929,528,15417,4,3,2
2/10/2017,12/5/2003,SO63929,362,15417,4,1,1
2/10/2017,10/27/2003,SO63929,537,15417,4,2,1
2/10/2017,1/22/2004,SO63923,478,13714,1,2,2
2/10/2017,1/8/2004,SO63923,220,13714,1,4,1
2/10/2017,12/28/2003,SO63923,477,13714,1,3,1
2/10/2017,1/9/2004,SO63923,596,13714,1,1,1
2/10/2017,12/9/2003,SO63920,478,12400,8,1,2
2/10/2017,11/24/2003,SO63920,477,12400,8,2,1
2/10/2017,10/26/2003,SO63920,491,12400,8,3,1
2/10/2017,12/22/2003,SO63906,482,19906,10,2,2
2/10/2017,12/1/2003,SO63906,528,19906,10,1,1
2/10/2017,1/19/2004,SO63934,584,24001,9,1,1
2/10/2017,12/9/2003,SO63905,477,11185,6,1,2
2/10/2017,1/14/2004,SO63905,215,11185,6,2,1
2/10/2017,1/5/2004,SO63905,472,11185,6,3,1
2/10/2017,12/4/2003,SO63902,223,19528,1,2,2
2/10/2017,10/19/2003,SO63902,475,19528,1,1,1
2/10/2017,11/22/2003,SO63908,535,19079,7,1,3
2/10/2017,1/19/2004,SO63925,485,15302,4,2,2
2/10/2017,11/19/2003,SO63925,215,15302,4,3,1
2/10/2017,1/1/2004,SO63925,358,15302,4,1,1
2/10/2017,11/11/2003,SO63886,536,16680,9,1,3
2/10/2017,11/22/2003,SO63886,528,16680,9,2,2
2/10/2017,11/19/2003,SO63886,215,16680,9,3,1
2/10/2017,11/24/2003,SO63897,541,11277,6,1,2
2/10/2017,1/14/2004,SO63897,487,11277,6,3,1
2/10/2017,11/16/2003,SO63897,530,11277,6,2,1
2/10/2017,10/31/2003,SO63919,485,11699,1,2,3
2/10/2017,12/9/2003,SO63919,480,11699,1,3,2
2/10/2017,1/20/2004,SO63919,537,11699,1,1,1
2/10/2017,10/16/2003,SO63892,473,14313,9,1,1
2/10/2017,1/23/2004,SO63892,487,14313,9,2,1
2/10/2017,12/26/2003,SO63946,480,17240,9,4,2
2/10/2017,10/15/2003,SO63946,528,17240,9,3,2
2/10/2017,10/28/2003,SO63946,536,17240,9,2,2
2/10/2017,1/24/2004,SO63946,588,17240,9,1,1
2/10/2017,10/30/2003,SO63894,490,11142,6,1,1
2/10/2017,11/8/2003,SO63921,223,18355,6,3,3
2/10/2017,10/21/2003,SO63921,485,18355,6,1,2
2/10/2017,12/22/2003,SO63921,235,18355,6,2,1
2/10/2017,10/23/2003,SO63912,529,11469,10,2,3
2/10/2017,12/4/2003,SO63912,538,11469,10,1,2
2/10/2017,12/13/2003,SO63911,529,26364,10,1,2
2/10/2017,10/17/2003,SO63911,215,26364,10,2,1
2/10/2017,11/27/2003,SO63927,478,16000,6,3,2
2/10/2017,1/18/2004,SO63927,485,16000,6,2,2
2/10/2017,10/29/2003,SO63927,358,16000,6,1,1
2/10/2017,10/24/2003,SO63927,477,16000,6,4,1
2/10/2017,12/16/2003,SO63927,484,16000,6,6,1
2/10/2017,1/15/2004,SO63927,487,16000,6,5,1
2/10/2017,12/27/2003,SO63907,539,20721,10,1,2
2/10/2017,11/13/2003,SO63909,528,19061,7,2,2
2/10/2017,11/8/2003,SO63909,535,19061,7,1,2
2/10/2017,12/18/2003,SO63909,214,19061,7,3,1
2/10/2017,12/27/2003,SO63915,466,14554,10,4,2
2/10/2017,11/21/2003,SO63915,530,14554,10,2,2
2/10/2017,11/3/2003,SO63915,541,14554,10,1,2
2/10/2017,10/17/2003,SO63915,226,14554,10,3,1
2/10/2017,12/24/2003,SO63893,480,22418,10,4,2
2/10/2017,11/25/2003,SO63893,529,22418,10,2,2
2/10/2017,12/15/2003,SO63893,539,22418,10,3,2
2/10/2017,11/28/2003,SO63893,583,22418,10,1,1
2/10/2017,10/24/2003,SO63939,576,26110,1,1,1
2/10/2017,12/9/2003,SO63922,232,12472,7,1,1
2/10/2017,11/7/2003,SO63900,477,14244,6,2,2
2/10/2017,12/27/2003,SO63900,215,14244,6,3,1
2/10/2017,11/25/2003,SO63900,478,14244,6,1,1
2/10/2017,11/23/2003,SO63938,215,25895,1,2,1
2/10/2017,1/24/2004,SO63938,577,25895,1,1,1
2/10/2017,10/24/2003,SO63888,485,21573,9,3,2
2/10/2017,1/21/2004,SO63888,528,21573,9,2,2
2/10/2017,12/21/2003,SO63888,537,21573,9,1,1
2/10/2017,11/5/2003,SO63917,529,12551,10,1,2
2/10/2017,12/31/2003,SO63917,538,12551,10,2,1
2/10/2017,11/3/2003,SO63880,464,18130,8,4,2
2/10/2017,1/22/2004,SO63880,477,18130,8,3,2
2/10/2017,12/3/2003,SO63880,478,18130,8,2,2
2/10/2017,11/28/2003,SO63880,354,18130,8,1,1
2/10/2017,1/23/2004,SO63910,477,21550,8,1,2
2/10/2017,12/13/2003,SO63910,490,21550,8,2,1
2/10/2017,10/17/2003,SO63884,529,14314,9,2,2
2/10/2017,12/6/2003,SO63884,539,14314,9,1,2
2/10/2017,11/22/2003,SO63884,215,14314,9,3,1
2/10/2017,11/24/2003,SO63904,477,18933,1,1,2
2/10/2017,10/22/2003,SO63904,487,18933,1,2,1
2/10/2017,10/31/2003,SO63883,480,15131,9,3,2
2/10/2017,11/30/2003,SO63883,539,15131,9,1,2
2/10/2017,12/2/2003,SO63883,529,15131,9,2,1
2/10/2017,1/14/2004,SO63916,530,27932,8,1,2
2/10/2017,10/20/2003,SO63916,473,27932,8,3,1
2/10/2017,12/16/2003,SO63916,487,27932,8,2,1
2/10/2017,1/3/2004,SO63891,488,17298,9,1,1
2/10/2017,1/20/2004,SO63935,604,24161,9,1,1
2/10/2017,1/7/2004,SO63898,480,25276,1,3,2
2/10/2017,10/16/2003,SO63898,529,25276,1,1,2
2/10/2017,11/8/2003,SO63898,540,25276,1,2,1
2/10/2017,12/4/2003,SO63890,491,11098,9,1,1
2/10/2017,11/13/2003,SO63887,485,18221,9,1,3
2/10/2017,12/13/2003,SO63887,477,18221,9,3,2
2/10/2017,1/16/2004,SO63887,478,18221,9,2,2
2/10/2017,11/8/2003,SO63933,215,23651,9,2,1
2/10/2017,12/15/2003,SO63933,581,23651,9,1,1
2/10/2017,1/12/2004,SO63942,580,17614,4,1,1
2/10/2017,12/10/2003,SO63926,480,15997,6,4,2
2/10/2017,1/14/2004,SO63926,528,15997,6,3,2
2/10/2017,11/22/2003,SO63926,352,15997,6,1,1
2/10/2017,11/17/2003,SO63926,537,15997,6,2,1
2/10/2017,1/20/2004,SO63945,477,14066,9,3,3
2/10/2017,10/15/2003,SO63945,479,14066,9,2,2
2/10/2017,11/30/2003,SO63945,480,14066,9,4,2
2/10/2017,12/4/2003,SO63945,571,14066,9,1,1
2/10/2017,10/26/2003,SO63932,214,25606,7,2,1
2/10/2017,10/28/2003,SO63932,579,25606,7,1,1
2/10/2017,1/23/2004,SO63931,480,16810,6,2,2
2/10/2017,10/20/2003,SO63931,354,16810,6,1,1
2/10/2017,10/29/2003,SO63882,484,12201,4,1,2
2/10/2017,11/29/2003,SO63913,481,21820,7,2,3
2/10/2017,1/20/2004,SO63913,536,21820,7,1,2
2/10/2017,11/10/2003,SO63903,477,17440,4,1,2
2/10/2017,11/19/2003,SO63914,538,22529,7,1,3
2/10/2017,10/18/2003,SO63914,480,22529,7,2,2
2/10/2017,12/19/2003,SO63943,480,23933,8,3,2
2/10/2017,11/12/2003,SO63943,538,23933,8,2,2
2/10/2017,12/22/2003,SO63943,605,23933,8,1,1
2/10/2017,11/7/2003,SO63930,478,12773,1,2,3
2/10/2017,1/5/2004,SO63930,356,12773,1,1,1
2/10/2017,12/22/2003,SO63944,464,11964,9,3,2
2/10/2017,11/9/2003,SO63944,214,11964,9,2,1
2/10/2017,11/13/2003,SO63944,573,11964,9,1,1
2/10/2017,12/15/2003,SO63896,480,11619,6,2,2
2/10/2017,11/28/2003,SO63896,530,11619,6,1,1
2/10/2017,1/15/2004,SO63881,358,17206,7,1,1
2/10/2017,12/2/2003,SO63918,480,11087,4,2,2
2/10/2017,10/24/2003,SO63918,537,11087,4,1,1
2/10/2017,1/23/2004,SO63936,223,21166,9,4,2
2/10/2017,1/6/2004,SO63936,477,21166,9,2,2
2/10/2017,10/27/2003,SO63936,479,21166,9,3,2
2/10/2017,11/17/2003,SO63936,373,21166,9,1,1
2/10/2017,10/28/2003,SO63899,528,22792,1,2,2
2/10/2017,10/19/2003,SO63899,536,22792,1,1,2
2/10/2017,11/2/2003,SO63899,214,22792,1,3,1
2/10/2017,10/28/2003,SO63924,528,12769,1,3,2
2/10/2017,11/5/2003,SO63924,214,12769,1,4,1
2/10/2017,1/21/2004,SO63924,360,12769,1,1,1
2/10/2017,12/25/2003,SO63924,537,12769,1,2,1
2/10/2017,12/22/2003,SO63889,477,15581,9,2,2
2/10/2017,11/28/2003,SO63889,478,15581,9,1,2
2/10/2017,12/4/2003,SO63889,214,15581,9,3,1
2/10/2017,1/2/2004,SO63901,485,18055,6,3,3
2/10/2017,12/3/2003,SO63901,528,18055,6,1,2
2/10/2017,11/21/2003,SO63901,229,18055,6,4,1
2/10/2017,1/17/2004,SO63901,536,18055,6,2,1
2/10/2017,1/23/2004,SO63885,528,16023,9,2,2
2/10/2017,11/28/2003,SO63885,536,16023,9,1,2
2/10/2017,10/26/2003,SO63885,214,16023,9,3,1
2/10/2017,11/16/2003,SO63941,223,20645,1,3,2
2/10/2017,11/25/2003,SO63941,387,20645,1,1,1
2/10/2017,11/17/2003,SO63941,477,20645,1,4,1
2/10/2017,12/14/2003,SO63941,479,20645,1,2,1
2/10/2017,11/19/2003,SO63940,215,23339,1,2,1
2/10/2017,11/29/2003,SO63940,605,23339,1,1,1
2/11/2017,10/26/2003,SO63971,475,28496,7,1,1
2/11/2017,10/20/2003,SO63973,480,13179,6,3,2
2/11/2017,10/21/2003,SO63973,528,13179,6,2,2
2/11/2017,12/23/2003,SO63973,537,13179,6,1,1
2/11/2017,12/4/2003,SO63992,477,22515,7,2,3
2/11/2017,11/8/2003,SO63992,479,22515,7,3,2
2/11/2017,10/25/2003,SO63992,604,22515,7,1,1
2/11/2017,12/22/2003,SO63982,462,24009,9,2,2
2/11/2017,11/16/2003,SO63982,606,24009,9,1,1
2/11/2017,1/16/2004,SO63991,229,28364,7,2,1
2/11/2017,12/21/2003,SO63991,389,28364,7,1,1
2/11/2017,11/10/2003,SO63978,223,16019,4,2,2
2/11/2017,1/25/2004,SO63978,591,16019,4,1,1
2/11/2017,12/30/2003,SO63972,480,18623,7,3,2
2/11/2017,11/13/2003,SO63972,528,18623,7,1,2
2/11/2017,12/19/2003,SO63972,536,18623,7,2,2
2/11/2017,10/14/2003,SO63995,223,12003,9,4,3
2/11/2017,10/27/2003,SO63995,220,12003,9,2,1
2/11/2017,1/21/2004,SO63995,489,12003,9,3,1
2/11/2017,12/17/2003,SO63995,574,12003,9,1,1
2/11/2017,10/15/2003,SO63979,528,16906,6,2,2
2/11/2017,10/17/2003,SO63979,352,16906,6,1,1
2/11/2017,12/31/2003,SO63979,537,16906,6,3,1
2/11/2017,10/30/2003,SO63959,480,15933,10,2,3
2/11/2017,11/23/2003,SO63959,360,15933,10,1,1
2/11/2017,11/16/2003,SO63980,478,15369,1,2,2
2/11/2017,11/3/2003,SO63980,220,15369,1,4,1
2/11/2017,11/4/2003,SO63980,362,15369,1,1,1
2/11/2017,12/24/2003,SO63980,477,15369,1,3,1
2/11/2017,11/28/2003,SO63994,466,14671,9,5,3
2/11/2017,10/21/2003,SO63994,477,14671,9,3,2
2/11/2017,10/20/2003,SO63994,478,14671,9,2,2
2/11/2017,1/2/2004,SO63994,490,14671,9,4,1
2/11/2017,12/30/2003,SO63994,589,14671,9,1,1
2/11/2017,11/18/2003,SO63986,481,26098,4,2,2
2/11/2017,1/14/2004,SO63986,573,26098,4,1,1
2/11/2017,12/5/2003,SO63957,476,16275,10,2,1
2/11/2017,12/27/2003,SO63957,589,16275,10,1,1
2/11/2017,12/23/2003,SO63987,214,26245,4,2,1
2/11/2017,1/12/2004,SO63987,574,26245,4,1,1
2/11/2017,10/14/2003,SO63974,480,14561,6,2,2
2/11/2017,11/28/2003,SO63974,537,14561,6,1,1
2/11/2017,1/7/2004,SO63964,528,23027,4,2,2
2/11/2017,11/16/2003,SO63964,536,23027,4,1,2
2/11/2017,1/27/2004,SO63964,480,23027,4,3,1
2/11/2017,11/22/2003,SO63977,235,14660,1,3,1
2/11/2017,11/21/2003,SO63977,476,14660,1,2,1
2/11/2017,1/26/2004,SO63977,587,14660,1,1,1
2/11/2017,12/12/2003,SO63966,229,18822,1,2,1
2/11/2017,10/29/2003,SO63966,474,18822,1,1,1
2/11/2017,1/23/2004,SO63950,530,27592,9,1,3
2/11/2017,1/1/2004,SO63968,477,21745,6,3,2
2/11/2017,12/25/2003,SO63968,478,21745,6,2,2
2/11/2017,12/16/2003,SO63968,485,21745,6,1,2
2/11/2017,11/22/2003,SO63968,214,21745,6,4,1
2/11/2017,11/24/2003,SO63984,477,21179,9,3,2
2/11/2017,12/15/2003,SO63984,479,21179,9,2,2
2/11/2017,12/3/2003,SO63984,220,21179,9,4,1
2/11/2017,10/15/2003,SO63984,375,21179,9,1,1
2/11/2017,10/19/2003,SO63948,528,16705,9,2,2
2/11/2017,11/30/2003,SO63948,536,16705,9,1,2
2/11/2017,11/8/2003,SO63961,538,28231,1,1,2
2/11/2017,12/1/2003,SO63961,480,28231,1,2,1
2/11/2017,1/26/2004,SO63988,479,26529,6,2,3
2/11/2017,1/8/2004,SO63988,605,26529,6,1,1
2/11/2017,12/24/2003,SO63965,477,11724,6,2,2
2/11/2017,1/23/2004,SO63965,478,11724,6,1,2
2/11/2017,12/19/2003,SO63976,480,11800,1,3,2
2/11/2017,1/7/2004,SO63976,528,11800,1,2,2
2/11/2017,10/16/2003,SO63976,537,11800,1,1,1
2/11/2017,11/13/2003,SO63981,477,12599,10,2,2
2/11/2017,12/12/2003,SO63981,479,12599,10,3,2
2/11/2017,10/24/2003,SO63981,578,12599,10,1,1
2/11/2017,12/16/2003,SO63963,480,24320,1,3,2
2/11/2017,12/14/2003,SO63963,529,24320,1,1,1
2/11/2017,1/16/2004,SO63963,540,24320,1,2,1
2/11/2017,12/13/2003,SO63955,477,15063,8,2,2
2/11/2017,11/6/2003,SO63955,478,15063,8,3,2
2/11/2017,12/8/2003,SO63955,600,15063,8,1,1
2/11/2017,10/20/2003,SO63954,487,14685,9,1,1
2/11/2017,12/17/2003,SO63970,477,23458,6,3,3
2/11/2017,10/14/2003,SO63970,478,23458,6,4,3
2/11/2017,1/9/2004,SO63970,528,23458,6,1,3
2/11/2017,11/21/2003,SO63970,485,23458,6,2,2
2/11/2017,10/19/2003,SO63975,485,11184,4,3,2
2/11/2017,10/30/2003,SO63975,528,11184,4,2,2
2/11/2017,11/27/2003,SO63975,537,11184,4,1,1
2/11/2017,12/3/2003,SO63969,477,13858,4,2,3
2/11/2017,12/25/2003,SO63969,485,13858,4,1,2
2/11/2017,10/20/2003,SO63969,215,13858,4,4,1
2/11/2017,1/3/2004,SO63969,478,13858,4,3,1
2/11/2017,10/23/2003,SO63993,585,29452,9,1,1
2/11/2017,11/25/2003,SO63958,223,15931,7,4,2
2/11/2017,1/24/2004,SO63958,477,15931,7,2,2
2/11/2017,12/27/2003,SO63958,478,15931,7,3,2
2/11/2017,1/18/2004,SO63958,356,15931,7,1,1
2/11/2017,12/17/2003,SO63952,464,17076,9,2,2
2/11/2017,11/20/2003,SO63952,235,17076,9,1,1
2/11/2017,1/14/2004,SO63949,537,27145,9,1,1
2/11/2017,11/15/2003,SO63983,606,27581,9,1,1
2/11/2017,10/23/2003,SO63947,528,21248,9,2,2
2/11/2017,11/14/2003,SO63947,536,21248,9,1,1
2/11/2017,12/31/2003,SO63956,539,22396,10,2,2
2/11/2017,12/28/2003,SO63956,581,22396,10,1,1
2/11/2017,12/26/2003,SO63985,480,14065,9,2,2
2/11/2017,12/24/2003,SO63985,354,14065,9,1,1
2/11/2017,11/27/2003,SO63967,477,24755,6,1,2
2/11/2017,11/24/2003,SO63967,220,24755,6,2,1
2/11/2017,1/21/2004,SO63953,480,19085,9,1,2
2/11/2017,12/4/2003,SO63962,529,11619,6,1,2
2/11/2017,11/6/2003,SO63962,538,11619,6,2,2
2/11/2017,12/31/2003,SO63989,529,23059,1,2,2
2/11/2017,1/18/2004,SO63989,538,23059,1,3,2
2/11/2017,12/26/2003,SO63989,220,23059,1,4,1
2/11/2017,11/10/2003,SO63989,584,23059,1,1,1
2/11/2017,10/19/2003,SO63951,528,26136,9,1,2
2/11/2017,10/26/2003,SO63951,214,26136,9,2,1
2/11/2017,1/22/2004,SO63990,462,17600,1,3,2
2/11/2017,10/17/2003,SO63990,226,17600,1,2,1
2/11/2017,12/17/2003,SO63990,581,17600,1,1,1
2/11/2017,1/8/2004,SO63960,223,16575,10,4,2
2/11/2017,11/26/2003,SO63960,477,16575,10,3,2
2/11/2017,10/29/2003,SO63960,478,16575,10,2,2
2/11/2017,12/4/2003,SO63960,354,16575,10,1,1
2/12/2017,10/26/2003,SO63998,477,11962,4,2,2
2/12/2017,11/14/2003,SO63998,479,11962,4,1,1
2/12/2017,1/2/2004,SO63998,491,11962,4,3,1
2/12/2017,11/29/2003,SO64020,478,21639,1,1,2
2/12/2017,1/27/2004,SO63997,479,11631,6,1,3
2/12/2017,11/9/2003,SO63997,477,11631,6,2,2
2/12/2017,1/2/2004,SO64008,464,11185,6,2,2
2/12/2017,11/18/2003,SO64008,214,11185,6,1,1
2/12/2017,11/28/2003,SO64022,482,18873,1,3,2
2/12/2017,11/18/2003,SO64022,232,18873,1,2,1
2/12/2017,1/21/2004,SO64022,474,18873,1,1,1
2/12/2017,11/28/2003,SO64017,540,25024,4,1,1
2/12/2017,1/14/2004,SO64015,530,27913,4,1,2
2/12/2017,11/13/2003,SO64011,529,28811,4,2,2
2/12/2017,1/7/2004,SO64011,215,28811,4,3,1
2/12/2017,11/10/2003,SO64011,539,28811,4,1,1
2/12/2017,1/18/2004,SO64051,464,29342,9,3,2
2/12/2017,11/4/2003,SO64051,220,29342,9,2,1
2/12/2017,11/6/2003,SO64051,569,29342,9,1,1
2/12/2017,12/13/2003,SO64037,480,15346,4,3,2
2/12/2017,1/1/2004,SO64037,485,15346,4,2,2
2/12/2017,10/20/2003,SO64037,352,15346,4,1,1
2/12/2017,11/7/2003,SO64037,483,15346,4,4,1
2/12/2017,11/29/2003,SO64018,540,14658,6,1,1
2/12/2017,10/23/2003,SO64028,528,20951,10,2,2
2/12/2017,12/23/2003,SO64028,480,20951,10,3,1
2/12/2017,1/26/2004,SO64028,536,20951,10,1,1
2/12/2017,1/12/2004,SO64006,232,13956,9,1,1
2/12/2017,11/7/2003,SO64042,477,11032,9,6,2
2/12/2017,10/16/2003,SO64042,478,11032,9,5,2
2/12/2017,12/14/2003,SO64042,480,11032,9,7,2
2/12/2017,11/9/2003,SO64042,485,11032,9,4,2
2/12/2017,1/17/2004,SO64042,528,11032,9,3,2
2/12/2017,1/15/2004,SO64042,354,11032,9,1,1
2/12/2017,1/26/2004,SO64042,537,11032,9,2,1
2/12/2017,10/28/2003,SO64039,529,21189,9,2,2
2/12/2017,10/26/2003,SO64039,539,21189,9,3,2
2/12/2017,1/23/2004,SO64039,214,21189,9,4,1
2/12/2017,12/3/2003,SO64039,581,21189,9,1,1
2/12/2017,10/31/2003,SO64047,481,22490,7,2,2
2/12/2017,12/24/2003,SO64047,584,22490,7,1,1
2/12/2017,11/9/2003,SO64000,215,14311,9,3,1
2/12/2017,1/23/2004,SO64000,529,14311,9,2,1
2/12/2017,11/20/2003,SO64000,539,14311,9,1,1
2/12/2017,1/17/2004,SO64003,530,15026,9,1,2
2/12/2017,12/8/2003,SO64007,214,13592,7,2,1
2/12/2017,1/2/2004,SO64007,373,13592,7,1,1
2/12/2017,11/26/2003,SO64031,223,22707,8,2,3
2/12/2017,12/18/2003,SO64031,529,22707,8,1,2
2/12/2017,12/11/2003,SO64031,229,22707,8,3,1
2/12/2017,10/22/2003,SO64043,477,24754,4,4,3
2/12/2017,1/23/2004,SO64043,479,24754,4,5,3
2/12/2017,11/15/2003,SO64043,484,24754,4,6,2
2/12/2017,10/18/2003,SO64043,530,24754,4,3,2
2/12/2017,1/18/2004,SO64043,541,24754,4,2,1
2/12/2017,11/4/2003,SO64043,561,24754,4,1,1
2/12/2017,10/28/2003,SO64046,477,18651,1,3,2
2/12/2017,11/6/2003,SO64046,479,18651,1,2,2
2/12/2017,12/1/2003,SO64046,491,18651,1,4,1
2/12/2017,11/29/2003,SO64046,606,18651,1,1,1
2/12/2017,11/20/2003,SO64016,528,25983,1,2,2
2/12/2017,1/3/2004,SO64016,535,25983,1,1,2
2/12/2017,12/9/2003,SO64035,472,14662,4,3,1
2/12/2017,10/17/2003,SO64035,475,14662,4,2,1
2/12/2017,11/7/2003,SO64035,587,14662,4,1,1
2/12/2017,12/22/2003,SO64004,530,28213,9,1,2
2/12/2017,1/3/2004,SO64004,215,28213,9,2,1
2/12/2017,10/26/2003,SO64009,529,11502,6,1,3
2/12/2017,11/20/2003,SO64009,466,11502,6,3,2
2/12/2017,11/6/2003,SO64009,490,11502,6,2,1
2/12/2017,12/19/2003,SO64012,480,27627,4,3,2
2/12/2017,12/12/2003,SO64012,530,27627,4,2,2
2/12/2017,10/15/2003,SO64012,541,27627,4,1,2
2/12/2017,12/6/2003,SO64019,477,21625,1,2,2
2/12/2017,11/18/2003,SO64019,478,21625,1,1,2
2/12/2017,11/15/2003,SO64019,490,21625,1,3,1
2/12/2017,10/17/2003,SO64036,480,13027,6,3,2
2/12/2017,12/11/2003,SO64036,485,13027,6,2,2
2/12/2017,11/8/2003,SO64036,360,13027,6,1,1
2/12/2017,12/10/2003,SO63996,223,20622,9,3,2
2/12/2017,12/22/2003,SO63996,377,20622,9,1,1
2/12/2017,12/20/2003,SO63996,487,20622,9,2,1
2/12/2017,10/21/2003,SO63996,490,20622,9,4,1
2/12/2017,12/21/2003,SO64050,488,29094,9,2,1
2/12/2017,12/3/2003,SO64050,571,29094,9,1,1
2/12/2017,11/4/2003,SO64049,477,15699,10,3,2
2/12/2017,12/17/2003,SO64049,479,15699,10,2,2
2/12/2017,11/3/2003,SO64049,214,15699,10,4,1
2/12/2017,12/15/2003,SO64049,232,15699,10,5,1
2/12/2017,12/2/2003,SO64049,562,15699,10,1,1
2/12/2017,10/27/2003,SO64040,215,24005,9,2,1
2/12/2017,1/20/2004,SO64040,604,24005,9,1,1
2/12/2017,1/28/2004,SO64013,464,28010,1,2,3
2/12/2017,12/12/2003,SO64013,530,28010,1,1,2
2/12/2017,11/19/2003,SO64013,220,28010,1,3,1
2/12/2017,11/6/2003,SO64005,481,14237,9,2,3
2/12/2017,1/21/2004,SO64005,229,14237,9,1,1
2/12/2017,12/18/2003,SO64023,223,20016,1,3,2
2/12/2017,12/14/2003,SO64023,476,20016,1,1,1
2/12/2017,11/29/2003,SO64023,491,20016,1,2,1
2/12/2017,11/8/2003,SO64014,480,27248,1,3,2
2/12/2017,1/3/2004,SO64014,530,27248,1,2,2
2/12/2017,12/22/2003,SO64014,541,27248,1,1,2
2/12/2017,1/11/2004,SO64025,480,21494,6,2,2
2/12/2017,12/27/2003,SO64025,528,21494,6,1,2
2/12/2017,1/11/2004,SO64052,215,27879,9,2,1
2/12/2017,11/30/2003,SO64052,472,27879,9,3,1
2/12/2017,1/25/2004,SO64052,560,27879,9,1,1
2/12/2017,10/22/2003,SO64048,477,27171,10,2,2
2/12/2017,10/24/2003,SO64048,479,27171,10,3,2
2/12/2017,12/30/2003,SO64048,214,27171,10,4,1
2/12/2017,1/13/2004,SO64048,606,27171,10,1,1
2/12/2017,12/12/2003,SO64029,477,24555,10,4,3
2/12/2017,1/24/2004,SO64029,223,24555,10,5,2
2/12/2017,1/20/2004,SO64029,478,24555,10,3,2
2/12/2017,10/29/2003,SO64029,528,24555,10,1,2
2/12/2017,11/4/2003,SO64029,536,24555,10,2,2
2/12/2017,1/16/2004,SO64033,538,27832,8,1,2
2/12/2017,11/22/2003,SO64032,529,21684,7,1,3
2/12/2017,12/25/2003,SO64032,538,21684,7,2,2
2/12/2017,12/13/2003,SO64032,214,21684,7,3,1
2/12/2017,12/30/2003,SO64026,485,14383,4,1,2
2/12/2017,10/20/2003,SO64026,220,14383,4,2,1
2/12/2017,1/25/2004,SO64021,223,12074,6,3,3
2/12/2017,12/14/2003,SO64021,477,12074,6,2,2
2/12/2017,10/17/2003,SO64021,478,12074,6,1,2
2/12/2017,1/11/2004,SO64021,489,12074,6,4,1
2/12/2017,1/12/2004,SO64044,538,23041,4,2,2
2/12/2017,10/27/2003,SO64044,606,23041,4,1,1
2/12/2017,11/28/2003,SO64002,477,22957,9,1,2
2/12/2017,12/20/2003,SO64002,214,22957,9,2,1
2/12/2017,10/28/2003,SO64024,229,19012,4,2,1
2/12/2017,11/4/2003,SO64024,476,19012,4,1,1
2/12/2017,10/15/2003,SO64041,529,13529,9,2,3
2/12/2017,11/1/2003,SO64041,373,13529,9,1,1
2/12/2017,12/1/2003,SO64041,473,13529,9,4,1
2/12/2017,10/29/2003,SO64041,540,13529,9,3,1
2/12/2017,10/21/2003,SO64030,484,22498,7,4,2
2/12/2017,1/24/2004,SO64030,529,22498,7,2,2
2/12/2017,1/3/2004,SO64030,538,22498,7,1,2
2/12/2017,12/6/2003,SO64030,480,22498,7,3,1
2/12/2017,1/22/2004,SO64034,223,25496,7,1,2
2/12/2017,10/29/2003,SO64034,530,25496,7,2,2
2/12/2017,12/20/2003,SO64053,223,23996,9,4,3
2/12/2017,11/2/2003,SO64053,479,23996,9,2,2
2/12/2017,11/12/2003,SO64053,477,23996,9,3,1
2/12/2017,1/12/2004,SO64053,605,23996,9,1,1
2/12/2017,12/2/2003,SO64010,529,28983,4,1,2
2/12/2017,10/23/2003,SO64010,539,28983,4,2,2
2/12/2017,1/16/2004,SO64010,220,28983,4,3,1
2/12/2017,1/7/2004,SO64001,477,17724,9,3,2
2/12/2017,10/26/2003,SO64001,478,17724,9,2,2
2/12/2017,12/4/2003,SO64001,485,17724,9,1,2
2/12/2017,10/17/2003,SO64038,477,15404,4,4,2
2/12/2017,10/23/2003,SO64038,485,15404,4,2,2
2/12/2017,1/15/2004,SO64038,362,15404,4,1,1
2/12/2017,11/13/2003,SO64038,478,15404,4,3,1
2/12/2017,10/20/2003,SO63999,529,16175,9,1,3
2/12/2017,11/26/2003,SO63999,480,16175,9,3,2
2/12/2017,12/2/2003,SO63999,539,16175,9,2,2
2/12/2017,10/23/2003,SO64027,485,14786,8,1,3
2/12/2017,1/28/2004,SO64027,478,14786,8,2,2
2/12/2017,1/8/2004,SO64027,220,14786,8,3,1
2/13/2017,12/31/2003,SO64054,580,22321,10,1,1
2/13/2017,12/23/2003,SO64077,529,25195,4,1,2
2/13/2017,12/10/2003,SO64077,540,25195,4,2,1
2/13/2017,1/6/2004,SO64085,477,13231,6,1,3
2/13/2017,12/17/2003,SO64085,478,13231,6,2,3
2/13/2017,10/22/2003,SO64075,530,11631,6,1,2
2/13/2017,12/17/2003,SO64079,529,11185,6,1,3
2/13/2017,1/4/2004,SO64079,215,11185,6,3,1
2/13/2017,1/15/2004,SO64079,540,11185,6,2,1
2/13/2017,1/5/2004,SO64108,215,13965,9,4,1
2/13/2017,11/23/2003,SO64108,354,13965,9,1,1
2/13/2017,11/30/2003,SO64108,528,13965,9,3,1
2/13/2017,1/14/2004,SO64108,537,13965,9,2,1
2/13/2017,1/7/2004,SO64086,474,18946,4,1,1
2/13/2017,12/29/2003,SO64081,528,24226,4,1,2
2/13/2017,12/29/2003,SO64081,536,24226,4,2,2
2/13/2017,12/12/2003,SO64081,214,24226,4,3,1
2/13/2017,12/16/2003,SO64069,223,17792,10,4,2
2/13/2017,12/22/2003,SO64069,478,17792,10,2,2
2/13/2017,11/12/2003,SO64069,220,17792,10,3,1
2/13/2017,1/26/2004,SO64069,588,17792,10,1,1
2/13/2017,1/13/2004,SO64096,529,27165,10,1,2
2/13/2017,12/9/2003,SO64105,220,12570,9,4,1
2/13/2017,10/28/2003,SO64105,528,12570,9,3,1
2/13/2017,11/25/2003,SO64105,535,12570,9,2,1
2/13/2017,10/31/2003,SO64105,600,12570,9,1,1
2/13/2017,10/22/2003,SO64099,477,13215,4,2,2
2/13/2017,1/8/2004,SO64099,478,13215,4,3,2
2/13/2017,11/5/2003,SO64099,485,13215,4,1,2
2/13/2017,12/8/2003,SO64099,215,13215,4,4,1
2/13/2017,1/28/2004,SO64057,480,22206,9,3,2
2/13/2017,12/5/2003,SO64057,528,22206,9,1,2
2/13/2017,1/20/2004,SO64057,486,22206,9,4,1
2/13/2017,12/16/2003,SO64057,537,22206,9,2,1
2/13/2017,1/1/2004,SO64066,488,11428,8,2,1
2/13/2017,12/1/2003,SO64066,581,11428,8,1,1
2/13/2017,12/23/2003,SO64094,528,24554,10,1,3
2/13/2017,1/14/2004,SO64094,536,24554,10,2,2
2/13/2017,11/3/2003,SO64094,220,24554,10,3,1
2/13/2017,11/21/2003,SO64056,536,17058,9,1,2
2/13/2017,12/20/2003,SO64093,477,21852,8,1,2
2/13/2017,11/27/2003,SO64080,536,23737,4,2,2
2/13/2017,10/29/2003,SO64080,528,23737,4,1,1
2/13/2017,10/29/2003,SO64088,477,16153,1,1,2
2/13/2017,12/3/2003,SO64088,214,16153,1,2,1
2/13/2017,1/6/2004,SO64074,480,11310,4,1,2
2/13/2017,12/13/2003,SO64103,223,27122,7,2,2
2/13/2017,1/14/2004,SO64103,220,27122,7,3,1
2/13/2017,12/30/2003,SO64103,565,27122,7,1,1
2/13/2017,10/24/2003,SO64102,485,15348,1,2,2
2/13/2017,11/19/2003,SO64102,220,15348,1,3,1
2/13/2017,11/23/2003,SO64102,358,15348,1,1,1
2/13/2017,1/17/2004,SO64102,472,15348,1,4,1
2/13/2017,12/2/2003,SO64098,220,11804,1,3,1
2/13/2017,10/28/2003,SO64098,528,11804,1,1,1
2/13/2017,1/25/2004,SO64098,537,11804,1,2,1
2/13/2017,12/9/2003,SO64082,477,21908,1,2,2
2/13/2017,1/4/2004,SO64082,478,21908,1,1,2
2/13/2017,1/16/2004,SO64082,226,21908,1,3,1
2/13/2017,11/30/2003,SO64083,477,14480,6,2,2
2/13/2017,12/1/2003,SO64083,478,14480,6,1,2
2/13/2017,12/4/2003,SO64083,215,14480,6,3,1
2/13/2017,11/22/2003,SO64104,477,25823,9,3,2
2/13/2017,10/16/2003,SO64104,479,25823,9,2,2
2/13/2017,1/24/2004,SO64104,381,25823,9,1,1
2/13/2017,1/22/2004,SO64104,491,25823,9,4,1
2/13/2017,1/15/2004,SO64090,223,14435,4,3,2
2/13/2017,1/10/2004,SO64090,485,14435,4,1,2
2/13/2017,11/18/2003,SO64090,232,14435,4,2,1
2/13/2017,1/29/2004,SO64109,214,29237,4,2,1
2/13/2017,11/15/2003,SO64109,569,29237,4,1,1
2/13/2017,1/29/2004,SO64065,214,15002,7,2,1
2/13/2017,1/4/2004,SO64065,592,15002,7,1,1
2/13/2017,1/10/2004,SO64058,528,21178,9,2,1
2/13/2017,11/8/2003,SO64058,537,21178,9,1,1
2/13/2017,11/1/2003,SO64110,214,24760,1,2,1
2/13/2017,11/22/2003,SO64110,574,24760,1,1,1
2/13/2017,10/29/2003,SO64062,214,15142,9,1,1
2/13/2017,12/20/2003,SO64062,462,15142,9,2,1
2/13/2017,11/1/2003,SO64062,490,15142,9,3,1
2/13/2017,12/5/2003,SO64068,529,14186,7,2,2
2/13/2017,12/7/2003,SO64068,377,14186,7,1,1
2/13/2017,1/3/2004,SO64068,540,14186,7,3,1
2/13/2017,12/6/2003,SO64076,529,28100,4,1,2
2/13/2017,10/18/2003,SO64076,538,28100,4,2,2
2/13/2017,12/14/2003,SO64076,464,28100,4,3,1
2/13/2017,12/24/2003,SO64063,541,19585,9,1,2
2/13/2017,10/23/2003,SO64091,535,13803,8,1,3
2/13/2017,10/22/2003,SO64091,480,13803,8,2,2
2/13/2017,12/30/2003,SO64091,486,13803,8,3,1
2/13/2017,12/6/2003,SO64084,474,21237,4,1,1
2/13/2017,1/19/2004,SO64111,215,26112,1,2,1
2/13/2017,1/18/2004,SO64111,563,26112,1,1,1
2/13/2017,12/31/2003,SO64071,478,16822,10,2,2
2/13/2017,10/19/2003,SO64071,358,16822,10,1,1
2/13/2017,11/21/2003,SO64061,462,15577,9,2,2
2/13/2017,1/11/2004,SO64061,220,15577,9,1,1
2/13/2017,12/31/2003,SO64095,223,22512,7,1,2
2/13/2017,1/15/2004,SO64095,538,22512,7,2,2
2/13/2017,12/8/2003,SO64101,480,16061,4,3,2
2/13/2017,1/28/2004,SO64101,535,16061,4,2,2
2/13/2017,12/7/2003,SO64101,595,16061,4,1,1
2/13/2017,12/2/2003,SO64073,535,12012,9,1,1
2/13/2017,1/23/2004,SO64078,529,24678,4,1,2
2/13/2017,12/19/2003,SO64078,473,24678,4,2,1
2/13/2017,10/19/2003,SO64078,540,24678,4,3,1
2/13/2017,12/19/2003,SO64107,354,14051,9,1,1
2/13/2017,12/8/2003,SO64055,480,15242,9,2,3
2/13/2017,11/9/2003,SO64055,539,15242,9,1,2
2/13/2017,11/18/2003,SO64060,474,26741,9,1,1
2/13/2017,10/20/2003,SO64087,477,12140,6,1,3
2/13/2017,12/22/2003,SO64087,223,12140,6,2,1
2/13/2017,11/13/2003,SO64092,528,14932,7,1,3
2/13/2017,12/3/2003,SO64092,482,14932,7,4,2
2/13/2017,1/1/2004,SO64092,214,14932,7,2,1
2/13/2017,1/12/2004,SO64092,235,14932,7,3,1
2/13/2017,12/5/2003,SO64106,352,14070,9,1,1
2/13/2017,1/9/2004,SO64112,529,23042,4,3,2
2/13/2017,11/26/2003,SO64112,464,23042,4,4,1
2/13/2017,10/18/2003,SO64112,538,23042,4,2,1
2/13/2017,12/29/2003,SO64112,605,23042,4,1,1
2/13/2017,11/10/2003,SO64097,477,11128,1,4,3
2/13/2017,10/30/2003,SO64097,478,11128,1,3,2
2/13/2017,12/13/2003,SO64097,220,11128,1,5,1
2/13/2017,10/27/2003,SO64097,528,11128,1,2,1
2/13/2017,1/17/2004,SO64097,537,11128,1,1,1
2/13/2017,11/3/2003,SO64072,223,16603,8,4,3
2/13/2017,11/13/2003,SO64072,485,16603,8,2,2
2/13/2017,11/16/2003,SO64072,215,16603,8,3,1
2/13/2017,1/19/2004,SO64072,352,16603,8,1,1
2/13/2017,11/23/2003,SO64064,223,17317,9,1,3
2/13/2017,11/26/2003,SO64059,477,22919,9,1,2
2/13/2017,11/26/2003,SO64059,490,22919,9,2,1
2/13/2017,10/30/2003,SO64100,480,20638,4,3,2
2/13/2017,12/3/2003,SO64100,379,20638,4,1,1
2/13/2017,1/10/2004,SO64100,540,20638,4,2,1
2/13/2017,10/20/2003,SO64114,214,27141,10,2,1
2/13/2017,10/28/2003,SO64114,584,27141,10,1,1
2/13/2017,11/6/2003,SO64089,480,26095,6,2,2
2/13/2017,11/24/2003,SO64089,484,26095,6,3,2
2/13/2017,12/18/2003,SO64089,528,26095,6,1,2
2/13/2017,11/25/2003,SO64067,232,17900,7,2,1
2/13/2017,11/8/2003,SO64067,580,17900,7,1,1
2/13/2017,1/28/2004,SO64070,478,16829,10,2,2
2/13/2017,1/18/2004,SO64070,220,16829,10,3,1
2/13/2017,12/9/2003,SO64070,223,16829,10,4,1
2/13/2017,12/1/2003,SO64070,360,16829,10,1,1
2/13/2017,11/7/2003,SO64113,462,20765,4,3,2
2/13/2017,10/21/2003,SO64113,220,20765,4,2,1
2/13/2017,12/21/2003,SO64113,383,20765,4,1,1
2/14/2017,11/14/2003,SO64171,235,17596,1,2,1
2/14/2017,11/4/2003,SO64171,581,17596,1,1,1
2/14/2017,12/12/2003,SO64168,480,23017,1,3,2
2/14/2017,12/8/2003,SO64168,538,23017,1,2,1
2/14/2017,1/26/2004,SO64168,604,23017,1,1,1
2/14/2017,12/30/2003,SO64135,536,23201,4,1,1
2/14/2017,12/20/2003,SO64157,466,15379,4,4,3
2/14/2017,1/25/2004,SO64157,485,15379,4,2,2
2/14/2017,11/6/2003,SO64157,215,15379,4,3,1
2/14/2017,11/21/2003,SO64157,356,15379,4,1,1
2/14/2017,10/30/2003,SO64138,223,29323,6,1,1
2/14/2017,11/2/2003,SO64138,476,29323,6,2,1
2/14/2017,1/20/2004,SO64177,220,12009,9,2,1
2/14/2017,10/21/2003,SO64177,564,12009,9,1,1
2/14/2017,12/28/2003,SO64154,466,14727,1,3,2
2/14/2017,12/3/2003,SO64154,476,14727,1,2,1
2/14/2017,1/17/2004,SO64154,587,14727,1,1,1
2/14/2017,12/29/2003,SO64147,529,21005,7,1,2
2/14/2017,11/27/2003,SO64147,538,21005,7,2,2
2/14/2017,1/5/2004,SO64133,530,27018,4,2,2
2/14/2017,11/26/2003,SO64133,541,27018,4,1,2
2/14/2017,12/1/2003,SO64121,529,16622,9,2,3
2/14/2017,1/26/2004,SO64121,540,16622,9,1,1
2/14/2017,1/27/2004,SO64143,535,17832,8,1,2
2/14/2017,12/22/2003,SO64164,385,25819,9,1,1
2/14/2017,1/6/2004,SO64164,489,25819,9,2,1
2/14/2017,11/18/2003,SO64173,214,17573,4,2,1
2/14/2017,1/20/2004,SO64173,582,17573,4,1,1
2/14/2017,1/3/2004,SO64139,475,19686,4,1,1
2/14/2017,11/5/2003,SO64162,215,24159,9,2,1
2/14/2017,11/8/2003,SO64162,584,24159,9,1,1
2/14/2017,12/5/2003,SO64174,214,24187,10,2,1
2/14/2017,12/17/2003,SO64174,385,24187,10,1,1
2/14/2017,11/23/2003,SO64134,480,11711,6,3,2
2/14/2017,12/25/2003,SO64134,528,11711,6,2,2
2/14/2017,12/13/2003,SO64134,535,11711,6,1,2
2/14/2017,11/23/2003,SO64119,477,23535,9,1,2
2/14/2017,1/19/2004,SO64122,464,12344,9,1,2
2/14/2017,12/12/2003,SO64155,485,15493,1,2,2
2/14/2017,11/25/2003,SO64155,358,15493,1,1,1
2/14/2017,10/29/2003,SO64148,529,23634,8,1,2
2/14/2017,1/29/2004,SO64117,223,20415,9,1,2
2/14/2017,11/24/2003,SO64117,477,20415,9,2,2
2/14/2017,1/17/2004,SO64176,477,14101,9,2,3
2/14/2017,12/12/2003,SO64176,479,14101,9,3,2
2/14/2017,11/28/2003,SO64176,215,14101,9,4,1
2/14/2017,1/24/2004,SO64176,565,14101,9,1,1
2/14/2017,1/20/2004,SO64126,214,17191,8,2,1
2/14/2017,10/31/2003,SO64126,360,17191,8,1,1
2/14/2017,10/29/2003,SO64161,479,17220,8,2,2
2/14/2017,11/3/2003,SO64161,575,17220,8,1,1
2/14/2017,1/4/2004,SO64159,214,15051,10,2,1
2/14/2017,11/18/2003,SO64159,569,15051,10,1,1
2/14/2017,1/28/2004,SO64152,480,12413,1,3,2
2/14/2017,12/14/2003,SO64152,528,12413,1,1,2
2/14/2017,10/28/2003,SO64152,537,12413,1,2,1
2/14/2017,1/15/2004,SO64170,214,20647,4,2,1
2/14/2017,1/17/2004,SO64170,389,20647,4,1,1
2/14/2017,1/7/2004,SO64116,214,11800,1,1,1
2/14/2017,1/25/2004,SO64153,477,12952,4,2,3
2/14/2017,1/22/2004,SO64153,478,12952,4,3,2
2/14/2017,12/8/2003,SO64153,485,12952,4,1,1
2/14/2017,12/24/2003,SO64120,223,17290,9,2,2
2/14/2017,12/27/2003,SO64120,491,17290,9,1,1
2/14/2017,1/1/2004,SO64115,223,25602,8,2,2
2/14/2017,11/26/2003,SO64115,488,25602,8,3,1
2/14/2017,12/9/2003,SO64115,580,25602,8,1,1
2/14/2017,1/19/2004,SO64151,473,12100,4,2,1
2/14/2017,11/20/2003,SO64151,485,12100,4,3,1
2/14/2017,1/15/2004,SO64151,537,12100,4,1,1
2/14/2017,1/14/2004,SO64158,362,15398,4,1,1
2/14/2017,1/25/2004,SO64158,487,15398,4,2,1
2/14/2017,10/30/2003,SO64167,480,23015,4,3,2
2/14/2017,1/1/2004,SO64167,538,23015,4,2,2
2/14/2017,12/22/2003,SO64167,604,23015,4,1,1
2/14/2017,10/26/2003,SO64123,580,17885,7,1,1
2/14/2017,12/15/2003,SO64142,528,16457,8,2,2
2/14/2017,1/29/2004,SO64142,535,16457,8,1,2
2/14/2017,1/13/2004,SO64142,483,16457,8,3,1
2/14/2017,1/17/2004,SO64128,480,12874,10,3,2
2/14/2017,12/16/2003,SO64128,362,12874,10,1,1
2/14/2017,11/21/2003,SO64128,487,12874,10,2,1
2/14/2017,1/23/2004,SO64125,478,21055,8,3,3
2/14/2017,1/1/2004,SO64125,477,21055,8,4,2
2/14/2017,11/9/2003,SO64125,481,21055,8,5,2
2/14/2017,1/9/2004,SO64125,485,21055,8,2,2
2/14/2017,11/20/2003,SO64125,587,21055,8,1,1
2/14/2017,1/17/2004,SO64144,480,20599,10,3,2
2/14/2017,12/10/2003,SO64144,528,20599,10,1,2
2/14/2017,12/17/2003,SO64144,535,20599,10,2,2
2/14/2017,10/17/2003,SO64160,235,19339,8,2,1
2/14/2017,1/30/2004,SO64160,579,19339,8,1,1
2/14/2017,11/30/2003,SO64124,220,22309,10,2,1
2/14/2017,12/28/2003,SO64124,235,22309,10,3,1
2/14/2017,12/17/2003,SO64124,583,22309,10,1,1
2/14/2017,12/27/2003,SO64166,480,14047,9,2,3
2/14/2017,1/4/2004,SO64166,352,14047,9,1,1
2/14/2017,11/1/2003,SO64172,220,17572,4,2,1
2/14/2017,12/14/2003,SO64172,582,17572,4,1,1
2/14/2017,12/5/2003,SO64132,480,28242,4,2,3
2/14/2017,12/9/2003,SO64132,530,28242,4,1,3
2/14/2017,1/13/2004,SO64169,214,20678,4,2,1
2/14/2017,10/29/2003,SO64169,387,20678,4,1,1
2/14/2017,11/23/2003,SO64150,530,25663,7,1,2
2/14/2017,1/23/2004,SO64150,214,25663,7,3,1
2/14/2017,1/2/2004,SO64150,487,25663,7,2,1
2/14/2017,1/16/2004,SO64127,485,12279,7,2,2
2/14/2017,1/25/2004,SO64127,356,12279,7,1,1
2/14/2017,11/15/2003,SO64127,491,12279,7,3,1
2/14/2017,12/5/2003,SO64145,491,29405,7,1,1
2/14/2017,12/14/2003,SO64156,362,16987,6,1,1
2/14/2017,1/13/2004,SO64156,483,16987,6,2,1
2/14/2017,11/4/2003,SO64149,530,16386,10,1,2
2/14/2017,1/11/2004,SO64149,215,16386,10,2,1
2/14/2017,12/28/2003,SO64165,480,11993,9,4,2
2/14/2017,11/22/2003,SO64165,528,11993,9,3,2
2/14/2017,1/12/2004,SO64165,360,11993,9,1,1
2/14/2017,10/22/2003,SO64165,537,11993,9,2,1
2/14/2017,1/22/2004,SO64136,478,21938,1,2,2
2/14/2017,12/31/2003,SO64136,477,21938,1,1,1
2/14/2017,1/15/2004,SO64141,480,16359,1,2,2
2/14/2017,1/19/2004,SO64141,528,16359,1,1,2
2/14/2017,10/20/2003,SO64131,226,11619,6,1,1
2/14/2017,12/7/2003,SO64130,229,28594,1,1,1
2/14/2017,1/2/2004,SO64146,536,20907,10,1,2
2/14/2017,1/3/2004,SO64146,480,20907,10,2,1
2/14/2017,12/1/2003,SO64129,477,12280,7,3,2
2/14/2017,1/11/2004,SO64129,478,12280,7,2,2
2/14/2017,1/29/2004,SO64129,220,12280,7,4,1
2/14/2017,12/24/2003,SO64129,362,12280,7,1,1
2/14/2017,12/26/2003,SO64137,478,21338,4,1,3
2/14/2017,12/23/2003,SO64137,477,21338,4,2,2
2/14/2017,12/22/2003,SO64137,481,21338,4,3,2
2/14/2017,1/28/2004,SO64118,485,24599,9,2,2
2/14/2017,1/3/2004,SO64118,528,24599,9,1,2
2/15/2017,11/30/2003,SO64234,477,24764,1,3,2
2/15/2017,1/10/2004,SO64234,479,24764,1,2,2
2/15/2017,11/18/2003,SO64234,576,24764,1,1,1
2/15/2017,1/30/2004,SO64211,485,12905,1,1,2
2/15/2017,11/24/2003,SO64211,226,12905,1,2,1
2/15/2017,1/31/2004,SO64201,477,13758,6,2,2
2/15/2017,10/22/2003,SO64201,478,13758,6,1,2
2/15/2017,1/9/2004,SO64201,480,13758,6,3,2
2/15/2017,12/17/2003,SO64193,538,27749,4,1,2
2/15/2017,1/8/2004,SO64213,229,14651,1,3,1
2/15/2017,1/23/2004,SO64213,475,14651,1,2,1
2/15/2017,11/8/2003,SO64213,590,14651,1,1,1
2/15/2017,10/29/2003,SO64218,214,28509,8,2,1
2/15/2017,1/6/2004,SO64218,571,28509,8,1,1
2/15/2017,11/17/2003,SO64186,214,12285,7,3,1
2/15/2017,11/3/2003,SO64186,356,12285,7,1,1
2/15/2017,11/17/2003,SO64186,537,12285,7,2,1
2/15/2017,12/9/2003,SO64178,479,11501,6,2,3
2/15/2017,12/3/2003,SO64178,220,11501,6,3,1
2/15/2017,1/16/2004,SO64178,477,11501,6,1,1
2/15/2017,1/16/2004,SO64190,539,28812,4,1,2
2/15/2017,1/26/2004,SO64217,485,15329,4,2,3
2/15/2017,12/12/2003,SO64217,214,15329,4,3,1
2/15/2017,11/19/2003,SO64217,362,15329,4,1,1
2/15/2017,11/23/2003,SO64224,477,27585,9,4,2
2/15/2017,11/18/2003,SO64224,479,27585,9,2,2
2/15/2017,11/5/2003,SO64224,223,27585,9,3,1
2/15/2017,12/11/2003,SO64224,606,27585,9,1,1
2/15/2017,11/15/2003,SO64223,472,24160,9,2,1
2/15/2017,12/17/2003,SO64223,606,24160,9,1,1
2/15/2017,11/27/2003,SO64209,530,25534,7,1,2
2/15/2017,10/19/2003,SO64192,480,11214,1,1,3
2/15/2017,11/4/2003,SO64184,477,17948,10,4,2
2/15/2017,1/28/2004,SO64184,478,17948,10,3,2
2/15/2017,11/3/2003,SO64184,485,17948,10,2,2
2/15/2017,1/28/2004,SO64184,591,17948,10,1,1
2/15/2017,11/8/2003,SO64221,385,25948,9,1,1
2/15/2017,11/17/2003,SO64208,529,21127,7,2,2
2/15/2017,12/13/2003,SO64208,538,21127,7,1,2
2/15/2017,12/2/2003,SO64208,214,21127,7,3,1
2/15/2017,12/15/2003,SO64220,215,15036,9,2,1
2/15/2017,12/8/2003,SO64220,582,15036,9,1,1
2/15/2017,12/8/2003,SO64199,477,20518,4,2,2
2/15/2017,12/1/2003,SO64199,478,20518,4,1,2
2/15/2017,11/30/2003,SO64199,214,20518,4,3,1
2/15/2017,11/14/2003,SO64205,480,22812,10,2,2
2/15/2017,11/6/2003,SO64205,536,22812,10,1,1
2/15/2017,11/29/2003,SO64231,491,13418,6,2,1
2/15/2017,11/22/2003,SO64231,573,13418,6,1,1
2/15/2017,10/24/2003,SO64179,536,18300,9,1,2
2/15/2017,1/6/2004,SO64236,479,13660,6,3,2
2/15/2017,11/2/2003,SO64236,477,13660,6,2,1
2/15/2017,11/14/2003,SO64236,561,13660,6,1,1
2/15/2017,1/27/2004,SO64195,538,11300,6,1,2
2/15/2017,11/9/2003,SO64196,479,13701,6,3,2
2/15/2017,12/14/2003,SO64196,530,13701,6,2,2
2/15/2017,1/10/2004,SO64196,541,13701,6,1,2
2/15/2017,11/17/2003,SO64227,371,21183,9,1,1
2/15/2017,1/12/2004,SO64227,540,21183,9,2,1
2/15/2017,10/25/2003,SO64204,485,13752,4,1,2
2/15/2017,1/6/2004,SO64204,480,13752,4,2,1
2/15/2017,1/21/2004,SO64235,541,26301,4,2,1
2/15/2017,12/19/2003,SO64235,573,26301,4,1,1
2/15/2017,1/5/2004,SO64237,561,26327,4,1,1
2/15/2017,1/17/2004,SO64187,528,15675,8,2,2
2/15/2017,12/5/2003,SO64187,360,15675,8,1,1
2/15/2017,1/2/2004,SO64187,537,15675,8,3,1
2/15/2017,12/5/2003,SO64203,528,21916,6,1,2
2/15/2017,11/17/2003,SO64203,215,21916,6,2,1
2/15/2017,1/9/2004,SO64214,478,15995,4,2,3
2/15/2017,12/22/2003,SO64214,477,15995,4,3,2
2/15/2017,12/15/2003,SO64214,488,15995,4,4,1
2/15/2017,1/24/2004,SO64214,599,15995,4,1,1
2/15/2017,1/27/2004,SO64207,477,21086,8,1,2
2/15/2017,11/27/2003,SO64207,214,21086,8,3,1
2/15/2017,10/19/2003,SO64207,223,21086,8,2,1
2/15/2017,12/20/2003,SO64189,529,27990,4,1,2
2/15/2017,1/7/2004,SO64189,220,27990,4,2,1
2/15/2017,11/23/2003,SO64241,214,24203,7,2,1
2/15/2017,1/15/2004,SO64241,226,24203,7,3,1
2/15/2017,11/8/2003,SO64241,576,24203,7,1,1
2/15/2017,1/19/2004,SO64233,215,26096,4,3,1
2/15/2017,1/17/2004,SO64233,466,26096,4,2,1
2/15/2017,12/12/2003,SO64233,573,26096,4,1,1
2/15/2017,11/2/2003,SO64229,223,11997,9,4,2
2/15/2017,11/29/2003,SO64229,485,11997,9,2,2
2/15/2017,11/7/2003,SO64229,358,11997,9,1,1
2/15/2017,1/5/2004,SO64229,491,11997,9,3,1
2/15/2017,10/18/2003,SO64181,477,20407,9,1,2
2/15/2017,11/23/2003,SO64230,477,26625,1,2,2
2/15/2017,11/13/2003,SO64230,479,26625,1,3,1
2/15/2017,12/3/2003,SO64230,565,26625,1,1,1
2/15/2017,11/29/2003,SO64210,537,12150,4,1,1
2/15/2017,1/6/2004,SO64232,223,26084,4,1,2
2/15/2017,12/5/2003,SO64232,563,26084,4,2,1
2/15/2017,12/25/2003,SO64238,479,23035,4,3,3
2/15/2017,11/8/2003,SO64238,477,23035,4,2,2
2/15/2017,11/14/2003,SO64238,484,23035,4,4,2
2/15/2017,12/6/2003,SO64238,584,23035,4,1,1
2/15/2017,1/4/2004,SO64206,538,28892,10,1,2
2/15/2017,10/22/2003,SO64183,480,16589,10,2,2
2/15/2017,12/14/2003,SO64183,356,16589,10,1,1
2/15/2017,12/11/2003,SO64183,486,16589,10,3,1
2/15/2017,12/24/2003,SO64202,474,17126,6,1,1
2/15/2017,1/31/2004,SO64200,223,19756,4,2,2
2/15/2017,12/14/2003,SO64200,476,19756,4,1,1
2/15/2017,12/17/2003,SO64194,530,26721,4,3,3
2/15/2017,11/1/2003,SO64194,466,26721,4,2,2
2/15/2017,11/13/2003,SO64194,541,26721,4,1,2
2/15/2017,11/27/2003,SO64185,476,16272,10,2,1
2/15/2017,12/2/2003,SO64185,587,16272,10,1,1
2/15/2017,10/18/2003,SO64198,481,23712,4,2,2
2/15/2017,12/17/2003,SO64198,536,23712,4,1,2
2/15/2017,11/29/2003,SO64191,539,14084,6,1,3
2/15/2017,11/20/2003,SO64191,462,14084,6,3,2
2/15/2017,11/13/2003,SO64191,529,14084,6,2,2
2/15/2017,11/24/2003,SO64242,561,24383,7,1,1
2/15/2017,1/20/2004,SO64226,389,25240,9,1,1
2/15/2017,10/21/2003,SO64215,223,15167,1,5,2
2/15/2017,12/17/2003,SO64215,477,15167,1,3,2
2/15/2017,11/10/2003,SO64215,478,15167,1,2,2
2/15/2017,1/24/2004,SO64215,356,15167,1,1,1
2/15/2017,11/28/2003,SO64215,489,15167,1,4,1
2/15/2017,11/8/2003,SO64197,480,23108,1,2,2
2/15/2017,12/1/2003,SO64197,536,23108,1,1,2
2/15/2017,11/25/2003,SO64219,214,15106,10,2,1
2/15/2017,1/26/2004,SO64219,489,15106,10,3,1
2/15/2017,11/6/2003,SO64219,563,15106,10,1,1
2/15/2017,12/17/2003,SO64244,215,12001,9,2,1
2/15/2017,1/20/2004,SO64244,562,12001,9,1,1
2/15/2017,10/29/2003,SO64239,462,23021,4,2,2
2/15/2017,11/29/2003,SO64239,584,23021,4,1,1
2/15/2017,1/3/2004,SO64243,477,29087,9,3,2
2/15/2017,10/22/2003,SO64243,479,29087,9,2,1
2/15/2017,1/20/2004,SO64243,489,29087,9,4,1
2/15/2017,12/10/2003,SO64243,568,29087,9,1,1
2/15/2017,1/17/2004,SO64228,485,14045,9,2,2
2/15/2017,10/22/2003,SO64228,362,14045,9,1,1
2/15/2017,12/26/2003,SO64228,489,14045,9,3,1
2/15/2017,1/7/2004,SO64240,381,20661,4,1,1
2/15/2017,10/29/2003,SO64240,490,20661,4,2,1
2/15/2017,12/26/2003,SO64225,464,24164,9,3,2
2/15/2017,1/19/2004,SO64225,477,24164,9,4,2
2/15/2017,12/1/2003,SO64225,479,24164,9,2,2
2/15/2017,12/11/2003,SO64225,605,24164,9,1,1
2/15/2017,12/31/2003,SO64222,477,24002,9,3,2
2/15/2017,12/9/2003,SO64222,481,24002,9,4,2
2/15/2017,11/8/2003,SO64222,479,24002,9,2,1
2/15/2017,1/16/2004,SO64222,606,24002,9,1,1
2/15/2017,11/9/2003,SO64182,223,18253,9,1,1
2/15/2017,10/20/2003,SO64212,477,20545,1,3,2
2/15/2017,1/9/2004,SO64212,479,20545,1,2,2
2/15/2017,11/15/2003,SO64212,214,20545,1,4,1
2/15/2017,11/2/2003,SO64212,226,20545,1,5,1
2/15/2017,12/24/2003,SO64212,373,20545,1,1,1
2/16/2017,10/25/2003,SO64256,529,27396,1,3,2
2/16/2017,11/21/2003,SO64256,472,27396,1,2,1
2/16/2017,1/9/2004,SO64256,538,27396,1,1,1
2/16/2017,11/29/2003,SO64290,583,14109,4,1,1
2/16/2017,11/2/2003,SO64295,223,14055,9,2,2
2/16/2017,12/27/2003,SO64295,566,14055,9,1,1
2/16/2017,11/11/2003,SO64278,530,28889,8,1,3
2/16/2017,12/8/2003,SO64278,484,28889,8,2,1
2/16/2017,12/2/2003,SO64264,223,23263,1,2,2
2/16/2017,12/12/2003,SO64264,477,23263,1,1,2
2/16/2017,1/30/2004,SO64264,478,23263,1,3,2
2/16/2017,12/23/2003,SO64280,485,15572,6,1,2
2/16/2017,10/26/2003,SO64283,214,21201,9,2,1
2/16/2017,12/27/2003,SO64283,379,21201,9,1,1
2/16/2017,12/19/2003,SO64258,480,11631,6,2,2
2/16/2017,12/26/2003,SO64258,538,11631,6,1,2
2/16/2017,12/10/2003,SO64296,541,12000,9,2,3
2/16/2017,1/15/2004,SO64296,487,12000,9,4,1
2/16/2017,12/2/2003,SO64296,530,12000,9,3,1
2/16/2017,11/13/2003,SO64296,562,12000,9,1,1
2/16/2017,11/9/2003,SO64294,479,11977,9,4,3
2/16/2017,10/29/2003,SO64294,477,11977,9,2,2
2/16/2017,11/4/2003,SO64294,471,11977,9,3,1
2/16/2017,11/9/2003,SO64294,573,11977,9,1,1
2/16/2017,10/19/2003,SO64272,485,14936,7,2,3
2/16/2017,11/10/2003,SO64272,477,14936,7,4,2
2/16/2017,12/7/2003,SO64272,478,14936,7,3,2
2/16/2017,1/20/2004,SO64272,528,14936,7,1,2
2/16/2017,11/14/2003,SO64272,489,14936,7,5,1
2/16/2017,11/15/2003,SO64289,381,20735,1,1,1
2/16/2017,11/15/2003,SO64269,477,26806,6,1,2
2/16/2017,11/24/2003,SO64279,530,24111,7,1,2
2/16/2017,12/30/2003,SO64262,484,24743,1,3,2
2/16/2017,10/24/2003,SO64262,528,24743,1,2,2
2/16/2017,11/15/2003,SO64262,535,24743,1,1,2
2/16/2017,10/29/2003,SO64261,480,25275,1,2,2
2/16/2017,11/21/2003,SO64261,540,25275,1,1,1
2/16/2017,10/31/2003,SO64257,530,28007,4,1,2
2/16/2017,1/24/2004,SO64257,215,28007,4,2,1
2/16/2017,1/21/2004,SO64250,529,13595,7,2,2
2/16/2017,12/19/2003,SO64250,373,13595,7,1,1
2/16/2017,11/13/2003,SO64250,540,13595,7,3,1
2/16/2017,12/18/2003,SO64245,528,13005,9,2,2
2/16/2017,10/25/2003,SO64245,535,13005,9,1,2
2/16/2017,1/30/2004,SO64245,214,13005,9,3,1
2/16/2017,1/13/2004,SO64253,215,11732,2,1,1
2/16/2017,1/1/2004,SO64253,473,11732,2,2,1
2/16/2017,10/19/2003,SO64293,529,23960,8,2,3
2/16/2017,11/18/2003,SO64293,538,23960,8,3,2
2/16/2017,12/23/2003,SO64293,214,23960,8,4,1
2/16/2017,11/11/2003,SO64293,605,23960,8,1,1
2/16/2017,11/11/2003,SO64247,529,25245,9,1,2
2/16/2017,12/27/2003,SO64247,487,25245,9,2,1
2/16/2017,11/25/2003,SO64277,480,25530,8,2,2
2/16/2017,11/17/2003,SO64277,538,25530,8,1,2
2/16/2017,12/7/2003,SO64266,464,20542,4,3,2
2/16/2017,11/15/2003,SO64266,477,20542,4,2,2
2/16/2017,1/10/2004,SO64266,478,20542,4,1,2
2/16/2017,1/9/2004,SO64266,489,20542,4,4,1
2/16/2017,11/28/2003,SO64271,528,15470,4,1,2
2/16/2017,1/5/2004,SO64271,235,15470,4,3,1
2/16/2017,1/8/2004,SO64271,485,15470,4,2,1
2/16/2017,11/16/2003,SO64291,462,17667,4,3,2
2/16/2017,11/19/2003,SO64291,220,17667,4,2,1
2/16/2017,1/25/2004,SO64291,581,17667,4,1,1
2/16/2017,12/9/2003,SO64284,484,20626,9,3,2
2/16/2017,10/23/2003,SO64284,373,20626,9,1,1
2/16/2017,12/4/2003,SO64284,479,20626,9,2,1
2/16/2017,1/24/2004,SO64255,480,11200,6,2,2
2/16/2017,11/25/2003,SO64255,539,11200,6,1,2
2/16/2017,12/6/2003,SO64260,535,26555,4,1,2
2/16/2017,1/2/2004,SO64260,480,26555,4,2,1
2/16/2017,12/2/2003,SO64288,214,19988,6,2,1
2/16/2017,12/2/2003,SO64288,385,19988,6,1,1
2/16/2017,1/4/2004,SO64259,539,28622,4,1,2
2/16/2017,12/23/2003,SO64259,214,28622,4,3,1
2/16/2017,11/18/2003,SO64259,462,28622,4,4,1
2/16/2017,1/2/2004,SO64259,529,28622,4,2,1
2/16/2017,1/6/2004,SO64292,466,23902,8,2,2
2/16/2017,12/18/2003,SO64292,584,23902,8,1,1
2/16/2017,11/21/2003,SO64275,480,15609,7,2,3
2/16/2017,12/23/2003,SO64275,535,15609,7,1,2
2/16/2017,1/23/2004,SO64252,477,15929,10,2,2
2/16/2017,11/25/2003,SO64252,478,15929,10,3,2
2/16/2017,1/30/2004,SO64252,214,15929,10,4,1
2/16/2017,12/5/2003,SO64252,354,15929,10,1,1
2/16/2017,11/2/2003,SO64270,477,17560,1,1,2
2/16/2017,12/28/2003,SO64270,214,17560,1,2,1
2/16/2017,1/14/2004,SO64268,478,21287,4,1,2
2/16/2017,1/10/2004,SO64268,214,21287,4,2,1
2/16/2017,11/18/2003,SO64274,528,15458,8,1,3
2/16/2017,12/23/2003,SO64285,570,29225,1,1,1
2/16/2017,12/20/2003,SO64254,489,11276,6,1,1
2/16/2017,11/10/2003,SO64248,214,25498,8,2,1
2/16/2017,12/4/2003,SO64248,229,25498,8,3,1
2/16/2017,10/27/2003,SO64248,580,25498,8,1,1
2/16/2017,11/15/2003,SO64249,375,16476,7,1,1
2/16/2017,11/1/2003,SO64249,490,16476,7,4,1
2/16/2017,12/22/2003,SO64249,529,16476,7,2,1
2/16/2017,1/14/2004,SO64249,540,16476,7,3,1
2/16/2017,12/25/2003,SO64267,477,20409,1,1,3
2/16/2017,1/12/2004,SO64267,478,20409,1,2,2
2/16/2017,11/2/2003,SO64273,528,14826,7,1,2
2/16/2017,1/24/2004,SO64273,220,14826,7,2,1
2/16/2017,10/19/2003,SO64276,480,12126,10,3,2
2/16/2017,11/26/2003,SO64276,529,12126,10,1,2
2/16/2017,11/16/2003,SO64276,538,12126,10,2,1
2/16/2017,1/1/2004,SO64265,528,15879,6,1,3
2/16/2017,12/16/2003,SO64265,536,15879,6,2,3
2/16/2017,1/19/2004,SO64265,215,15879,6,3,1
2/16/2017,11/29/2003,SO64263,528,23157,1,1,3
2/16/2017,11/10/2003,SO64263,536,23157,1,2,2
2/16/2017,12/26/2003,SO64263,215,23157,1,3,1
2/16/2017,1/1/2004,SO64281,477,15365,4,4,2
2/16/2017,1/11/2004,SO64281,478,15365,4,3,2
2/16/2017,10/24/2003,SO64281,480,15365,4,5,2
2/16/2017,11/16/2003,SO64281,485,15365,4,2,2
2/16/2017,10/23/2003,SO64281,352,15365,4,1,1
2/16/2017,1/18/2004,SO64246,480,11366,9,2,2
2/16/2017,11/6/2003,SO64246,535,11366,9,1,2
2/16/2017,12/16/2003,SO64286,223,24762,1,1,2
2/16/2017,12/8/2003,SO64286,561,24762,1,2,1
2/16/2017,1/25/2004,SO64251,215,12487,8,2,1
2/16/2017,1/4/2004,SO64251,358,12487,8,1,1
2/17/2017,10/25/2003,SO64318,466,26332,1,2,3
2/17/2017,11/28/2003,SO64318,535,26332,1,1,2
2/17/2017,12/9/2003,SO64373,232,17576,4,2,1
2/17/2017,11/27/2003,SO64373,581,17576,4,1,1
2/17/2017,1/6/2004,SO64370,477,23358,4,3,3
2/17/2017,1/6/2004,SO64370,479,23358,4,2,2
2/17/2017,11/23/2003,SO64370,484,23358,4,4,2
2/17/2017,10/21/2003,SO64370,606,23358,4,1,1
2/17/2017,12/5/2003,SO64348,537,11962,4,1,1
2/17/2017,10/28/2003,SO64300,485,23521,9,1,2
2/17/2017,12/6/2003,SO64369,464,23056,4,3,2
2/17/2017,1/27/2004,SO64369,214,23056,4,2,1
2/17/2017,12/23/2003,SO64369,605,23056,4,1,1
2/17/2017,1/14/2004,SO64332,484,15744,1,2,3
2/17/2017,1/24/2004,SO64332,528,15744,1,1,2
2/17/2017,1/10/2004,SO64320,536,23710,1,1,1
2/17/2017,1/31/2004,SO64327,223,18688,1,2,2
2/17/2017,1/9/2004,SO64327,474,18688,1,1,1
2/17/2017,1/4/2004,SO64335,528,14549,8,2,2
2/17/2017,12/15/2003,SO64335,215,14549,8,3,1
2/17/2017,11/21/2003,SO64335,537,14549,8,1,1
2/17/2017,1/27/2004,SO64313,223,11501,6,2,2
2/17/2017,1/3/2004,SO64313,490,11501,6,1,1
2/17/2017,11/11/2003,SO64323,528,23031,1,2,2
2/17/2017,1/31/2004,SO64323,536,23031,1,1,2
2/17/2017,1/22/2004,SO64323,220,23031,1,3,1
2/17/2017,1/17/2004,SO64334,485,18884,6,1,2
2/17/2017,10/24/2003,SO64334,487,18884,6,2,1
2/17/2017,11/7/2003,SO64329,223,26318,6,1,2
2/17/2017,12/22/2003,SO64329,477,26318,6,2,2
2/17/2017,11/11/2003,SO64368,529,23036,4,3,3
2/17/2017,11/20/2003,SO64368,462,23036,4,4,2
2/17/2017,10/20/2003,SO64368,538,23036,4,2,2
2/17/2017,12/20/2003,SO64368,215,23036,4,5,1
2/17/2017,12/31/2003,SO64368,605,23036,4,1,1
2/17/2017,2/2/2004,SO64362,478,14046,9,2,2
2/17/2017,12/31/2003,SO64362,358,14046,9,1,1
2/17/2017,12/12/2003,SO64366,481,26082,4,2,2
2/17/2017,12/5/2003,SO64366,574,26082,4,1,1
2/17/2017,11/22/2003,SO64371,604,23073,1,1,1
2/17/2017,10/20/2003,SO64375,479,27137,10,3,2
2/17/2017,1/6/2004,SO64375,473,27137,10,4,1
2/17/2017,10/24/2003,SO64375,477,27137,10,2,1
2/17/2017,12/3/2003,SO64375,606,27137,10,1,1
2/17/2017,10/23/2003,SO64310,358,12267,7,1,1
2/17/2017,1/22/2004,SO64338,528,22819,10,1,2
2/17/2017,11/21/2003,SO64338,536,22819,10,2,2
2/17/2017,1/17/2004,SO64338,220,22819,10,3,1
2/17/2017,12/8/2003,SO64328,477,18343,4,1,3
2/17/2017,11/10/2003,SO64328,215,18343,4,2,1
2/17/2017,10/31/2003,SO64364,528,13966,9,3,2
2/17/2017,12/4/2003,SO64364,215,13966,9,4,1
2/17/2017,11/21/2003,SO64364,356,13966,9,1,1
2/17/2017,1/14/2004,SO64364,537,13966,9,2,1
2/17/2017,10/28/2003,SO64351,462,16836,6,3,3
2/17/2017,10/29/2003,SO64351,485,16836,6,2,2
2/17/2017,10/29/2003,SO64351,229,16836,6,4,1
2/17/2017,1/2/2004,SO64351,354,16836,6,1,1
2/17/2017,11/24/2003,SO64299,538,19610,9,2,3
2/17/2017,1/16/2004,SO64299,462,19610,9,3,2
2/17/2017,11/1/2003,SO64299,529,19610,9,1,2
2/17/2017,12/17/2003,SO64304,540,16167,9,1,1
2/17/2017,12/7/2003,SO64360,215,25114,9,2,1
2/17/2017,12/13/2003,SO64360,389,25114,9,1,1
2/17/2017,11/20/2003,SO64353,528,15320,1,2,2
2/17/2017,1/12/2004,SO64353,214,15320,1,4,1
2/17/2017,11/5/2003,SO64353,360,15320,1,1,1
2/17/2017,1/25/2004,SO64353,537,15320,1,3,1
2/17/2017,1/10/2004,SO64367,477,26640,6,2,2
2/17/2017,11/7/2003,SO64367,479,26640,6,3,2
2/17/2017,1/17/2004,SO64367,214,26640,6,4,1
2/17/2017,11/7/2003,SO64367,605,26640,6,1,1
2/17/2017,1/29/2004,SO64341,480,17748,7,2,2
2/17/2017,1/23/2004,SO64341,536,17748,7,1,2
2/17/2017,1/7/2004,SO64339,529,16322,7,2,2
2/17/2017,11/19/2003,SO64339,539,16322,7,1,2
2/17/2017,1/15/2004,SO64333,485,21656,6,1,2
2/17/2017,12/23/2003,SO64333,215,21656,6,2,1
2/17/2017,11/26/2003,SO64345,541,13516,10,1,2
2/17/2017,11/21/2003,SO64315,480,29235,4,2,2
2/17/2017,11/13/2003,SO64315,539,29235,4,1,2
2/17/2017,1/30/2004,SO64355,478,16098,6,2,3
2/17/2017,11/21/2003,SO64355,477,16098,6,3,2
2/17/2017,12/11/2003,SO64355,214,16098,6,4,1
2/17/2017,1/6/2004,SO64355,358,16098,6,1,1
2/17/2017,12/27/2003,SO64314,229,29328,4,1,1
2/17/2017,12/20/2003,SO64305,480,16692,9,2,2
2/17/2017,11/13/2003,SO64305,529,16692,9,1,2
2/17/2017,12/31/2003,SO64340,528,21521,7,1,2
2/17/2017,10/26/2003,SO64340,536,21521,7,2,2
2/17/2017,1/5/2004,SO64340,484,21521,7,3,1
2/17/2017,11/5/2003,SO64306,214,17943,10,2,1
2/17/2017,1/14/2004,SO64306,593,17943,10,1,1
2/17/2017,12/9/2003,SO64346,530,14955,10,1,2
2/17/2017,1/24/2004,SO64346,541,14955,10,2,2
2/17/2017,1/29/2004,SO64349,480,12022,1,2,2
2/17/2017,12/21/2003,SO64349,537,12022,1,1,1
2/17/2017,11/21/2003,SO64324,478,20522,4,1,3
2/17/2017,11/3/2003,SO64324,214,20522,4,2,1
2/17/2017,12/16/2003,SO64356,214,14429,10,2,1
2/17/2017,1/16/2004,SO64356,562,14429,10,1,1
2/17/2017,1/26/2004,SO64358,582,23545,9,1,1
2/17/2017,10/24/2003,SO64298,528,14067,9,1,3
2/17/2017,11/20/2003,SO64298,535,14067,9,2,3
2/17/2017,11/9/2003,SO64298,215,14067,9,3,1
2/17/2017,1/24/2004,SO64337,480,23755,8,2,2
2/17/2017,12/23/2003,SO64337,529,23755,8,1,2
2/17/2017,11/14/2003,SO64361,477,21211,9,2,2
2/17/2017,12/6/2003,SO64361,479,21211,9,3,2
2/17/2017,1/3/2004,SO64361,371,21211,9,1,1
2/17/2017,1/26/2004,SO64330,528,15513,1,1,2
2/17/2017,12/26/2003,SO64330,214,15513,1,2,1
2/17/2017,1/6/2004,SO64363,354,14062,9,1,1
2/17/2017,11/14/2003,SO64363,487,14062,9,2,1
2/17/2017,11/21/2003,SO64319,530,15826,6,2,2
2/17/2017,12/16/2003,SO64319,541,15826,6,1,2
2/17/2017,1/12/2004,SO64316,480,11176,6,3,2
2/17/2017,1/30/2004,SO64316,539,11176,6,2,2
2/17/2017,1/29/2004,SO64316,529,11176,6,1,1
2/17/2017,1/17/2004,SO64344,541,13547,10,1,2
2/17/2017,11/27/2003,SO64344,530,13547,10,2,1
2/17/2017,12/12/2003,SO64325,476,11660,6,1,1
2/17/2017,12/24/2003,SO64325,489,11660,6,2,1
2/17/2017,12/28/2003,SO64317,223,11276,6,5,2
2/17/2017,12/16/2003,SO64317,528,11276,6,1,2
2/17/2017,1/22/2004,SO64317,215,11276,6,3,1
2/17/2017,11/16/2003,SO64317,490,11276,6,4,1
2/17/2017,10/29/2003,SO64317,535,11276,6,2,1
2/17/2017,1/17/2004,SO64354,480,15380,1,4,2
2/17/2017,11/19/2003,SO64354,528,15380,1,3,2
2/17/2017,12/30/2003,SO64354,356,15380,1,1,1
2/17/2017,1/19/2004,SO64354,537,15380,1,2,1
2/17/2017,1/10/2004,SO64374,215,20844,7,2,1
2/17/2017,1/30/2004,SO64374,385,20844,7,1,1
2/17/2017,1/7/2004,SO64308,481,19338,7,3,2
2/17/2017,1/6/2004,SO64308,485,19338,7,2,2
2/17/2017,10/24/2003,SO64308,590,19338,7,1,1
2/17/2017,12/20/2003,SO64302,478,15603,9,1,3
2/17/2017,10/27/2003,SO64302,477,15603,9,2,2
2/17/2017,1/25/2004,SO64326,223,28996,6,2,2
2/17/2017,2/2/2004,SO64326,476,28996,6,1,1
2/17/2017,10/26/2003,SO64365,466,25886,1,4,2
2/17/2017,12/2/2003,SO64365,530,25886,1,3,2
2/17/2017,1/20/2004,SO64365,541,25886,1,2,2
2/17/2017,12/31/2003,SO64365,577,25886,1,1,1
2/17/2017,1/26/2004,SO64350,477,11415,8,1,2
2/17/2017,2/1/2004,SO64350,479,11415,8,2,2
2/17/2017,1/15/2004,SO64376,479,11969,9,2,3
2/17/2017,12/30/2003,SO64376,477,11969,9,3,1
2/17/2017,11/15/2003,SO64376,487,11969,9,4,1
2/17/2017,1/15/2004,SO64376,561,11969,9,1,1
2/17/2017,11/29/2003,SO64322,480,23246,1,2,3
2/17/2017,12/11/2003,SO64322,536,23246,1,1,2
2/17/2017,1/15/2004,SO64331,528,26682,6,1,2
2/17/2017,1/14/2004,SO64331,220,26682,6,2,1
2/17/2017,11/25/2003,SO64331,466,26682,6,3,1
2/17/2017,12/16/2003,SO64303,480,16606,9,2,2
2/17/2017,11/28/2003,SO64303,540,16606,9,1,1
2/17/2017,11/3/2003,SO64312,214,15702,10,2,1
2/17/2017,12/20/2003,SO64312,358,15702,10,1,1
2/17/2017,11/8/2003,SO64359,220,25947,9,2,1
2/17/2017,10/28/2003,SO64359,385,25947,9,1,1
2/17/2017,11/16/2003,SO64321,480,24626,4,3,2
2/17/2017,11/6/2003,SO64321,529,24626,4,1,2
2/17/2017,1/16/2004,SO64321,540,24626,4,2,1
2/17/2017,1/16/2004,SO64309,477,17183,8,3,2
2/17/2017,11/4/2003,SO64309,478,17183,8,2,2
2/17/2017,12/12/2003,SO64309,360,17183,8,1,1
2/17/2017,12/16/2003,SO64342,538,12294,10,1,2
2/17/2017,1/15/2004,SO64357,464,25607,7,4,3
2/17/2017,11/18/2003,SO64357,477,25607,7,3,2
2/17/2017,1/8/2004,SO64357,479,25607,7,2,2
2/17/2017,1/31/2004,SO64357,577,25607,7,1,1
2/17/2017,11/6/2003,SO64372,229,20654,4,2,1
2/17/2017,1/17/2004,SO64372,385,20654,4,1,1
2/17/2017,11/19/2003,SO64336,528,21046,10,2,2
2/17/2017,1/23/2004,SO64336,536,21046,10,1,2
2/17/2017,11/28/2003,SO64307,529,13577,7,2,2
2/17/2017,1/29/2004,SO64307,375,13577,7,1,1
2/17/2017,11/14/2003,SO64307,472,13577,7,4,1
2/17/2017,10/29/2003,SO64307,540,13577,7,3,1
2/17/2017,11/22/2003,SO64301,484,16729,9,2,2
2/17/2017,12/31/2003,SO64301,485,16729,9,1,1
2/17/2017,11/27/2003,SO64343,541,27306,7,1,2
2/17/2017,11/13/2003,SO64347,528,14291,6,1,2
2/17/2017,11/28/2003,SO64347,214,14291,6,4,1
2/17/2017,1/24/2004,SO64347,472,14291,6,3,1
2/17/2017,11/12/2003,SO64347,537,14291,6,2,1
2/17/2017,11/25/2003,SO64297,479,17502,9,2,3
2/17/2017,11/23/2003,SO64297,477,17502,9,3,2
2/17/2017,12/19/2003,SO64297,215,17502,9,4,1
2/17/2017,12/25/2003,SO64297,373,17502,9,1,1
2/17/2017,11/29/2003,SO64311,354,12256,7,1,1
2/17/2017,10/23/2003,SO64311,487,12256,7,2,1
2/18/2017,11/7/2003,SO64448,479,27125,10,2,2
2/18/2017,12/3/2003,SO64448,477,27125,10,3,1
2/18/2017,12/21/2003,SO64448,491,27125,10,4,1
2/18/2017,1/26/2004,SO64448,605,27125,10,1,1
2/18/2017,12/25/2003,SO64379,480,13008,9,2,2
2/18/2017,11/30/2003,SO64379,535,13008,9,1,2
2/18/2017,1/12/2004,SO64444,481,20755,4,2,2
2/18/2017,1/27/2004,SO64444,220,20755,4,3,1
2/18/2017,11/27/2003,SO64444,385,20755,4,1,1
2/18/2017,12/2/2003,SO64378,477,11982,4,1,2
2/18/2017,11/24/2003,SO64378,479,11982,4,2,2
2/18/2017,10/29/2003,SO64378,489,11982,4,3,1
2/18/2017,1/30/2004,SO64438,482,25879,4,2,2
2/18/2017,11/26/2003,SO64438,214,25879,4,3,1
2/18/2017,12/2/2003,SO64438,578,25879,4,1,1
2/18/2017,11/20/2003,SO64439,480,13908,6,4,2
2/18/2017,2/2/2004,SO64439,541,13908,6,3,2
2/18/2017,1/25/2004,SO64439,530,13908,6,2,1
2/18/2017,1/17/2004,SO64439,575,13908,6,1,1
2/18/2017,1/20/2004,SO64406,480,14742,4,2,2
2/18/2017,11/30/2003,SO64406,528,14742,4,1,2
2/18/2017,11/22/2003,SO64398,480,18927,6,2,2
2/18/2017,1/20/2004,SO64398,536,18927,6,1,2
2/18/2017,11/17/2003,SO64399,482,19818,4,2,2
2/18/2017,11/22/2003,SO64399,475,19818,4,1,1
2/18/2017,12/1/2003,SO64437,220,25878,4,2,1
2/18/2017,11/19/2003,SO64437,579,25878,4,1,1
2/18/2017,12/3/2003,SO64386,480,18717,9,1,2
2/18/2017,12/23/2003,SO64428,484,12770,4,4,2
2/18/2017,1/31/2004,SO64428,356,12770,4,1,1
2/18/2017,12/29/2003,SO64428,480,12770,4,3,1
2/18/2017,12/10/2003,SO64428,537,12770,4,2,1
2/18/2017,12/15/2003,SO64421,220,12320,10,1,1
2/18/2017,12/5/2003,SO64449,477,11247,10,3,2
2/18/2017,11/18/2003,SO64449,479,11247,10,2,2
2/18/2017,1/31/2004,SO64449,220,11247,10,4,1
2/18/2017,11/22/2003,SO64449,584,11247,10,1,1
2/18/2017,11/18/2003,SO64409,529,19935,8,1,2
2/18/2017,1/7/2004,SO64409,539,19935,8,2,2
2/18/2017,2/3/2004,SO64409,488,19935,8,3,1
2/18/2017,11/24/2003,SO64420,220,11594,7,1,1
2/18/2017,10/28/2003,SO64420,491,11594,7,2,1
2/18/2017,11/3/2003,SO64419,223,14175,10,4,2
2/18/2017,11/19/2003,SO64419,478,14175,10,1,2
2/18/2017,11/13/2003,SO64419,220,14175,10,3,1
2/18/2017,12/4/2003,SO64419,487,14175,10,2,1
2/18/2017,11/1/2003,SO64440,491,26313,4,2,1
2/18/2017,11/30/2003,SO64440,575,26313,4,1,1
2/18/2017,12/18/2003,SO64387,223,14853,9,1,2
2/18/2017,11/4/2003,SO64395,529,18759,6,2,2
2/18/2017,1/14/2004,SO64395,540,18759,6,1,1
2/18/2017,10/28/2003,SO64390,485,17184,8,2,2
2/18/2017,12/8/2003,SO64390,220,17184,8,3,1
2/18/2017,10/27/2003,SO64390,354,17184,8,1,1
2/18/2017,2/2/2004,SO64404,528,15522,1,1,3
2/18/2017,11/29/2003,SO64404,485,15522,1,2,1
2/18/2017,11/7/2003,SO64435,490,29222,4,2,1
2/18/2017,11/3/2003,SO64435,572,29222,4,1,1
2/18/2017,1/2/2004,SO64397,480,11300,6,3,2
2/18/2017,11/23/2003,SO64397,529,11300,6,2,1
2/18/2017,11/3/2003,SO64397,540,11300,6,1,1
2/18/2017,10/21/2003,SO64417,477,11300,6,4,2
2/18/2017,12/29/2003,SO64417,478,11300,6,3,2
2/18/2017,10/27/2003,SO64417,528,11300,6,2,2
2/18/2017,12/27/2003,SO64417,487,11300,6,5,1
2/18/2017,12/2/2003,SO64417,537,11300,6,1,1
2/18/2017,12/17/2003,SO64405,480,15313,1,2,2
2/18/2017,1/12/2004,SO64405,528,15313,1,1,2
2/18/2017,10/21/2003,SO64433,528,12005,9,2,2
2/18/2017,11/26/2003,SO64433,220,12005,9,4,1
2/18/2017,1/31/2004,SO64433,360,12005,9,1,1
2/18/2017,12/13/2003,SO64433,537,12005,9,3,1
2/18/2017,12/31/2003,SO64443,479,18648,4,2,2
2/18/2017,10/24/2003,SO64443,484,18648,4,3,1
2/18/2017,12/31/2003,SO64443,584,18648,4,1,1
2/18/2017,10/29/2003,SO64394,480,11769,6,3,2
2/18/2017,1/4/2004,SO64394,529,11769,6,2,2
2/18/2017,10/30/2003,SO64394,538,11769,6,1,2
2/18/2017,12/11/2003,SO64377,462,12373,7,3,2
2/18/2017,1/1/2004,SO64377,477,12373,7,2,2
2/18/2017,1/29/2004,SO64377,478,12373,7,4,2
2/18/2017,10/29/2003,SO64377,356,12373,7,1,1
2/18/2017,11/9/2003,SO64424,475,14645,4,2,1
2/18/2017,12/3/2003,SO64424,589,14645,4,1,1
2/18/2017,1/23/2004,SO64446,223,17571,4,2,2
2/18/2017,11/30/2003,SO64446,489,17571,4,3,1
2/18/2017,10/23/2003,SO64446,581,17571,4,1,1
2/18/2017,1/2/2004,SO64427,528,15481,4,3,2
2/18/2017,1/26/2004,SO64427,215,15481,4,4,1
2/18/2017,12/30/2003,SO64427,360,15481,4,1,1
2/18/2017,10/30/2003,SO64427,537,15481,4,2,1
2/18/2017,1/8/2004,SO64396,528,23581,4,2,2
2/18/2017,11/7/2003,SO64396,220,23581,4,3,1
2/18/2017,2/3/2004,SO64396,536,23581,4,1,1
2/18/2017,12/17/2003,SO64410,539,19513,10,1,2
2/18/2017,11/24/2003,SO64445,583,17263,6,1,1
2/18/2017,11/21/2003,SO64426,358,15501,4,1,1
2/18/2017,11/9/2003,SO64426,483,15501,4,2,1
2/18/2017,11/3/2003,SO64431,466,25273,9,3,2
2/18/2017,11/12/2003,SO64431,387,25273,9,1,1
2/18/2017,12/9/2003,SO64431,491,25273,9,2,1
2/18/2017,12/4/2003,SO64381,480,21995,9,2,2
2/18/2017,1/29/2004,SO64381,537,21995,9,1,1
2/18/2017,11/21/2003,SO64380,529,19617,9,1,2
2/18/2017,11/17/2003,SO64380,538,19617,9,2,2
2/18/2017,2/3/2004,SO64385,480,19569,9,3,2
2/18/2017,11/6/2003,SO64385,530,19569,9,1,2
2/18/2017,1/20/2004,SO64385,541,19569,9,2,2
2/18/2017,10/28/2003,SO64451,561,11968,9,1,1
2/18/2017,12/29/2003,SO64442,604,23352,1,1,1
2/18/2017,1/31/2004,SO64412,466,22550,10,2,3
2/18/2017,11/9/2003,SO64412,477,22550,10,1,1
2/18/2017,1/21/2004,SO64450,214,11417,7,2,1
2/18/2017,12/3/2003,SO64450,562,11417,7,1,1
2/18/2017,11/26/2003,SO64441,480,23338,4,4,2
2/18/2017,1/30/2004,SO64441,529,23338,4,3,2
2/18/2017,12/15/2003,SO64441,538,23338,4,2,2
2/18/2017,12/31/2003,SO64441,606,23338,4,1,1
2/18/2017,12/8/2003,SO64430,223,12560,10,2,2
2/18/2017,1/20/2004,SO64430,560,12560,10,1,1
2/18/2017,1/4/2004,SO64402,528,22349,6,1,3
2/18/2017,12/12/2003,SO64402,483,22349,6,2,1
2/18/2017,12/31/2003,SO64422,477,16752,4,3,3
2/18/2017,11/17/2003,SO64422,479,16752,4,2,3
2/18/2017,12/4/2003,SO64422,379,16752,4,1,1
2/18/2017,11/29/2003,SO64422,487,16752,4,4,1
2/18/2017,12/23/2003,SO64403,484,15775,1,3,2
2/18/2017,12/23/2003,SO64403,528,15775,1,1,2
2/18/2017,11/23/2003,SO64403,480,15775,1,2,1
2/18/2017,1/23/2004,SO64401,477,16900,4,1,2
2/18/2017,12/4/2003,SO64401,480,16900,4,2,2
2/18/2017,1/25/2004,SO64408,477,24853,10,1,2
2/18/2017,10/22/2003,SO64408,215,24853,10,2,1
2/18/2017,12/26/2003,SO64429,480,15372,1,2,2
2/18/2017,12/27/2003,SO64429,356,15372,1,1,1
2/18/2017,1/26/2004,SO64452,477,12338,9,2,3
2/18/2017,1/24/2004,SO64452,479,12338,9,3,1
2/18/2017,12/27/2003,SO64452,487,12338,9,4,1
2/18/2017,12/21/2003,SO64452,564,12338,9,1,1
2/18/2017,1/3/2004,SO64393,480,11276,6,2,2
2/18/2017,12/27/2003,SO64393,539,11276,6,1,2
2/18/2017,11/25/2003,SO64425,477,19749,4,3,3
2/18/2017,1/3/2004,SO64425,478,19749,4,2,2
2/18/2017,12/24/2003,SO64425,484,19749,4,4,2
2/18/2017,1/4/2004,SO64425,483,19749,4,5,1
2/18/2017,1/3/2004,SO64425,596,19749,4,1,1
2/18/2017,12/10/2003,SO64414,529,25523,10,1,2
2/18/2017,11/11/2003,SO64414,214,25523,10,2,1
2/18/2017,11/25/2003,SO64423,371,20640,4,1,1
2/18/2017,12/6/2003,SO64423,487,20640,4,2,1
2/18/2017,11/17/2003,SO64400,477,17618,1,1,2
2/18/2017,1/29/2004,SO64400,214,17618,1,2,1
2/18/2017,12/9/2003,SO64432,604,24000,9,1,1
2/18/2017,12/18/2003,SO64411,529,19497,10,2,2
2/18/2017,12/10/2003,SO64411,539,19497,10,1,2
2/18/2017,10/23/2003,SO64384,464,28934,9,3,2
2/18/2017,1/13/2004,SO64384,530,28934,9,1,2
2/18/2017,10/21/2003,SO64384,220,28934,9,2,1
2/18/2017,1/27/2004,SO64447,480,27140,10,4,2
2/18/2017,12/23/2003,SO64447,529,27140,10,3,2
2/18/2017,1/2/2004,SO64447,538,27140,10,2,2
2/18/2017,11/15/2003,SO64447,484,27140,10,5,1
2/18/2017,10/28/2003,SO64447,606,27140,10,1,1
2/18/2017,1/19/2004,SO64383,477,29189,9,2,2
2/18/2017,12/28/2003,SO64383,478,29189,9,1,2
2/18/2017,12/7/2003,SO64383,481,29189,9,3,2
2/18/2017,11/21/2003,SO64434,477,14031,9,3,2
2/18/2017,10/30/2003,SO64434,478,14031,9,2,2
2/18/2017,11/30/2003,SO64434,480,14031,9,4,2
2/18/2017,10/28/2003,SO64434,352,14031,9,1,1
2/18/2017,11/8/2003,SO64434,486,14031,9,5,1
2/18/2017,1/30/2004,SO64392,529,14096,6,1,3
2/18/2017,1/19/2004,SO64392,539,14096,6,2,2
2/18/2017,11/19/2003,SO64418,528,12024,1,2,2
2/18/2017,11/7/2003,SO64418,215,12024,1,3,1
2/18/2017,1/3/2004,SO64418,537,12024,1,1,1
2/18/2017,1/7/2004,SO64416,480,23927,7,3,2
2/18/2017,12/20/2003,SO64416,530,23927,7,1,2
2/18/2017,12/3/2003,SO64416,541,23927,7,2,2
2/18/2017,11/20/2003,SO64382,223,26156,9,2,3
2/18/2017,1/6/2004,SO64382,475,26156,9,1,1
2/18/2017,12/15/2003,SO64415,223,16590,10,3,2
2/18/2017,1/12/2004,SO64415,530,16590,10,1,2
2/18/2017,12/23/2003,SO64415,220,16590,10,2,1
2/18/2017,1/10/2004,SO64391,214,16831,10,2,1
2/18/2017,12/5/2003,SO64391,360,16831,10,1,1
2/18/2017,12/24/2003,SO64436,486,26619,1,2,1
2/18/2017,12/23/2003,SO64436,572,26619,1,1,1
2/18/2017,12/25/2003,SO64388,223,11755,9,1,2
2/18/2017,12/16/2003,SO64389,477,24837,8,2,2
2/18/2017,12/1/2003,SO64389,478,24837,8,3,2
2/18/2017,10/27/2003,SO64389,484,24837,8,4,2
2/18/2017,12/14/2003,SO64389,591,24837,8,1,1
2/18/2017,1/21/2004,SO64413,538,26872,8,1,3
2/18/2017,1/21/2004,SO64413,480,26872,8,2,2
2/19/2017,12/26/2003,SO64484,477,17525,4,1,2
2/19/2017,1/27/2004,SO64463,235,17075,9,1,1
2/19/2017,1/23/2004,SO64514,479,23033,4,2,3
2/19/2017,1/26/2004,SO64514,477,23033,4,3,2
2/19/2017,1/20/2004,SO64514,215,23033,4,4,1
2/19/2017,12/12/2003,SO64514,584,23033,4,1,1
2/19/2017,1/15/2004,SO64460,477,28350,9,1,3
2/19/2017,1/20/2004,SO64460,223,28350,9,2,1
2/19/2017,12/5/2003,SO64495,530,27812,7,1,2
2/19/2017,11/3/2003,SO64495,214,27812,7,2,1
2/19/2017,12/14/2003,SO64456,535,14072,9,1,2
2/19/2017,11/18/2003,SO64469,477,15677,7,3,3
2/19/2017,12/2/2003,SO64469,478,15677,7,2,3
2/19/2017,12/23/2003,SO64469,354,15677,7,1,1
2/19/2017,11/3/2003,SO64518,389,20652,1,1,1
2/19/2017,12/16/2003,SO64518,491,20652,1,2,1
2/19/2017,1/19/2004,SO64472,529,11067,1,1,2
2/19/2017,1/15/2004,SO64472,480,11067,1,2,1
2/19/2017,1/7/2004,SO64473,462,29325,1,3,2
2/19/2017,1/21/2004,SO64473,220,29325,1,2,1
2/19/2017,12/28/2003,SO64473,529,29325,1,1,1
2/19/2017,1/1/2004,SO64467,232,14169,7,2,1
2/19/2017,1/2/2004,SO64467,588,14169,7,1,1
2/19/2017,12/6/2003,SO64500,528,12972,6,1,3
2/19/2017,12/16/2003,SO64500,537,12972,6,2,1
2/19/2017,12/4/2003,SO64455,529,20617,9,2,2
2/19/2017,12/18/2003,SO64455,371,20617,9,1,1
2/19/2017,11/3/2003,SO64455,540,20617,9,3,1
2/19/2017,11/15/2003,SO64503,485,12450,4,2,2
2/19/2017,11/27/2003,SO64503,214,12450,4,3,1
2/19/2017,1/2/2004,SO64503,352,12450,4,1,1
2/19/2017,1/21/2004,SO64475,480,11091,6,3,2
2/19/2017,12/18/2003,SO64475,529,11091,6,2,2
2/19/2017,1/13/2004,SO64475,539,11091,6,1,1
2/19/2017,1/18/2004,SO64466,466,17897,7,2,2
