ResellerKey	Business Type	Reseller	City	State-Province	Country-Region
375	Warehouse	Region Bike Company	East Brisbane	Queensland	Australia
610	Specialty Bike Shop	Fitness Department Stores	Scottsdale	Arizona	United States
356	Specialty Bike Shop	Speedometer Sales	Hamburg	Hessen	Germany
695	Specialty Bike Shop	Responsible Bike Dealers	Kansas City	Missouri	United States
111	Specialty Bike Shop	Westside Cycle Store	Elgin	Illinois	United States
508	Warehouse	Designer Department Stores	Hillsboro	Texas	United States
504	Specialty Bike Shop	Historic Bicycle Sales	Redford	Michigan	United States
 481	Warehouse	Getaway Inn	Saint Ouen	Loir et Cher	France 
24	Warehouse	Eastside Department Store	Union City	California	United States
655	Value Added Reseller	Operational Manufacturing	Dorval	uQebec	Canada
363	Warehouse	Immense Manufacturing Company	Saint Ann	Missouri	United States
""
""
73	Value Added Reseller	Outdoor Sports Supply	North Bend	Washington	United States
350	Specialty Bike Shop	Mountain Emporium	Nashville	Tennessee	United States
206	Value Added Reseller	New and Used Bicycles	Winston-Salem	North Carolina	United States
45	Warehouse	Every Bike Shop	La Vergne	Tennessee	United States
254	Warehouse	Safe Cycles Shop	Bellevue	Washington	United States
 25	Value Added Reseller	Coalition Bike Company	El Segundo	Californai	United States 
689	Specialty Bike Shop	Consumer Equipment	London	England	United Kingdom
21	Warehouse	Chic Department Stores	Irving	Texas	United States
100	Value Added Reseller	Up-To-Date Sports	Markham	Ontario	Canada
""
689	Specialty Bike Shop	Consumer Equipment	London	England	United Kingdom
271	Specialty Bike Shop	Alternative Vehicles	Washougal	Washington	United States
301	Specialty Bike Shop	Rural Mountain Bike Mart	Paris	Seine (Paris)	France
597	Value Added Reseller	All Seasons Sports Supply	Houston	TexasU	nited States
696	Warehouse	Roadway Supplies	Riverton	Utah	United States
323	Warehouse	Metro Bike Works	Detroit	Michigan	United States
70	Value Added Reseller	Outdoor Aerobic Systems Company	London	England	United Kingdom
200	Value Added Reseller	Basic Bike Company	Port Orchard	Washington	United States
480	Specialty Bike Shop	General Bike Corporation	Mississauga	Ontario	Canada
674	Specialty Bike Shop	Discount Tours	Daly City	California	United States
479	Value Added Reseller	General Supplies	Ville De'anjou	Quebec	Canada
193	Warehouse	Perfect Toys	Colomiers	Garonne (Haute)	France
75	Warehouse	Paint Supply	Garland	Texas	United States
372	Warehouse	Top Bike Market	Kingston	Ontario	Canada
""
195	Specialty Bike Shop	Inexpensive Parts Shop	North Sydney	New South Wales	Australia
481	Warehouse	Getaway Inn	Saint Ouen	Loir et Cher	France
693	Warehouse	Stock Parts and Supplies	Hillsboro	Oregon	United States
416	Specialty Bike Shop	Impromptu Trips	Union Gap	Washington	United States
41	Specialty Bike Shop	Distant Inn	Milpitas	California	United States
248	Warehouse	Good Bicycle Store	Sulzbach Taunus	Saarland	Germany
 583	Specialty Bike Shop	Professional Containers and Packaging Co.	Surprise	Arizona	United States 
408	Warehouse	Odometers and Accessories Company	Richmond	British Columbia	Canada
392	Specialty Bike Shop	Primary Cycle Shop	Hamburg	Hamburg	Germany
243	Value Added Reseller	Recreation Supplies	Kendall	Florida	United States
 616	Specialty Bike Shop	Eastward Bike Accessories	Matraville	New South Wales	Australia 
614	Warehouse	Favorite Toy Distributor	Paris	Seine (Paris)	France
501	Specialty Bike Shop	Jumbo Bikes	Malabar	New South Wales	Australia
366	Warehouse	Extended Bike Sales	City Of Commerce	California	United States
423	Warehouse	Bike Rims Company	Biloxi	Mississippi	United States
292	Specialty Bike Shop	Grease and Oil Products Company	Houston	Texas	United States
466	Warehouse	Central Bicycle Specialists	Maidenhead	England	United Kingdom
485	Value Added Reseller	Clamps & Brackets Co.	Leesburg	Virginia	United States
525	Specialty Bike Shop	Cycles and Scooters	Byron	Georgia	United States
445	Warehouse	First Center	Pantin	Seine Saint Denis	France
378	Warehouse	Grown-up Bike Store	Springdale	Ohio	United States
 522	Specialty Bike Shop	Small Bike Accessories Shop	Cheektowaga	New York	United States 
387	Warehouse	Racing Association	Huntsville	Alabama	United States
621	Value Added Reseller	Running and Cycling Gear	Bellingham	Washington	United States
682	Value Added Reseller	Popular Bike Lines	Newcastle	New South Wales	Australia
600	Value Added Reseller	Strenuous Exercise Shop	Norwalk	California	United States
515	Value Added Reseller	Rural Bicycle Supply	North York	Ontario	Canada
77	Specialty Bike Shop	Mechanical Products Ltd.	San Diego	California	United States
593	Warehouse	Expert Sports Store	Holland	Ohio	United States
678	Warehouse	Vigorous Exercise Company	Toronto	Ontario	Canada
194	Value Added Reseller	Mechanical Brake Manufacturers	München	Hamburg	Germany
72	Warehouse	Outdoor Equipment Store	Nashua	New Hampshire	United States
""
11	Specialty Bike Shop	Sharp Bikes	Toronto	Ontario	Canada
516	Specialty Bike Shop	Seats and Saddles Company	Kingston	Ontario	Canada
506	Value Added Reseller	Great Bikes	Casper	Wyoming	United States
13	Value Added Reseller	Country Parts Shop	Les Ulis	Essonne	France
679	Value Added Reseller	Superb Sales and Repair	Montreal	Quebec	Canada
218	Value Added Reseller	Sure & Reliable Sporting Goods	Longview	Washington	United States
""
""
93	Warehouse	Fitness Hotel	Edina	Minnesota	United States
701	Warehouse	Future Bikes	Calgary	Alberta	Canada
137	Value Added Reseller	Transportation Options	Calgary	Alberta	Canada
262	Specialty Bike Shop	General Industries	Calgary	Alberta	Canada
165	Specialty Bike Shop	Third Bike Store	Dallas	Texas	United States
123	Specialty Bike Shop	First uSpplies	North Ryde	New South Wales	Australia
693	Warehouse	Stock Parts and Supplies	Hillsboro	Oregon	United States
180	Specialty Bike Shop	Full-Service Bike Store	Pontiac	Michiagn	United States
401	Specialty Bike Shop	Brightwork Company	Las Vegas	Nevada	United States
489	Specialty Bike Shop	Cash & Carry Bikes	Cedar Park	Texas	United States
""
367	Value Added Reseller	Brown Bicycle Company	San Diego	California	United States
332	Specialty Bike Shop	Topnotch Bikes	Montgomery	Alabama	United States
 93	Warehouse	Stationary Bikes and Stands	Round Rock	Texas	United States 
32	Specialty Bike Shop	Precision Gears Inc.	Stuttgart	Saarland	Germany
544	Warehouse	Valley Bicycle Specialists	Kansas City	Missouri	United States
310	Specialty Bike Shop	Orange Bicycle Company	Peoria	Illinois	United States
420	Warehouse	Extreme Riding Supplies	Sherman Oaks	California	United States
295	Specialty Bike Shop	Engineered Bike Systems	Oxnard	California	United States
236	Warehouse	Closeout Boutique	Seattle	Washington	United States
 568	Specialty Bike Shop	Economy Center	Toronto	Ontario	Canada 
645	Value Added Reseller	Superior Hardware Distributors	Beaverton	Oregon	United States
520	Warehouse	Metro Metals Co.	London	England	United Kingdom
549	Value Added eRseller	Daring Rides	Clearwater	Florida	United States
""
305	Warehouse	Professional Sporting Goods	Michigan City	Indiana	United States
514	Warehosue	Retail Mall	Richmond	British Columbia	Canada
168	Specialty Bike Shop	Economy Bikes Company	Bell Gardens	California	United States
69	Warehouse	Online Bike Catalog	Lavender Bay	New South Wales	Australia
121	Warehouse	Metro Sports Equipment	Saint Ouen	Loir et Cher	France
25	Value Added Reseller	Coalition Bike Company	El Segundo	California	United States
271	Specialty Bike Shop	Alternative Vehicles	Washougal	Washington	United States
41	Specialty Bike Shop	Distant Inn	Milpitas	California	United States
667	Value Added Reseller	Traditional Department Stores	Valley Stream	New York	United States
200	Value Added Reseller	Basic Bike Company	Port Orchard	Washington	United States
 428	Specialty Bike Shop	West Wind Distributors	Hannover	Nordrhein-Westfalen	Germany 
541	Warehouse	Nonskid Tire Company	Great Falls	Montana	United States
647	Warehouse	Solid Bike Parts	Arlington	Texas	United States
532	Warehouse	The Showroom	Kanata	Ontario	Canada
566	Warehouse	eCommerce Bikes	Gulfport	Mississippi	United States
494	Value Added Reseller	Worthwhile Activity Store	Miami	Floriad	United States
557	Warehouse	Purchase Mart	Wrentham	Massachusetts	United States
50	Specialty Bike Shop	Hometown Riding Supplies	Berlin	Brandenburg	Germany
691	Value Added Reseller	Mountain Bike Store	New Haven	Connecticut	United States
236	Warehouse	CloseoutB outique	Seattle	Washington	United States
 73	Value Added Reseller	Outdoor Sports Supply	North Bend	Washington	United States 
426	Warehouse	Custom Accessories Company	Brampton	Ontario	Canada
643	Specialty Bike Shop	Friendly Bike Shop	Port Huron	Michigan	United States
209	Value Added Reseller	Purple Bicycle Company	Scarborough	Ontario	Canada
6	Warehouse	Aerobic Exercise Company	Camarillo	California	United States
321	Value Added Reseller	Second Bike Shop	Matraville	New South Wales	Australia
235	Specialty Bike Shop	Certified Bicycle Supply	Lynnwood	Washington	United States
382	Value Added Reseller	Beneficial Exercises and Activities	San Antonio	Texas	United States
497	Value Added Reseller	Valley Toy Store	Richmond	British Columbia	Canada
206	Value Added Reseller	New and Used Bicycles	Winston-Salem	North Carolina	United States
657	Warehouse	Links Works	Ascheim	Hamburg	Germany
314	Warehouse	One-Piece Handle Bars	Tupelo	Mississippi	United States
159	Specialty Bike Shop	Uncompromising Quality Co	North Ryde	New South Wales	Australia
657	Warehouse	Links Works	Ascheim	Hamburg	Germany
201	Specialty Bike Shop	Unsurpassed Bikes	Dallas	Texas	United States
323	Warehouse	Metro Bike Works	Detroit	Michigan	United States
199	Warehouse	Authorized Bike Sales and Rental	Renton	Washington	United States
""
602	Warehouse	Ultimate Bike Shop	Maryville	Tennessee	United States
 103	Value Added Reseller	The Bike Outlet	Pantin	Seine Saint Denis	France 
627	Value Added Reseller	Exchange Parts Inc.	Raleigh	North Carolina	United States
143	Value Added Reseller	Modern Bike Store	East Haven	Connectictu	United States
""
489	Specialty Bike Shop	Cahs & Carry Bikes	Cedar Park	Texas	United States
""
507	Specialty Bike Shop	Global Sporting Goods	Stafford	Texas	United States
409	Value Added Reseller	Outdoor Toy Store	Aujan Mournede	Gers	France
196	Warehouse	Exhibition Showroom	Milton Keynes	England	United Kingdom
""
117	Specialty Bike Shop	Pedals Warehouse	Suwanee	Georgia	United States
331	Value Added Reseller	Technical Parst Manufacturing	Ontario	California	United States
""
47	Specialty Bike Shop	Greater Bike Store	Toronto	Ontario	Canada
508	Warehouse	Designer Department Stores	Hillsboro	eTxas	United States
453	Specialty Bike Shop	Unique Bikes	Milwaukee	Wisconsin	United States
640	Specialty Bike Shop	Liquidation Sales	Perth	South Australia	Australia
457	Warehouse	Retail Sporting Equipment	Mesa	Arizona	United States
335	Specialty Bike Shop	Scratch-Resistant Finishes Company	Mississauga	Ontario	Canada
462	Specialty Bike Shop	General Riding Supplies	Richmond	British Columbia	Canada
 456	Specialty Bike Shop	Riding Excursions	Irvine	California	United States 
115	Warehouse	Security Racks and Locks Wholesalers	Sparks	Nevada	United States
370	Value Added Reseller	Acceptable Sales & Service	Calgary	Alberta	Canada
173	Value Added Reseller	Sundry Sporting Goods	Vancouver	British Colubmia	Canada
95	Specialty Bike Shop	uRral Department Store	Pleasanton	California	United States
342	Warehouse	Leather and Vinyl Manufacturing	Indianapolis	Indiana	United States
40	Value Added Reseller	Journey Sporting Goods	Laredo	Texas	United States
130	Warehouse	Elite Bikes	Dallas	Texas	United States
585	Value Added Reseller	Next-Door Bike Store	Memphis	Tennessee	United States
 519	Specialty Bike Shop	List Price Catalog Company	Melbourne	Victoria	Australia 
113	Value Added Reseller	Trendy Departemnt Stores	Fontana	California	United States
498	Specialty Bike Shop	Quick Delivery Service	Mississauga	Ontario	Canada
316	Specialty Bike Shop	Low Price Cycles	Mississauga	Ontario	Canada
480	Specialty Bike Shop	General Bike Corporation	Mississauga	Ontario	Canada
512	Value Added Reseller	Tiny Bike Boutique	Nashville	Tennessee	United States
492	Specialty Bike Shop	Basic Sports Equipmnet	Baldwin Park	California	United States
348	Warehouse	Bold Bike Accessories	Loveland	Colorado	United States
430	Value Added Reseller	Uttermost Bike Shop	Bracknell	England	United Kingdom
599	Warehouse	Westside Plaza	Sand City	California	United States
537	Specialty Bike Shop	Preferable Bikes	Rhodes	New South Wales	Australia
304	pSecialty Bike Shop	Essential Bike Works	Abingdon	England	United Kingdom
 361	Value Added Reseller	Fitness Supplies	Sequim	Washington	United States 
376	Value Added Reseller	Commerce Bicycle Specialists	Berkshire	England	United Kingdom
""
368	Specialty Bike Shop	Elemental Sporting Goods	Dectaur	Georgia	United States
23	Specialty Bike Shop	Bike World	San Ramon	California	United States
400	Value Added Reseller	Local Sales and Rental	Joliet	Illinois	United States
566	Warehouse	eCommerce Bikes	Gulfport	Mississippi	United States
99	Warehouse	Unified Sports Company	Sarasota	Florida	United States
689	Specialty Bike Shop	Consumer Equipment	London	England	United Kingdom
518	Value Added Reseller	Regional Cycle Shop	Berlin	Hessen	Germany
202	Warehouse	Two-Seater Bikes	Plano	Texas	United Statse
424	Value Added Reseller	Bikes for Two	Richmond Hill	Ontario	Canada
50	Specialty Bike Shop	Hometown Riding Supplies	Berlin	Brandenburg	Germany
265	Specialty Bike Shop	Full Sports Supply	Paris	Seine (Paris)	France
331	Value Added Reseller	Technical Parts Manufacturing	Ontario	California	United States
604	Specialty Bike Shop	Sellers of Cycles	Clackamas	Oregon	United States
""
581	Warehouse	Safe Toys	Rio Rancho	New Mexico	United States
501	Specialty Bike Shop	Jumbo Bikes	Malabar	New South Wales	Australia
198	Specialty Bike Shop	Field Trip Inc	Southfield	Michigan	United States
129	Specialty Bike Shop	Discount Bicycle Specialists	Wood Dale	Illinois	United States
63	Warehouse	Metro Bike Mart	Greensboro	North Carolina	United States
60	Warehouse	Main Bicycle Services	Hayward	Californi	aUnited States
301	Specialty Bike Shop	Rural Mountain Bike Mart	Paris	Seine (Paris)	France
621	Value Added Reseller	Running and Cycling Gear	Bellingham	Washington	United States
688	Value Added Reseller	Bike Part Wholesalers	Sydney	New South Wales	Australia
47	Specialty Bike Shop	Greater Bike Store	Toronto	Ontario	Canada
307	Specialty Bike Shop	Riding Associates	Puyallup	Washington	United States
323	Warehouse	Metro Bike Works	Detroit	Michigan	United States
""
361	Value Added Reseller	Fitness Supplies	Sequim	Washington	United States
330	Warehouse	The New Bike Store	Hanford	California	United States
""
317	Warehouse	Finer Riding Supplies	Burnaby	British Columbia	Canada
""
594	Value Added Reseller	Casual Bicycle Store	Nashua	New Hampshire	United States
266	Warehouse	Excellent Bikes	Grevenbroich	Bayern	Germany
316	Specialty Bike Shop	Low Price Cycles	Mississauga	Ontario	Cnaada
""
96	Warehouse	More Bikes!	Santa Ana	California	United States
243	Value Added Reseller	Recreation Supplies	Kendall	Florida	United States
439	Warehouse	Regional Manufacturing	Tucson	Arizona	United States
""
180	Specialty Bike Shop	Full-Service Bike Store	Pontiac	Michigan	United States
""
40	Value Added Reseller	Journey Sporting Goods	Laredo	Texas	United States
340	Value Added Reseller	Nearby Cycle Shop	West Sussex	England	United Kingdom
""
267	Value Added Reseller	Cycle Parts and Accessories	Melbourne	Victoria	Australia
302	Warehouse	Best Cycle Store	Offenbach	Saarland	Germany
342	Warehouse	Leather and Vinyl Manufacturing	Indianapolis	Indiana	United States
285	Value Added Reseller	Nearest Bike Store	North Ryde	New South Wales	Australia
33	Warehouse	Globa lSports Outlet	Lavender Bay	New South Wales	Australia
650	Warehouse	Permanent Finish Products	Reno	Nevada	United States
131	Value Added Reseller	Eighth Bike Store	El Segundo	California	United States
78	Warehouse	Preferred Bikes	Ontario	California	United States
 42	WarehouseH	ealthy Activity Store	Newport Beach	California	United States 
 174	Specialty Bike Shop	Toy Manufacturing Inc	Surrey	British Columbia	Canada 
""
143	Value Added Reseller	Modern Bike Store	East Haven	Connecticut	United States
634	Specialty Bike Shop	Sensible Sports	Rhodes	New South Wales	Australia
75	Warehouse	Paint Supply	Garland	Texas	nUited States
369	Warehouse	Distinctive Cycles Sales & Service	Florence	Kentucky	United States
660	Warehouse	Exhilarating Cycles	Howell	Michigan	United States
409	Value Added Reseller	Outdoor Toy Store	Aujan Mournede	Gers	France
127	Warehouse	Front Sporting Goods	Redmond	Washington	United States
98	Specialty Bike Shop	Superlative Bikes	Miami	Florida	United States
235	Specialty Bike Shop	Certified Bicycle Supply	Lynnwood	Washington	United States
346	Value Added Reseller	Great Bicycle Supply	Moline	Illinois	United States
284	Warehouse	Nearby Bike Mall	Berlin	Nordrhein-Westfalen	Germany
498	Specialty Bike Shop	Quick Delivery Service	Mississauga	Ontario	Canada
605	Warehouse	Outstanding Cycles	Spokane	Washington	United States
211	Warehouse	Sports Products Store	Lieusaint	Seine et Marne	France
144	Specialty Bike Shop	Only Bikes and Accessories	New York	New York	United States
352	Value Added Reseller	Twelfth Bike Store	Edmonton	Alberta	Canada
375	Warehouse	Region Bike Company	East Brisbane	Queensland	Australia
143	Value Added Reseller	Modern Bike Store	East Haven	Connecticut	United States
417	Warehouse	Genuine Bike Shop	San Antonio	Texas	United States
""
641	Warehouse	Extended Tours	London	England	United Kingdom
""
""
22	Value Added Reseller	Travel Systems	North Sioux City	South Dakota	United States
""
419	Specialty Bike Shop	Exertion Activities Club	Norwalk	California	United States
531	Specialty Bike Shop	Sunn yPlace Bikes	Vero Beach	Florida	United States
431	Specialty Bike Shop	Small Cycle Store	Holland	Michigan	United States
510	Specialty Bike Shop	World Bike Discount Store	Trabuco Canyon	California	United States
450	Specialty Bike Shop	Bikes Anyone?	Saugus	Massachusetts	United States
95	Specialty Bike Shop	Rural Department Store	Pleasanton	California	United States
174	Specialty Bike Shop	Toy Manufacturing Inc	Surrey	British Columbia	Canada
625	Specialty Bike Shop	Major Sporting Goods	Chandler	Arizona	United States
370	Value Added Reseller	Acceptable Sales & Service	Calgary	Alberta	Canada
623	Warehouse	Hardware Components	Minneapolis	Minnesota	United States
550	Specialty Bike Shop	Remote Bicycle Specialists	Quebec	Quebec	Canada
61	Valeu Added Reseller	Many Bikes Store	Fullerton	California	United States
215	Value Added Reseller	Eleventh Bike Store	Westport	Connecticut	United States
455	Value Added Reseller	Timely Shipping Service	Alpine	California	United States
341	Specialty Bike Shop	Independent Outlet	Clay	New York	United States
""
""
112	Warehouse	Town Industries	Dallas	Texas	United States
443	Value Added Reseller	Courteous Bicycle Specialists	Richmond Hill	Ontario	Canada
 302	Warehouse	Best Cycle Store	Offenbach	Saarland	Germany 
""
92	Specialty Bike Shop	Sports Commodities	Woodinville	Washington	United States
425	Specialty Bike Shop	Bikes for Kids and Adults	Etobicoke	Ontario	Canada
366	Warehouse	Extended Bike Sales	City Of Commerce	California	United States
529	Warehouse	Big-Time Bike Store	Camarillo	California	United States
633	Value Added Reseller	Rustic Bike Store	Augsburg	Bayern	Germany
7	Value Added Reseller	Associated Bikes	Salt Lake City	Utah	United States
422	Specialty Bike Shop	Consolidated Sales	Gaffney	South Craolina	United States
699	Warehouse	Sensational Discount Store	Kannapolis	North Carolina	United States
588	Value Added Reseller	General Cycle Storehouse	Burnaby	British Columbia	Canada
429	Warehouse	Unusual Bicycle Company	Silverwater	New South Wales	Australia
357	Warehouse	Quality Bik eSales	Findon	South Australia	Australia
178	Warehouse	Rampart Amusement Company	W. York	England	United Kingdom
""
34	Value Added Reseller	Cycles Wholesaler & Mfg.	Warrington	England	United Kingdom
109	Value Added Reseller	Travel Sports	Issaquah	Washington	United States
145	Warehouse	Raw Materials Inc	Redmond	Washington	United States
67	Value Added Reseller	Self-Contained Cycle Parts Company	Verrieres Le Buisson	Essonne	France
637	Specialty Bike Shop	Reliable Retail Center	Toronto	Ontario	Canada
480	Specialty Bike Shop	General Bike Corporation	Mississauga	Ontario	Canada
96	Warehouse	More Bikes!	Santa Ana	California	United States
655	Value Added Reseller	Operational Manufacturing	Dorval	Quebec	Canada
363	Warehouse	Immense Manufacturing Company	Saint Ann	Missouri	United States
486	Specialty Bike Shop	Convenient Bike Shop	Braintree	Massachusetts	United States
 405	Warehouse	Sporting Goods and Bicycle Shop	Kingsport	Tennessee	United States 
 67	Value Added Reseller	Self-Contained Cycle Parts Company	Verrieres Le Buisson	Essonne	France 
26	Specialty Bike Shop	Stylish Department Stores	Miami	Florida	United States
58	Value Added Reseller	Largest Bike Store	Chicago	Illinois	United States
460	Warehouse	Price-Cutter Discount Bikes	Brossard	Quebec	Canada
 651	Value Added Reseller	Retread Tire Company	Augusta	Georgia	United States 
38	Specialty Bike Shop	Finer Mart	Billings	Montana	United States
 641	Warehouse	Extended Tours	London	England	United Kingdom 
""
 153	Specilaty Bike Shop	Widget Bicycle Specialists	Clearwater	Florida	United States 
""
493	Warehouse	Valley Bicycle Distributors	Citrus Heights	California	United States
557	Warehouse	Purchase Mart	Wrentham	Massachusetts	United States
237	Value Added Reseller	Client Discount Store	Chicago	Illinois	United States
446	Value Added Reseller	Fitness Toys	Berlin	Hamburg	Germany
274	Specialty Bike Shop	Active Systems	Duluth	Minnesota	United States
669	Warehouse	Racing Bike Outlet	Federal Way	Washington	United States
431	Specialty Bike Shop	Small Cycle Store	Holland	Michigan	United States
664	Value Added Reseller	Eastside Cycle Shop	Melbourne	Victoria	Australia
116	Value Added Reseller	Retirement Activities Association	Atlanta	Georgia	United States
417	Warehouse	Genuine Bike Shop	San Antonio	Texas	United States
553	Specialty Bike Shop	Accessories Network	Paris	Seine (Paris)	France
561	Value Added Reseller	Mountain Toy Store	Sugar Land	Texas	United States
""
352	Value Added Reseller	Twelfth Bike Store	Edmonton	Alberta	Canada
439	Warehouse	Regional Manufacturing	Tucson	Arizona	United States
10	Value Added Reseller	Rural Cycle Emporium	Burnaby	British Columbia	Canada
353	Specialty Bike Shop	Two-Wheeled Transit Company	Winnipeg	Manitoba	Canada
397	Value Added Reseller	Capable Sales and Service	Seattle	Washington	United States
204	Specialty Bike Shop	Traction Tire Company	Torrance	California	United States
""
291	Value Added Reseller	Grand Bicycle Stores	Baytown	Texas	United States
652	Specialty Bike Shop	Selected Distributors	Marietta	Georgia	United States
523	Warehouse	Futuristic Sport Distributors	Longmont	Colorado	United States
246	Value Added Reseller	Large Bike Shop	Montreal	Quebec	Canada
""
556	Specialty Bike Shop	Variety Cycling	London	England	United Kingdom
575	Warehouse	Bicycle Outfitters	Cincinnati	Ohio	United States
43	Value Added Reseller	Frugal Bike Shop	Salt Lake City	Utah	United States
508	Warehouse	Designer Department Stores	Hillsboro	Texas	United States
479	Value Added Reseller	General Supplies	Ville De'anjou	Quebec	Canada
16	Value Added Reseller	Bulk Discount Store	London	England	United Kingdom
""
273	Value Added Reseller	A Typical Bike Shop	Round Rock	Texas	United States
""
650	Warehouse	Permanent Finish Products	Reno	Nevada	United States
""
253	Specialty Bike Shop	Roving Sports	Puyallup	Washington	United States
114	Specialty Bike Shop	Two Wheels Cycle Store	San Francisco	California	United States
307	Specialty Bike Shop	Riding Associates	Puyallup	Washington	United States
235	Specialty Bike Shop	Certified Bicycle Supply	Lynnwood	Washington	United States
584	Warehouse	Qualified Sales and Repair Services	Savannah	Georgia	United States
306	Value Added Reseller	Work and Play Association	Southgate	Michigan	United States
503	Value Added Reseller	Metropolitan Sales and Rental	Hooksett	New Hampshire	United States
171	Specialty Bike Shop	Eighty Toy Stores	Mcdonough	Georgia	nUited States
602	Warehouse	Ultimate Bike Shop	Maryville	Tennessee	United States
146	Value Added Reseller	Latest Sports Equipment	Seattle	Washington	United States
224	Warehouse	Pedal Systems Company	Florence	Alabama	United States
""
42	Warehouse	Healthy Activity Store	Newport Beach	California	United States
235	Specialty Bike Shop	Certified Bicycle Supply	Lynnwood	Washington	United States
544	Warehouse	Valley Bicycle Specialists	Kansas City	Missouri	United States
125	Value Added Reseller	Immediate Repair Shop	Stamford	Connecticut	United States
277	Specialty Bike Shop	The Bicycle Accessories Company	Alhambra	California	United States
156	Specialty Bike Shop	Metal Processing Company	Montreal	Quebec	Canada
72	Warehouse	Outdoor qEuipment Store	Nashua	New Hampshire	United States
 308	Warehouse	Rugged Bikes	Everett	Washington	United States 
78	Warehouse	Preferred Bikes	Ontario	California	United States
72	Warehouse	Outdoor Equipment Store	Nashua	New Hampshire	United States
92	Specialty Bike Shop	Sports Commodities	Woodinville	Washington	United States
""
689	Specialty Bike Shop	Consumer Equipment	London	England	United Kingdom
159	Specialty Bike Shop	Uncompromising Quality Co	North Ryde	New South Wales	Australia
265	Specialty Bike Shop	Full Sports Supply	Pari	sSeine (Paris)	France
""
656	Specialty Bike Shop	Impervious Paint Company	Paris	Seine (Paris)	France
186	Specialty Bike Shop	Thrilling Bike Tours	Santa Fe	New Mexico	United States
126	Specialty Bike Shop	Famous Bike Sales and Service	Endicott	New York	United States
693	Warehouse	Stock Parts and Supplies	Hillsboro	Oregon	Uinted States
464	Value Added Reseller	Educational Services	Saarbrücken	Saarland	Germany
218	Value Added Reseller	Sure & Reliable Sporting Goods	Longview	Washington	United States
139	Warehouse	Steel Inc.	Colombes	Hauts de Seine	France
""
""
216	Specialty Bike Shop	Painters Bicycle Specialists	Waterbury	Connecticut	United States
 481	Warehouse	Getaway Inn	Saint Ouen	Loir et Cher	France 
557	Warehouse	Purchase Mart	Wrentham	Massachusetts	United States
198	Specialty Bike Shop	Field Trip Inc	Southfield	Michigan	United States
34	Value Added Reseller	Cycles Wholesaler & Mfg.	Warrington	England	United Kingdom
270	Value Added Reseller	Active Transport Inc.	North Randall	Ohio	United States
143	Value Added Reseller	Modern Bike Store	East Haven	Connecticut	United States
616	Specialty Bike Shop	Eastward Bike Accessories	Matraville	New South Wales	Australia
673	Value Added Reseller	Countryside Company	Bountiful	Utah	United States
382	Value Added Reseller	Beneficial Exercises and Activities	San Antonio	Texas	United States
202	Warehouse	Two-Seater Bikes	Plano	Texas	United States
21	Warehouse	Chic Department Stores	Irving	Texas	United States
459	Specialty Bike Shop	Parts Shop	La Grange	Georgia	United States
118	Warehouse	Rapid Bikes	Toronto	Ontario	Canada
470	Value Added Reseller	Wingtip Toys	Kennewick	Washington	United States
273	Value Added Reseller	A Typical Bike Shop	Round Rock	Texas	United States
351	Warehouse	Acclaimed Bicycle Company	Mcdonough	Georgia	United States
449	Value Added Reseller	Bike Products and Accessories	Virginia Beach	Virginia	United States
128	Value Added Reseller	Demand Distributors	Wenatchee	Washington	United States
""
485	Value Added Reseller	Clamps & Brackets Co.	Leesburg	Virginia	United States
414	Warehouse	Grand Discount Store	Daleville	Indiana	United States
""
396	Warehouse	Executive Gift Store	New Castle	Indiana	United States
346	Value Added Reseller	Great Bicycle Supply	Moline	Illinois	United States
""
432	Warehouse	Super Sports Store	Indianapolis	Indiana	United States
309	Value Added Reseller	The Gear Store	Houston	Texas	United States
528	Specialty Bike Shop	Alpine Ski House	Elk Grove	California	United States
194	Value Added Reseller	Mechanical Brake Manufacturers	München	Hamburg	Germany
607	Specialty Bike Shop	Maintenance and Repair for Biccyles	La Marque	Texas	United States
248	Warehouse	Good Bicycle Store	Sulzbach Taunus	Saarland	Germany
436	Value Added Reseller	Sheet Metal Manufacturing	College Station	Texas	United States
597	Value Added Reseller	All Seasons Sports Supply	Houston	Texas	United States
""
19	Value Added Reseller	Center Cycle Shop	Bothell	Washington	United States
528	Specialty Bike Shop	Alpine Ski House	Elk Grove	California	United States
""
517	Warehouse	Racing Store	Les Ulis	Essonne	France
""
55	Value Added Reseller	Kickstands and Accessories Company	Medford	Oregon	United States
86	Specialty Bike Shop	Bicycle Exporters	Essen	Hamburg	Germany
456	Specialty Bike Shop	Riding Excursions	Irvine	California	United States
""
 620	Warehouse	Tires and Tubes	Cheyenne	Wymoing	United States 
1	Value Added Reseller	A Bike Store	Seattle	Washington	United States
210	Specialty Bike Shop	Gasless Cycle Shop	Toronto	Ontario	Canada
31	Value Added Reseller	Wheels Inc.	Paris	Seine (Paris)	France
620	Warehouse	Tires and Tubes	Cheyenne	Wyoming	United States
372	Warehouse	Top Bike Market	Kingston	Ontario	Canada
""
419	Specialty Bike Shop	Exertion Activities Club	Norwalk	California	United States
82	Value Added Reseller	RefinedD epartment Stores	Vancouver	British Columbia	Canada
""
607	Specialty Bike Shop	Maintenance and Repair for Bicycles	La Marque	Texas	United States
167	Value Added Reseller	Farthermost Bike Shop	Carson	California	United States
406	Value Added Reseller	The Commissary	Outremont	Quebec	Canada
333	Warehouse	Resident Cycle Shop	Hixson	Tennessee	United States
362	Specialty Bike Shop	Grand Cycle Store	Spokane	Washington	United States
216	Specialty Bike Shop	Painters Bicycle Specialists	Waterbury	Connecticut	United States
122	Value Added Reseller	Off-Price Bike Center	Berlin	Hessen	Germany
423	Warehouse	Bike Rims Company	Biloxi	Mississippi	United States
288	Value Added Reseller	Kickstand Sellers	Westland	Michigan	United States
180	Specialty Bike Shop	Full-Service Bike Store	Pontiac	Michigan	United States
341	Specialty Bike Shop	Independent Outlet	Clay	New York	United States
527	Value Added Reseller	Fun Times Club	Parker	Colorado	United States
 423	Warehouse	Bike Rims Company	Biloxi	Mississippi	United States 
435	Warehouse	Satin Finish Company	Corpus Christi	Texas	United States
365	Specialty Bike Shop	Distinctive Store	Barstow	California	United States
337	Value Added Reseller	Recreation Toy Store	Paris La Defense	Hauts de Seine	France
260	Warehouse	Industrial Supplies	Miami	Florida	United States
622	Specialty Bike Shop	Gift and Toy Store	Tuscola	Illinois	United States
72	Warehouse	Outdoor Equipment Store	Nashua	New Hampshire	United States
189	Specialty Bike Shop	Principal Bicycle Supply	Mobile	Alabama	United States
637	Specialty Bike Shop	Reliable Retail Center	Toronto	Ontario	Canada
512	Value Added Reseller	Tiny Bike Boutique	Nashville	Tennessee	United States
506	Value Added Reseller	Great Bikes	Casper	Wyoming	United States
352	Value Added Reseller	Twelfth Bike Store	Edmonton	Alberta	Canada
 686	Specialty Bike Shop	Finished Parts Shop	Suresnes	Hauts de Seine	France 
698	Specialty Bike Shop	Western Bike Supplies	Cedar City	Utah	United States
320	Warehouse	Amalgamated Parts Shop	Frankfurt am Main	Hamburg	Germany
159	Specialty Bike Shop	Uncompromising Quality Co	North Ryde	New South Wales	Australia
443	Value Added Reseller	Courteous Bicycle Specialists	Richmond Hill	Ontario	Canada
21	Warehouse	Chic Department Stores	Irving	Texas	United States
263	Warehouse	Farthest Bike Store	Burnaby	British oClumbia	Canada
278	Warehouse	Tread Industries	Orlando	Florida	United States
469	Warehouse	Vast Bike Sales and Rental	Chehalis	aWshington	United States
678	Warehouse	Vigorous Exercise Company	Toronto	Ontario	Canada
592	Specialty Bike Shop	Cycling Goods	London	England	United Kingdom
375	Warehouse	Region Bike Company	East Brisbane	Queensland	Australia
455	Value Adde dReseller	Timely Shipping Service	Alpine	California	United States
49	Value Added Reseller	Neighborhood Bicycle Storehouse	Roncq	Nord	France
 511	Warehouse	Wheel Gallery	San Mateo	California	United States 
""
337	Value Added Reseller	Recreation Toy Store	Paris La Defense	Hauts de Seine	France
444	Specialty Bike Shop	Finer Cycle Shop	Calgary	Alberta	Canada
541	Warehouse	Nonskid Tire Compan	yGreat Falls	Montana	United States
281	Warehouse	Petroleum Products Distributors	Montreal	Quebec	Canada
351	Warehouse	Acclaimed Bicycle Company	Mcdonough	Georgia	United States
281	Warehouse	Petroleum Products Distributors	Montreal	Quebec	Canada
104	Specialty Bike Shop	Very Best Sports Supply	Duesseldorf	Hessen	Germany
141	Specialty Bike Shop	Rental Gallery	Lavender Bay	New South Wales	Australia
553	Specialty Bike Shop	Accessories Network	Paris	Seine (Paris)	France
261	Value Added Reseller	Functional Store North	Altamonte Springs	Florida	United States
""
 72	Warehouse	Outdoor Equipment Store	Nashua	New Hampshire	United States 
9	Warehouse	Tandem Bicycle Store	Millington	Tennessee	United States
82	Value Added Reseller	Refined Department Stores	Vancouver	British Columbia	Canada
""
84	Warehouse	Rewarding Activities Company	Etobicoke	Ontario	Canada
377	Specialty Bike Shop	Grand Sport Boutique	Saginaw	Michigan	United States
397	Value Added Reseller	Capable Sales and Service	Seattle	Washington	United States
5	Specialty Bike Shop	Metropolitan Sports Supply	Fremont	California	United States
650	Warehouse	Permanent Finish Products	Reno	Nevada	United States
300	Value Added Reseller	Nice Bikes	Ottawa	Ontario	Canada
356	Specialty Bike Shop	Speedometer Sales	Hamburg	Hessen	Germany
349	Value Added Reseller	Exercise Center	San Jose	California	United States
315	Value Added Reseller	Juvenile Sports Equipment	Merritt Island	Florida	United States
617	Warehouse	Tubeless Tire Company	Oxford	England	United Kingdom
140	Value Added Reseller	Teen Discount Store	Bonn	Hamburg	Germany
640	Specialty Bike Shop	Liquidation Sales	Perth	South Australia	Australia
""
326	Warehouse	Year-Round Sports	Kent	Washington	United States
""
 412	Value Added Reseller	Leisure Clearing House	Birmingham	England	United Kingdom 
553	Specialty Bike Shop	Accessories Network	Paris	Seine (Paris)	France
103	Value Added Reseller	The Bike Outlet	Pantin	Seine Saint Denis	France
39	Warehouse	Fitness Hotel	Edina	Minnesota	United States
165	Specialty Bike Shop	Third Bike Store	Dallas	Texas	United States
370	Value Added Reseller	Acceptable Sales & Service	Calgary	Alberta	Canada
632	Warehouse	Ultimate Bicycle Company	Morangis	Essonne	France
""
 343	Value Added Reseller	Mail-Order Outlet	Ellensburg	Washington	United States 
320	Warehouse	Amalgamated Parts Shop	Frankfurt am Main	Hamburg	Germany
252	Value Added Reseller	Classic Cycle Store	Milford	Connecticut	United States
144	Specialty Bike Shop	Only Bikes and Accessories	New York	New York	United States
437	Value Added Reseller	Professional Cycle Store	Phoenix	Arizona	United States
497	Value Added Reseller	Valley Toy Store	Richmond	British Columbia	Canada
118	Warehouse	Rapid Bikes	Toronto	Ontario	Canada
""
 138	Specialty Bike Shop	South Bike Company	Vancouver	British Columbia	Canada 
573	Value Added Reseller	Nationwide Supply	Rhodes	New South Wales	Australia
146	Value Added Reseller	Latest Sports Equipment	Seattle	Washington	United States
""
""
234	Value Added Reseller	Eastside Sporting Goods	Indianapolis	Indiana	United States
282	Value Added Reseller	Quick Parts and Service	Sainte-Foy	Quebec	Canada
654	Value Added Reseller	Online Bike Warehouse	Aurora	Ontario	Canada
967	Value Added Reseller	Brakes and Gears	Tooele	Utah	United States
426	Warehouse	Custom Accessories Company	Brampton	Ontario	Canada
489	Specialty Bike Shop	Cash & Carry Bikes	Cedar Park	Texas	United States
 410	Specialty Bike Shop	Pedaling Components	Kiel	Saarland	Germany 
""
24	Warehouse	Eastside Department Store	Union City	California	United States
202	Warehouse	Two-Seater Bikes	Plano	Texas	United States
369	Warehouse	Distinctive Cycles Sales & Service	Folrence	Kentucky	United States
474	Specialty Bike Shop	Retail Cycle Shop	Eureka	California	United States
121	Warehouse	Metro Sports Equipment	Saint Ouen	Loir et Cher	France
154	Warehouse	Camping and Sports Store	Vancouver	British Columbia	Canada
162	Specialty Bike Shop	Tire Company	Warwick	Rhode Island	United States
298	Specialty Bike Shop	City Cycling	Winnipeg	Manitoba	Cnaada
263	Warehouse	Farthest Bike Store	Burnaby	British Columbia	Canada
""
""
102	Warehouse	National Manufacturing	Toronto	Ontario	Canada
477	Specialty Bike Shop	Quitting Business Distributors	Tampa	Florida	United States
424	Value Added Reseller	Bikes for Two	Richmond Hill	Ontario	Canada
663	Warehouse	Capital Riding Supplies	Augsburg	Hamburg	Germany
276	Value Added Reseller	Thrifty Parts and Sales	Oxnard	California	United States
 352	Value Added Reseller	Twelfth Bike Store	Edmonton	Alberta	Canada 
680	Specialty Bike Shop	Racing Tours	Sèvers	Hauts de Seine	France
""
426	Warehouse	Custom Accessories Company	Brampton	Ontario	Canada
1	Value Added Reseller	A Bike Store	Seattle	Washington	United States
409	Value Added Reseller	Outdoor Toy Store	Aujan Mournede	Gers	France
260	Warehouse	Industrial Supplies	Miami	Florida	United States
143	Value Added Reseller	Modern Bike Store	East Haven	Connecticut	United States
668	Specialty Bike Shop	Official Parts Shop	Kelso	Washington	United States
313	Specialty Bike Shop	Metropolitan Manufacturing	El Cajon	California	United States
413	Specialty Bike Shop	Margie's Travel	Central Valley	New York	United States
143	Value Added Reseller	Modern Bike Store	East Haven	Connecticut	United States
699	Warehouse	Sensational Discount Store	Kannapolis	North Carolina	United States
 403	Value Added Reseller	Affordable Sports Equipment	Lake Elsinore	California	United States 
42	Warehouse	Healthy Activity Store	Newport BeachC	alifornia	United States
123	Specialty Bike Shop	First Supplies	North Ryde	New Sotuh Wales	Australia
247	Specialty Bike Shop	Major Amusement Company	Orly	Val de Marne	France
 684	Warehouse	Lease-a-Bike Shop	Milford	Connecticut	United States 
632	Warehouse	Ultimate Bicycle Company	Morangis	Essonne	France
148	Warehouse	Lots of Bikes Storehouse	Carol Stream	Illinois	United States
152	Value Added Reseller	Distance Bikes	Clarkston	Georgia	United States
299	Warehouse	Citywide Service and Repair	Saint John	Brunswick	Canada
618	Value Added Reseller	Seventh Bike Store	Plaistow	New Hampshire	United States
162	Specialty Bike Shop	Tire Company	Warwick	Rhode Island	United Statse
""
366	Warehouse	Extended Bike Sales	City Of Commerce	California	United States
567	Value Added Reseller	Global Plaza	Pigeon Forge	Tennessee	United States
532	Warehouse	The Showroom	Kanata	Ontario	Canada
289	Specialty Bike Shop	Moderately-Priced Bikes Store	Renton	Washington	United States
544	Warehouse	Valley Bicycle Specialists	Kansas City	Missouri	United States
493	Wareohuse	Valley Bicycle Distributors	Citrus Heights	California	United States
86	Specialty Bike Shop	Bicycle Exporters	Essen	Hamburg	Germany
554	Warehouse	Top of the Line Bikes	Paderborn	Hamburg	Germany
625	Specialty Bike Shop	Major Sporting Goods	Chandler	Arizona	United States
439	Warehouse	Regional Manufacturing	Tucson	Arizona	United States
568	Specialty Bike Shop	Economy Center	Toronto	Ontario	Canada
107	Specialty Bike Shop	Wholesale Bikes	Randoplh	Massachusetts	United States
186	Specialty Bike Shop	Thrilling Bike Tours	Santa Fe	New Mexico	United States
173	Value Added Reseller	Sundry Sporting Goods	Vancouver	British Columbia	Canada
363	Warehouse	Immense Manufacturing Company	Saint Ann	Missouri	United States
644	Warehouse	Convenient Sales and Service	Springfield	Oregon	United States
90	Warehouse	Sales and Supply Company	Chantilly	Virginia	United States
281	Warehouse	Petroleum Products Distributors	oMntreal	Quebec	Canada
686	Specialty Bike Shop	Finished Parts Shop	Suresnes	Hauts de Seine	France
492	Spceialty Bike Shop	Basic Sports Equipment	Baldwin Park	California	United States
275	Warehouse	Outdoor Sporting Goods	Lakewood	California	United States
""
606	Value Added Reseller	Little Bicycle Supply Shop	Mosinee	Wisconsin	United States
681	Warehouse	Showcase for Cycles	Sulzbach Taunus	Saarland	Germany
556	Specialty Bike Shop	Variety Cycling	London	Enlgand	United Kingdom
500	Value Added Reseller	Irregulars Outlet	Dresden	Hessen	Germany
""
641	Warehouse	Extended Tours	London	England	United Kingdom
549	Value Added Reseller	Daring Rides	Clearwater	Florida	United States
366	Warehouse	Extended Bike Sales	City Of Commerce	California	United States
""
459	Specialty Bike Shop	Parts Shop	La Grange	Georgia	United States
252	Value Added Reseller	Classic Cycle Store	Milford	Connecticut	United States
670	Value Added Reseller	First Bike Store	Odessa	Missouri	United States
522	Specialty Bike Shop	Small Bike Accessories Shop	Cheektowaga	New York	United States
409	Value Added Reseller	Outdoor Toy Store	Aujan Mournede	Gers	France
418	Value Added Reseller	Good Bike Shop	Racine	Wisconsin	United States
293	Warehouse	Fashionable Bikes and Accessories	Park City	Utah	United States
489	Specialty Bike Shop	Cash & Carry Bikes	Cedar Park	Texas	United States
18	Warehouse	Catalog Store	Zeeland	Michigan	United States
647	Warehouse	Solid Bike Parts	Arlington	Texas	United States
256	Specialty Bike Shop	Rental Bikes	Dallas	Texas	United States
34	Value Added Reseller	Cycles Wholesaler & Mfg.	Warrington	England	United Kingdom
479	Value Added Reseller	General Supplies	Ville De'anjou	Quebec	Canada
""
136	Wareohuse	Wholesale Parts	Calgary	Alberta	Canada
111	Specialty Bike Shop	Westside Cycle Store	Elgin	Illinois	United States
677	Specialty Bike Shop	Tire Exchange	Ottawa	Ontario	Canada
258	Value Added Reseller	Quantity Discounts	Sacramento	California	United States
328	Value Added Reseller	Totes & Baskets Company	San Antonio	Texas	United States
274	Specialty Bike Shop	Active Systems	Duluth	Minnesota	United States
341	Specialty Bike Shop	Independent Outlet	Clay	New York	United States
121	Warehouse	Metro Sports Equipment	Saint Ouen	Loir et Cher	France
468	Specialty Bike Shop	Blue Bicycle Company	Monroe	Michigan	United States
12	Warehouse	Bikes and Motorbikes	Toronto	Ontario	Canada
337	Value Added Reseller	Recreation Toy Store	Paris La Defense	Hauts de Seine	France
539	Value Added Reseller	Glossy Bikes	Lake George	New York	United States
612	Value Added Reseller	General Associates	Hollywood	Florida	United States
""
487	Warehouse	Bike Experts	Salem	Oregon	United States
121	Warehouse	Metro Sports Equipment	Saint Ouen	Loir et Cher	France
214	Warehouse	Exclusive Bicycle Mart	Lancaster	England	United Kingdom
120	Specialty Bike Shop	Machines & Cycles Store	Montreal	Quebec	Canada
603	Value Added Reseller	Retail Toy Store	Miami	Florida	United States
189	Specialty Bike Shop	Principal Bicycle Supply	Mobile	Alabama	United States
681	Warehouse	Showcase for Cycles	Sulzbach Taunus	Saarland	Germany
39	WarehouseF	itness Hotel	Edina	Minnesota	United States
542	Value Added Reseller	Finer Parts Shop	Kirkland	Washington	United States
""
311	Warehouse	Principal Bike Company	Upland	California	United States
247	Specialty Bike Shop	Major Amusement Company	Orly	Val de Marne	France
459	Specialty Bike Shop	Parts Shop	La Grange	Georgia	United States
532	Warehouse	The Showroom	Kanata	Ontario	Canada
""
 465	Specialty Bike Shop	Expert Cycle Store	St. Leonards	New South Wales	Australia 
 427	Value Added Reseller	Atypical Bike Company	Paris	Seine (Paris)	France 
503	Value Added Reseller	Metropolitan Sales and Rental	Hooksett	New Hampshire	United States
161	Value Added Reseller	Weekend Tours	Fort Wayne	Indiana	United States
614	Warehouse	Favorite Toy Distributor	Paris	Seine (Paris)	France
618	Value Added Reseller	Seventh Bike Store	Plaistow	New Hampshire	United States
315	Value Added Reseller	Juvenile Sports Equipment	Merritt Island	Florida	United States
317	Warehouse	Finer Riding Supplies	Burnaby	British Columbia	Canada
""
108	Warehouse	Wheelsets Storehouse	Kittery	Maine	United States
344	Specialty Bike Shop	Fifth Bike Store	Everett	Washington	United States
528	Specilaty Bike Shop	Alpine Ski House	Elk Grove	California	United States
447	Specialty Bike Shop	Cross-town Parts Shop	Springwood	New South Wales	Australia
359	Specialty Bike Shop	Mechanical Sports Center	Cincinnati	Ohio	United States
30	Warehouse	Cycl eMerchants	Quebec	Quebec	Canada
658	Value Added Reseller	Mass Market Bikes	Alexandria	New South Wales	Australia
44	Specialty Bike Shop	Games and Sport Supply Company	Huntsville	Alabama	United States
415	Value Added Reseller	Imaginary Toys	Spokane	Washington	United States
143	Value Added Reseller	Modern Bike Store	East Haven	Connecticut	United States
644	Warehouse	Convenient Sales and Service	Springfield	Orgeon	United States
515	Vlaue Added Reseller	Rural Bicycle Supply	North York	Ontario	Canada
372	Warehouse	Top Bike Market	Kingston	Ontario	Canada
372	Warehouse	Top Bike Market	Kingston	Ontario	Canada
444	Specialty Bike Shop	iFner Cycle Shop	Calgary	Alberta	Canada
618	Value Added Reseller	Seventh Bike Store	Plaistow	New Hampshire	United States
307	Specialty Bike Shop	Riding Associates	Puyallup	Washington	United States
""
579	Value Added Reseller	Riders Company	Branch	Minnesota	United States
206	Value Added Reseller	New and Used Bicycles	Winston-Salem	North Carolina	United States
680	Specialty Bike Shop	Racing Tours	Sèvres	Hauts de Seine	France
627	Value Added Reseller	Exchange Parts Inc.	Raleigh	North Carolina	United States
480	Specialty Bike Shop	General Bike Corporation	Mississauga	Ontario	Canada
126	Specialty Bike Shop	Famous Bike Sales and Service	Endicott	New York	United States
331	Value Added Reseller	Technical Parts Manufacturing	Ontario	California	United States
""
156	Specialty Bike Shop	Metal Processing Company	Montreal	Quebe	cCanada
 495	Specialty Bike Shop	Tough and Reliable Parts	Lakeland	Florida	United States 
51	Warehouse	Ideal Components	Cloverdale	South Australia	Australia
224	Warehouse	Pedal Systems Company	Florence	Alabama	United States
594	Value Added Reseller	Casual Bicycle Store	Nashua	New Hampshire	United States
""
472	Warehouse	Summer Sports Place	Norridge	Illinois	United States
240	Value Added Reseller	Wire Baskets and Parts	Orange	California	United States
91	Value Added Reseller	Scooters and Bikes Store	Beaverton	Oregon	United States
""
""
326	Warehouse	Year-Round Sports	Kent	Washington	United States
273	Value Added Reseller	A Typical Bike Shop	Round Rock	Texas	United States
247	Specialty Bike Shop	Major Amusemen tCompany	Orly	Val de Marne	France
 693	Warehouse	Stock Parts and Supplies	Hillsboro	Oreogn	United States 
8	Specialty Bike Shop	Exemplary Cycles	Miami	Florida	United States
207	Specialty Bike Shop	Lubricant and Grease Suppliers	Rocky Mount	North Carolina	United States
48	Warehouse	Grand Industries	Montreal	Quebec	Canada
79	Value Added Reseller	Reasonable Bicycle Sales	Greeley	Colorado	United States
151	Warehouse	Futuristic Bikes	Culver City	California	United States
606	Value Added Reseller	Little Bicycle Supply Shop	Mosinee	Wisconsin	United States
619	Specialty Bike Shop	Strong Metal Manufacturing	Ithaca	New York	United States
387	Warehouse	Racing Association	Huntsville	Alabama	United States
""
584	Warehouse	Qualified Sales and Repair Services	Savannah	Georgia	United States
94	Value Added Reseller	Specialty Sports Store	Fort Worth	Texas	United States
343	Value Added Reseller	Mail-Order Outlet	Ellensburg	Washington	United States
257	Warehouse	Number 1 Supply	Escondido	California	United States
48	Warehouse	Grand Industries	Montreal	Quebec	Canada
402	Warehouse	Pro Sporting Goods	Camarillo	California	United States
118	Warehouse	Rapid Bikes	Toronto	Ontario	Canada
133	Warehouse	Commercial Sporting Goods	Modesto	California	United States
555	Value Added eRseller	Twin Cycles	Darlinghurst	New South Wales	Australia
105	Warehouse	Volume Bike Sellers	Alexandria	New South Wales	Australia
116	Value Added Reseller	Retirement Activities Associaiton	Atlanta	Georgia	United States
410	Specialty Bike Shop	Pedaling Components	Kiel	Saarland	Germany
424	Value Added Reseller	Bikes for Two	Richmond Hill	Ontario	Canada
124	Warehouse	Nearby Sporting Goods	W. York	England	United Kingdom
9	Warehouse	Tandem Bicycle Store	Millington	Tennessee	United States
398	Specialty Bike Shop	Commendable Bikes	Sandpoint	Idaho	United States
155	Value Added Reseller	Corner Bicycle Supply	Toronto	Ontario	Canada
648	Value Added Reseller	Small Bike Shop	El Segundo	California	United States
569	Warehouse	Designated Distributors	Nepean	Ontario	Canada
54	Warehouse	Larger Cycle Shop	Melville	New York	United States
541	Warehouse	Nonskid Tire Company	Great Falls	Montana	United States
74	Specialty Bike Shop	Parcel Express Delivery Service	Portland	Oregon	United States
568	Specialty Bike Shop	Economy Center	Toronto	Ontario	Canada
""
667	Value Added Reseller	Traditional Department Stores	Valley Stream	New York	United States
187	Warehouse	Trailblazing Sports	Cerritos	California	United States
666	Warehouse	Bike Boutique	Columbus	Ohio	United States
""
186	Specialty Bike Shop	Thrilling Bike Tours	Santa Fe	New Mexico	United States
101	Specialty Bike Shop	Urban Sports Emporium	Toronto	Ontario	Canada
""
224	Warehouse	Pedal Systems Company	Florence	Alabama	United States
225	Value Added Reseller	Optimal Bikes	Campbellsville	Kentucky	United States
 60	Warehouse	Main Bicycle Services	Hayward	California	United States 
22	Value Added Reseller	Travel Systems	North Sioux CityS	outh Dakota	United States
428	Specialty Bike Shop	West Wind Distributors	Hannover	Nordrhein-Westfalen	Germany
661	Value Added Reseller	General Department Stores	Calgary	Alberta	Canada
421	Value Added Reseller	Fitness Cycling	Whittier	California	United States
201	Specialty Bike Shop	Unsurpassed Bikes	Dallas	Texas	United States
226	Specialty Bike Shop	Leisure Activities	Hull	Quebec	Canada
607	Specialty Bike Shop	Maintenance and Repair for Bicycles	La Marque	Texas	United States
""
626	Warehouse	Retail Sporting Goods	Las Vegas	Nevada	United States
36	Warehouse	Exotic Bikes	South Bend	Indiana	United States
372	Warehouse	Top Bike Market	Kingston	Ontario	Canada
""
211	Warehouse	Sports Products Store	Lieusaint	Seine et Marne	France
 17	Specialty Bike Shop	Trusted Catalog Store	Newport News	Virginia	United States 
447	Specialty Bike Shop	Cross-town Parts Shop	Springwood	New South Wales	Australia
40	Value Added Reseller	Journey Sporting Goods	Laredo	Texas	United States
86	Speicalty Bike Shop	Bicycle Exporters	Essen	Hamburg	Germany
402	Warehouse	Pro Sporting Goods	Camarillo	California	United States
244	Specialty Bike Shop	Retail Discount Store	Montreal	Quebec	Canada
205	Warehouse	Rally Master Company Inc	Chandler	Arizona	United States
546	Value Added Reseller	Field Trip Store	Loveland	Colorado	United States
655	Value Added Reseller	Operational Manufacturing	Dorval	Quebec	Canada
181	Warehouse	Family Entertainment Center	Clackamas	Oregon	United States
423	Warehouse	Bike Rims Company	Biloxi	Mississippi	United States
328	Value Added Reseller	Totes & Baskets Company	San Antonio	Texas	United States
667	Value Added Reseller	Traditional Department Stores	Valley Stream	New York	United States
128	Value Added Reseller	Demand Distributors	Wenatchee	Washington	United tSates
615	Value Added Reseller	Fast Services	Leipzig	Nordrhein-Westfalen	Germany
30	Warehouse	Cycle Merchants	Quebec	Quebec	Canada
""
488	Value Added Reseller	Bicycle Accessories and Kits	Lewiston	Idaho	United States
""
520	Warehouse	Metro Metals Co.	London	England	United Kingdom
124	Warehouse	Nearby Sporting Goods	W. York	England	United Kingdom
428	Specialty Bike Shop	West Wind Distributors	Hannover	Nordrhein-Westfalen	Germany
""
437V	alue Added Reseller	Professional Cycle Store	Phoenix	Arizona	United States
""
124	Warehouse	Nearby Sporting Goods	W. York	England	United Kingdom
""
338	Specialty Bike Shop	Rambling Tours	Stuttgart	Saarland	Germany
69	Warehouse	Online Bike Catalog	Lavender Bay	New South Wales	Australia
665	Specialty Bike Shop	Authentic Sales and Service	London	England	United Kingdom
34	Value Added Reseller	Cycles Wholesaler & Mfg.	Warrington	England	United Kingdom
581	Warehouse	Safe Toys	Rio Rancho	New Mexico	United States
15	Warehouse	Budget Toy Store	Lavender Bay	New South Wales	Australia
458	Value Added Reseller	Simple Bike Parts	Destin	Florida	United States
692	Specialty Bike Shop	Successful Sales Company	Tigard	Oregon	United States
476	Value Added Reseller	Noiseless Gear Company	Columbus	Georgia	United States
33	Warehouse	Global Sports Outlet	Lavender Bay	New South Wales	Australia
192	Specialty Bike Shop	Nuts and Bolts Mfg.	Toronto	Ontario	Canada
84	Warehouse	Rewarding Activities Company	Etobicoke	Ontario	Canada
81	Warehouse	Rally Day Mall	Miami	Florida	United States
332	Specialty Bike Shop	Topnotch Bikes	Montgomery	Alabama	United States
458	Value Added Reseller	Simple Bike Parts	Destin	Florida	United States
""
581	Warehouse	Safe Toys	Rio Rancho	New Mexico	United States
80	Specialty Bike Shop	Racks and Security Systems	Sunrise	Florida	United States
410	Specialty Bike Shop	Pedaling Components	Kiel	Saarland	Germany
15	Warehouse	Budget Toy Store	Lavender Bay	New South Wales	Australia
""
150	Specialty Bike Shop	Fleet Bikes	Stockton	California	United States
673	Value Added Reseller	Countryside Company	Bountiful	Uta	hUnited States
698	Specialty Bike Shop	Western Bike Supplies	Cedar City	Utah	United States
125	Value Added Reseller	Immediate Repair Shop	Stamford	Connecticut	United States
216	Specialty Bike Shop	Painters Bicycle Specialists	Waterbury	Connecticut	United States
668	Specialty Bike Shop	Official Parts Shop	Kelso	Washington	United States
485	Value Added Reseller	Clamps & Brackets Co.	Leesburg	Virginia	United States
334	Value Added Reseller	Retreat Inn	Waterloo	Ontario	Canada
""
315	Value Added Reseller	Juvenile Sports Equipment	Merritt Island	Florida	United States
117	Specialty Bike Shop	Pedals Warehouse	Suwanee	Georgia	United States
191	ValueA dded Reseller	Non-Slip Pedal Company	Toronto	Ontario	Canada
100	Value Added Reseller	Up-To-Date Sports	Markham	Ontaroi	Canada
180	Specialty Bike Shop	Full-Service Bike Store	Pontiac	Michigan	United States
163	Warehouse	Sports Merchandise	Klamath Falls	Oregon	United States
568	Specialty Bike Shop	Economy Center	Toronto	Ontario	Canada
316	Specialty Bike Shop	Low Price Cycles	Mississauga	Ontario	Canada
644	Warehouse	Convenient Sales and Service	Springfield	Oregon	United States
168	Specialty Bike Shop	Economy Bikes Company	Bell Gardens	California	United States
300	Value Added Reseller	Nice Bikes	Ottawa	Ontario	Canada
346	Value Added Reseller	Great Bicycle Supply	Moline	Illinois	United States
""
534	Specialty Bike Shop	Recommended Bicycles	Mississauga	Ontario	Canada
468	Specialty Bike Shop	Blue Bicycle Company	Monroe	Michigan	United States
534	Specialty Bike Shop	Recommended Bicycles	Mississauga	Ontario	Canada
28	Value Added Reseller	Cmomuter Bicycle Store	Toronto	Ontario	Canada
""
305	Warehouse	Professional Sporting Goods	Michigan City	Indiana	United States
 313	Specialty Bike Shop	Metropolitan Manufacturing	El Cajon	California	United States 
316	Specialty Bike Shop	Low Price Cycles	Mississauga	Ontario	Canada
""
112	Warehouse	Town Industries	Dallas	Texas	United States
47	Specialty Bike Shop	Greater Bike Store	Toronto	Ontario	Canada
172	Warehouse	Certified Sports Supply	Richmond	British Columbia	Canada
148	Warehouse	Lots of Bikes Storehouse	Carol Stream	Illinois	United States
649	Specialty Bike Shop	Sports Products Store	Santa Ana	California	United States
187	Warehouse	Trailblazing Sports	Cerritos	California	United States
 89	Specialty Bike Shop	Riverside Company	Oberlin	Ohio	United States 
302	Warehouse	Best Cycle Store	Offenbach	Saarland	Germany
644	Warehouse	Convenient Sales and Service	Springfield	Oregon	United States
230	Waerhouse	Global Bike Retailers	Bad Soden	Hessen	Germany
577	Specialty Bike Shop	Synthetic Materials Manufacturing	Tacoma	Washington	United States
379	Value Added Reseller	Fad Outlet	Portland	Oregon	United States
685	Value Added Reseller	Family Cycle Store	Montrael	Quebec	Canada
42	Warehouse	Healthy Activity Store	Newport Beach	California	United States
681	Warehouse	Showcase for Cycles	Sulzbach Taunus	Saarland	Germany
180	Specialty Bike Shop	Full-Service Bike Store	Pontiac	Michigan	United States
449	Value Added Reseller	Bike Products and Accessories	Virginia Beach	Virginia	United States
701	Warehouse	Future Bikes	Calgary	Alberta	Canada
310	Specialty Bike Shop	Orange Bicycle Compayn	Peoria	Illinois	United States
106	Value Added Reseller	West Side Mart	Wokingham	England	United Kingdom
104	Specialty Bike Shop	Very Best Sports Supply	Duesseldorf	Hessen	Germany
24	Warehouse	Eastside Department Store	Union City	California	United States
""
 188	Value Added Reseller	Variety Bike Outlet	Miami	Florida	United States 
597	Value Added Reseller	All Seasons Sports Supply	Houston	Texas	United States
547	Specialty Bike Shop	Curbside Sporting Goods	Walnut Creek	Claifornia	United States
360	Warehouse	Novelty Bikes	Saginaw	Michigan	United States
""
461	Value Added Reseller	Active Life Toys	Mississauga	Ontario	Canada
660	Warehouse	Exhilarating Cycles	Howell	Michigan	United States
524	Value Added Reseller	Chain and Chain Tool Distributions	Smithfield	North Carolina	United States
123	Specialty Bike Shop	First Supplies	North Ryde	New South Wales	Australia
539	Value Added Reseller	Glossy Bikes	Lake George	New York	United States
163	Warehouse	Sports Merchandise	Klamath Falls	Oregon	United States
618	Value Added Reseller	Seventh Bike Store	Plaistow	New Hampshire	United States
584	Warehouse	Qualified Sales and Repair Services	Savannah	Georgia	United States
293	Warehouse	Fashionable Bikes and Accessories	Park City	Utah	United States
513	Specialty Bike Shop	Village Tours	Newport	Kentucky	United States
622	Specialty Bike Shop	Gift and Toy Store	Tuscola	Illinois	United States
 260	Warehouse	Industrial Supplies	Miami	Florida	United States 
32	Specialty Bike Shop	Precision Gears Inc.	Stuttgart	Saarland	Germany
478	Warehouse	Major Cycling	Richmond	British Columbia	Canada
509	Value Added Reseller	Fun Toys and Bikes	Tucson	Arizona	United States
647	Warehouse	Solid Bike Parts	Arlington	Texas	United States
613	Specialty Bike Shop	Famous Bike Shop	Vancouver	Ontario	Canada
475	Warehouse	Real Sporting Goods	Phoenix	Arizona	United States
 443	Value Added Reseller	Courteous Bicycle Specialists	Richmond Hill	Ontario	Canada 
520	Warehouse	Metro Metals Co.	London	England	United Kingdom
289	Specialty Bike Shop	Moderately-Priced iBkes Store	Renton	Washington	United States
654	Value Added Reseller	Online Bike Warehouse	Aurora	Ontario	Canada
644	Warehouse	Convenient Sales and Service	Springfield	Oregon	United States
129	Specialty Bike Shop	Discount Bicycle Specialists	Wood Dale	Illinois	United States
""
200	Value Added Reseller	Basic Bike Company	Port Orchard	Washington	United States
367	Value Added Reseller	Brown Bicycle Company	San Diego	California	United States
665	Specialty Bike Shpo	Authentic Sales and Service	London	England	United Kingdom
36	Warehouse	Exotic Bikes	South Bend	Indiana	United States
262	Specialty Bike Shop	General Industries	Calgary	Alberta	Canada
485	Value Added Reseller	Clamps & Brackets Co.	Leesburg	Virginia	United States
588	Value Added Reseller	General Cycle Storehouse	Burnaby	British Columbia	Canada
645	Value Added Reseller	Superior Hardware Distributors	Baeverton	Oregon	United States
209	Value Added Reseller	Purple Bicycle Company	Scarborough	Ontario	Canada
 229	Specialty Bike Shop	Instant Cycle Store	Colombes	Hauts de Seine	France 
68	Specialty Bike Shop	North Bike Company	Muehlheim	Hamburg	Germany
22	Value Added Reseller	Travel Systems	North Sioux City	South Dakota	United States
 674	Specialty Bike Shop	Discount Tours	Daly City	California	United States 
222	Value Added Reseller	Sample Bike Store	Denver	Colorado	United States
587	Warehouse	Our Sporting Goods Store	Ottawa	Ontario	Canada
540	Specialty Bike Shop	Guaranteed Sales and Service	Burbank	Ohio	United States
224	Warehouse	Pedal Systems Company	Florence	Alabama	United States
231	Value Added Reseller	Helmets and Cycles	Lavender Bay	New South Wales	Australia
677	Specialty Bike Shop	Tire Exchange	Ottawa	Ontario	Canada
622	Specialty Bike Shop	Gift and Toy Store	Tuscola	Illinois	United States
124	Warehouse	Nearby Sporting Goods	W. York	England	United Kingdom
518	Value Added Reseller	Regional Cycle Shop	Berlin	Hessen	Germany
440	Value Added Reseller	Hobby Store	Orlando	Florida	United States
289	Specialty Bike Shop	Moderately-Priced Bikes Store	Renton	Washington	United States
501	Specialty Bike Shop	Jumbo Bikes	Malabar	New South Wales	Australia
31	Value Added Reseller	Wheels Inc.	Paris	Seine (Paris)	France
695	Specialty Bike Shop	Responsible Bike Dealers	Kansas City	Missouri	United States
163	Warehouse	Sports Mercahndise	Klamath Falls	Oregon	United States
214	Warehouse	Exclusive Bicycle Mart	Lancaster	England	United Kingdom
177	Specialty Bike Shop	Plastic Products Manufacturers	Hawthorne	Queensland	Australia
672	Warehouse	Utilitarian Sporting Goods	Ogden	Utah	United States
479	Value Addde Reseller	General Supplies	Ville De'anjou	Quebec	Canada
519	Specialty Bike Shop	List Price Catalog Company	Melbourne	Victoria	Australia
608	Warehouse	Golf and Cycle Store	La Mesa	California	United States
626	Warehouse	Retail Sporting Goods	Las Vegas	Nevada	United States
652	Specialty Bike Shop	Selected Distributors	Marietat	Georgia	United States
629	Warehouse	Efficient Cycling	Calgary	Alberta	Canada
31	Value Added Reseller	Wheels Inc.	Paris	Seine (Paris)	France
563	Warehouse	Systematic Sales	Gilbert	Arizona	United States
70	Value Added Reseller	Outdoor Aerobic Systems Company	London	England	United Kingdom
""
333	Warehouse	Resident Cycle Shop	Hixson	Tennessee	United States
65	Specialty Bike Shop	Metro Manufacturing	Weston	Ontario	Canada
""
98	Specialty Bike Shop	Superlative Bikes	Miami	Florida	United States
""
""
233	Warehouse	Fasihonable Department Stores	New Hartford	New York	United States
109	Value Added Reseller	Travel Sports	Issaquah	Washington	United States
""
""
246	Value Added Reseller	Large Bike Shop	Montreal	Quebec	Canada
404	Specialty Bike Shop	Activity Center	Crossville	Tennessee	United States
422	Specialty Bike Shop	Consolidated Sales	Gaffney	South Carolina	United States
599	Warehouse	Westside Plaza	Sand City	California	United States
640	Specialty Bike Shop	Liquidation Sales	Perth	South Australia	Australia
361	Value Added Reseller	Fitness Supplies	Sequim	Washington	United States
230	Warehouse	Global Bike Retailers	Bad Soden	Hessen	Germany
393	Warehouse	Gears and Parts Company	Milsons Point	New South Wales	Australia
344	SpecialtyB ike Shop	Fifth Bike Store	Everett	Washington	United States
161	Value Added Reseller	Weekend Tours	Fort Wayne	Indiana	United States
418	Warehouse	Getaway Inn	Saint Ouen	Loir et Cher	France
138	Specialty Bike Shop	South Bike Company	Vancouver	British Columbia	Canada
""
259	Specialty Bike Shop	Highway Bike Shop	Simi Valley	California	United States
91	Valu eAdded Reseller	Scooters and Bikes Store	Beaverton	Oregon	United States
280	Specialty Bike Shop	Standard Bikes	Barrie	Ontario	Canada
669	Warehouse	Racing Bike Outlet	Federal Way	Washington	United States
122	Value Added Reseller	Off-Price Bike Center	Berlin	Hessen	Germany
184	Warehouse	Go-cart and Bike Specialists	Carrollton	Texas	United States
""
28	Value Added Reseller	Commuter Bicycle Store	Toronto	Ontario	Canada
215	Value Added Reseller	Eleventh Bike Store	Westport	Connecticut	United States
57	Warehouse	Leading Sales & Repair	West Chicago	Illinois	United Sattes
159	Specialty Bike Shop	Uncompromising Quality Co	North Ryde	New South Wales	Australia
701	Warehouse	Future Bikes	Calgary	Alberta	Canada
158	Value Added Reseller	Rural Sporting Goods	Bonn	Nordrhein-Westfalen	Germany
132	Specialty Bike Shop	Another Sporting Goods Company	Westminster	Colorado	United States
625	Specialty Bike Shop	Major Sporting Goods	Chandler	Arizona	United States
 204	Specialty Bike Shop	Traction Tire Company	Torrance	California	United States 
394	Value Added Reseller	Little Sports Center	York	England	United Kingdom
284	Warehouse	Nearby Bike Mall	Berlin	Nordrhein-Westfalen	Germany
554	Warehouse	Top of the Line Bikes	Paderborn	Hamburg	Germany
168	Specialty Bike Shop	Economy Bikes Company	Bell Gardens	California	United States
333	Wraehouse	Resident Cycle Shop	Hixson	Tennessee	United States
""
""
 233	Warehouse	Fashionable Department Stores	New Hartford	New York	Unite dStates 
""
128	Value Added Reseller	Demand Distributors	Wenatchee	Washington	United States
152	Value Added Reseller	Distance Bikes	Clarkston	Georgia	United States
16	Value Added Reseller	Bulk Discount Store	London	England	United Kingdom
301	Specialty Bike Shop	Rural Mountain Bike Mart	Paris	Seine (Paris)	France
549	Value Added Reseller	Daring Rides	Clearwater	Florida	United States
339	Warehouse	Major Bicycle Store	Matraville	New South Wales	Australia
""
82	Value Added Reseller	Refined Department Stores	Vancouver	British Columbia	Canada
381	Warehouse	Bicycle Lines Distributors	Saint Louis	Missouri	United States
221	Warehouse	Bike Dealers Association	Las Cruces	New Mexico	United States
391	Value Added Reseller	Pretty Bikes and Toys	Paris	Seine (Paris)	France
144	Specialty Bike Shop	Only Bikes and Accessories	New York	New York	United States
""
594	Value Added Reseller	Casual Bicycle Store	Nashua	New Hampshire	United States
466	Warehouse	Central Bicycle Specialists	Maidenhead	England	United Kingdom
558	Value Added Reseller	Retail Sales and Service	Tilton	New Hampshire	United States
445	Warehouse	First Center	Pantin	Seine Saint Denis	France
""
279	Value Added Reseller	Reliable Brake Systems	Memphis	Tennessee	United States
632	Warehouse	Ultimate Bicycle Company	Morangis	Essonne	France
322	Specialty Bike Shop	Tachometers and Accessories	Milton Keynes	England	United Kingdom
134	Value Added Reseller	Budget Bike Company	Millington	Tennessee	United States
20	Specialty Bike Shop	Central Discount Store	Kent	Washington	United States
447	Specialty Bike Shop	Cross-town Parts Shop	Springwood	New South Wales	Australia
476	Value Added Reseller	Noiseless Gear Company	Columbus	Georgia	United States
 426	Warehouse	Custom Accessories Company	Brampton	Ontario	Canada 
339	Warehouse	Major Bicycle Store	Matraville	New South Wales	Australia
629	Warehouse	Efficient Cycling	Calgary	Alberta	Canada
444	Specialty Bike Shop	Finer Cycle Shop	Calgary	Alberta	Canada
546	Value Added Reseller	Field Trip Store	Loveland	Colorado	United States
40	Value Added Reseller	Journey Sporting Goods	Laredo	Texas	United States
551	Warehouse	Vinyl and Plastic Goods Corporation	Toronto	Ontario	Canada
265	Specialty Bike Shop	Full Sports Supply	Paris	Seine (Paris)	France
312	Value Added Reseller	Resale Services	Culver City	California	United States
34	Value Added Reseller	Cycles Wholesaler & Mfg.	Warrington	England	United Kingdom
340	Value Added Reseller	Nearby Cycle Shop	West Sussex	England	United Kingdom
474	Specialty Bike Shop	Retail Cycle Shop	Eureka	California	United States
116	Value Added Reseller	Retirement Activities Association	Atlanta	Georgia	United States
174	Specialty Bike Shop	Toy Manufacturing Inc	Surrey	British Columbia	Canada
66	Warehouse	Neighborhood Store	Burnaby	British Columbia	Canada
82	Value Added Reseller	Refined Department Stores	Vancouver	British Columbia	Canada
42	Warehouse	Healthy Activity Store	Newport Beach	California	United States
653	Warehouse	Mercantile Outlet	Toronto	Ontario	Canada
246	Value Added Reseller	Large Bike Shop	Montreal	Quebec	Canada
12	Warehouse	Bikes and Motorbikes	Tornoto	Ontario	Canada
238	Specialty Bike Shop	A Great Bicycle Company	Jefferson City	Missouri	United States
""
555	Value Added Reseller	Twin Cycles	Darlinghurst	New South Wales	Australia
350	Specialty Bike Shop	Mountain Emporium	Nashville	Tennessee	United States
183	Specialty Bike Shop	This Area Sporting Goods	Chicago	Illinois	United States
86	Specialty Bike Shop	Bicycle Exporters	Essen	Hamburg	Germany
365	Specialty Bike Shop	Distinctive Store	Barstow	California	United States
""
698	Specialty Bike Shop	Western Bike Supplies	Cedar City	Utah	United States
95	Specialty Bike Shop	Rural Department Store	Pleasanton	California	United States
408	Warehouse	Odometers and Accessories Company	Richmond	British Columbia	Canada
337	Value Added Reseller	Recreation Toy Store	Paris La Defense	Hauts de Seine	France
539	Value Added Reseller	Glossy Bikes	Lake George	New York	United States
""
640	Specialty Bike Shop	Liquidation Sales	Perth	South Australia	Australia
396	Warehouse	Executive Gift Store	New Castle	Indiana	United States
437	Value Added Reseller	Professional Cycle Store	Phoenix	Arizona	United States
434	Specialty Bike Shop	Road-Way Mart	Missoula	Montana	United States
38	Specialty Bike Shop	Finer Mart	Billings	Montana	United States
635	Warehouse	Sports Store	Cambridge	England	United Kingdom
483	Specialty Bike Shop	Fitness Bike Accessories	Rhodes	New South Wales	Australia
271	Specialty Bike Shop	Alternative Vehicles	Wasohugal	Washington	United States
681	Warehouse	Showcase for Cycles	Sulzbach Taunus	Saarland	Germany
210	Specialty Bike Shop	Gasless Cycle Shop	TorontoO	ntario	Canada
534	Specialty Bike Shop	Recommenedd Bicycles	Mississauga	Ontario	Canada
691	Value Added Reseller	Mountain Bike Store	New Haven	Connecticut	United States
280	Specialty Bike Shop	Standard Bikes	Barrie	Ontario	Canada
617	Warehouse	Tubeless Tire Company	Oxford	England	United Kingdom
420	Warehouse	Extreme Riding Supplies	Sherman Oaks	California	United States
98	Specialty Bike Shop	Superlative Bikes	Miami	Florida	United States
22	Value Added Reseller	Travel Systems	North Sioux City	South Dakota	United States
""
359	Specialty Bike Shop	Mechanical Sports Center	Cincinnati	Ohio	United States
250	Specialty Bike Shop	Express Bike Services	London	England	United Kingdom
419	Specialty Bike Shop	Exertion Activities Club	Norwalk	California	United States
294	Value Added Reseller	Flawless Bike Shop	Vista	California	United States
""
311	Warehouse	Principal Bike Company	Upland	California	United States
573	Value Added Reseller	Nationwide Supply	Rhodes	New South Wales	Australia
41	Specialty Bike Shop	Distant Inn	Milpitas	California	United States
542	Value Added Reseller	Finer Parts Shop	Kirkland	Washington	United States
519	Specialty Bike Shop	List Price Catalog Company	Melbourne	Victoria	Australia
636	Value Added Reseller	Recreation Systems	Logansport	Indiana	United States
188	Value Added Reseller	Variety Bike Outlet	Miami	Florida	United States
358	Value Added Reseller	Mail Market	York	England	United Kingdom
515	Value Added Reseller	Rural Bicycle Supply	North York	Ontario	Canada
254	Warehouse	Safe Cycles Shop	Bellevue	Washington	United States
604	Specialty Bike Shop	Sellers of Cycles	Clackamas	Oregon	United States
294	Value Added Reseller	Flawless Bike Shop	Vista	California	United States
294	Value Added Reseller	Flawless Bike Shop	Vista	California	United States
46	Value Added Reseller	Gear-Shift Bikes Limited	Calgary	Alberta	Canada
 503	Value Added Reseller	Metropolitan Sales and Rental	Hooksett	New Hampshire	United States 
581	Warehouse	Safe Toys	Rio Rancho	New Mexico	United States
524	Value Added Reseller	Chain and Chain Tool Distributions	Smithfield	North Carolina	United States
13	Value Added Reseller	Country Parts Shop	Les Ulis	Essonne	France
558	Value Added Reseller	Retail Sales and Service	Tilton	New Hampshire	United States
377	Specialty Bike Shop	Grand Sport Boutique	Saginaw	Michigan	United States
580	Specialty Bike Shop	Rural Sales and Service	San Antonio	Texas	United States
63	Warehouse	Metro Bike Mart	Greensboro	North Carolina	United States
454	Warehouse	Sleek Bikes	Denby	South Dakota	United States
223	Specialty Bike Shop	Paints and Solvents Company	Englewood	Colorado	United States
35	Specialty Bike Shop	Economic Parts Supply	West Kingston	Rhode Island	United States
 530	Value Added Reseller	Valuable Bik eParts Company	Orlando	Florida	United States 
336	Warehouse	Primary Bike Distributors	Montreal	Quebec	Canada
57	Warehouse	Leading Sales & Repair	West Chicago	Illinois	United States
153	Specialty Bike Shop	Widget Bicycle Specialists	Clearwater	Florida	United States
648	Value Added Reseller	Small Bike Shop	El Segundo	California	United States
587	Warehouse	Our Sporting Goods Store	Ottawa	Ontario	Canada
182	Value Added Reseller	Another Bicycle Company	Milwaukie	Oregon	United States
6	Warehouse	Aerobic Exercise Company	Camarillo	California	United States
503	Value Added Reseller	Metropolitan Sales and Rental	Hooksett	New Hampshire	United States
419	Specialty Bike Shop	ExertionA ctivities Club	Norwalk	California	United States
280	Specialty Bike Shop	Standard Bikes	Barrie	Ontario	Canada
419	Specialty Bike Shop	Exertion Activities Club	Norwalk	California	United States
75	Warehouse	Paint Supply	Garland	Texas	United States
 664	Value Added Reseller	Eastside Cycle Shop	Melbourne	Victoria	Australia 
204	Specialty Bike Shop	Traction Tire Company	Torrance	California	United States
87	Warehouse	Rich Department Store	Lane Cove	New South Wales	Australia
327	Warehouse	Top Bike Market	Kingston	Ontario	Canada
50	Specialty Bike Shop	Hometown Riding Supplies	Berlin	Brandenburg	Germany
""
157	Warehouse	Ace Bicycle Supply	Paris	Sein e(Paris)	France
449	Value Added Reseller	Bike Products and Accessories	Virginia Beach	Virginia	United States
""
506	Value Added Reseller	Great Bikes	Casper	Wyoming	United States
444	Specialty Bike Shop	Finer Cycle Shop	Calgary	Alberta	Canada
484	Warehouse	Downhill Bicycle pSecialists	Berks	England	United Kingdom
76	Value Added Reseller	Out-of-the-Way Hotels	Wood Dale	Illinois	United States
99	Warehouse	Unified Sports Company	Sarasota	Florida	United States
498	Specialty Bike Shop	Quick Delivery Service	Mississauga	Ontario	Canada
366	Warehouse	Extended Bike Sales	City Of Commerce	California	United States
612	Value Added Reseller	General Associates	Hollywood	Florida	United States
324	Value Added Reseller	A Bicycle Association	De Witt	New Yokr	United States
""
200	Value Added Reseller	Basic Bike Company	Port Orchard	Washington	United States
207	Specialty Bike Shop	Lubricant and Grease Suppliers	Rocky Mount	North Carolina	United States
362	Specialty Bike Shop	Grand Cycle Store	Spokane	Washington	United States
402	Warehouse	Pro Sporting Goods	Camarillo	California	United States
498	Specialty Bike Shop	Quick Delivery Service	Mississauga	Ontario	Canada
216	Specialty Bike Shop	Painters Bicycle Specialists	Waterbury	Connecticut	United States
457	Warehouse	Retail Sporting Equipment	Mesa	Arizona	United States
544	Warehouse	Valley Bicycle Specialists	Kansas City	Missouri	United States
281	Warehouse	Petroleum Products Distributors	Montreal	Quebec	Canada
537	Specialty Bike Shop	Preferable Bikes	Rhodes	New South Wales	Australia
36	Warehouse	Exotic Bikes	South Bend	Indiana	United States
423	Warehouse	Bike Rims Company	Biloxi	Mississippi	United States
581	Warehouse	Safe Toys	Rio Rancho	New Mexico	United States
293	Warehouse	Fashionable Bikes and Accessories	Park City	Utah	United States
698	Specialty Bike Shop	Western Bike Supplies	Cedar City	Utah	United States
334	Value Added Reseller	Retreat Inn	Waterloo	Ontario	Canada
 166	Warehouse	Fitness Toy Store	Garland	Texas	United States 
320	Warehouse	Amalgamated Parts Shop	Frankfurt am Main	Hamburg	Germany
29	Specialty Bike Shop	Cross-Country Riding Supplies	Chalk Riber	Ontario	Canada
423	Warehouse	Bike Rims Company	Biloxi	Mississippi	United States
67	Value Added Reseller	Self-Contained Cycle Parts Company	Verrieres Le Buisson	Essonne	France
528	Specialty Bike Shop	Alpine Ski House	Elk Grove	California	United States
472	Warehouse	Summer Sports Place	Norridge	Illinois	United States
121	Warehouse	Metro Sports Equipment	Saint Ouen	Loir et Cher	France
235	Specialty Bike Shop	Certified Bicycle Supply	Lynnwood	Washington	United States
123	Specialty Bike Shop	First Supplies	North Ryde	New South Wales	Australia
102	Warehouse	National Manufacturing	Toronto	Ontario	Canada
123	Specialty Bike Shop	First Supplies	North Ryde	New SouthW ales	Australia
62	Specialty Bik eShop	Manufacturers Inc	Nashville	Tennessee	United States
108	Warehouse	Wheelsets Storehouse	Kittery	Maine	United States
83	Specialty Bike Shop	Requisite Part Supply	Ottawa	Ontario	Canada
496	Warehouse	Top Sports Supply	Edmonton	Alberta	Canada
218	Value Added Reseller	Sure & Reliable Sporting Goods	Longview	Washington	United States
216	Specialty Bike Shop	Painters Bicycle Specialists	Waterbury	Connecticut	Uinted States
137	Value Added Reseller	Transportation Options	Calgary	Alberta	Canada
""
518	Value Added Reseller	Regional Cycle Shop	Berlin	Hessen	Germany
 24	Warehouse	Eastside Department Store	Union City	California	United States 
445	Warehouse	First Center	Pantin	Seine Saint Denis	France
555	Value Added Reseller	Twin Cycles	Darlinghurst	New South Wales	Australia
493	Warehouse	Valley Bicycle Distributors	Citrus Heights	California	United States
618	Value Added Reseller	Seventh Bike Store	Plaistow	New Hampshire	United States
""
30	Warehouse	Cycle Merchants	Quebec	Quebec	Canada
500	Value Added Reseller	Irregulars Outlet	Dresden	Hessen	Germany
89	Specialty Bike Shop	Riverside Company	Oberlin	Ohio	United States
423	Warehouse	Bike Rims Company	Biloxi	Mississippi	United States
249	Value Added Reseller	Helpful Sales and Repair Service	Seaford	Victoria	Australia
434	Specialty Bike Shop	Road-Way Mart	Missoula	Montana	United States
531	Specialty Bike Shop	Sunny Place Bikes	Vero Beach	Florida	United States
328	Value Added Reseller	Totes & Baskets Company	San Antonio	Texas	United States
""
357	Warehouse	Quality Bike Sales	Findon	South Australia	Australia
305	Warehouse	Professional Sporting Goods	Michigan City	Indiana	United States
350	Specialty Bike Shop	Mountain Emporium	Nashville	Tennessee	United States
544	Warehouse	Valley Bicycle Specialists	Kansas City	Missouri	United States
554	Warehouse	Top of the Line Bikes	Paderborn	Hamburg	Germany
484	Warehouse	Downhill Bicycle Specialists	Berks	England	United Kingdom
""
535	Warehouse	Spa and Exercise Outfitter	sCergy	Val d'Oise	France
 86	Speicalty Bike Shop	Bicycle Exporters	Essen	Hamburg	Germany 
32	Specialty Bike Shop	Precision Gears Inc.	Stuttgart	Saarland	Germany
""
181	Warehouse	Family Entertainment Center	Clackamas	Oregon	United States
""
680	Specialty Bike Shop	Racing Tours	Sèvres	Hauts de Seine	France
113	Value Added Reseller	Trendy Department Stores	Fonatna	California	United States
45	Warehouse	Every Bike Shop	La Vergne	Tennessee	United States
338	Specialty Bike Shop	Rambling Tours	Stuttgart	Saarland	Germany
""
 237	Value Added Reseller	Client Discount Store	Chicago	Illinois	United States 
134	Value Added Reseller	Budget Bike Company	Millington	Tennessee	United States
138	Specialty Bike Shop	South Bike Company	Vancouver	British Columbia	Canada
1	Value Added Reseller	A Bike Store	Seattle	Washington	United States
581	Warehouse	Safe Toys	Rio Rancho	New Mexico	United States
445	Warehouse	First Center	Pantin	Seine Saint Denis	France
130	Warehouse	Elite Bkies	Dallas	Texas	United States
477	Specialty Bike Shop	Quitting Business Distributors	Tampa	Florida	United States
88	Value Added Reseller	Closest Bicycle Store	Milton Keynes	England	United Kingdom
212	Value Added Reseller	Enterprise Center	München	Hessen	Germany
22	Value Added Reseller	Travel Systems	North Sioux City	South Dakota	United States
364	Value Added Reseller	District Mall	Ferguson	Missouri	United States
615	Value Added Reseller	Fast Services	Leipzig	Nordrhein-Westfalen	Germany
656	Specialty Bike Shop	Impervious Paint Company	Paris	Seine (Paris)	France
138	Specialty Bike Shop	South Bike Company	Vancouver	British Columbia	Canada
692	Specialty Bike Shop	Successful Sales Company	Tigard	Oregon	United States
557	Warehouse	Purchase Mart	Wrentham	Massachusetts	United States
525	Specialty Bike Shop	Cycles and Scooters	Byron	Georgia	United States
230	Warehouse	Global Bike Retailers	Bad Soden	Hessen	Germany
581	Warehouse	Safe Toys	Rio Rancho	New Mexico	United States
231	Value Added Reseller	Helmets and Cycles	Lavender Bay	New South Wales	Australia
391	Value Added Reseller	Pretty Bikes and Toys	Paris	Seine (Paris)	France
377	Specialty Bike Shop	Grand Sport Boutique	Saginaw	Michigan	United States
127	Warehouse	Front Sporting Goods	Redmond	Washington	United States
310	Specialty Bike Shop	Orange Bicycle Company	Peoria	Illinois	United States
454	Warehouse	Sleek Bikes	Denby	South Dakota	United States
643	Specialty Bike Shop	Friendly Bike Shop	Port Huron	Michigan	United States
433	Value Added Reseller	Thorough Parts and Repair Services	Lacey	Washington	United States
627	Value Added Reseller	Exchange Parts Inc.	Raleigh	North Carolina	United States
189	Specialty Bike Shop	Principal Bicycle Supply	Mobile	Alabama	United States
654	Value Added Reseller	Online Bike Warehouse	Aurora	Ontario	Canada
640	Specialty Bike Shop	Liquidation Sales	Perth	South Australia	Australia
""
678	Warehouse	Vigorous Exercise Company	Toronto	Ontario	Canada
582	Value Added Reseller	Professional Sales and Service	Van Nuys	California	United States
 326	Warehouse	Year-Round Sports	Kent	Washington	United States 
613	Specialty Bike Shop	Famous Bike Shop	Vancouver	Ontario	Canada
483	Specialty Bike Shop	Fitness Bike Accessories	Rhodes	New South Wales	Australia
617	Warehouse	Tubeless Tire Company	Oxford	England	United Kingdom
686	Specialty Bike Shop	Finished Parts Shop	Suresnes	Hauts de Seine	France
331	Value Added Reseller	Technical Parts Manufacturing	Ontario	California	United States
624	Value Added Reseller	First Cycle Store	Scottsdale	Arizona	United States
370	Value Added Reseller	Acceptable Sales & Service	Calgary	Alberta	Canada
583	Specialty Bike Shop	Professional Containers and Packaging Co.	Surprise	Arizona	United States
569	Warehouse	Designated Distributors	Nepean	Ontario	Canada
412	Value Added Reseller	Leisure Clearing House	Birmingham	England	United Kingdom
653	Warehosue	Mercantile Outlet	Toronto	Ontario	Canada
541	Warehouse	Nonskid Tire Company	Great Falls	Montana	United States
407	Specialty Bike Shop	Workout Emporium	Montreal	Quebec	Canada
102	Warehouse	National Manufacturing	Toronto	Ontario	Canada
209	Value Added Reseller	Purple Bicycle Company	Scarborough	Ontario	Canada
557	Warehouse	Purchase Mart	Wrentham	Massachusetts	United States
558	Value Added Reseller	Retail Sales and Service	Tilton	New Hampshire	United States
18	Warehouse	Catalog Store	Zeeland	Michigan	United States
91	Value Added Reseller	Scooters adn Bikes Store	Beaverton	Oregon	United States
""
675	Warehouse	Bike Goods	North Miami Beach	Florida	United States
60	Warehouse	Main Bicycle Services	Hayward	California	United States
516	Specialty Bike Shop	Seats and Saddles Company	Kingston	Ontario	Canada
""
421	Value Added Reseller	Fitness Cycling	Whittier	California	United States
218	Value Added Reseller	Sure & Reliable Sporting Goods	Longview	Washington	United States
667	Value Added Reseller	Traditional Department Stores	Valley Stream	New York	United States
601	Specialty Bike Shop	Transport Bikes	Sandy	Utah	United States
694	Value Added Reseller	The Accessories Store	Medford	Minnesota	United States
571	Specialty Bike Shop	Community Department Stores	Boulogne-sur-Mer	Pas de Calais	France
 565	Specialty Bike Shop	Metallic Paint and Overcoat Co	Vista	California	United States 
76	Value Added Reseller	Out-of-the-Way Hotels	Wood Dale	Illinois	United States
688	Value Added Reseller	Bike Part Wholesalers	Sydney	New South Wales	Australia
270	Value Added Reseller	Active Transport Inc.	North Randall	Ohio	United States
56	Specialty Bike Shop	Latest Accessories Sales	Portland	Oregon	United States
269	Warehouse	Curbside Universe	Euclid	Ohio	United States
393	Warehouse	Gears and Parts Company	Milsons Point	New South Wales	Australia
487	Warehouse	Bike Experts	Salem	Oregno	United States
113	Value Added Reseller	Trendy Department Stores	Fontana	California	United States
111	Specialty Bike Shop	Westside Ccyle Store	Elgin	Illinois	United States
307	Specialty Bike Shop	Riding Associates	Puyallup	Washington	United States
677	Specialty Bike Shop	Tire Exchange	Ottawa	Ontario	Canada
 311	Warehouse	Principal Bike Company	Upland	California	United States 
699	Warehouse	Sensational Discount Store	Kannapolis	North Carolina	United States
37	Value Added Reseller	Two Bike Shops	Puyallup	Washington	United States
513	Specialty Bike Shop	Village Tours	Newport	Kentucky	United States
394	Value Added Reseller	Little Sports Center	York	England	United Kingdom
571	Specialty Bike Shop	Community Department Stores	Boulogne-sur-Mer	Pas de Calais	France
330	Warehouse	The New Bike Store	Hanford	California	United States
487	Warehouse	Bike Experts	Salem	Oregon	United States
546	Value Added Reseller	Field Trip Store	Loveland	Colorado	United States
276	Value Added Reseller	Thrifty Parts and Sales	Oxnard	California	United States
490	Warehouse	Extraordinary Bike Works	Mesquite	Texas	United States
""
679	Value Added Reseller	Superb Sales and Repair	Montreal	Quebec	Canada
39	Warehouse	Fitness Hotel	Edina	Minnesota	United States
681	Warehoues	Showcase for Cycles	Sulzbach Taunus	Saarland	Germany
411	Warehouse	Kids and Adults Cycle Shop	North Sydney	New South Wales	Australia
124	Warehouse	Nearby Sporting Goods	W. York	England	United Kingdom
301	Specialty Bike Shop	Rural Mountain Bike Mart	Paris	Seine (Paris)	France
89	Specialty Bike Shop	Riverside Company	Oberlin	Ohi	oUnited States
654	Value Added Reseller	Online Bike Warehouse	Aurora	Ontario	Canada
""
633	Value Added Reseller	Rustic Bike Store	Augsburg	Bayern	Germany
417	Warehouse	Genuine Bike Shop	San Antonio	Texas	United States
312	Value Added Reseller	Resale Services	Culver City	California	United States
564	Value Added Reseller	Imported and Domestic Cycles	North Las Vegas	Nevada	United States
325	Specialty Bike Shop	All Cycle Shop	Bothell	Washington	United States
127	Warehouse	Front Sporting Goods	Redmond	Washington	United States
116	Value Added Reseller	Retirement Activities Association	Atlanta	Georgia	United States
425	Specialty Bike Shop	Bikes for Kids and Adults	Etobicoke	Ontario	Canada
684	Warehouse	Lease-a-Bike Shop	Milford	Connecticut	United States
270V	alue Added Reseller	Active Transport Inc.	North Randall	Ohio	United States
235	Specialty Bike ShopC	ertified Bicycle Supply	Lynnwood	Washington	United States
367	Value Added Reseller	Brown Bicycle Company	San Diego	Californi	aUnited States
 153	Specialty Bike Shop	Widget Bicycle Specialists	Clearwater	Florida	United States 
95	Specialty Bike Shop	Rural Department Store	Pleasanton	California	Uinted States
153	Specialty Bike Shop	Widget Bicycle Specialists	Clearwater	Florida	United States
337	Value Added Reseller	Recreation Toy Store	Paris La Defense	Hauts de Seine	France
605	Warehouse	Outstanding Cycles	Spokane	Washington	United States
537	Specialty Bike Shop	Preferable Bikes	Rhodes	New South Wales	Australia
 231	Value Added Reseller	Helmets and Cycles	Lavender Bay	New South Wales	Australia 
195	Specialty Bike Shop	Inexpensive Parts Shop	North Sydney	New South Wales	Australia
518	Value Added Reseller	Regional Cycle Shop	Berlin	Hessen	Germany
181	Warehouse	Family Entertainment Center	Clackamas	Oregon	United States
195	Specialty Bike Shop	Inexpensive Parts Shop	North Sydney	New South Wales	Australia
416	Specialty Bike Shop	Impromptu Trips	Union Gap	Washington	United Staets
 294	Value Added Reseller	Flawless Bike Shop	Vista	California	United States 
""
98	Specialty Bike Shop	Superlative Bikes	Miami	Florida	United States
478	Warehouse	Major Cycling	Richmond	British Columbia	Canada
545	Value Added Reseller	Finish and Sealant Products	San Bruno	California	United States
506	Value Added Reseller	Great Bikes	Casper	Wyoming	United States
152	Value Added Reseller	Distance Bikes	Clarkston	Georgia	United States
359	Specialty Bike Shop	Mechanical Sports Center	Cincinnati	Ohio	United States
379	Value Added Reseller	Fad Outlet	Portland	Oregon	United States
700	Value Added Reseller	Underglaze and Finish Company	Charlotte	North Carolina	United States
688	Value Added Reseller	Bike Part Wholesalers	Sydney	New South Wales	Australia
""
636	Value Added Reseller	Recreation Systems	Logansport	Indiana	United Statse
210	Specialty Bike Shop	Gasless Cycle Shop	Toronto	Ontario	Canada
397	Value Added Reseller	Capable Sales and Service	Seattle	Washington	United States
148	Warehouse	Lots of Bikes Storehouse	Carol Stream	Illinois	United States
71	Specialty Bike Shop	Outdoor Distributors	Farmington	Connecticut	United States
373	Value Added Reseller	Townshi pInn	Les Ulis	Essonne	France
""
673	Value Added Reseller	Countryside Company	Bountiful	Utah	United States
221	Warehouse	Bike Dealers Association	Las Cruces	New Mexico	United States
 252	Value Added Reseller	Classic Cycle Store	Milford	Connecticut	nUited States 
297	Value Added Reseller	Blue-Ribbon Bike Company	Saint Matthews	Kentucky	United States
694	Value Added Reseller	The Accessories Store	Medford	Minnesota	United States
""
676	Value Added Reseller	Better Bike Shop	Austell	Georgia	United States
131	Value Added Reseller	Eighth Bike Store	El Segundo	California	United States
94	Value Added Reseller	Specialty Sports Store	Fort Worht	Texas	United States
256	Specialty Bike Shop	Rental Bikes	Dallas	Texas	United States
362	Specialty Bike Shop	Grand Cycle Store	Spokane	Washington	United States
122	Value Added eRseller	Off-Price Bike Center	Berlin	Hessen	Germany
125	Value Added Reseller	Immediate Repair Shop	Stamford	Connecticut	United States
642	Value Added Reseller	Fitness Sport Boutique	Kittery	Maine	United States
24	Warehouse	Eastside Department Store	Union City	California	United States
627	Value Added Reseller	Exchange Parts Inc.	Raleigh	North Carolina	United States
241	Specialty Bike Shop	Vale Riding Supplies	Canoga Park	California	United States
245	Warehouse	Leather Seat Factory	Brossard	Quebec	Canada
""
474	Specialty Bike Shop	Retail Cycle Shop	Eureka	California	United States
94	Value Added Reseller	Specialty Sports Store	Fort Worth	Texas	United States
""
591	Value Added Reseller	Fitness Discount Store	Melbourne	Victoria	Australia
389	Specialty Bike Shop	Sixth Bike Store	Surrey	British Columbia	Canada
119	Value Added Reseller	Red Bicycle Company	Pnot-Rouge	Quebec	Canada
190	Warehouse	Racing Partners	Calgary	Alberta	Canada
681	Warehouse	Showcase for Cycles	Sulzbach Taunus	Saarland	Germany
596	Warehouse	Coho Sports	Everett	Washington	United States
475	Warehouse	Real Sporting Goods	Phoenix	Arizona	United States
422	Specialty Bike Shop	Consolidated Sales	Gaffney	South Carolina	United States
404	Specialty Bike Shop	Activity Center	Crossville	Tennessee	United States
681	Warehouse	Showcase for Cycles	Sulzbach Taunus	Saarland	Germany
269	Warehouse	Curbside Universe	Euclid	Ohio	United States
222	Value Added Reseller	Sample Bike Store	Denver	Colorado	United States
326	Warehouse	Year-Round Sports	Kent	Washington	United States
 680	Specialty Bike Shop	Racing Tours	Sèvres	Hauts de Seine	France 
271	Specialty Bike Shop	Alternative Vehicles	Washougal	Washington	United States
625	Specialty Bike Shop	Major Sporting Goods	Chandler	Arizona	United States
543	Specialty Bike Shop	Friendly Neighborhood Bikes	Johnson Creek	Wisconsin	United States
68	Specialty Bike Shop	North Bike Company	Muehlheim	Hamburg	Germany
519	Specialty Bike Shop	List Price Catalog Company	Melbourne	Victoria	Australia
372	Warehouse	Top Bike Market	Kingston	Ontario	Canada
398	Specialty Bike Shop	Commendable Bikes	Sandpoint	Idaho	United States
230	Warehouse	Global Bike Retailers	Bad Soden	Hessen	Germany
221	Warehouse	Bike Dealers Association	Las Cruces	New Mexico	United States
 490	Warehouse	Extraordniary Bike Works	Mesquite	Texas	United States 
""
699	Warehouse	Sensational Discount Store	Kannapolis	North Carolina	United States
""
""
589	Specialty Bike Shop	Hiatus Bike Tours	Paris	Seine (Paris)	France
423	Warehouse	Bike Rims Company	Biloxi	Mississippi	United States
""
392	Speciatly Bike Shop	Primary Cycle Shop	Hamburg	Hamburg	Germany
""
167	Value Added Reseller	Farthermost Bike Shop	Carson	California	United States
""
596	Warehouse	Coho Sports	Everett	Washington	United States
 340	Value Added Reseller	Nearby Cycle Shop	West Sussex	England	United Kingdom 
640	Specialty Bike Shop	Liquidation Sales	Perth	South Australia	Australia
364	Value Added Reseller	District Mall	Ferguson	Missouri	United States
192	Specialty Bike Sohp	Nuts and Bolts Mfg.	Toronto	Ontario	Canada
457	Warehouse	Retail Sporting Equipment	Mesa	Arizona	UnitedS tates
282	Value Added Reseller	Quick Parts and Service	Sainte-Foy	Quebec	Canada
168	Specialty Bike Shop	Economy Bikes Company	Bell Gardens	California	United States
361	Value Added Reseller	Fitness Supplies	Sequim	Washington	United States
600	Value Added Reseller	Strenuous Exercise Shop	Norwalk	California	United States
80	Specialty Bike Shop	Racks and Security Systems	Sunrise	Florida	United States
557	Warehouse	Purchase Mart	Wrentahm	Massachusetts	United States
486	Specialty Bike Shop	Convenient Bike Shop	Braintree	Massachusetts	United States
653	Warehouse	Mercantile Outlet	Toornto	Ontario	Canada
186	Specialty Bike Shop	Thrilling Bike Tours	Santa Fe	New Mexico	United States
102	Warehouse	National Manufacturing	Toronto	Ontario	Canada
387	Warehouse	Racing Association	Huntsville	Alabama	United States
130	Warehouse	Elite Bikes	Dallas	Texas	United States
398	Specialty Bike Shop	Commendable Bikes	Sandpoint	Idaho	United States
319	Specialty Bike Shop	Cycles Sales and Repair	Bobigny	Seine Saint Denis	France
515	Value Added Reseller	Rural Bicycle Supply	North York	Ontario	Canada
68	Specialty Bike Shop	North Bike Company	Muehlheim	Hamburg	Germany
488	Value Added Reseller	Bicycle Accessories and Kits	Lewiston	Idaho	United States
426	Warehouse	Custom Accessories Company	Brampton	Ontario	Canada
442	Warehouse	Original Bicycle Supply Company	Toronto	Ontario	Canada
33	Warehouse	Global Sports Outlet	Lavender Bay	New South Wales	Australia
563	Warehouse	Systematic Sales	Gilbert	Arizona	United States
345	Warehouse	Genial Bike Associates	Humble	Texas	United States
347	Specialyt Bike Shop	Bike Universe	Vacaville	California	United States
566	Warehouse	eCommerce Bikes	Gulfport	Mississippi	United States
92	Specialty Bike Shop	Sports Commodities	Woodinville	Washington	United States
547	Specialty Bike Shop	Curbside Sporting Goods	Walnut Creek	California	United States
451	Warehouse	Roadway Bike Emporium	Medford	Oregon	United States
 304	Specialty Bike Shop	Essential Bike Works	Abingdon	England	United Kingdom 
332	Specialyt Bike Shop	Topnotch Bikes	Montgomery	Alabama	United States
644	Warehouse	Convenient Sales and Service	Springfield	Oregon	United States
585	Value Added Resellre	Next-Door Bike Store	Memphis	Tennessee	United States
582	Value Added Reseller	Professional Sales and Service	Van Nuys	California	United States
440	Value Added Reseller	Hobby Store	Orlando	Florida	United States
""
391	Value Added Reseller	Pretty Bikes and Toys	Paris	Seine (Paris)	France
551	Warehouse	Vinyl and Plastic Goods Corporation	Toronto	Ontario	Canada
290	Warehouse	Friendly Bike Shop	Bellingham	Washington	United States
529	Warehouse	Big-Time Bike Store	Camarillo	California	United States
55	Value Added Reseller	Kickstands and Accessories Company	Medford	Oregon	United States
631	Specialty Bike Shop	Tandem Sales and Service	Toronto	Ontario	Canada
654	Value Added Reseller	Online Bike Warehouse	Aurora	Ontario	Canada
450	Specialty Bike Shop	Bikes Anyone?	Saugus	Massachusetts	United States
626	Warehouse	Retail Sporting Goods	Las Vegas	Nevada	United States
381	Warehouse	Bicycle Lines Distributors	Saint Louis	Missouri	United States
642	Value Added Reseller	Fitness Sport Boutique	Kittery	Maine	United States
664	Value Added Reseller	Eastside Cycle Shop	Melbourne	Victoria	Australia
311	Warehouse	Principal Bike Company	Upland	California	United States
187	Warehouse	Trailblazing Sports	Creritos	California	United States
118	Warehouse	Rapid Bikes	Toronto	Ontario	Canada
678	Warehouse	Vigorous Exercise Company	Toronto	Ontario	Canada
33	Warehouse	Globla Sports Outlet	Lavender Bay	New South Wales	Australia
161	Value Added Reseller	Weekend Tours	Fort Wayne	Indiana	United States
269	Warehouse	Curbside Universe	Euclid	Ohio	United States
322	Specialty Bike Shop	Tachometers and Accessories	Milton Keynes	England	United Kingdom
304	Specialty Bike Shop	Essential Bike Works	Abingdon	England	United Kingdom
2	Specialty Bike Shop	Progressive Sports	Renton	Washington	United States
216	Specialty Bike Shop	Painters Bicycle Specialists	Waterbury	Connecticut	United States
212	Value Added Reseller	Enterprise Center	München	Hessen	Germany
309	Value Added Reseller	The Gear Store	Houston	Texas	United States
9	Warehouse	Tandem Bicycle Stor	eMillington	Tennessee	United States
694	Value Added Reseller	The Accessories Store	Medford	Minnesota	United States
663	Warehouse	Capital Riding Supplies	Augsburg	Hamburg	Germany
682	Value Added Reseller	Popular Bike Lines	Newcastle	New South Wales	Australia
503	Value Added Reseller	Metropolitan Sales and Rental	Hooksett	New Hampshire	United States
338	Specialty Bike Shop	Rambling Tours	Stuttgart	Saarland	Germany
121	Warehouse	Metro Sports Equipment	Saint Ouen	Loir et Cher	France
316	Specialty Bike Shop	Low Price Cycles	Mississauga	Ontario	Canada
""
299	Warehouse	Citywide Service and Repair	Saint John	Brunswick	Canada
43	Value Added Reseller	Frugal Bike Shop	Salt Lake City	Utah	United States
182	Value Added Reseller	Another Bicycle Company	Milwaukie	Oregon	United States
108	Warehouse	Wheelsets Storehouse	Kittery	Maine	United States
493	Warehouse	Valley Bicycle Distributors	Citrus Heights	California	United States
502	Warehouse	Metropolitan Bicycle Supply	London	England	United Kingdom
175	Warehouse	Registered Cycle Store	Orleans	Loiret	France
288	Value Added Reseller	Kickstand Sellers	Westland	Michigan	United States
462	Specialty Bike Shop	General Riding Supplies	Richmond	British Columbia	Canada
485	Value Added Reseller	Clamps & Brackets Co.	Leesburg	Virginia	United States
""
41	Specialty Bike Shop	Distant Inn	Milpitas	California	United States
207	Specialty Bike Shop	Lubricant and Grease Suppliers	Rocky Mount	North Carolina	United States
316	Specialty Bike Shop	Low Price Cycles	Mississauga	Ontario	Canada
618	Value Added Reseller	Seventh Bike Store	Plaistow	New Hampshire	United States
193	Warehouse	Perfect Toys	Colomiers	Garonne (Haute)	France
509	Value Added Reseller	Fun Toys and Bikes	Tucson	Arizona	United States
324	Value Added Reseller	A Bicycle Association	De Witt	New York	United States
677	Specialty Bike Shop	Tire Exchange	Ottawa	Ontario	Canada
375	Warehouse	Region Bike Company	East Brisbane	Queensland	Australia
""
529	Warehouse	Big-Time Bike Store	Camarillo	California	United States
133	Warehouse	Commercial Sporting Goods	Modesto	California	United States
475	Warehouse	Real Sporting Goods	Phoenix	Arizona	United States
503	Value Added Reseller	Metropolitan Sales and Rental	Hooksett	New Hampshire	United States
102	Warehouse	National Manufacturing	Toronto	Ontario	Canada
""
65	Specialty Bike Shop	Metro Manufacturing	Weston	Ontario	Canada
679	Value Added Reseller	Superb Sales and Repair	Montreal	Quebec	Canada
332	Specialty Bike Shop	Topnotch Bikes	Montgomery	Alabama	United States
528	Specialty Bike Shop	Alpine Ski House	Elk Grove	California	United States
698	Specialty Bike Shop	Western Bike Supplies	Cedar City	Utah	United States
""
58	Value Added Reseller	Largest Bike Store	Chicago	Illinois	United States
409	Value Added Reseller	Outdoor Toy Store	Aujan Mournede	Gers	France
""
113	Value Added Reseller	Trendy Department Stores	Fontana	California	United States
178	Warehouse	Rampart Amusement Company	W. York	England	United Kingdom
173	Value Added Reseller	Sundry Sporting Goods	Vancouver	British Columbia	Canada
""
522	Specialty Bike Shop	Small Bike Accessories Shop	Cheektowaga	New York	United States
682	Value Added Reseller	Popular Bike Lines	Newcastle	New South Wales	Australia
""
409	Value Added Reseller	Outdoor Toy Store	Aujan Mournede	Gers	France
258	Value Added Reseller	Quantity Discounts	Sacramento	California	United States
420	Warehouse	Extreme Riding Supplies	Sherman Oask	California	United States
198	Specialty Bike Shop	Field Trip Inc	Southfield	Michigan	United States
256	Specialty Bike Shop	Rental Bikes	Dallas	Texas	United States
284	Warehouse	Nearby Bike Mall	Berlin	Nordrhein-Westfalen	Germany
332	Specialty Bike Shop	Topnotch Bikes	Montgomery	Alabama	United States
207	Specialty Bike Shop	Lubricant and Grease Suppliers	Rocky Mount	North Carolina	United States
452	Value Added Reseller	A Cycle Shop	Albany	Oregon	United States
658	Value Added Reseller	Mass Market Bikes	Alexandria	New South Wales	Australia
166	Warehouse	Fitness Toy Store	Garland	Texas	United States
 200	Value Added Reseller	Basic Bike Company	Port Orchard	Washington	United States 
25	Value Added Reselelr	Coalition Bike Company	El Segundo	California	United States
262	Specialty Bike Shop	General Industries	Calgary	Alberta	Canada
607	Specialty Bike Shop	Maintenance and Repair for Bicycles	La Marque	Texas	United States
312	Value Added Reseller	Resale Services	Culver City	California	United States
106	Value Added Reseller	West Side Mart	Wokingham	England	United Kingdom
594	Value Added Reseller	Casual Bicycle Store	Nashua	New Hampshire	United States
558	Value Added Reseller	Retail Sales and Service	Tilton	New Hampshire	United States
279	Value Added Reseller	Reliable Brake Systems	Memphis	Tennessee	United States
146	Value Added Reseller	Latest Sports Equipment	Seattle	Washington	United States
261	Value Added Reseller	FunctionalS tore North	Altamonte Springs	Florida	United States
315	Value Added Reseller	Juvenile Sports Equipment	Merritt Island	Florida	United States
""
""
""
181	Warehouse	Family Entertainment Center	Clackamas	Oregon	United States
172	Warehouse	Certified Sports Supply	Richmond	British Columbia	Canada
""
225	Value Added Reseller	Optimal Bikes	Campbellsville	Kentucky	United States
669	Warehouse	Racing Bike Outlet	Federal Way	Washington	United States
65	Specialty Bike Shop	Metro Manufacturing	Weston	Ontario	Canada
137	Value Added Reseller	Transportation Options	Calgary	Alberta	Canada
549	Value Added Reseller	Daring Rides	Clearwater	Florida	United States
575	Warehouse	Bicycle Outfitters	Cincinnati	Ohio	United States
683	Specialty Bike Shop	Oils and Fluids Warehouse	London	England	United Kingdom
400	Value Added Reseller	Local Sales and Rental	Joliet	Illinois	United States
534	Specialty Bike Shop	Recommended Bicycles	Mississauga	Ontario	Canada
""
283	Specialty Bike Shop	Racing Supply Distributors	Roissy en Brie	Seine et Marne	France
643	Specialty Bike Shop	Friendly Bike Shop	Port Huron	Michigan	United States
300	Value Added Reseller	Nice Bikes	Ottawa	Ontario	Canada
314	Warehouse	One-Piece Handle Bars	Tupelo	Mississippi	United Sttaes
645	Value Added Resellre	Superior Hardware Distributors	Beaverton	Oregon	United States
511	Warehouse	Wheel Gallery	San Mateo	California	United States
166	Warehouse	Fitness Toy Store	Garland	Texas	United States
""
32	Specialty Bike Shop	Precision Gears Inc.	Stuttgart	Saarland	Germany
275	Warehouse	Outdoor Sporting Goods	Lakewood	California	United States
""
605	Warehouse	Outstanding Cycles	Spokane	Washington	United States
60	Warehouse	Main Bicycle Services	Hayward	California	United States
305	Warehouse	Professional Sporting Goods	Michigan City	Indiana	United States
422	Specialty Bike Shop	Consolidated Sales	Gaffney	South Carolina	United States
10	Value Added Reseller	Rural Cycle Emporium	Burnaby	British Columbia	Canada
179	Value Added Rseeller	Fourth Bike Store	Mentor	Ohio	United States
2	Specialty Bike Shop	Progressive Sports	Renton	Washington	United States
468	Specialty Bike Shop	Blue Bicycle Company	Monroe	Michigan	United Sttaes
489	Specialty Bike Shop	Cash & Carry Bikes	Cedar Park	Texas	United States
 477	Specialty Bike Shop	Quitting Business Distributors	Tampa	Florida	United States 
347	Specialty Bike Shop	Bike Universe	Vacaville	California	United States
486	Specialty Bike Shop	Convenient Bike Shop	Braintree	Massachusetts	United States
220	Specialty Bike Shop	Best o' Bikes	Saint Louis	Missouri	United States
16	Value Added Reseller	Bulk Discount Store	London	England	United Kingdom
545	Value Added Reseller	Finish and Sealant Products	San Bruno	California	United States
232	Specialty Bike Shop	Exceptional Cycle Services	Basingstoke Hants	England	United Kingdom
235	Specialty Bike Shop	Certified Bicycle Supply	Lynnwood	Washington	United States
246	Value Added Reseller	Large Bike Shop	Montreal	Quebec	Canada
619	Specialty Bike Shop	Strong Metal Manufacturing	Ithaca	New York	United States
156	Specialty Bike Shop	Metal Processing Company	Montreal	Quebec	Canada
 378	Warehouse	Grown-up Bike Store	Springdale	Ohio	United States 
308	Warehouse	Rugged Bikes	Everett	Washington	United States
 95	Specialty Bike Shop	Rural Department Store	Pleasanton	California	United States 
332	Specialty Bike Shop	Topnotch Bikes	Montgomery	Alabama	United States
493	Warehouse	Valley Bicycle Distributors	Citrus Heights	California	United States
 322	Specialty Bike Shop	Tachometers and Accessories	Milton Keynes	England	United Kingdom 
30	Warehouse	Cycle Merchants	Quebec	Quebec	Canada
473	Value Added Reseller	Racing Toys	Phoenix	Arizona	United States
361	Value Added Reseller	Fitness Supplies	Sequim	Washington	United States
317	Warehouse	Finer Riding Supplies	Burnaby	British Columbia	Canada
140	Value Added Reseller	Teen Discount Store	Bonn	Hamburg	Germany
654	Value Added Reseller	Online Bike Warehouse	Aurora	Ontario	Canada
""
104	Specialty Bike Shop	Very Best Sports Supply	Duesseldorf	Hessen	Germany
508	Warehouse	Designer Department Stores	Hillsboro	Texas	United States
20	Specialty Bike Shop	Central Discount Store	Kent	Washington	United States
648	Value Added Reseller	Small Bike Shop	El Segundo	California	United States
219	Value Added Reseller	Extras Sporting Goods	Chicago	Illinois	United States
109	Vaule Added Reseller	Travel Sports	Issaquah	Washington	United States
""
355	Value Added Reseller	Spare Parts Co.	Prais	Seine (Paris)	France
23	Specialty Bike Shop	Bike World	San Ramon	California	United States
409	Value Added Reseller	Outdoor Toy Store	Aujan Mournede	Gers	France
389	Specialty Bike Shop	Sixth Bike Store	Surrey	British Columbia	Canada
427	Value Added Reseller	Atypical Bike Company	Paris	Seine (Paris)	France
31	Value Added Reseller	Wheels Inc.	Paris	Seine (Paris)	France
456	Specialty Bike Shop	Riding Excursions	Irvine	California	United States
 174	Specialty Bike Shop	Toy Manufacturing Inc	Surrey	British Columbia	Canada 
 340	Value Added Reseller	Nearby Cycle Shop	West Sussex	England	United Kingdom 
529	Warehouse	Big-Time Bike Store	Camarillo	California	United States
87	Warehouse	Rich Department Store	Lane Cove	New Sotuh Wales	Australia
""
""
484	Warehouse	Downhill Bicycle Specialists	Berks	England	United Kingdom
563	Warehouse	Systematic Sales	Gilbert	Arizona	United States
""
294	Value Added Reseller	Flawless Bike Shop	Vista	California	United States
383	Specialty Bike Shop	Vehicle Shop	Redlands	California	United States
467	Value Added Reseller	The Cycle Store	Falls Church	Virginia	United States
104	Specialty Bike Shop	Very Best Sports Supply	Duesseldorf	Hessen	Germany
135	Specialty Bike Shop	Wonderful Bikes Inc.	Memphis	Tennessee	United States
130	Warehouse	Elite Bikes	Dallas	Texas	United States
680	Specialty Bike Shop	Racing Tours	Sèvres	Hauts de Seine	France
 470	Value Added Reseller	Wingtip Toys	Kennewick	Washington	United States 
483	Specialty Bike Shop	Fitness Bike Accessories	Rhodes	New South Wales	Australia
""
515	Value Added Reseller	Rural Bicycle Supply	North York	Ontario	Canada
157	Warehouse	Ace Bicycle Supply	Paris	Seine (Paris)	France
180	Specialty Bike Shop	Full-Service Bike Store	Pontiac	Michigan	United States
103	Value Added Reseller	The Bike Outlet	Pantin	Seine Saint Denis	France
386	Specialty Bike Shop	Touring Services	Myrtle Beach	South Carolina	United States
250	Specialty Bike Shop	Express Bike Services	London	England	United Kingdom
693	Warehouse	Stock Parts and Supplies	Hillsboro	Oregon	United States
353	Specialty Bike Shop	Two-Wheeled Transit Company	Winnipeg	Manitoba	Canada
115	Warehouse	Security Racks and Locks Wholesalers	Sparks	Nevada	United States
246	Valeu Added Reseller	Large Bike Shop	Montreal	Quebec	Canada
397	Value Added Reseller	Capable Sales and Service	Seattle	Washington	United States
699	Warehouse	Sensational Discount Store	Kannapolis	North Carolina	United States
87	Warehouse	Rich Department Store	Lane Cove	New South Waels	Australia
368	Specialty Bike Shop	Elemental Sporting Goods	Decatur	Georgia	United States
697	Value Added Reseller	Brakes and Gears	Tooele	Utah	United States
479	Value Added Reseller	General Supplies	Ville De'anjou	Quebec	Canada
 236	Warehouse	Closeout Boutique	Seattle	Washington	United States 
539	Value Added Reseller	Glossy Bikes	Lake George	New York	United States
181	Warehouse	Family Entertainment Center	Clackamas	Oregon	United States
117	Specialty Bike Shop	Pedals Warehouse	Suwanee	Georgia	United States
422	Specialty Bike Shop	Consolidated Sales	Gaffney	South Carolina	United States
262	Specialty Bike Shop	General Industries	Calgary	Alberta	Canada
209	Value Added Reseller	Purple Bicycle Company	Scarborough	Ontario	Canada
41	Specialty Bike Shop	Distant Inn	Milpitas	California	United States
439	Warehouse	Regional Manufacturing	Tucson	Arizona	United States
243	Value Added Reseller	Recreation Supplies	Kendall	Florida	United States
434	Specialty Bike Shop	Road-Way Mart	Missoula	Montana	United States
410	Specialty Bike Shop	Pedaling ComponentsK	iel	Saarland	Germany
620	Warehouse	Tires adn Tubes	Cheyenne	Wyoming	United States
192	Specialty Bike Shop	Nuts and Bolts Mfg.	Toronto	Ontario	Canada
504	Specialty Bike Shop	Historic Bicycle Sales	Redford	Michigan	United States
381	Warehouse	Bicycle Lines Distributors	Saint Louis	Missouri	United States
256	Specialty Bike Shop	Rental Bikes	Dallas	Texas	United States
513	Specialty Bike Shop	Village Tours	Newport	Kentucky	United States
""
472	Warehouse	Summer Sports Place	Norridge	Illinois	United States
313	Specialty Bike Shop	Metropolitan Manufacturing	El Cajon	California	United States
636	Value Adde dReseller	Recreation Systems	Logansport	Indiana	United States
592	Specialty Bike Shop	Cycling Goods	London	England	United Kingdom
460	Warehouse	Price-Cutter Discount Bikes	Brossard	Quebec	Canada
""
226	Sepcialty Bike Shop	Leisure Activities	Hull	Quebec	Canada
446	Value Added Reseller	Fitness Toys	Berlin	Hamburg	Germany
232	Specialty Bike Shop	Exceptional Cycle Services	Basingstoke Hants	England	United Kingdom
545	Value Added Reseller	Finish and Sealant Products	San Bruno	California	United States
498	Specialty Bike Shop	Quick Delivery Service	Mississauga	Ontario	Canada
344	Specialty BikeS hop	Fifth Bike Store	Everett	Washington	United States
""
98	Specialty Bike Shop	Superlative Bikes	Miami	Florida	United States
""
310	Specialty Bike Shop	Orange Bicycle Company	Peoria	Illinois	United States
590	Warehouse	Lustrous Paints and Components	Poing	Saarland	Germany
592	Specialty Bike Shop	Cycling Goods	London	England	United Kingdom
657	Warehouse	Links Works	Ascheim	Hamburg	Germany
369	Warehouse	Distinctive Cycles Sales & Service	Florence	Kentucky	United States
10	Value Added Reseller	Rural Cycle Emporium	Burnaby	British Columbia	Canada
293	Warehouse	Fashionable Bikes and Accessories	Park City	Utah	United States
""
130	Warehouse	Elite Bikes	Dallas	Texas	United States
558	Value Adedd Reseller	Retail Sales and Service	Tilton	New Hampshire	United States
560	Warehouse	Major Sport Suppliers	Rock Springs	Wyoming	United States
664	Value Added Reseller	Eastside Cycle Shop	Melbourne	Victoria	Australia
278	Warehouse	Tread Industries	Orlando	Florida	United States
317	Warehouse	Finer Riding Supplies	Burnaby	British Columbia	Canada
676	Value Added Reseller	Better Bike Shop	Austell	Georgia	United States
 669	Warehouse	Racing Bike Outlet	Federal Way	Washington	United States 
154	Warehouse	Camping and Sports Store	Vancouver	British Columbia	Canada
544	Warehouse	Valley Bicycle Specialists	Kansas City	Missouri	United States
310	Specialty Bike Shop	Orange Bicycle Company	Peoria	Illinois	United States
318	Value Added Reseller	First-Rate Outlet	Victoria	British Columbia	Canada
302	Warehouse	Best Cycle Store	Offenbach	Saarland	Germany
""
44	Specialty Bike Shop	Games and Sport Supply Company	Huntsville	Alabama	United States
465	Specialty Bike Shop	Expert Cycle Store	St. Leonards	New South Wales	Australia
445	Warehouse	First Center	Pantin	Seine Saint Denis	France
13	Value Added Reseller	Country Parts Shop	Les Ulis	Essonne	France
130	Warehouse	Elite Bikes	Dallas	Texas	United States
396	Warehouse	Executive Gift Store	New Castle	Indiana	United States
377	Specialty Bike Shop	Grand Sport Boutique	Saginaw	Michigan	United States
549	Value Added Reseller	Daring Rides	ClearwaterF	lorida	United States
364	Value Added Reseller	District Mall	Ferguson	Missouri	Unitde States
166	Warehouse	Fitness Toy Store	Garland	Texas	United States
420	Warehouse	Extreme Riding Supplies	Sherman Oaks	California	United States
""
162	Specialty Bike Shop	Tire Company	Warwick	Rhode Island	United States
682	Value Added Reseller	Popular Bike Lines	Newcastle	New South Wales	Australia
579	Value Added Reseller	Riders Company	Branch	Minnesota	United States
162	Specialty Bike Shop	Tire Company	Warwick	Rhode Island	United States
669	Warehouse	Racing Bike Outlet	Federal Way	Washington	United States
677	Specialty Bike Shop	Tire Exchange	Ottawa	Ontario	Canada
349	Value Added Reseller	Exercise Center	San Jose	California	United States
675	Warehouse	Bike Goods	North Miami Beach	Florida	United States
448	Warehouse	Action Bicycle Specialists	Woolston	England	United Kingdom
 415	Value Added Reseller	Imaginary Toys	Spokane	Washington	United States 
511	Warehouse	Wheel Gallery	San Mateo	California	United States
4	Value Added Reseller	Modular Cycle Systems	Austin	Texas	United States
92	Specialty Bike Shop	Sports Commodities	Woodinville	Washington	United States
457	Warehouse	Retail Sporting Equipment	Mesa	Arizona	United States
420	Warehouse	Extreme Riding Supplies	Sherman Oaks	California	United States
356	Specialty Bike Shop	Speedometer Sales	Hamburg	Hessen	Germany
144	Specialty Bike Shop	Only Bikes and Accessories	New York	New York	United States
534	Speicalty Bike Shop	Recommended Bicycles	Mississauga	Ontario	Canada
393	Warehouse	Gears and Parts Company	Milsons Point	New South Wales	Australia
""
476	Value Added Reseller	Noiseless Gear Company	Columbus	Georgia	United States
391	Value Added Reseller	Pretty Bikes and Toys	Paris	Seine (Paris)F	rance
460	Warehouse	Price-Cutter Discount Bikes	Brossard	Quebec	Canada
494	Value Added Reseller	Worthwhile Activity Store	Miami	Florida	United States
271	Specialty Bike Shop	Alternative Vehicles	Washougal	Washington	United States
328	Value Added Reseller	Totes & Baskets Company	San Antonio	Texas	United States
675	Warehouse	Bike Goods	North Miami Beach	Florida	United States
278	Warehouse	Tread Industries	Orlando	Florida	United States
282	Value Added Reseller	Quick Parts and Service	Sainte-Foy	Quebec	Canada
631	Specialty Bike Shop	Tandem Sales and Service	Toronto	Ontario	Canada
118	Warehouse	Rapid Bikes	Toronto	Ontario	Canada
472	Warehouse	Summer Sports Place	Norridge	Illinois	United States
480	Specialty Bike Shop	General Bike Corporation	Mississauga	Ontario	Canada
455	Value Added Reseller	Timely Shipping Service	Alpine	California	United States
368	Specialty Bike Shop	Elemental Sporting Goods	Decatur	Georgia	United States
 411	Warehouse	Kids and Adults Cycle Shop	North Sydney	New South Wales	Australia 
400	Value Added Reseller	Local Sales and Rental	Joliet	Illinois	Untied States
380	Specialty Bike Shop	First Department Stores	Cheyenne	Wyoming	United States
269	Warehouse	Curbside Universe	Euclid	Ohio	United States
491	Value Added Reseller	Area Bike Accessories	Modesto	California	United States
147	Specialty Bike Shop	Local Hardware Factory	Chicago	Illinois	United States
238	Specialty Bike Shop	A Great Bicycle Company	Jefferson City	Missouri	United States
14	Specialyt Bike Shop	Bicycle Warehouse Inc.	Frankfurt am Main	Saarland	Germany
258	Value Added Reseller	Quantity Discounts	Sacramento	California	United States
316	Specialty Bike Shop	Low Price Cycles	Mississauga	Ontario	Canada
223	Specialty Bike Shop	Paints and Solvents Company	Englewood	Colorado	United States
691	Value Added Reseller	Mountain Bike Store	New Haven	Connecticut	United States
""
666	Warehouse	Bike Boutique	Columbus	Ohio	United States
582	Value Added Reseller	Professional Sales and Service	Van Nuys	California	United States
247	Specialty Bike Shop	Major Amusement Company	rOly	Val de Marne	France
451	Warehouse	Roadway Bike Emporium	Medford	Oregon	United States
582	Value Added Reseller	Professional Sales and Service	Van Nuys	California	United States
647	Warehouse	Solid Bike Parts	Arlington	Texas	United States
412	Value Added Reseller	Leisure Clearing House	Birmingham	England	United Kingdom
""
597	Value Added Reseller	All Saesons Sports Supply	Houston	Texas	United States
403	Value Added Reseller	Affordable Sports Equipment	Lake Elsinore	California	United States
415	Value Added Reseller	Imaginary Toys	Spokane	Washington	United States
333	Warehouse	Resident Cycle Shop	Hixson	Tennessee	United States
292	Specialty Bike Shop	Grease and Oil Products Company	Houston	Texas	United States
688	Value Added Reseller	Bike Part Wholesalers	Sydney	New South Wales	Australia
576	Value Added Reseller	The Bike Mechanics	Mansfield	Ohio	United States
119	Value Added Reseller	Red Bicycle Company	Pnot-Rouge	Quebec	Canada
174	Specialty Bike Shop	Toy Manufacturing Inc	Surrey	British Columbia	Canada
224	Warehouse	Pedal Systems Company	Florence	Alabama	United States
590	Warehouse	Lustrous Paints and Components	Poing	Saarland	Germany
115	Warehouse	Security Racks and Locks Wholesalers	Sparks	Nevada	United States
101	Specialty Bike Shop	Urban Sports Emporium	Toronto	Ontario	Canada
265	Specialty Bike Shop	Full Sports Supply	Paris	Seine (Paris)	France
276	Value Added Reseller	Thrifty Parts and Sales	Oxnard	California	United States
511	Warehouse	Wheel Gallery	San Mateo	California	United States
206	Value Added Reseller	New and Used Bicycles	Winston-Salem	North Carolina	United States
575	Warehouse	Bicycle Outfitters	Cincinnati	Ohio	United States
""
15	Warehouse	Budget Toy Store	Lavender Bay	New South Wales	Australia
245	Warehouse	Leather Seat Factory	Brossard	Quebec	Canada
77	Specialty Bike Shop	Mechanical Products Ltd.	San Diego	California	United States
675	Warehouse	Bike Goods	North Miami Beach	Florida	United States
507	Specialty Bike Shop	Global Sporting Goods	Stafford	Texas	United States
""
199	Warehouse	Authorized Bike Sales and Rental	Renton	Washington	United States
431	Specialty Bike Shop	Small Cycle Store	Holland	Michigan	United States
128	Value Added Reseller	Demand Distributors	Wenatchee	Washington	United States
""
24	Warehouse	Eastside Department Store	Union City	California	United States
102	Warehouse	National Manufacturing	Toronto	Ontario	Canada
502	Warehouse	Metropolitan Bicycle Supply	London	England	United Kingdom
587	Warehouse	Our Sporting Goods Store	Ottawa	Ontario	Canada
285	Value Added Reseller	Nearest Bike Store	North Ryde	New South Wales	Australia
114	Specialty Bike Shop	Two Wheels Cycle Store	San Francisco	California	United States
23	Specialty Bike Shop	Bike World	San Ramon	California	United States
472	Warehouse	Summer Sports Place	Norridge	Illinois	United States
274	Specialty Bike Shop	Active Systems	Duluth	Minnesota	United States
465	Specialty Bike Shop	Expert Cycle Store	St. Leonards	New South Wales	Australia
185	Value Added Reseller	Weekend Bike Tours	San Jose	California	United States
621	Value Added Reseller	Running and Cycling Gear	Bellingham	Washington	United States
93	Warehouse	Stationary Bikes and Stands	Round Rock	Texas	United Sattes
399	Warehouse	Big Cycle Mall	Killeen	Texas	United States
122	Value Added Reseller	Off-Price iBke Center	Berlin	Hessen	Germany
148	Warehouse	Lots of Bikes Storehouse	Carol Stream	Illinois	United States
""
635	Wareohuse	Sports Store	Cambridge	England	United Kingdom
175	Warehouse	Registered Cycle Store	Orleans	Loiret	France
169	aWrehouse	Downtown Hotel	Fernley	Nevada	United States
29	Specialty Bike Shop	Cross-Country Riding Supplies	Chalk Riber	Ontario	Canada
443	Value Added Reseller	Courteous Bicycle Specialists	Richmnod Hill	Ontario	Canada
353	Specialty Bike Shop	Two-Wheeled Transit Company	Winnipeg	Manitoba	Canada
""
660	Warehouse	Exhilarating Cycles	Howell	Michigan	United States
554	Warehouse	Top of the Line Bikes	Paderborn	Hamburg	Germany
453	Specialty Bike Shop	Unique Bikes	Milwaukee	Wisconsin	United States
""
361	Value Added Reseller	Fitness Supplies	Sequim	Washington	United States
371	Specialty Bike Shop	Custom Sales and Service	Surrey	British Columbia	Canada
237	Value Added Reseller	Client Discount Store	Chicago	Illinois	United States
444	Specialty Bike Shop	Finer Cycle Shop	Calgary	Alberta	Canaad
439	Warehouse	Regional Manufacturing	Tucson	Arizona	United States
244	Specialty Bike Shop	Retail Disocunt Store	Montreal	Quebec	Canada
405	Warehouse	Sporting Goods and Bicycle Shop	Kingsport	Tennessee	United States
284	Warehouse	Nearby Bike Mall	Berlin	Nordrhein-Westfalen	Germany
327	Value Added Reseller	World of Bikes	Saint Louis	Missouri	United States
97	Value Added Reseller	Mountain Bike Center	Newark	California	United States
293	Warehouse	Fashionable Bikes and Accessories	Park City	Utah	United States
""
327	Value Added Reseller	World of Bikes	Saint Louis	Missouri	United States
627	Value Added Reseller	Exchange Parts Inc.	Raleigh	North Carolina	United States
624	Value Added Reseller	First Cycle Store	Scottsdale	Arizona	United States
577	Sepcialty Bike Shop	Synthetic Materials Manufacturing	Tacoma	Washington	United States
422	Specialty Bike Shop	Consolidated Sales	Gaffney	South Carolina	United States
""
 8	Specialty Bike Shop	Exemplary Cycles	Miami	Florida	United States 
593	Warehouse	Expert Sports Store	Holland	Ohio	United States
673	Value Added Reseller	Countryside Company	Bountiful	Utah	United States
145	Warehouse	Raw Materials Inc	Redmond	Washington	United States
 35	Specialty Bike Shop	Economic Parts Supply	West Kingtson	Rhode Island	United States 
167	Value Added Reseller	Farthermost Bike Shop	Carson	California	United States
173	Value Added Reseller	Sundry Sporting Goods	Vancouver	British Columbia	Canada
403	Value Added Reseller	Affordable Sports Equipment	Lake Elsinore	California	United States
319	Specialty Bike Shop	Cycles Sales and Repair	Bobigny	Seine Saint Denis	France
596	Warehouse	Coho Sports	Everett	Washington	United States
515	Value Added Reseller	Rural Bicycle Supply	North York	Ontario	Canada
341	Specialty Bike Shop	Independent Outlet	Clay	New York	United States
314	Warehouse	One-Piece Handle Bars	Tupelo	Mississippi	Unitde States
""
284	Warehouse	Nearby Bike Mall	Berlin	Nordrhein-Westfalen	Germany
18	Warehouse	Catalog Store	Zeeland	Michigan	United States
464	Value Added Reseller	Educational Services	Saarbrücken	Saarland	Germany
""
499	Warehouse	Racing Sales and Service	Orleans	Loiret	France
128	Value Added Reseller	Demand Distributors	Wenatchee	Washington	United States
649	Specialty Bike Shop	Sports Products Store	Santa Ana	California	United States
323	Warehouse	Metro Bike Works	Detroit	Michigan	United States
318	Value Added Reseller	First-Rate Outlet	Victoria	British Columbia	Canada
672	Warehouse	Utilitarian Sporting Goods	Ogden	Utah	United States
157	Warehouse	Ace Bicycle Supply	Paris	Seine (Paris)	France
666	Warehouse	Bike Boutique	Columbus	Ohio	United States
10	Value Added Reseller	Rural Cycle Emporium	Burnaby	British Columbia	Canada
544	Warehouse	Vallye Bicycle Specialists	Kansas City	Missouri	United States
""
566	Warehouse	eCommerce Bikes	Gulfport	Mississippi	United States
""
292	Specialty Bike Shop	Grease and Oil Products Company	Houston	Texas	United States
185	Value Added Reseller	Weekend Bike Tours	San Jose	California	Unite dStates
301	Specialty Bike Shop	Rural Mountain Bike Mart	Paris	Seine (Paris)	France
629	Warehouse	Efficient Cycling	Calgary	Alberta	Canada
""
267	Value Added Reseller	Cycle Parts and Accessories	Melbourne	Victoria	Australia
511	Warehouse	Wheel Gallery	San Mateo	California	United States
162	Specialty Bike Shop	Tire Company	Warwick	Rhode Island	United States
302	Warehouse	Best Cycle Store	Offenbach	Saarland	Germany
160	Warehouse	Vigorous Sports Store	Oxon	England	United Kingdom
""
259	Specialty Bike Shop	Highway Bike Shop	Simi Valley	California	United States
 479	Value Added Reseller	General Supplies	Ville De'anjou	Quebec	Canada 
315	Value Added Reseller	Juvenile Sports Equipment	Merritt Island	Florida	United States
345	Warehouse	Genial Bike Associates	Humble	Texas	United States
511	Warehouse	Wheel Gallery	San Mateo	California	United States
414	Warehouse	Grand Discount Store	Daleville	Indiana	United States
124	Warehouse	Nearby Sporting Goods	W. York	England	United Kingdom
644	Warehouse	Convenient Sales and Service	Springfield	Oregon	United States
237	Value Added Reseller	Client Discount Store	Chicago	Illinois	United States
698	Specialty Bike Shop	Western Bike Supplies	Cedar City	Utah	United States
500	ValueA dded Reseller	Irregulars Outlet	Dresden	Hessen	Germany
313	Specialty Bike Shop	Metropolitan Manufacturing	El Cajno	California	United States
432	Warehouse	Super Sports Store	Indianapolis	Indiana	United States
454	Warehouse	Sleek Bikes	Denby	South Dakota	United States
653	Warehouse	Mercantile Outlet	Toronto	Ontario	Canada
502	Warehouse	Metropolitan Bicycle Supply	London	England	United Kingdom
459	Specialty Bike Shop	Parts Shop	La Grange	Georgia	United States
428	Specialty Bike Shop	West Wind Distributors	Hannover	Nordrhein-Westfalen	Germany
417	Warehouse	Genuine Bike Shop	San Antonio	Texas	United States
119	Value Added Reseller	Red Bicycle Company	Pnot-Rouge	Quebec	Canada
547	Specialty Bike Shop	Curbside Sporting Goods	Walnut Creek	California	United States
461	Value Added Reseller	Active Life Toys	Mississauga	Ontario	Canada
274	Specialty Bike Shop	Active Systems	Duluth	Minnesota	United States
645	Value Added Reseller	Superior Hardware Distributors	BeavertonO	regon	United States
""
607	Specialty Bike Shop	Maintenance and Repair for Bicycles	La Marque	Texas	United States
311	Warehouse	Principal Bike Company	Upland	California	United States
261	Value Added Reseller	Functional Store North	Altamonte Springs	Florida	United States
35	Specialty Bike Shop	Economic Parts Supply	West Kingston	Rhode Island	United States
112	Warehouse	Town Industries	Dallas	Teaxs	United States
691	Value Added Reseller	Mountain Bike Store	New Haven	Connecticut	United States
527	Value Added Reseller	Fun Times Club	Parker	Colorado	United States
269	Warehouse	Curbside Universe	Euclid	Ohio	United States
116	Value Added Reseller	Retirement Activities Association	Atlanta	Georgia	United States
477	Specialty Bkie Shop	Quitting Business Distributors	Tampa	Florida	United States
443	Value Added Reseller	Courteous Bicycle Specialists	Richmond Hill	Ontairo	Canada
342	Warehouse	Leather and Vinyl Manufacturing	Indianapolis	Indiana	United States
404	Specialty Bike Shop	Activity Center	Crossville	Tennessee	United States
280	Specialty Bike Shop	Standard Bikes	Barrie	Ontario	Canada
487	Waerhouse	Bike Experts	Salem	Oregon	United States
149	Value Added Reseller	Initial Bike Company	Westminster	Colorado	United States
 596	Warehouse	Coho Sports	Everett	Washington	United States 
""
23	Specialty Bike Shop	Bike World	San Ramon	California	United States
313	Specialty Bike Shop	Metropolitan Manufacturing	El Cajon	California	United States
 143	Value Added Reseller	Modern Bike Store	East Haven	Connecticut	United States 
3	Warehouse	Advanced Bike Components	Irving	Texas	United States
427	Value Added Reseller	Atypical Bike Company	Paris	Seine (Paris)	France
536	Value Added Reseller	Next Door Cycles	Berlin	Saarland	Germany
""
109	Value Added Reseller	Travel Sports	Issaquah	Washington	United States
289	Specialty Bike Shop	Moderately-Priced Bikes Store	Renton	Washington	United States
699	Warehouse	Sensational Discount Store	Kannapolis	North Carolina	United tSates
178	Warehouse	Rampart Amusement Company	W. York	England	United Kigndom
681	Warehouse	Showcase for Cycles	Sulzbach Taunus	Saarland	Germany
18	Warehouse	Catalog Store	Zeeland	Michigan	United States
307	Specialty Bike Shop	Riding Associates	Puyallup	Washington	United States
110	Value Added Reseller	Vintage Sport Boutique	Idaho Falls	Idaho	United States
555	Value Added Reseller	Twin Cycles	Darlinghurst	New Sotuh Wales	Australia
507	Specialty Bike Shop	Global Sporting Goods	Stafford	Texas	United States
382	Value Added Reseller	Bneeficial Exercises and Activities	San Antonio	Texas	United States
61	Value Added Reseller	Many Bikes Store	Fullerton	California	United States
298	Specialty Bike Shop	City Cycling	Winnipeg	Manitoba	Canada
701	Warehouse	Future Bikes	Calgary	Alberta	Canada
497	Value Added Reseller	Valley Toy Store	Richmond	British Columbia	Canada
""
562S	pecialty Bike Shop	Practical Bike Supply Company	Woodbury	Minnesota	United States
49	Value Added Reseller	Neighborhood Bicycle Storehouse	Roncq	Nord	France
536	Value Added Reseller	Next Door Cycles	Berlin	Saarlnad	Germany
674	Specialty Bike Shop	Discount Tours	Daly City	California	United States
199	Warehouse	Authorized Bike Sales and Rental	Renton	Washington	nUited States
644	Warehouse	Conevnient Sales and Service	Springfield	Oregon	United States
234	Value Adde dReseller	Eastside Sporting Goods	Indianapolis	Indiana	United States
488	Value Added Reseller	Bicycle Accessories and Kits	Lewiston	Idaho	United States
656	Specialty Bike Shop	Impervious Paint Company	Paris	Seine (Paris)	France
276	Value Added Reseller	Thrifty Parts and Sales	Oxnard	California	United States
478	Warehouse	Major Cycling	Richmond	British Columbia	Canada
548	Warehouse	New Bikes Company	Bluffton	South Carolina	United States
65	Specialty Bike Shop	Metro Manufacturing	Weston	Ontario	Canada
108	Warehouse	Wheelsets Storehouse	Kittery	Maine	United States
607	Specialty Bike Shop	Maintenance and Repair for Bicycles	La Marque	Texas	United States
37	Value Added Reseller	Two Bike Shops	Puyallup	Washington	United States
""
17	Specialty Bike Shop	Trusted Catalog Store	Newport News	Virginia	United States
8	Specialty Bike Shop	Exemplary Cycles	Miami	Florida	United States
296	Warehouse	Extreme Toy Store	Birmingham	Alabama	United States
515	Value Added Reseller	Rural Bicycle Supply	North York	Ontario	Canada
694	Value Added Reseller	The Accessories Store	Medford	Minnesota	United States
475	Warehouse	Real Sporting Goods	Phoenix	Arizona	United States
560	Warehouse	Major Sport Suppliers	Rock Springs	Wyoming	United States
365	Specialty Bike Shop	Distinctive Store	Brastow	California	United States
100	Value Added Reseller	Up-To-Date Sports	Markham	Ontario	Canada
457	Warehouse	Retail Sporting Equipment	Mesa	Arizona	United States
""
467	Value Added Reseller	The Cycle Store	Falls Churhc	Virginia	United States
""
481	Warehouse	Getaway Inn	Saint Ouen	Loir et Cher	France
575	Warehouse	Bicycle Outfitters	Cincinnati	Ohio	United States
129	Specialty Bike Shop	Discount Bicycle Specialists	Wood Dale	IllinoisU	nited States
350	Specialty Bike Shop	Mountain Emporium	Nashville	Tennessee	United States
292	Specialty Bike Shop	Grease and Oil Products Company	Houston	Texas	United States
204	Specialty Bike Shop	Traction Tire Company	Torrance	California	United States
577	Specialty Bike Shop	Synthetic Materials Manufacturing	Tacoma	Washington	United States
679	Value Added Reseller	Superb Sales and Repair	Montreal	Quebec	Canada
 151	Warehoues	Futuristic Bikes	Culver City	California	United States 
287	Warehouse	Handy Bike Services	Madison Heights	Michiagn	United States
497	Value Added Reseller	Valley To yStore	Richmond	British Columbia	Canada
363	Warehouse	Immense Manufacturing Company	Saint Ann	Missouri	United States
203	Value Added Reseller	Separate Parts Corporation	Monrovia	California	United States
126	Specialty Bike Shop	Famous Bike Sales and Service	Endicott	New York	United States
""
75	Warehouse	Paint Supply	Garland	Texas	United States
510	Specialty Bike Shop	World Bike Discount Store	Trabuco Canyon	California	United States
76	Value Added Reseller	Out-of-the-Way Hotels	Wood Dale	Illinois	United States
97	Value Added Reseller	Mountain Bike Center	Newark	California	United States
668	Specialty Bike Shop	Official Parts Shop	Kelso	Washington	United States
322	Specialty Bike Shop	Tachometers and Accessories	Milton Keynes	England	United Kingdom
410	Specialty Bike Shop	Pedaling Components	Kiel	Saarland	Germany
 174	Specialty Bike Shop	Toy Manufacturing Icn	Surrey	British Columbia	Canada 
76	Value Added Reseller	Out-of-the-Way Hotels	Wood Dale	Illinois	United States
180	Specialty Bike Shop	Full-Service Bike Store	Pontiac	Michigan	United States
258	Value Added Reseller	Quantity Discounts	Sacramento	California	United States
326	Warehouse	Year-Round Sports	Kent	Washington	United States
285	Value Added Reseller	Nearest Bike Store	North Ryde	New South Wales	Austrlaia
380	Specialty Bike Shop	First Department Stores	Cheyenne	Wyoming	United States
""
""
527	Value Added Reseller	Fun Times Club	Parker	Colorado	United States
388	Value Added Reseller	Road Way Sales and Rental	Vancouver	British Columbia	Canada
577	Specialty Bike Shop	Synthetic Materials Manufacturing	Tacoma	Washington	United States
316	Specialty Bike Shop	Low rPice Cycles	Mississauga	Ontario	Canada
127	Warehouse	Front Sporting Goods	Redmond	Washington	United States
207	Specialty Bike Shop	Lubricant and Grease Suppliers	Rocky Mount	North Carolina	United States
296	Warehouse	Extreme Toy Store	Birmingham	Alabama	United States
472	Warehouse	Summer Sports Place	Norridge	Illinois	United States
""
235	Specialty Bike Shop	Certified Bicycle Supply	Lynnwood	Washington	United States
9	9Warehouse	Unified Sports Company	Sarasota	Florida	United States
546	Value Added Reseller	Field Trip Store	Loveland	Colorado	United States
151	Warehouse	Futuristic Bikes	Culver City	California	United States
348	Warehouse	Bold Bike Accessories	Loveland	Colorado	United States
123	Specialty Bike Shop	First Supplies	North Ryde	New South Wales	Australia
143	Value Added Reseller	Modern Bike Store	East Haven	Connecticut	United States
176	Value Added Reseller	Rodeway Bike Store	Münster	Saarland	Germany
145	Warehouse	Raw Materials Inc	Redmond	Washington	United States
36	Warehouse	Exotic Bikes	South Bend	Indiana	United States
176	Value Added Reseller	Rodeway Bike Store	Münster	Saarland	Germany
258	Value Added Reseller	Quantity Discounts	Sacramento	California	United States
203	Value Added Reseller	Separate Parts Corporation	Monrovia	California	United States
""
316	Specialty Bike Shop	Low Price Cycles	Mississauga	Ontario	Canada
408	Warehouse	Odometers and Accessories Company	Richmond	British Columbia	Canada
""
661	Value Added Reseller	General Department Stores	Calgary	Alberta	Canada
71	Specialty Bike Shop	Outdoor Distributors	Farmington	Connecticut	United States
411	Warehouse	Kids and Adults Cycle Shop	North Sydney	New South Wales	Australia
519	Specialty Bike Shop	List Price Catalog Company	Melbourne	Victoria	Australia
500	Value Added Reselelr	Irregulars Outlet	Dresden	Hessen	Germany
""
284	Warehouse	Nearby iBke Mall	Berlin	Nordrhein-Westfalen	Germany
524	Value Added Reseller	Chain and Chain Tool Distributions	Smithfield	North Carolina	United States
""
""
145	Warehouse	Raw Materials Inc	Redmond	Washington	United States
""
560	Warehouse	Major Sport Suppliers	Rock Springs	Wyoming	United States
110	Value Added Reseller	Vintage Sport Boutique	Idaho Falls	Idaho	United States
23	Specialty Bike Shop	Bike World	San Ramon	California	United States
184	Warehouse	Go-cart and Bike Specialists	Carrollton	Texas	United States
140	Value Added Reseller	Teen Discount Store	Bonn	Hamburg	Germany
213	Specialty Bike Shop	Fast Bike Works	South Melbourne	Victoria	Australia
108	Warehouse	Wheelsets Storehouse	Kittery	Maine	United States
674	Specialty Bike Shop	Discount Tours	Daly City	California	United States
276	Valu eAdded Reseller	Thrifty Parts and Sales	Oxnard	California	United States
504	Specialty Bike Shop	Histroic Bicycle Sales	Redford	Michigan	United States
221	Warehouse	Bike Dealers Association	Las Cruces	New Mexico	United States
528	Specialty Bike Shop	Alpine Ski House	Elk Grove	California	United States
670	Value Added Reseller	First Bike Store	Odessa	Missouri	United States
580	Specialty Bike Shop	Rural Sales and Service	San Antonio	Texas	United States
""
326	Warehouse	Year-Round Sports	Kent	Washington	nUited States
591	Value Added Reseller	Fitness Discount Store	Melbourne	Victoria	Australia
297	Value Added Reseller	Blue-Ribbon Bike Company	Saint Matthews	Kentucky	United States
40	Value Added Reseller	Journey Sporting Goods	Laredo	Texas	United States
334	Value Added Reseller	Retreat Inn	Waterloo	Ontario	Canada
""
""
680	Warehouse	Golf and Cycle Store	La Mesa	California	United States
369	Warehouse	Distinctive Cycles Sales & Service	Florence	Kentucky	United States
345	Warehouse	Genial Bike Associates	Humble	Texas	United States
""
606	Value Added Reseller	Little Bicycle Supply Sohp	Mosinee	Wisconsin	United States
444	Specialty Bike Shop	Finer Cycle Shop	Calgary	Alberta	Canada
556	Specialty Bike Shop	Variety Cycling	London	England	United Kingdom
447	Specialty Bike Shop	Cross-town Parts Shop	Springwood	New South Wales	Australia
177	Specialty Bike Shop	Plastic Products Manufacturers	Hawthorne	Queensland	Australia
600	Value Added Reseller	Strenuous Exercise Shop	Norwalk	California	United States
557	Warehouse	Purchase Mart	Wrentham	Massachusetts	United States
290	Warehouse	Friendly Bike Shop	Bellingham	Washington	United States
548	Warehouse	New Bikes Company	Bluffton	South Carolina	United Sttaes
354	Warehouse	Serious Cycles	Calgary	Alberta	Canada
490	Warehouse	Extraordinary Bike Works	Mesquite	Texas	United States
28	Value Added Reseller	Commuter Bicycle Store	Toronto	Ontario	Canada
25	Value Added Reseller	Coalition Bike Company	El Segundo	California	United States
177	Specialty Bkie Shop	Plastic Products Manufacturers	Hawthorne	Queensland	Australia
636	Value Added Reseller	Recreation Systems	Logansport	Indiana	United States
119	Value Added Reseller	Red Bicycle Company	Pnot-Rouge	Quebec	Canada
639	Value Added Reseller	Producer Goods Clearinghouse	Frankfurt	Bayern	Germany
125	Value Added Reseller	Immediate Repair Shop	Stamford	Connecticut	United States
151	Warehouse	Futuristic Bikes	Culver City	California	United States
505	Warehouse	Honest Repair Service	Kelso	Washington	United States
458	Value Added Reseller	Simple Bike Parts	Destin	Florida	United States
""
335	Specialty Bike Shop	Scratch-Resistant Finishes Company	Mississauga	Ontario	Canada
411	Warehouse	Kids and Adults Cycle Shop	North Sydney	New South Wales	Australia
 628	Specialty Bike Shop	Executive Discount Store	Miami	Florida	United States 
13	Value Added Reseller	Country Parts Shop	Les Ulis	Essonne	France
31	Value Added Reseller	Wheels Inc.	Paris	Seine (Paris)	France
182	Value Added Reseller	Another Bicycle Company	Milwaukie	Oregon	United States
226	Specialty Bike Shop	Leisure Activities	Hull	Quebec	Canada
387	Warehouse	Racing Association	Huntsville	Alabama	United States
266	Warehouse	Excellent Bikes	Grevenbroich	Bayern	Germany
545	Value Added Reseller	Finish and Sealant Products	San Bruno	California	United States
533	Value Added Reseller	Tenth Bike Store	Sillery	Quebec	Canada
185	Value Added Reseller	Weekend Bike Tours	San Jose	California	United States
""
28	Value Added Reseller	Commuter Bicycle Store	Toronto	Ontario	Canada
432	Warehouse	Super Sports Store	Indianapolis	Indiana	United States
520	Warehouse	Metro Metals Co.	London	England	United Kingdom
530	Value Added Reseller	Valuable Bike Parts Company	Orlando	Florida	United States
544	Warehouse	Valley Bicycle Specialists	Kansas City	Missouri	United States
556	Specialty Bike Shop	Variety Cycling	London	England	United Kingdom
540	Specialty Bike Shop	Guaranteed Sales and Service	Burbank	Ohio	United States
338	Specialty Bike Shop	Rambling Tours	Stuttgart	Saarland	Germany
""
56	Specialty Bike Shop	Latest Accessories Sales	Portland	Oregon	United States
317	Warehouse	Finer Riding Supplies	Burnaby	British Columbia	Canada
123	Specialty Bike Shop	First Supplies	North Ryde	New South Wales	Australia
510	Specialty Bike Shop	World Bike Discount Store	Trabuco Canyon	California	United States
316	Specialty Bike Shop	Low Price yCcles	Mississauga	Ontario	Canada
537	Specialty Bike Shop	Preferable Bikes	Rhodes	New South Wales	Australia
""
316	Specialty Bike Shop	Low Price Cycles	Mississauga	Ontario	Canada
""
619	Specialty Bike Shop	Strong Metal Manufacturing	Ithaca	New York	United States
""
8	Specialty Bike Shop	Exemplary Cycles	Miami	Florida	United States
47	Specialty Bike Shop	Greater Bike Store	Toronto	Ontario	Canada
538	Warehouse	Prosperous Tours	London	England	United Kingdom
485	Value Added Reseller	Clamps & Brackets Co.	Leesburg	Virginia	United States
179	Value Added Reseller	Fourth Bkie Store	Mentor	Ohio	United States
521	Value Added Reseller	Mobile Outlet	Woonsocket	Rhode Island	United States
265	Specialty Bike Shop	Full Sports Supply	Paris	Seine (Paris)	France
446	Value Added Reseller	Fitness Toys	Berlin	Hamburg	Germany
219	Value Added Reseller	Extras Sporting Goods	Chicago	Illinois	United States
62	Specialty Bike Shop	Manufacturers Inc	Nashville	Tennessee	United States
188	Value Added Reseller	Variety Bike Outlet	Miami	Florida	UnitedS tates
14	Specialty Bike Shop	Bicycle Warehouse Inc.	Frankfurt am Main	Saarland	Germany
655	Value Added Reseller	Operational Manufacturing	Dorval	Quebec	Canada
560	Warehouse	Major Sport Suppliers	Rock Springs	Wyoming	United States
613	Specialty Bike Shop	Famous Bike Shop	Vancouver	Ontario	Canada
541	Warehouse	Nonskid Tire Company	Great Falls	Montana	United States
178	Warehouse	Rampart Amusement Company	W. York	England	United Kingdom
279	Value Added Reseller	Reliable Brake Systems	Memphis	Tennessee	United States
""
""
86	Specialty Bike Shop	Bicycle Exporters	Essen	Hamburg	Germany
126	Specialty Bike Shop	Famous Bike Sales and Service	Endicott	New York	United States
36	Warehouse	Exotic Bikes	South Bend	Indiana	United States
636	Value Added Reseller	Recreation Systems	Logansport	Indiana	United States
30	Warehouse	Cycle Merchants	Quebec	Quebec	Canada
141	Specialty Bike Shop	Rental Gallery	Lavender Bay	New South Wales	Australia
29	Specialty Bike Shop	Cross-Country Riding Supplies	Chalk Riber	Ontario	Canada
493	Warehouse	Valley Bicycle Distributors	Citrus Heights	California	United States
577	Specialty Bike Shop	Synthetic Materials Manufacturing	Tacoma	Washington	United States
186	Specialty Bike Shop	Thrilling Bike Tours	Santa Fe	New Mexico	United States
272	Warehouse	Metro Cycle Shop	Tacoma	Washington	United States
437	Value Added Reseller	Professional Cycle Store	Phoeinx	Arizona	United States
261	Value Added Reseller	Functional Store North	Altamonte Spirngs	Florida	United States
252	Value Added Reseller	Classic Cycle Store	Milford	Connecticut	United States
79	Value Added Reseller	Reasonable Bicycle Sales	Greeley	Colorado	United States
269	Warehouse	Curbside Universe	Euclid	Ohio	United States
593	Warehouse	Expert Sports Store	Holland	Ohio	United States
16	Value Added Reseller	Bulk Discount Store	London	England	United Kingdom
220	Specialty Bike Shop	Best o' Bikes	Saint Louis	Missouri	United States
613	Specialty Bike Shop	Famous Bike Shop	Vancouver	Ontario	Canada
473	Value Added Reseller	Racing Toys	Phoenix	Arizona	United States
""
624	Value Added Reseller	First Cycle Store	Scottsdale	Arizona	United States
56	Specialty Bike Shop	Latest Accessories Sales	Portland	Oregon	United States
135	Specialty Bike Shop	Wonderful Bikes Inc.	Memphis	Tennessee	United States
37	Value Added Reseller	Two Bike Shops	Puyallup	Washington	United States
 542	Value Added Reseller	Finer Parts Shop	Kirkland	Washington	United States 
399	Warehouse	Big Cycle Mall	Killeen	Texas	United States
468	Specialty Bike Shop	Blue Bicycle Company	Monroe	Michigan	United States
524	Value Added Reseller	Chain and Chain Tool Distributions	Smithfield	North Carolina	United States
41	Specialty Bike Shop	Distant Inn	Milpitas	California	United States
583	Specialty Bike Shop	Professional Containers and Packaging Co.	Surprise	Arizona	United States
450	Specialty Bike Shop	Bikes Anyone?	Saugus	Massachusetts	United States
""
270	Value Added Reseller	Active Transport Inc.	North Randall	Ohio	United States
666	Warehouse	Bike Boutique	Colmubus	Ohio	United States
425	Specialty Bike Shop	Bikes for Kids and Adults	Etobicoke	Ontario	Canada
701	Warehouse	Future Bkies	Calgary	Alberta	Canada
425	Specialty Bike Shop	Bikes for Kids and Adults	Etobicoke	Ontario	Canada
242	Warehouse	Spoke Manufacturers	Miami	Florida	United States
175	Warehouse	Registered Cycle Store	Orleans	Loiret	France
263	Warehouse	Farthest Bike Store	Burnaby	British Columbia	Canada
285	Value Added Reseller	Nearest Bike Store	North Ryde	New South Wales	Australia
344	Specialty Bike Shop	Fifth Bike Store	Everett	Washington	United States
399	Warehouse	Big Cycle Mall	Killeen	Texas	United States
381	Warehouse	Bicycle Lines Distributors	Saint Louis	Missouri	United States
273	Value Added Reseller	A Typical Bike Shop	Round Rock	Texas	United States
617	Warehouse	Tubeless Tire Company	Oxford	England	United Kingdom
696	Warehouse	Roadway Supplies	Riverton	Utah	United States
 683	Specialty Bike Shop	Oils and Fluids Warehouse	London	England	United Kingdom 
""
71	Specialty Bike Shop	Outdoor Distributors	Farmington	Connecticut	United States
89	Specialty Bike Shop	Riverside Company	Oberlin	Ohio	United States
103	Warehouse	Elite Bikes	Dallas	Texas	United States
668	Specialty Bike Shop	Official Parts Shop	Kelso	Washington	United States
653	Warehouse	Mercantile Outlet	Toronto	Ontario	Canada
567	Value Added Reseller	Global Plaza	Pigeon Forge	Tennessee	United States
 118	Warehouse	Rapid Bikes	Toronto	Ontario	Canada 
326	Warehouse	Year-Round Sports	Kent	Washington	United States
311	Warehouse	Principal Bike oCmpany	Upland	California	United States
""
581	Warehouse	Safe Toys	Ri oRancho	New Mexico	United States
175	Warehouse	Registered Cycle Store	Orleans	Loiret	France
572	Warehouse	Versatile Sporting Goods Company	Braunschweig	Nordrhein-Westfalen	Germany
291	Value Added Reseller	Grand Bicycle Stores	Baytown	Texas	United States
349	Value Added Reseller	Exercise Center	San Jose	California	United States
316	Specialty Bike Shop	Low Price Cycles	Mississauga	Ontario	Canada
224	Warehouse	Pedal Systems Company	Florence	Alabama	United States
585	Value Added Reseller	Next-Door Bike Store	Memphis	Tennessee	United States
689	Specialty Bike Shop	Consumer Equipment	London	England	United Kingdom
235	Specialty Bike Shop	Certified Bicycle Supply	Lynnwood	Washington	United States
662	Specialty Bike Shop	Finer Sporting Goods	Croix	Nord	France
176	Value Added Reseller	Rodeway Bik eStore	Münster	Saarland	Germany
383	Specialty Bike Shop	Vehicle Shop	Redlands	California	United States
63	Warehouse	Metro Bike Mart	Greensboro	North Carolina	United States
251	Warehouse	Endurance Bikes	Hamden	Connecticut	United States
47	Specialty Bike Shop	Greater Bike Store	Toronto	Ontario	Canada
158	Value Added Reseller	Rural Sporting Goods	Bonn	Nordrhein-Westfalen	Germany
611W	arehouse	Front Runner Bikes	Bradenton	Florida	United States
2	4Warehouse	Eastside Department Store	Union City	California	United States
177	Specialty Bike Shop	Plastic Products Manufacturers	Hawthorne	Queensland	Australia
265	Specialty Bike Shop	Full Sports Supply	Paris	Seine (Paris)	France
136	Warehouse	Wholesale Parts	Calgary	Alberta	Canada
392	Specialty Bike Shop	Primary Cycle Shop	Hamburg	Hamburg	Germany
104	Specialty Bike Shop	Very Best Sports Supply	Duesseldorf	Hessen	Germany
626	Warehouse	Retail Sporting Goods	Las Vegas	Nevada	United States
668	Specialty Bike Shop	Finished Parts Shop	Suresnes	Hauts de Seine	France
101	Specialty Bike Shop	Urban Sports Emporium	Toronto	Ontario	Canada
""
355	Value Added Reseller	Spare Parts Co.	Paris	Seine (Pari)s	France
356	Specialty Bike Shop	Speedometer Sales	Hamburg	Hessen	Germany
67	Value Added Reseller	Self-Contained Cycle Parts Company	Verrieres Le Buisson	Essonne	France
32	Specialty Bike Shop	Precision Gears Inc.	Stuttgart	Saarland	Germany
589	Specialty Bike Shop	Hiatus Bike Tours	Paris	Seine (Paris)	France
679	Value Added Reseller	Superb Sales and Repair	Montreal	Quebec	Canada
51	Warehouse	Ideal Components	Cloverdale	South Australia	Australia
530	Value Added Reseller	Valuable Bike Parts Company	Orlando	Florida	United States
526	Warehouse	Finer Sales and Service	Ottawa	Ontario	Canada
452	Value Added Reseller	A Cycle Shop	Albany	Oregon	United States
346	Value Added Reseller	Great Bicycle Supply	Moline	Illinois	United States
2	Specialty Bike Shop	Progressive Sports	Renton	Washington	United States
58	Value Added Reseller	Largest Bike Store	Chicago	Illinois	United States
500	Value Added Reselle	rIrregulars Outlet	Dresden	Hessen	Germany
148	Warehouse	Lots of Bikes Storehouse	Carol Stream	Illinois	United States
613	Specialty Bike Shop	Famous Bike Shop	Vancouver	Ontario	Canada
180	Specialty Bike Shop	Full-Service Bike Store	Pontiac	Michigan	United States
546	Value Added Reseller	Field Trip Store	Loveland	Colorado	United States
282	Value Added Reseller	Quick Parts and Service	Sainte-Foy	Quebec	Canada
""
""
347	Specialty Bike Shop	Bike Universe	Vacaville	California	United States
468	Specialty Bike Shop	Blue Biyccle Company	Monroe	Michigan	United States
244	Specialty Bike Shop	Retail Discount Store	Montreal	Quebec	Canada
""
509	Value Added Reseller	Fun Toys and Bikes	Tucson	Arizona	United States
376	Value Added Reseller	Commerce Bicycle Specialists	Berkshire	England	United Kingdom
567	Value Added Reseller	Global Plaza	Pigeon Forge	Tennessee	United States
015	Warehouse	Volume Bike Sellers	Alexandria	New South Wales	Australia
624	Value Added Reseller	First Cycle Store	Scottsdale	Arizona	United States
48	Warehouse	Grand Industries	Montreal	Quebec	Canada
97	Value Added Reseller	Mountain Bike Center	Newark	California	United States
496	Warehouse	Top Sports Supply	Edmonton	Alberta	Canada
103	Value Added Reselle	rThe Bike Outlet	Pantin	Seine Saint Denis	France
""
502	Warehouse	Metropolitan Bicycle Supply	London	England	United Kingdom
562	Specialty Bike Shop	Practical Bike Supply Company	Woodbury	Minnesota	United States
152	Value Added Reseller	Distance Bikes	Clarkston	Georgia	United States
220	Specialty Bike Shop	Best o' Bikes	Saint Louis	Missouri	United States
83	Specialty Bike Shop	Requisite Part Supply	Ottawa	Ontario	Canada
451	Warehouse	Roadway Bike Emporium	Medford	Oregon	United States
489	Specialty Bike Shop	Cash & Carry Bikes	Cedar Park	Texas	United States
459	Specialty Bike Shop	Parts Shop	La Grange	Georgia	United States
430	Value Added Reseller	Uttemrost Bike Shop	Bracknell	England	United Kingdom
293	Warehouse	Fashionable Bikes and Accessories	Park City	Utah	United States
501	Specialty Bike Shop	Jumbo Bikes	Malabar	New South Wales	Australia
684	Warehouse	Lease-a-Bike Shop	Milford	Connecticut	United States
8	Specialty Bike Shop	Exemplary Cycles	Miami	Florida	United States
214	Warehouse	Exclusive Bicycle Mart	Lancaster	England	United Kingdom
347	Specialty Bike Shop	Bike Universe	Vacaville	California	United States
661	Value Added Reseller	General Department Stores	Calgary	Alberta	Candaa
402	Warehouse	Pro Sporting Goods	Camarillo	California	United States
362	Specialty Bike Shop	Grand Cycle Store	Spokane	Washington	United States
37	Value Added Reseller	Two Bike Shops	Puyallup	Washington	United States
378	Warehouse	Grown-up Bike Store	Springdale	Ohio	United States
287	Warehouse	Handy Bike Services	Madison Heights	Michigan	United States
 261	Value Added Reseller	Functional Store North	Altamonte Springs	Florida	United States 
561	Value Added Reseller	Mountain Toy Store	Sugar Land	Texas	United States
163	Warehouse	Sports Merchandise	Klamath Falls	Oregon	United States
277	Specialty Bike Shop	The Bicycle Accessories Company	Alhambra	California	United States
524	Value Added Reseller	Chain and Chain Tool Distributions	Smithfield	North Carolina	United States
553	Specialty Bike Shop	Accessories Network	Paris	Seine (Paris)	France
 429	Warehouse	nUusual Bicycle Company	Silverwater	New South Wales	Australia 
""
 409	Value Added Reseller	Outdoor Toy Store	Aujan Mournede	Gers	France 
80	Specialty Bike Shop	Racks and Security Systems	Sunrise	Florida	United States
625	Specialt yBike Shop	Major Sporting Goods	Chandler	Arizona	United States
139	Warehouse	Steel Inc.	Colombse	Hauts de Seine	France
71	Specialty Bike Shop	Outdoor Distributors	Farmintgon	Connecticut	United States
35	SpecialtyB ike Shop	Economic Parts Supply	West Kingston	Rhode Island	United States
190	Warehouse	Racing Partners	Calgary	Alberta	Canada
296	Warehouse	Extreme Toy Store	Birmingham	Alabama	United States
333	Warehouse	Resident Cycle Shop	Hixson	Tennessee	United States
386	Specialty Bike Shop	Touring Services	Myrtle Beach	South Carolina	United States
343	Value Added Reseller	Mail-Order Outlet	Ellensburg	Washington	United States
295	Specialty Bike Shop	Engineered Bike Ssytems	Oxnard	California	United States
108	Warehouse	Wheelsets Storehouse	Kittery	Maine	United States
178	Warehouse	Rampart Amusement Company	W. York	England	United Kingdom
279	Value Added Reseller	Reliable Brake Systems	Memphis	Tennessee	United States
257	Waerhouse	Number 1 Supply	Escondido	California	United States
292	Specialty Bike Shop	Grease adn Oil Products Company	Houston	Texas	United States
35	Specialty Bike Shop	Economic Parts Supply	West Kingston	Rhode Island	United States
201	Specialty Bike Shop	Unsurpassed Bikes	Dallas	Texas	United States
670	Value Added Reseller	First Bike Store	Odessa	Missouri	United States
 269	Warehouse	Curbside Universe	Euclid	Ohio	United States 
670	Value Added Reseller	First Bike Store	Odessa	Missouri	United States
""
378	Warehouse	Grown-up Bike Store	Springdale	Ohio	UnitedS tates
40	Value Added Reseller	Journey Sporting Goods	Laredo	Texas	United States
179	Value Added Reseller	Fourth Bike Store	Mentor	Ohio	United States
191	Value Added Reseller	Non-Slip Pedal Company	Toronto	Ontario	Canada
486	Specialty Bike Shop	Convenient Bike Shop	Braintree	Massachusetts	United States
189	Specialty Bike Shop	Principal Bicycle Supply	Mobile	Alabama	United States
282	Value Added Reseller	Quick Parts and Service	Sainte-Foy	Quebec	Canada
615	Value Added Reseller	Fast Services	Leipzig	Nordrhein-Westfalen	Germany
669	Warehouse	Racing Bike Outlet	Federal Way	Washington	United Sttaes
440	Value Added Reseller	Hobby Store	Orlando	Florida	United States
119	Value Added Reseller	Red Bicycle Company	Pnot-Rouge	Quebec	Canada
302	Warehouse	Best Cycle Store	Offenbach	Saarland	Germany
78	Warehouse	Preferred Bikes	Ontario	California	United States
287	Warehouse	Handy Bike Services	Madison Heights	Michigan	United States
208	Warehouse	Professional Cyclists	Toronto	Ontario	Canada
 391	Value Added Reseller	Pretty Bikes and Toys	Paris	Seine (Paris)	France 
146	Value Added Reseller	Latest Sports Equipment	Seattle	Washington	United States
114	Specialty Bike Shop	Two Wheels Cycle Store	San Francisco	California	United States
338	Specialty Bike Shop	Rambling Tours	Stuttgart	Saarland	Germany
199	Warehouse	Authorized Bike Sales and Rental	Renton	Washington	United States
231	Value Added Reseller	Helmets and Cycles	Lavender Bay	New South Wales	Australia
446	Value Added Reseller	Fitness Toys	Berlin	Hamburg	Germany
192	Specialty Bike Shop	Nuts and Bolts Mfg.	Toronto	Ontario	Canada
445	Warehouse	First Center	Pantin	Seine Saint Denis	France
5	Specialty Bike Shop	Metropolitan Sports Supply	Fremont	California	Untied States
174	Specialty Bike Shop	Toy Manufacturing Inc	Surrey	British Columbia	Canada
528	Specialty Bike Shop	Alpine Ski House	Elk Grove	California	United States
656	Specialty Bike Shop	Imperviuos Paint Company	Paris	Seine (Paris)	France
33	Warehouse	Global Sports Outlet	Lavender Bay	New South Wales	Australia
9	Warehouse	Tandem Bicycle Store	Millington	Tennessee	United States
18	Warehouse	Catalog Store	Zeeland	Michigan	United States
360	Warehouse	Novelty Bikes	Saginaw	Michigan	United States
151	Warehouse	Futuristic Bikes	Culver City	California	United States
""
""
314	Warehouse	One-Piece Handle Bars	Tupelo	Mississippi	United States
383	Specialty Bike Shop	Vehicle Shop	Redlands	California	United States
672	Warehouse	Utilitarian Sporting Goods	Ogden	Utah	United States
254	Warehouse	Safe Cycles Shop	Bellevue	Washington	United States
400	Value Added Reseller	Local Sales and Rental	Joliet	Illinois	United States
618	Value Added Reseller	Seventh Bike Store	Plaistow	New Hampshire	United States
662	Specialty Bike Shop	Finer Sporting Goods	Croix	Nord	France
378	Warehouse	Grown-up Bike Store	Springdale	Ohio	United States
499	Warehouse	Racing Sales and Service	Orleans	Loiret	France
 456	Specialty Bike Shop	Riding Excursions	Irvine	California	United States 
375	Warehouse	Region Bike Company	East Brisbane	Queensland	Australia
363	Warehouse	Immense Manufacturing Company	Saint Ann	Missouri	United States
700	Value Added Reseller	Underglaze and Finish Company	Charlotte	North Carolina	United States
 237	Value Added Reseller	Client Discount Store	Chicago	Illinois	United States 
505	Warehouse	Honest Repair Service	Kelso	Washington	United States
331	Value Added Reseller	Technical Parts Manufacturing	Ontario	California	United States
505	Warehouse	Honest Repair Service	Kelso	Washington	United States
154	Warehouse	Camping and Sports Store	Vancouver	British Columbia	Canada
352	Value Added Reseller	Twelfth Bike Store	Edmonton	Alberta	Canada
230	Warehouse	Global Bike Retailers	Bad Soden	Hessen	Germany
37	Value Added Reseller	Two Bike Shops	Puyallup	Washington	United States
27	Warehouse	Sports Sales and Rental	Millington	Tennessee	United States
136	Warehouse	Wholesale Parts	Calgary	Alberta	Canada
17	Specialty Bike Shop	Trusted Catalog Store	Newport News	Virginia	United States
286	Specialty Bike Shop	Number One Bike Co.	Reading	England	United Kingdom
616	Specialty Bike Shop	Eastward Bike Accessories	Matraville	New South Wales	Australia
391	Value Added ResellerP	retty Bikes and Toys	Paris	Seine (Paris)	France
6	Warehouse	Aerobic Exercise Company	Camarillo	California	United States
383	Specialty Bike Shop	Vehicle Shop	Redlands	California	United States
""
155	Value Added Reseller	Corner Bicycle Supply	Toronto	Ontario	Canada
240	Value Added Reseller	Wire Baskets and Parts	Orange	California	United States
50	Specialty Bike Shop	Hometown Riding Supplies	Berlin	Brandenburg	Germany
200	Value Added Reseller	Basic Bike Company	Port Orchard	Washington	United States
501	Specialty Bike Shop	Jumbo Bikes	Malabar	New South Wales	Australia
515	Value Added Reseller	Rural Bicycle Supply	North York	Ontario	Canada
374	Specialty Bike Shop	Major Equipment Co	Salzgitter	Hessen	Germany
129	Specialty Bike Shop	Discount Bicycle Specialists	Wood Dale	Illinois	United States
155	Value Added Reseller	Corner Bicycle Supply	Toronto	Ontario	Canada
271	Specialty Bike Shop	Alternative Vehicles	Washougal	Washington	United States
559	Specialty Bike Shop	Some Discount Store	Cheyenne	Wyoming	United States
24	Warehouse	Eastside Department Store	Union City	California	United States
612	Value Added Reseller	General Associates	Hollywood	Florida	United States
614	Warehouse	Favorite Toy Distributor	Paris	Seine (Paris)	France
403	Value Added Reseller	Affordable Sports Equipment	Lake Elsinore	California	United States
300	Value Added Reseller	Nice Bikes	Ottawa	Ontario	Canada
""
553	Specialty Bike Shop	Accessories Network	Paris	Seine (Paris)	France
154	Warehouse	Camping and Sports Store	Vancouver	British Columbia	Canada
""
232	Specialty Bike Shop	Exceptional Cycle Services	Basingstoke Hants	England	United Kingdom
72	Warehouse	Outdoor Equipment Store	Nashua	New Hampshire	United States
207	Specialty Bike Shop	Lubricant and Grease Suppliers	Rocky Mount	North Carolina	United States
124	Warehouse	Nearby Sporting Goods	W. York	England	United Kingdom
376	Value Added Reseller	Commerce Bicycle Specialists	Berkshire	England	United Kingdom
 319	Specialty Bike Shop	Cycles Sales and Repair	Bobigny	Seine Saint Denis	France 
44	Specialty Bike Shop	Games and Sport Supply Company	Huntsville	Alabama	United States
""
138	Specialty Bike Shop	South Bike Company	Vancouver	British Columbia	Canada
191	Value Added Reseller	Non-Slip Pedal Company	Toronto	Ontario	Canada
133	Warehouse	Commercial Sporting Goods	Modesto	California	United States
446	Value Added Reseller	Fitness Toys	Berlin	Hamburg	Germany
513	Specialty Bike Shop	Village Tours	Newport	Kentucky	United States
501	Specialty Bike Shop	Jumbo Bikes	Malabar	New South Wales	Australia
238	Specialty Bike Shop	A Great Bicycle Company	Jefferson City	Missouri	United States
428	Specialty Bike Shop	West Wind Distributors	Hannover	Nordrhein-Westfalen	Germany
430	Value Added Reseller	Uttermost Bike Shop	Bracnkell	England	United Kingdom
198	Specialty Bike Shop	Field Trip Inc	Southfield	Michigan	United States
30	Warehouse	Cycle Merchants	Quebec	Quebec	Canada
53	Specialty Bike Shop	Incomparable Bicycle Store	Norwood	Massachusetts	United States
4	Value Added Reseller	Modular Cycle Systems	Austin	Texas	United States
581	Warehouse	Safe Toys	Rio Rancho	New Mexico	United States
569	Warehouse	Designated Distributors	Nepean	Ontario	Canada
557	Warehouse	Purchase Mart	Wrentham	Massachusetts	United States
632	Warehouse	Ultimate Bicycle Company	Morangis	Essonne	France
532	Warehouse	The Showroom	Kanata	Ontario	Canada
136	Warehouse	Wholesale Parts	Calgary	Alberta	Canada
 544	Warehouse	Valley Bicycle Specialists	Kansas City	Missouri	United States 
186	Specialty Bike Shop	Thrilling Bike Tours	Santa Fe	New Mexico	United States
360	Warehouse	Novelty Bikes	Saginaw	Michigan	United States
342	Warehouse	Leather and Vinyl Manufacturing	Indianapolis	Indiana	United States
685	Value Added Reseller	Family Cycle Store	Montreal	Qubeec	Canada
489	Specialty Bike Shop	Cash & Carry Bikes	Cedar Park	eTxas	United States
244	Specialty Bike Shop	Retail Discount Store	Montreal	Quebec	Canada
361	Value Added Reseller	Fitness Supplies	Sequim	Washington	United States
423	Warehouse	Bike Rims Company	Biloxi	Mississippi	United States
633	Value Added Reseller	Rustic Bike Store	Augsburg	Bayern	Germany
403	Value Added Reseller	Affordable Sports Equipment	Lake Elsinore	California	United States
401	Specialty Bike Shop	Brightwork Company	Las Vegas	Nevada	United States
107	Specialty Bike Shop	Wholesale Bikes	Randolph	Massachusetts	United States
""
27	Warehouse	Sports Sales and Rental	Millington	Tennessee	United States
38	Specialty Bike Shop	Finer Mart	Billings	Montana	United States
66	Warehouse	Neighborhood Store	Burnaby	British Columbia	Canada
654	Value Added Reseller	Online Bike Warehouse	Aurora	Ontario	Canada
57	Warehouse	Leading Sales & Repair	West Chicago	Illinois	United States
""
405	Warehouse	Sporting Goods and Bicycle Shop	Kingsport	Tennessee	United States
""
141	Specialty Bike Shop	Rental Gallery	Lavender Bay	New South Wales	Australia
437	Value Added Reseller	Professional Cycle Store	Phoenix	Arizona	United States
68	Specialty Bike Shop	North Bike Company	Muehlheim	Hamburg	Germany
 135	Specialty Bike Shop	Wonderful Bikes Inc.	Memphis	Tennessee	United States 
444	Specialty Bike Shop	Finer Cycle Shop	Calgary	Alberta	Canada
""
76	Value Added Reseller	Out-of-the-Way Hotels	Wood Dale	Illinois	United States
114	Specialty Bike Shop	Two Wheels Cycle Store	San Francisco	California	United States
366	Warehouse	Extended Bike Sales	City Of Commerce	California	United States
506	Value Added Reseller	Great Bikes	Casper	Wyoming	United States
84	Warehouse	Rewarding Activities Company	Etobicoke	Ontario	Canada
76	Value Added Reseller	Out-of-the-Way Hotels	Wood Dale	Illinois	United States
433	Value Added Reseller	Thorough Parts and Repair Services	Lacey	Washington	United States
659	Specialty Bike Shop	Shipping Specialists	London	England	United Kingdom
433	Value Added Reseller	Thorough Parts and Repair Services	Lacey	Washington	United States
196	Warehouse	Exhibition Showroom	Milton Keynes	England	United Kingdom
372	Warehouse	Top Bike Market	Kingston	Ontario	Canada
177	Specialty Bike Shop	Plastic Products Manufacturers	Hawthorne	Queensland	Australia
351	Warehouse	AcclaimedB icycle Company	Mcdonough	Georgia	United States
442	Warehouse	Original Bicycle Supply Company	Toronto	Ontario	Canada
346	Value Added Reseller	Great Bicycle Supply	Moline	Illinois	United States
680	Specialty iBke Shop	Racing Tours	Sèvres	Hauts de Seine	France
133	Wareohuse	Commercial Sporting Goods	Modesto	California	United States
377	Specialty Bike Shop	Grand Sport Boutique	Saginaw	Michigan	United States
679	Value Added Reseller	Superb Sales and Repair	Montreal	Quebec	Canada
543	Specialty Bike Shop	Friendly Neighborhood Bikes	Johnson Creek	Wisconsin	United States
100	Value Added Reseller	Up-To-Date Sports	Markham	Ontario	Canada
631	Specialty Bike Shop	Tandem Sales and Service	Toronto	Ontario	Canada
217	Warehouse	City Manufacturing	Shelton	Washington	United States
438	Specialty Bike Shop	Remarkable Bike Store	Las Vegas	Nevada	United States
343	Value Added Reseller	Mail-Order Outlet	Ellensburg	Washington	United States
700	Value Added Reseller	Underglaze and Finish Company	Charlotte	North Carolina	United States
 672	Warehouse	Utilitarian Sporting Goods	Ogden	Utah	United States 
33	Warehouse	Global Sports Outlet	Lavender Bay	New South Wales	Australia
454	Warehouse	Sleek Bikes	Denby	South Dakota	United States
152	Value Added Reseller	Distance Bikes	Clarkston	Georgia	United States
333	Warehouse	Resident Cycle Shop	Hixson	Tennessee	United States
 315	Value Added Reseller	Juvenile Sports Equipment	Merritt Island	Florida	United States 
287	Warehouse	Handy Bike Services	Madison Heights	Michigan	United States
508	Warehouse	Designer Department Stores	Hillsboro	Texas	United States
414	Warehouse	Grand Discount Store	Daleville	Indiana	United States
327	Value Added Reseller	World of Bikes	Saint Louis	Missouri	United States
211	Warehouse	Sports Products Store	Lieusaint	Seine et Marne	France
441	Specialty Bike Shop	Leading Bike Distributors	Somerset	Kentucky	United States
322	Specialty Bike Shop	Tachometers and Accessories	Milton Keynes	England	United Kingdom
23	Specialty Bike Shop	Bike World	San Ramon	California	United States
575	Warehouse	Bicycle Outfitters	Cincinnati	Ohio	United States
58	Value Added Reseller	Largest Bike Store	Chicago	Illinois	United States
608	Warehouse	Golf and Cycle Store	La Mesa	California	United States
683	Specialty Bike Shop	Oils and Fluids Warehouse	London	England	United Kingdom
1	Value Added Reseller	A Bike Store	Seattle	Washington	United States
194	Value Added Reseller	Mechanical Brake Manufacturers	München	Hamburg	Germany
260	Warehouse	Industrial Supplies	Miami	Florida	United States
566	Warehouse	eCommerce Bikes	Gulfport	Mississippi	United States
45	Warehouse	Every Bike Shop	La Vergne	Tennessee	Unitde States
39	Warehouse	Fitness Hotel	Edina	Minnesota	United States
389	Specialty Bike Shop	Sixth Bike Store	Surrey	British Colubmia	Canada
131	Value Added Reseller	Eighth Bike Store	El Segundo	California	United States
442	Warehouse	Original Bicycle Supply Company	Toronto	Ontario	Canada
602	Warehouse	Ultimate Bike Shop	Maryville	Tennessee	United States
596	Warehouse	Coho Sports	Everett	Washington	United States
139	Warehouse	Steel Inc.	Colombes	Hauts de Seine	France
""
""
325	Specialty Bike Shop	All Cycle Shop	Bothell	Washington	United States
212	Value Added Reseller	Enterprise Center	München	Hessen	Germany
232	Specialty Bike Shop	Exceptional Cycle Services	Basingstoke Hants	England	United Kingdom
141	Specialty Bike Shop	Rental Gallery	Lavender aBy	New South Wales	Australia
542	Value Added Reseller	Finer Parts Shop	Kirkland	Washington	United States
71	Specialty Bike Shop	Outdoor Distributors	Farmington	Connecticut	United States
427	Value Added Reseller	Atypical Bike Company	Paris	Seine (Paris)	France
161	Value Added Reseller	Weekend Tours	Fort Wayne	Indiana	United States
 337	Value Added Reseller	Recreation Toy Store	Paris La Defense	Hauts de Seine	France 
383	Specialty Bike Shop	Vehicle Shop	Redlands	California	United States
""
""
419	Specialty Bike Shop	Exertion Activities Club	Norwalk	California	United States
320	Warehouse	Amalgamated Parts Shop	Frankfurt am Main	Hamburg	Germany
537	Specialty Bike Shop	Preferable Bikes	Rhodes	New South Wales	Australia
198	Specialty Bike Shop	Field Trip Inc	Southfield	Michigan	United States
69	Warehouse	Online Bike Catalgo	Lavender Bay	New South Wales	Australia
83	Specialty Biek Shop	Requisite Part Supply	Ottawa	Ontario	Canada
657	Warehouse	Links Works	Ascheim	Hamburg	Germany
175	Warehouse	Registered Cycle Store	Orleans	Loiret	France
631	Specialty Bike Shop	Tandem Sales and Service	Toronto	Ontario	Canada
 552	Value Added Reseller	Consolidated Messenger	Toronto	Ontario	Canada 
342	Warehouse	Leather and Vinyl Manufacturing	Indinaapolis	Indiana	United States
545	Value Added Reseller	Finish and Sealant Products	San Bruno	California	United States
682	Vaule Added Reseller	Popular Bike Lines	Newcastle	New South Wales	Australia
64	Value Added Reseller	Metal Clearing House	Toronto	Ontario	Canada
""
698	Specialty Bike Shop	Western Bike Supplies	Cedar City	Utah	United States
441	Specialty Bik eShop	Leading Bike Distributors	Somerset	Kentucky	United States
552	Value Added Reseller	Consolidated Messenger	Tornoto	Ontario	Canada
672	Warehouse	Utilitarian Sporting Goods	Ogden	Utah	United States
596	Warehouse	Coho Sports	Everett	Washington	United States
163	Warehouse	Sports Merchandise	Klamath Falls	Oregon	United States
528	Specialty Bike Shop	Alpine Ski House	Elk Grove	California	United States
245	Warehouse	Leather Seat Factoyr	Brossard	Quebec	Canada
275	Warehouse	Outdoor Sporting Goods	Lakewood	California	Uinted States
394	Value Added Reseller	Little Sports Center	York	England	United Kingdom
233	Warehouse	Fashionable Department Stores	New Hartford	New York	United States
424	Value Added Reseller	Bikes for Two	Richmond Hill	Ontario	Canada
299	Warehouse	Citywide Service and Repair	Saint John	Brunswick	Canada
404	Specialty Bike Shop	Activity Center	Crossville	Tennessee	United States
539	Value Added Reseller	Glossy Bikes	Lake George	New York	United States
480	Specialty Bike Shop	General Bike Corporation	Mississauga	Ontario	Canada
659	Specialty Bike Shop	Shipping Specialists	London	England	United Kingdom
663	Warehouse	Capital Riding Supplies	Augsburg	Hamburg	Germany
""
550	Specialty Bike Shop	Remote Bicycle Specialists	Quebec	Quebec	Canada
530	Value Added Reseller	Valuable Bike Parts Company	Orlando	Florida	United States
259	Specialty Bike Shop	Highway Bike Shop	Simi Valley	California	United States
""
648	Value Added Reseller	Small Bike Shop	El Segundo	California	United States
""
501	Specialty Bike Shop	Jumbo Bikes	Malabar	New South Wales	Australia
445	Warehouse	First Center	Pantin	Seine Saint Denis	France
21	Wraehouse	Chic Department Stores	Irving	Texas	United States
243	Value Adedd Reseller	Recreation Supplies	Kendall	Florida	United States
411	Warehouse	Kids and Adults Cycle Shop	North Sydney	New South Wales	Australia
437	Value Added Reseller	Professional Cycle Store	Phoenix	Arizona	United States
""
483	Specialty Bike Shop	Fitness Bike Accessories	Rhodes	New South Wales	Australia
233	Warehouse	Fashionable Department Stores	New Hartford	New York	United States
""
31	Value Added Reesller	Wheels Inc.	Paris	Seine (Paris)	France
158	Value Added Reseller	Rural Sporting Goods	Bonn	Nordrhein-Westfalen	Germany
684	Warehouse	Lease-a-Bike Shop	Milford	Connecticut	United States
297	Value Added Reseller	Blue-Ribbon Bike Company	Saint Matthews	Kentucky	United States
17	Specialty Bike Shop	Trusted Catalog Store	Newport News	Virginia	United States
241	Specialty Bike Shop	Vale Riding Supplies	Canoga Park	California	United States
107	Specialty Bike Shop	Wholesale Bikes	Randolph	Massachusetts	United States
193	Warehouse	Perfect Toys	Colomiers	Garonne (Haute)	France
""
468	Specialty Bike Shop	Blue Bicycle Company	Monroe	Michigan	United States
464	Value Added Reseller	Educational Services	Saarbrücken	Saarland	Germany
46	Value Added Reseller	Gear-Shift Bikes Limited	Calgary	Alberta	Canada
92	Specialty Bike Shop	Sports Commodities	Woodinville	Washington	United States
565	Specialty Bike Shop	Metallic Paint and Overcoat Co	Vista	California	United States
643	Specialty Bike Shop	rFiendly Bike Shop	Port Huron	Michigan	United States
49	Value Added Reseller	Neighborhood Bicycle Storehouse	Roncq	Nord	France
472	Warehouse	Summer Sports Place	Norridge	Illinois	United States
540	Specialty Bike Shop	Guaranteed Sales and Service	Burbank	Ohio	United States
326	Warehouse	Year-Round Sports	Kent	Washington	United States
675	Warehouse	Bike Goods	North Miami Beach	Florida	United States
405	Warehouse	Sporting Goods and Bicycle Shop	Kingsport	Tennessee	United States
""
""
421	Value Added Reseller	Fitness Cycling	Whittier	California	United States
""
577	Specialty Bike Shop	Synthetic Materials Manufacturing	Tacoma	Washington	United States
269	Warehouse	Curbside Universe	Euclid	Ohio	United States
78	Warehouse	Preferred Bikes	Ontario	California	United States
252	Value Added Reseller	Classic Cycle Store	Milford	Connecticut	United States
44	Specialty Bike Shop	Games and Sport Supply Company	Huntsville	Alabama	United States
298	Specialty Bike Shop	City Cycling	Winnipeg	Manitoba	Canada
636	Value Added Reseller	Recreation Systems	Logansport	Indiana	United States
16	Value Added Reseller	Bulk Discount Store	London	England	United Kingdom
502	Warehouse	Metropolitan Bicycle Supply	London	England	United Kingdom
340	Valu eAdded Reseller	Nearby Cycle Shop	West Sussex	England	United Kingdom
327	Value Added Reseller	World of Bikes	Saint Louis	Missouri	United States
""
 615	Value Added Reseller	Fast Services	Leipzig	Nordrhein-Westfalen	Germany 
509	Value Added Reseller	Fun Toys and Bikes	Tucson	Arizona	United States
226	Specialty Bike Shop	Leisure Activities	Hull	Quebec	Canada
451	Warehouse	Roadway Bike Emporium	Medford	Oregon	United States
685	Value Added Reseller	Family Cycle Store	Montreal	Quebec	Canada
202	Warehouse	Tow-Seater Bikes	Plano	Texas	United States
""
 146	Value Added Reseller	Latest Sports Equipment	Seattle	Washington	United States 
452	Value Added Reseller	A Cycle Shop	Albany	Oregon	Unite dStates
210	Specialty Bike Shop	Gasless Cycle Shop	Toronto	Ontario	Canada
109	Value Added Reseller	Travel Sports	Issaquah	Washington	United States
2	Specialty Bike Shop	Progressive Sports	Renton	Washington	Untied States
434	Specialty Bike Shop	Road-Way Mart	Misosula	Montana	United States
175	Warehouse	Registered Cycle Store	Orleans	Loiret	France
381	Warehouse	Bicycle Lines Distributors	Saint Louis	Missouri	United States
156	Specialty Bike Shop	Metal Processing Company	Montreal	Quebec	Canada
680	Specialty Bike Shop	Racing Tours	Sèvres	Hauts de Seine	France
65	Specialty Bike Shop	Metro Manufacturing	Weston	Ontario	Canada
567	Value Added Reseller	Global Plaza	Pigeon Forge	Tennessee	United States
552	Value Added Reseller	Consolidated Messenger	Toronto	Ontario	Canada
681	Warehouse	Showcase for Cycles	Sulzbach Taunus	Saarland	Germany
126	Specialty Bike Shop	Famous Bike Sales and Service	Endicott	New York	United States
""
664	Value Added Reseller	Eastside Cycle Shop	Melbourne	Victoria	Australia
161	Value Added Reseller	Weekend Tours	Fort Wayne	Indiana	United States
313	Specialty Bike Shop	Metropolitan Manufacturing	El Cajon	California	United States
549	Value Added Reseller	Daring Rides	Clearwater	Florida	United States
211	Warehouse	Sports Products Store	Lieusaint	Seine et Marne	France
435	Warehouse	Satin Finish Company	Corpus Christi	Texas	United States
428	Specialty Bike Shop	West Wind Distributors	Hannover	Nordrhein-Westfalen	Germany
240	Value Added Reseller	Wire Baskets and Parts	Orange	California	United States
10	Value Added Reseller	Rural Cycle Emporium	Burnaby	British Columbia	Canada
612	Vlaue Added Reseller	General Associates	Hollywood	Florida	United States
351	Warehouse	Acclaimed Bicycle Company	Mcdonough	Georgia	United States
517	Warehouse	Racing Store	Les Ulis	Essonne	France
510	Specialty Bike Shop	World Bike Discount Store	Trabuco Canyon	California	United States
629	Warehouse	Efficeint Cycling	Calgary	Alberta	Canada
488	Value Added Reseller	Bicycle Accessories and Kits	Lewiston	Idaho	United States
545	Value Added Reseller	Finish and Sealant Products	San Bruno	California	United States
87	Warehouse	Rich Department Store	Lane Cove	New South Wales	Australia
392	Specialty Bike Shop	Primary Cycle Shop	Hamburg	Hamburg	Germany
488	Value Added Reseller	Bicycle Accessories and Kits	Lewiston	Idaho	United States
325	Specialty Bike Shop	All Cycle Shop	Bothell	Washington	United States
694	Value Added Reseller	The Accessories Store	Medford	Minnesota	United States
116	Value Added Reseller	Retirement Activities Association	Atlanta	Georgia	United States
676	Value Added Reseller	Better Bike Shop	Austell	Georgia	United States
""
""
359	Specialty Bike Shop	Mechanical Sports Center	Cincinnati	Ohio	United States
468	Specialty Bike Shop	Blue Bicycle Company	Monroe	Michigan	United States
182	Value Added Reseller	Another Bicycle Company	Milwaukie	Oregon	United tSates
536	Value Added Reseller	Next Door Cycles	Berlin	Saarland	Germany
364	Value Added Reseller	District Mall	Ferguson	Missouri	United States
""
27	Warehouse	Sports Sales and Rental	Millington	Tennessee	United States
494	Value Added Reseller	Worthwhile Activity Store	Miami	Florida	United States
262	Specialty Bike Shop	General Industries	Calgary	Alberta	Canada
57	Warehouse	Leading Sales & Repair	West Chicago	Illinois	United States
415	Value Added Reseller	Imaginary Toys	Spokane	Washington	United States
96	Warehouse	More Bikes!	Santa Ana	California	United States
479	Value Added Reseller	General Supplies	Ville De'anjou	Quebec	Canada
298	Specialty Bike Shop	City Cycling	Winnipeg	Manitoba	Canada
108	Warehouse	Wheelsets Storehouse	Kittery	Maine	United States
416	Specialty Bike Shop	Impromptu Trips	Union Gap	Washington	United States
109	Value Added Reseller	Travel Sports	Issaquah	Washington	United States
211	Warehouse	Sports Products Store	Lieusaint	Seine et Marne	France
641	Warehouse	Extended Tours	London	England	United Kingdom
466	Warehouse	Central Bicycle Specialists	Maidenhead	England	United Kingdom
429	Warehouse	Unusual Bicycle Company	Silverwater	New South Wales	Australia
300	Value Added Reseller	Nice Bikes	Ottawa	Ontario	Canada
361	Value Added Reseller	Fitness Supplies	Sequim	Washington	United States
528	Specialty Bike Shop	Alpine Ski House	Elk Grove	California	United States
45	Warehouse	Every Bike Shop	La Vergne	Tennessee	United States
472	Warehouse	Summer Sports Place	Norridge	Illinois	United States
172	Warehouse	Certified Sports Supply	Richmond	British Columbia	Canada
132	Specialty Bike Shop	Another Sporting Goods Company	Westminster	Colorado	United States
""
 158	Value Added Reseller	Rural Sporting Goods	Bonn	Nordrhein-Westfalen	Germany 
""
302	Warehouse	Best Cycle Store	Offenbach	Saarland	Germany
359	Specialty Bik eShop	Mechanical Sports Center	Cincinnati	Ohio	United States
""
444	Specialty Bike Shop	Finer Cycle Shop	Calgary	Alberta	Canada
26	Specialty Bike Shop	Stylish Department Stores	Miami	Florida	United States
72	Warehouse	Outdoor Equipment Store	Nashua	New Hampshire	United States
397	Value Added Reseller	Capable Sales and Service	Seattle	Washington	United States
160	Warehouse	Vigorous Sports Store	Oxon	England	United Kingdom
688	Value Added Reseller	Bike Part Wholesalers	Sydney	New South Wales	Australia
399	Warehouse	Big Cycle Mall	Killeen	Texas	United States
254	Warehouse	Safe Cycles Shop	Bellevue	Washington	United States
413	Specialty Bike Shop	Margie's Travel	Central Valley	New York	United States
309	Value Added Reseller	The Gear Store	Houston	Texas	United States
48	Warehouse	Grand Industries	Montreal	Quebec	Canada
100	Value Added Reseller	Up-To-Date Sports	Markham	Ontario	Canada
""
142	Warehouse	Riding Cycles	Liverpool	England	United Kingdom
100	Value Added Reseller	Up-To-Date Sports	Markham	Ontario	Canada
161	Value Added Reseller	Weekend Tours	Fort Wayne	Indiana	United States
61	Value Added Reseller	Many Bikes Store	Fullerton	California	United States
380	Specialty Bike Shop	First Department Stores	Cheyenne	Wyoming	Unitde States
273	Value Added Reseller	A Typical Bike Shop	Round Rock	Texas	United States
 9	Warehouse	Tandem Bicycle Store	Millington	Tennessee	United States 
""
74	Specialty Bike Shop	Parcel Express Delivery Service	Portland	Oregon	United States
502	Warehouse	Metropolitan Bicycle Supply	London	England	United Kingdom
651	Value Added Reseller	Retread Tire Company	Augusta	Georgia	United States
398	Specialty Bike Shop	Commendable Bikes	Sandpoint	Idaho	United States
""
333	Warehouse	Resident Cycle Shop	Hixson	Tennessee	United States
""
176	Value Added Reseller	Rodeway Bike Store	Münster	Saarland	Germayn
 106	Value Added Reseller	West Side Mart	Wokingham	England	United Kingdom 
637	Specialty Bike Shop	Reliable Retail Center	Toronto	Ontario	Canada
334	Value Added Reseller	Retreat Inn	Waterloo	Ontario	Canada
536	Value Added Reseller	Next Door Cycles	Berlin	Saarland	Germany
391	Value Added Reseller	Pretty Bikes and Toys	Paris	Seine (Paris)	France
573	Value Added Reseller	Naitonwide Supply	Rhodes	New South Wales	Australia
""
70	Value Added Reseller	Outdoor Aerobic Systems Company	London	England	United Kingdom
555	Value Added Reseller	Twin Cycles	Darlinghurst	New South Wales	Australia
686	Specialty Bike Shop	Finished Parts Shop	Suresnes	Hauts de Seine	France
130	Warehouse	Elite Bikes	Dallas	Texas	United States
375	Warehouse	Region Bike Cmopany	East Brisbane	Queensland	Australia
128	Value Added Reseller	Demand Distributors	Wenatchee	Washington	United States
523	Warehouse	Futuristic Sport Distributors	Longmont	Colorado	United States
""
""
609	Value Added Reseller	Good Toys	Auburn	California	United States
131	Value Added Reseller	Eighth Bike Store	El Segundo	California	United States
""
""
""
138	Specialty Bike Shop	South Bike Company	Vancouver	British Columbia	Canada
323	Warehouse	Metro Bike Works	Detroit	Michigan	United States
 4	Value Added Reseller	Modular Cycle Systems	Austin	Texas	United States 
191	Value Added Reseller	Non-Slip Pedal Company	Toronto	Ontario	Canada
528	Specialty Bike Shop	Alpine Ski House	Elk Grove	California	United States
59	Specialty Bike Shop	Locks Company	Visalia	California	United States
103	Value Added Reseller	The Bike Outlet	Pantin	Seine Saint Denis	France
433	Value Added Reseller	Thorough Parts and Repair Services	Lacey	Washington	United States
237	Value Added Reseller	Client Discount Store	Chicago	Illinois	United States
202	Warehouse	Two-Seater Bikes	Plano	Texas	United States
277	Specialty Bike Shop	The Bicycle Accessories Company	Alhambra	California	United States
""
515	Value Added Reseller	Rural Bicycle Supply	North York	Ontario	Canada
429	Warehouse	Unusual Bicycle Company	Silverwater	New South Wales	Australia
568	Specialty Bike Shop	Economy Center	Toronto	Ontario	Canada
373	Value Added Reseller	Township Inn	Les Ulis	Essonne	France
644	Warehouse	Convenient Sales and Service	Springfield	Oregon	United States
""
72	Warehouse	Outdoor Equipment Store	Nashua	New Hampshire	United States
696	Warehouse	Roadway Supplies	Riverton	Utah	United States
434	Specialty Bike Shop	Road-Way Mart	Missoula	Montana	United States
690	Warehouse	Active Cycling	Heath	Ohio	United States
657	Warehouse	Links Works	Ascheim	Hamburg	Germany
3	Wraehouse	Advanced Bike Components	Irving	Texas	United States
657	Warehouse	Links Works	Ascheim	Hamburg	Germany
153	Specialty Bike Shop	Widget Bicycle Specialists	Clearwater	Florida	United States
600	Value Added Reseller	Strenuous Exercise Shop	Norwalk	California	United States
293	Warehouse	Fashionable Bikes and Accessories	Park City	Utah	United States
128	Value Added Reseller	Demand Distributors	Wenatchee	Washington	United States
624	Value Added Reseller	First Cycle Store	Scottsdale	Arizona	United States
472	Warehouse	Summer Sports Place	Norridge	Illinois	United States
630	Value Added Reseller	Eastside Parts Shop	Toronto	Ontario	Canada
435	Warehouse	Satin Finish Copmany	Corpus Christi	Texas	United States
243	Value Added Reseller	Recreation Supplies	Kendall	Florida	United States
697	Value Added Reseller	Brakes and Gears	Tooele	Utah	United States
677	Specialty Bike Shop	Tire Exchange	Ottawa	Ontario	Canada
292	Specialty Bike Shop	Grease and Oil Products Company	Houston	Texas	United States
556	Specialty Bike Shop	Variety Cycling	London	England	United Kingdom
""
600	Value Added Reseller	Strenuous Exercise Shop	Norwalk	California	United States
337	Value Added Reseller	Recreation Toy Store	Paris La Defense	Hauts de Seine	France
179	Value Added Reseller	Fourth Bike Store	Mentor	Ohio	United States
""
16	Value Added Reseller	Bulk Discount Store	London	England	United Kingdom
""
140	Value Added Reseller	Teen Discount Store	Bonn	Hamburg	Germany
97	Value Added Reseller	Mountain Bike Center	Newark	California	United States
""
416	Specialty Bike Shop	Impromptu Trips	Union Gap	Washington	United States
""
398	Specialty Bike Shop	Commendable Bikes	Sandpoint	Idaho	United States
105	Warehouse	Volume Bike Sellers	Alexandria	New South Wales	Australia
238	Specialty Bike Shop	Racing Supply Distributors	Roissy en Brie	Seine et Marne	France
632	Warehouse	Ultimate BicycleC ompany	Morangis	Essonne	France
445	Warehouse	First Center	Pantin	Seine Saint Denis	France
""
492	Specialty Bike Shop	Basic Sports Equipment	aBldwin Park	California	United States
""
624	Value Added Reseller	First Cycle Store	Scottsdale	Arizona	United States
568	Specialty Bike Shop	Economy Center	Toronto	Ontario	Canada
31	Valu eAdded Reseller	Wheels Inc.	Paris	Seine (Paris)	France
561	Value Added Reseller	Mountain Toy Store	Sugar Land	Texas	United States
170	Value Added Reseller	Excellent Riding Supplies	Memphis	Tennessee	United States
""
258	Value Added Reseller	Quantity Discounts	Sacramento	California	United States
 162	Specialty Bike Shop	Tire Company	Warwick	Rhode Island	United States 
280	Specialty Bike Shop	Standard Bikes	Barrie	Ontario	Canada
69	Warehouse	Online Bike Catalog	Lavender Bay	New South Wales	Australia
259	Specialty Bike Shop	Highway Bike Shop	Simi Valley	California	United States
322	Specialty Bike Shop	Tachometers and Accessories	Milton Keynes	England	United Kingdom
383	Specialty Bike Shop	Vehicle Shop	Redlands	California	United States
566	Warehouse	eCommerce Bikes	Gulfport	Mississippi	United States
559	Specialty Bike Shop	Some Discount Store	Cheyenne	Wyoming	United States
546	Value Added Reseller	Field Trip Store	Loveland	Colorado	United States
390	Warehouse	Plastic Parts Company	Waterloo	Ontario	Canada
 26	Specialty Bike Shop	Stylish Department Stores	Miami	Florida	United States 
312	Value Added Reseller	Resale Services	Culver City	California	United States
450	Specialty Bike Shop	Bikes Anyone?	Saugus	Massachusetts	United States
151	Warehouse	Futuristic Bikes	Culver City	California	United States
593	Warehouse	Expert Sports Store	Holland	Ohio	United States
609	Value Added Reseller	Good Toys	Auburn	California	United States
536	Value Added Reesller	Next Door Cycles	Berlin	Saarland	Germany
64	Value Added Reseller	Metal Clearing House	Toronto	Ontario	Canada
471	Specialty Bike Shop	Social Activities Club	San Antonio	Texas	United States
456	Specialty Bike Shop	Riding Excursions	Irvine	California	United States
581	Warehouse	Safe Toys	Rio Rancho	New Mexico	United States
""
 165	Specialty Bike Shop	Third Bike Store	Dallas	Texas	United States 
580	Specialty Bike Shop	Rural Sales and Service	San Antonio	Texas	United States
438	Specialty Bike Shop	Remarkable Bike Store	Las Vegas	Nevada	United States
475	Warehouse	Real Sporting Goods	Phoenix	Arizona	United States
181	Warehouse	Family Entertainment Center	Clackamas	Oregon	United States
518	Value Added Reseller	Regional Cycle Shop	Berlin	Hessen	Germany
457	Warehouse	Retail Sporting Equipment	Mesa	Arizona	United States
309	Value Added Reseller	The Gear Store	Houston	Texas	United States
295	Specialty Bike Shop	Engineered Bike Systems	Oxnard	California	United States
10	Value Added Reseller	Rural Cycle Emporium	Burnaby	British Columbia	Cnaada
105	Warehouse	Volume Bike Sellers	Alexandria	New South Wales	Australia
221	Warehouse	Bike Deaelrs Association	Las Cruces	New Mexico	United States
431	Specialty Bike Shop	Small Cycle Store	Holland	Michigan	United States
""
""
338	Specialty Bike Shop	Rambling Tours	Stuttgart	Saarland	Germany
468	Specialty Bike Shop	Blue Bicycle Company	Monroe	Michigan	United States
257	Warehouse	Number 1 Supply	Escondido	California	United States
34	Value Added Reseller	Cycles Wholesaler & Mfg.	Warrington	England	United Kingdom
210	Specialty Bike Shop	Gasless Cycle Shop	Toronto	Ontario	Canada
47	Specialty Bike Shop	Greater Bike Store	Toronto	Ontario	Canada
239	Warehouse	Bicycle Merchandise Warehouse	Santa Monica	California	United States
 216	Specialty Bike Shop	Painters Bicycle Specialists	Waterbury	Connecticut	United States 
 78	Warehouse	Preferred Bikes	Ontario	California	United States 
""
""
582	Value Added Reseller	Professional Sales adn Service	Van Nuys	California	United States
521	Value Added Reseller	Mobile Outlet	Woonsocket	Rhode Island	United States
282	Value Added Reseller	Quick Parts and Service	Sainte-Foy	Quebec	Canada
389	Specialty Bike Shop	Sixth Bike Store	Surrey	British Columbia	Canada
680	Specialty Bike Shop	Racing Tours	Sèvres	Hauts de Seine	France
302	Warehouse	Best Cycle Store	Offenbach	Saarland	Germany
278	Warehouse	Tread Industries	Orlando	Florida	United States
""
659	Specialty Bike Shop	Shipping Specialists	London	England	United Kingdom
""
452	Value Added Reseller	A Cycle Shop	Albany	Oregon	United States
408	Warehouse	Odometers and Accessories Company	Richmond	British Columbia	Canada
""
87	Warehouse	Rich Department Store	Lane Cove	New South Wales	Australia
 678	Warehouse	Vigorous Exercise Company	Toronto	Ontario	Canada 
43	Value Added Reseller	Frugal Bike Shop	Salt Lake City	Utah	United States
177	Specialty Bike Shop	Plastic Products Manufacturers	Hawthorne	Queensland	Australia
622	Specialty Bike Shop	Gift and Toy Store	Tuscola	Illinois	United States
 580	Specialty Bike Shop	Rural Sales and Service	San Antonio	Texas	United States 
592	Specialty Bike Shop	Cycling Goods	London	England	United Kingdom
296	Warehouse	Extreme Toy Store	Birmingham	Alabama	United States
272	Warehouse	Metro Cycle Shop	Tacoma	Washington	United States
""
252	Value Added Reseller	Classic Cycle Store	Milford	Connecticut	United States
315	Value Added Reseller	Juvenile Sports Equipment	Merritt Island	Florida	United States
""
564	Value Added Reseller	Imported and Domestic Cycles	North Las Vegas	Nevada	United States
678	Warehouse	Vigorous xEercise Company	Toronto	Ontario	Canada
""
400	Value Added Reseller	Local Sales and Rental	Joliet	Illinois	United States
""
273	Value Added Reseller	A Typical Bike Shop	Round Rock	Texas	United States
429	Warehouse	Unusual Bicycle Company	Silverwater	New South Wales	Australia
107	Specialty Bike Shop	Wholesale Bikes	Randolph	Massachusetts	United States
50	Specialty Bike Shop	Hometown Riding Supplies	Berlin	Brandenburg	Germany
497	Value Added Reseller	Valley Toy Store	Richmond	British Columbia	Canada
645	Value Added Reseller	Superior Hardware Distributors	Beaverton	Oregon	United States
5	Specialty Bike Shop	Metropolitan Sports Supply	Fremont	California	United States
588	Value Added Reseller	General Cycle Storehouse	Burnaby	Briitsh Columbia	Canada
502	Warehouse	Metropolitan Bicycle Supply	London	England	United Kingdom
441	Specialty Bike Shop	Leading Bike Distributors	Somerset	Kentucky	United States
 1	Value Added Reseller	A Bike Store	Seattle	Washington	United States 
354	Warehouse	Serious Cycles	Calgary	Alberta	Canada
451	Warehouse	Roadway Bike Emporium	Medford	Oregon	United States
157	Warehouse	Ace Bicycle Supply	Paris	Seine (Paris)	France
10	Value Added Reseller	Rural Cycle Emporium	Burnaby	British Columbia	Canada
226	Specialty Bike Shop	Leisure Activities	Hull	Quebec	Canada
363	Warehouse	Immense Manufacturing Company	Saint Ann	Missouri	United States
698	Specialty Bike Shop	Western Bike Supplies	Cedar City	Utah	United States
644W	arehouse	Convenient Sales and Service	Springfield	Oregon	United States
697	Value Added Reseller	Brakes and Gears	Tooele	Utah	United Statse
427	Value Added Reseller	Atypical Bike Company	Paris	Seine (Paris)	France
609	Value Added Reseller	Good Toys	Auburn	California	United States
488	Value Added Reseller	Bicycle Accessories and Kits	Lewiston	Idaho	United States
69	Warehouse	Online Bike Catalog	Lavender Bay	New South Wales	Australia
""
384	Warehouse	Sparkling Paint and Finishes	San Ysidro	California	United States
365	Specialty Bike Shop	Distinctive Store	Barstow	California	United States
117	Specialty Bike Shop	Pedals Warehouse	Suwanee	Georgia	United States
167	Value Added Reseller	Farthermost Bike Shop	CarsonC	alifornia	United States
569	Warehouse	Designated Distributors	Nepean	Ontario	Canada
477	Specialty Bike Shop	Quitting Business Distributors	Tampa	Florida	United States
667	Value Added Reseller	Traditional Department Stores	Valley Stream	New York	United States
588	Value Added Reseller	General Cycle Storehouse	Burnaby	British Columbia	Canada
454	Warehouse	Sleek Bikes	Denby	South Dakota	United States
67	Value Added Reseller	Self-Contained Cycle Parts Company	Verrieres Le Buisson	Essonne	France
""
648	Value Added Reseller	Small Bike Shop	El Segundo	California	United Sattes
""
598	Specialty Bike Shop	Black Bicycle Company	Branson	Missouri	United States
416	Specialty Bike Shop	Impromptu Trips	Union Gap	Washington	United States
50	Specialty Bike Shop	Hometown Riding Supplies	Berlin	Brandenburg	Germany
327	Value Added Reseller	World of Bikes	Saint Louis	Missouri	United States
488	Value Added Reseller	Bicycle Accessories and Kits	Lewiston	Idaho	United States
432	Warehouse	Super Sports Store	Indianapolis	Indian	aUnited States
511	Warehouse	Wheel Gallery	San Mateo	California	United States
393	Warehouse	Gears and Parts CompanyM	ilsons Point	New South Wales	Australia
""
437	Value Added Reseller	Professional Cycle Store	Phoenix	Arizona	United States
582	Value Added Reseller	Professional Sales and Service	Van Nuys	California	United States
686	Specialty Bike Shop	Finished Parts Shop	Suresnes	Hauts de Seine	France
""
114	Specialty Bike Shop	Two Wheels Cycle Store	San Francisco	California	United States
 100	Value Added Reseller	Up-To-Date Sports	Markham	Ontario	Canada 
692	Specialty Bike Shop	Successful Sales Company	Tigard	Oregon	United States
472	Warehouse	Summer Sports Place	Norridge	Illinois	United States
265	Specialty Bike Shop	Full Sports Supply	Paris	Seine (Paris)	France
511	Warehouse	Wheel Gallery	San Mateo	California	United States
231	Value Added Reseller	Helmets and Cycles	Lavender Bay	New South Wales	Australia
107	Specialty Bike Shop	Wholesale Bikes	Randolph	Massachusetts	United States
 368	Specialty Bike Shop	Elemental Sporting Goods	Decatur	Georgia	United States 
682	Value Added Reseller	Popular Bike Lines	Newcastle	New South Wales	Australia
140	Value Added Reseller	Teen Discount Store	Bonn	Hamburg	Germany
380	Specialty Bike Shop	First Department Stores	Cheyenne	Wyoming	United States
""
572	Warehouse	Versatile Sporting Goods Company	Braunschweig	Nordrhein-Westfalen	Germany
274	Specialyt Bike Shop	Active Systems	Duluth	Minnesota	United States
""
65	Specialty Bike Shop	Metro Manufacturing	Weston	Ontario	Canada
487	Warehouse	Bike Experts	Salem	Oregon	United States
695	Specialty Bike Shop	Responsible Bike Dealers	Kansas City	Missouri	United States
""
201	Specialty Bike Shop	Unsurpassed Bikes	Dallas	Texas	United States
262	Specialty Bike Shop	General Industries	Calgary	Alberta	Canada
501	Specialty Bike Shop	Jumbo Bikes	Malabar	New South Wales	Australia
448	Warehouse	Action Bicycle Specialists	Woolston	England	United Kingdom
498	Specialty Bike Shop	Quick Delivery Service	Mississauga	Ontario	Canada
36	Warehouse	Exotic Bikes	South Bend	Indiana	United States
342	Warehouse	Leather and Vinyl Manufacturing	Indianapolis	Indiana	United States
117	Specialty Bike Shop	Pedals Warehouse	Suwanee	Georgia	United States
408	Warehouse	Odometers and Accessories Company	Richmond	British Columbia	Canaad
 3	Warehouse	Advanced Bike Components	Irving	Texas	United States 
132	Specialty Bike Shop	Another Sporting Goods Company	Westminster	Colorado	United States
30	Warehouse	Cycle Merchants	Quebec	Quebec	Canada
257	Warehouse	Number 1 Supply	Escondido	California	United States
448	Warehouse	Action Bicycle Specialists	Woolston	England	United Kingdom
355	Value Added Reseller	Spare Parts Co.	Paris	Seine (Paris)	France
347	Specialty Bike Shop	Bike Universe	Vacaville	California	United States
99	Warehouse	Unified Sports Company	Sarasota	Florida	United States
697	Value Added Reseller	Brakes and Gears	Tooele	Utah	United States
18	Warehouse	Catalog Store	Zeeland	Michigan	United States
263	Warehouse	Farthest Bike Store	Burnaby	British Columbia	Canada
415	Value Added Reseller	Imaginary Toys	Spokane	Washington	United States
15	Warehouse	Budget Toy Store	Lavender Bay	New South Wales	Australia
142	Warehouse	Riding Cycles	Liverpool	England	United Kingdom
228	Value Added Reseller	Home Town Bike Store	Ottawa	Ontario	Canada
623	Warehouse	Hardware Components	Minneapolis	Minnesota	United States
357	Warehouse	Quality Bike Sales	Findon	South Australia	Australia
390	Warehouse	Plastic Parts Company	Waterloo	Ontario	Canada
572	Warehouse	Versatile Sporting Goods CompanyB	raunschweig	Nordrhein-Westfalen	Germany
599	Warehouse	Westside Plaza	Sand City	California	United States
352	Value Added Reseller	Tewlfth Bike Store	Edmonton	Alberta	Canada
303	Value Added Reseller	Seaside Bike Works	North Sydney	New South Walse	Australia
 137	Value Added Reseller	Transportation Options	Calgary	Alberta	Canada 
394	Value Added Reseller	Little Sports Center	York	England	United Kingdom
""
""
194	Value Added Reseller	Mechanical Brake Manufacturers	München	Hamburg	Germany
106	Value Added Reseller	West Side Mart	Wokingham	England	United Kingdom
257	Warehouse	Number 1 Supply	Escondido	California	United States
690	Warehouse	Active Cycling	Heath	Ohio	United States
564	Value Added Reseller	Imported and Domestic Cycles	North Las Vegas	Nevada	United States
""
127	Warehouse	Front Sporting Goods	Redmond	Washington	United States
655	Value Added Reseller	Operational Manufacturing	Dorval	Quebec	Canada
648	Value Added Reseller	Small Bike Shop	El Segundo	Californi	aUnited States
138	Specialty Bike Shop	South Bike Company	Vancouver	British Columbia	Canada
263	Wareohuse	Farthest Bike Store	Burnaby	British Columbia	Canada
""
10	Value Added Reseller	Rural Cycle Emporium	Burnaby	British Columbia	Canada
166	Warehouse	Fitness Toy Store	Garland	Texas	United States
28	Value Added Reseller	Commuter Bicycle Store	Toronto	Ontario	Canada
693	Warehouse	Stock Parts and Supplies	Hillsboro	Oregon	United States
585	Value Added Reseller	Next-Door Bike Store	Memphis	Tennesese	United States
165	Specialty Bike Shop	Third Bike Store	Dallas	Texas	United States
386	Specialty Bike Shop	Touring Services	Myrtle Beach	South Carolina	United States
433	Value Added Reseller	Thorough Parts and Repair Services	Lacey	Washington	United States
534	Specialty Bike Shop	Recommended Bicycles	Mississauga	Ontario	Canada
626	Warehouse	Retail Sporting Goods	Las Vegas	Nevada	United States
180	Specialty Bike Shop	Full-Service Bike Store	Pontiac	Michigan	United States
130	Warehouse	Elite Bikes	Dallas	Texas	United States
308	Warehouse	Rugged Bikes	Everett	Washington	United States
414	Warehouse	Grand Discount Store	Daleville	Indiana	United States
""
62	Specialty Bike Shop	Manufacturers Inc	Nashville	Tennessee	United States
44	Specialty Bike Shop	Games and Sport Supply Company	Huntsville	Alabama	United States
509	Value Added eRseller	Fun Toys and Bikes	Tucson	Arizona	United States
37	Value Added Reseller	Two Bike Shops	Puyallup	Washington	United States
367	Value Added Reseller	Brown Bicycle Company	San Diego	California	United States
241	Specialty Bike Shop	Vale Riding Supplies	Canoga Park	California	United States
525	Specialty Bike Shop	Cycles and Scooters	Byron	Georgia	United States
472	Warehouse	Summer Sports Place	Norridge	Illinois	United States
396	Warehouse	Executive Gift Store	New Castle	Indiana	United States
539	Value Added Reseller	Glossy Bikes	Lake George	New York	United States
623	Warehouse	Hardware Components	Minneapolis	Minnesota	United States
2	Specialty Bike Shop	Progressive Sports	Renton	Washington	United States
308	Warehouse	Rugged Bikes	Everett	Washington	United States
426	Warehouse	Custom Accessories Company	Brampton	Ontario	Canada
631	Specialty Bike Shop	Tandem Sales and Service	Toronto	Ontario	Canada
""
437	Value Added Reseller	Professional Ccyle Store	Phoenix	Arizona	United States
 630	Value Added Reseller	Eastside Parts Shop	Toronto	Ontario	Canada 
508	Warehouse	Designer Department Stores	Hillsboro	Texas	United States
611	Warehouse	Front Runner Bikes	Bradenton	Florida	United States
298	Specialty Bike Shop	Cit yCycling	Winnipeg	Manitoba	Canada
209	Value Added Reseller	Purple Bicycle Company	Scarborough	Ontario	Canada
668	Specialty Bike Shop	Official Parts Shop	Kelso	Washington	United States
471	Specialty Bike Shop	Social Activities Club	San Antonio	Texas	United States
383	Specialty Bike Shop	Vehicle Shop	Redlands	California	United States
230	Warehouse	Global Bike Retailers	Bad Soden	Hessen	Germany
25	Value Added Reseller	Coalition Bike Company	El Segundo	California	United States
143	Value Added Reseller	Modern Bike Store	East Haven	Connecticut	United States
557	Warehouse	Purchase Mart	Wrentham	Massachusetts	United States
27	Warehouse	Sports Sales and Rental	Millington	Tennessee	United States
235	Specialty Bike Shop	Certified Bicycle Supply	Lynnwood	Washington	United States
210	Specialty Bike Shop	Gasless Cycle Shop	Toronto	Ontario	Canada
700	Value Added Reseller	Underglaze and Finish Company	Charlotte	North Carolina	United States
41	Specialty Bike Shop	Distant Inn	Milpitas	California	United States
204	Specialty Bike Shop	Traction Tire Company	Torrance	California	United States
301	Specialty Bike Shop	Rural Mountani Bike Mart	Paris	Seine (Paris)	France
673	Value Added Reseller	Countryside Company	Bountiful	Utah	United States
699	Warehouse	Sensational Discount Store	Kannapolis	North Carolina	United States
450	Specialty Bike Shop	Bikes Anyone?	Saugus	Massachusetts	United States
592	Specialty Bike Shop	Cycling Goods	London	England	United Kingdom
459	Specialty Bike Shop	Parts Shop	La Grange	Georgia	United States
311	Warehouse	Principal Bike Company	Upland	California	United States
 335	Specialty Bike Shop	Scratch-Resistant Finishes Company	Mississauga	Ontario	Canada 
578	Warehouse	The Bike Shop	Puyallup	Washington	United States
659	Specialty Bike Shop	Shipping Specialists	London	England	United Kingdom
169	Warehouse	Downtown Hotel	Fernley	Nevada	United States
24	Warehouse	Eastside Department Store	Union City	California	United States
34	Value Added Reseller	Cycles Wholesaler & Mfg.	Warrington	England	United Kingdom
233	Warehouse	Fashionable Department Stores	New Hartford	New York	United States
195	Specialty Bike Shop	Inexpensive Parts Shop	North Sydney	New South Wales	Australia
364	Value Added Reseller	District Mall	Ferguson	Missouri	United States
357	Warehouse	Quality Bike Sales	Findon	South Australia	Australia
""
55	Value Added Reseller	Kickstands and Accessories Company	Medford	Oregon	Untied States
598	Specialty Bike Shop	Black Bicycle Company	Branson	Missouri	United States
670	Value Added Reseller	First Bike Store	Odessa	Missouri	United States
174	Specialty Bike Shop	Toy Manufacturing Inc	Surrey	British Columbia	Canada
39	Warehouse	Fitness Hotel	Edina	Minnesota	United States
680	Specialty Bike Shop	Racing Tours	Sèvres	Hauts de Seine	France
288	Value Added Reseller	Kickstand Sellers	Westland	Michigan	United States
604	Specialty Bike Shop	Sellers of Cycles	Clackamas	Oregon	United States
441	Specialty Bike Shop	Leading Bike Distributors	Somerset	Kentcuky	United States
611	Warehouse	Front Runner Bikes	Bradenton	Florida	United States
602	Warehouse	Ultimate Bike Shop	Maryville	TennesseeU	nited States
424	Value Added Reseller	Bikes for Two	Richmond Hill	Ontario	Canada
130	Warehouse	Elite Bikes	Dallas	Texas	United States
567	Value Added Reseller	Global Plaza	Pigeon Forge	Tennessee	United States
21	Warehouse	Chic Department Stores	Irving	Texas	United States
""
160	Warehouse	Vigorosu Sports Store	Oxon	England	United Kingdom
147	Specialty Bike Shop	Local Hardware Factory	Chicago	Illinois	United States
583	Specialty Bike Shop	Professional Containers and Packaging Co.	Surprise	Arizona	United States
555	Value Added Reseller	Twin Cycles	Darlinghurst	New South Wales	Australia
169	Warehouse	Downtown Hotel	Fernley	Nevada	United States
558	Value Added Reseller	Retail Sales and Service	Tilton	New Hampshire	United States
""
263	Warehouse	Farthest Bike Store	Burnaby	British Columbia	Canada
324	Value Added Reseller	A Bicycle Association	De Witt	New York	United States
682	Value Added Reseller	Popular Bike Lines	Newcastle	New South Wales	Australia
210	Specialty Bike Shop	Gasless Cycle Shop	Toronto	Ontario	Canada
54	Warehouse	Larger Cycle Shop	Melville	New York	United States
 471	Specialty Bike Shop	Social Activities Club	San Antonio	Texas	United States 
549	Value Added Reseller	Daring Rides	Clearwater	Florida	United States
238	Specialty Bike Shop	A Great Bicycle Company	Jefferson City	Missouri	United States
677	Specialty Bike Shop	Tire Exchange	Ottawa	Ontario	Canada
450	Specialty Bike Shop	Bikes Anyone?	Saugus	Massachusetts	United States
97	Value Added Reseller	Mountain Bike Center	Newark	California	United States
591	Value Added Reseller	Fitness Discount Store	Melbourne	Victoria	Australia
572	Warehouse	Versatile Sporting Goods Company	Braunschweig	Nordrhein-Westfalen	Germany
270	Value Added Reseller	Active Transport Inc.	North Randall	Ohio	United States
256	Specialty Bike Shop	Rental Bikes	Dallas	Texas	United States
""
675	Warehouse	Bike Goods	North Miami Beach	Florida	United States
589	Specialty Bike Shop	Hiatus Bike Tours	Paris	Seine (Pari)s	France
470	Value Added Reseller	Wingtip Toys	Kennewick	Washington	United States
319	Specialty Bike Shop	Cycles Sales and Repair	Bobigny	Seine Saint Denis	France
642	Value Added Reseller	Fitness Sport Boutique	Kittery	Maine	United States
314	Warehouse	One-Piece Handle Bars	Tupelo	Mississippi	United States
80	Specialty Bike Shop	Racks and Security Systems	Sunrise	Florida	United States
567	Value Added Reseller	Global Plaza	Pigeon Forge	Tennessee	United Sttaes
92	Specialty Bike Shop	Sports Commodities	Woodinville	Washington	United States
144	Specialty Bike Shop	Only Bikes and Accessories	New York	New York	United States
""
121	Warehouse	Metro Sports Equipment	Saint Ouen	Loir et Cher	France
338	Specialty Bike Shop	Rambling Tours	Stuttgart	Saarland	Germany
642	Value Added Reseller	Fitness Sport Boutique	Kittery	Maine	United States
""
145	Warehouse	Raw Materials Inc	Redmond	Wsahington	United States
 85	Value Added Reseller	Roadway Bicycle Supply	Courbevoie	Hauts de Seine	France 
""
506	Value Added Reseller	Great Bikes	Casper	Wyoming	United States
""
467	Value Added Reseller	The Cycle Store	Falls Church	Virginia	United States
506	Value Added Reseller	Great Bikes	Casper	Wyoming	Uinted States
368	Specialty Bike Shop	Elemental Sporting Goods	Decatur	Georgia	United States
376	Value Added Reseller	Commerce Bicycle Specialists	Berkshire	England	United Kindgom
 1	Value Added Reseller	A Bike Store	Seattle	Washington	United States 
110	Value Added Reseller	Vintage Sport Boutique	Idaho Falls	Idaho	United States
502	Warehouse	Metropolitan Bicycle Supply	London	England	United Kingdom
546	aVlue Added Reseller	Field Trip Store	Loveland	Colorado	United States
11	Specialty Bike Shop	Sharp Bikes	Toronto	Ontario	Canada
104	Specialty Bike Shop	Very Best Sports Supply	Duesseldorf	Hessen	Germany
443	Value Added Reseller	Courteous Bicycle Specialists	Richmond Hill	Ontario	Canada
624	Value Added Reseller	First Cycle Store	Scottsdale	Arizona	United States
631	Specialty Bike Shop	Tandem Sales and Service	Toronto	Ontario	Canada
434	Specialty Bike Shop	Road-Way Mart	Missoula	Montana	Unietd States
652	Specialty Bike Shop	Selected Distributors	Marietta	Georgia	United States
251	Warehouse	Endurance Bikes	Hamden	Connecticut	United States
642	Value Added Reseller	Fitness Sport Boutique	Kittery	Maine	United States
406	Value Added Reseller	The Commissary	Outremont	Quebec	Canada
""
422	Specialty Bike Shop	Consolidated Sales	Gaffney	South Carolina	United States
424	Value Added Reseller	Bikes for Two	Richmond Hill	Ontario	Canada
407	Specialty Bike Shop	Workout Emporium	Montreal	Quebec	Canada
689	Specialty Bike Shop	Consumer Equipment	Londo	nEngland	United Kingdom
465	Specialty Bike Shop	Expert Cycle Store	St. Leonards	New South Wales	Australia
413	Specialty Bike Shop	Margie's Travel	Central Valley	New York	United States
52	Value Added Reseller	Instruments and Parts Company	Gloucestershire	England	United Kingdom
525	Specialty Bike Shop	Cycles and Scooters	Byron	Georgia	United States
433	Value Added Reseller	Thorough Parts and Repair Services	Lacey	Washington	United States
588	Value Added Reseller	General Cycle Storehouse	Burnaby	British Columbia	Canada
441	Specialty Bike Shop	Leading Bike Distributors	Somerset	Kentucky	United States
229	Specialty Bike Shop	Instant Cycle Store	Colombes	Hauts de Seine	France
289	Specialty Bike Shop	Moderately-Priced Bikes Store	Renton	Washington	United States
""
664	Value Added Reseller	Eastside Cycle Shop	Melbourne	Victoria	Australia
559	Specialty Bike Shop	Some Discount Store	Cheyenne	WyomingU	nited States
475	Warehouse	Real Sporting Goods	Phoenix	Arizona	United States
660	Warehouse	Exhilarating Cycles	Howell	Michigan	United States
128	Value Added Reseller	Demand Distributors	Wenatchee	Washington	United States
21	Warehouse	Chic Department Stores	Irving	Texas	United States
411	Warehouse	Kids and Adults Cycle Shop	North Sydney	New South Wales	Australia
670	Value Added Reseller	First Bike Store	Odessa	Missouri	United States
552	Value Added Reseller	Consolidated Messenger	Toronto	Ontario	Canada
257	Warehouse	Number 1 Supply	Escondido	California	United States
401	Specialty Bike Shop	Brightwork Company	Las Vegsa	Nevada	United States
648	Value Added Reseller	Small Bike Shop	El Segundo	California	United States
519	Specialty Bike Shop	List Price Catalog Company	Melbourne	Victoria	Australia
260	Warehouse	Industrial Supplies	Miami	Florida	United States
653	Warehouse	Mercantile Outlet	Toronto	Ontario	Canada
 584	Warehouse	Qualified Sales and Repair Services	Savannah	Georgia	United States 
86	Specialty Bike Shop	Bicycle Exporters	Essen	Hamburg	Germany
""
61	Value Added Reseller	Many Bikes Stroe	Fullerton	California	United States
18	Warehouse	Catalog Store	Zeeland	Michigan	United States
674	Specialty Bike Shop	Discount Tours	Daly City	California	United States
434	Specialty Bike Shop	Road-Way Mart	Missoula	Montana	United States
357	Warehouse	Quality Bike Sales	Findon	South Australia	Australia
216	Specialty Bike Shop	Painters Bicycle Specialists	Waterbury	Connecticut	United States
32	Specialty Bike Shop	Precision Gears Inc.	Stuttgart	Saarland	Germany
634	Specialty Bike Shop	Sensible Sports	Rhodes	New South aWles	Australia
196	Warehouse	Exhibition Showroom	Milton Keynes	England	United Kingdom
444	Specialty Bike Shop	Finer Cycle Shop	Calgary	Alberta	Canada
""
620	Warehouse	Tires and Tubes	Cheyenne	Wyoming	United States
534	Specialty Bike Shop	Recommended Bicycles	Mississauga	Ontario	Canada
138	Specialty Bike Shop	South Bike Company	Vancouver	British Columbia	Canada
390	Warehouse	Plastic Parts Company	Waterloo	Ontario	Canada
1	Value Added Reseller	A Bike Store	Seattle	Washington	United States
337	Value Added Reseller	Recreation Toy Store	Paris La Defense	Hauts de Seine	France
231	Value Added Reseller	Helmets and Cycles	Lavender Bay	New South Wales	Australia
83	Specialty Bike Shop	Requisite Part Supply	Ottawa	Ontario	Canada
55	Value Added Reseller	Kickstands and Accessories Company	Medford	Oregon	United States
102	Warehouse	National Manufacturing	Toronto	Ontario	Canada
546	Value Added Reseller	Field Trip Store	Loveland	Colorado	United States
239	Warehouse	Bicycle Merchandise Warehouse	Santa Monica	California	United States
""
553	Specialty Bike Shop	Accessories Network	Paris	Seine (Paris)	France
21	Warehouse	Chic Department Stores	Irving	Texas	United States
192	Specialty Bike Shop	Nuts and Bolts Mfg.	Toronto	Ontario	Canada
577	Specialty Bike Shop	Synthetic Materials Manufacturing	Tacoma	Washington	United States
77	Specialty Bike Shop	Mechanical Products Ltd.	San Diego	California	United States
405	Warehouse	Sporting Goodsa nd Bicycle Shop	Kingsport	Tennessee	United States
""
""
93	Warehouse	Stationary Bikes and Stands	Round Rock	Texas	United States
372	Warehouse	Top Bike Market	Kingston	Ontario	Canada
336	Warehouse	Primary Bike Distributors	Montreal	Quebec	Canada
""
245	Warehouse	Leather Seat Factory	Brossard	Quebec	Canada
94	Value Added Reseller	Specialty Sport sStore	Fort Worth	Texas	United States
645	Value Added Reseller	Superior Hardwar eDistributors	Beaverton	Oregon	United States
""
346	Value Added Reseller	Great Bicycle Supply	Moline	Illinois	United States
428	Specialty Bike Shop	West Wind Distributors	Hannover	Nordrhein-Westaflen	Germany
682	Value Added Reseller	Popular Bike Lines	NewcastleN	ew South Wales	Australia
521	Value Added Reseller	Mobile Outlet	Woonsocket	Rhode Island	United States
 634	Specialty Bike Shop	Sensible Sports	Rhodes	New South Wales	Australia 
150	Specialty Bike Shop	Fleet Bikes	Stockton	California	United States
180	Specialty Bike Shop	Full-Service Bike Sotre	Pontiac	Michigan	United States
""
458	Value Addde Reseller	Simple Bike Parts	Destin	Florida	United States
""
569	Warehouse	Designtaed Distributors	Nepean	Ontario	Canada
220	Specialty Bike Shop	Best o' Bikes	Saint Louis	Missouri	United States
331	Value Added Reseller	Technical Parts Manufacturing	Ontario	California	United States
244	Specialty Bike Shop	Retail Discount Store	Montreal	Quebec	Canada
379	Value Added Reseller	Fad Outlet	Portland	Oregon	United States
526	Warehouse	Finer Sales and Service	Ottawa	Ontario	Canada
84	Warehouse	Rewarding Activities Company	Etobicoke	Ontario	Canada
76	Value Added Reseller	Out-of-the-Way Hotels	Wood Dale	Illinois	United States
23	Specialty Bike Shop	Bike World	San Ramon	California	United States
369	Warehouse	Distinctive Cycles Sales & Service	Florence	Kentucky	United States
626	Warehouse	Retail Sporting Goods	Las Vegas	Nevada	United States
190	Warehouse	Racing Partners	Calgary	Alberta	Canada
""
89	Specialty Bike Shop	Riverside Company	Oberlin	Ohio	United States
102	Warehouse	National Manufacturing	Toronto	Ontario	Canada
""
""
30	Warehouse	Cycle Merchants	Quebec	Quebec	Canada
425	Specialty Bike Shop	Bikes for Kids and Adults	Etobicoke	Ontario	Canada
380	Specialty Bike Shop	First Department Stores	Cheyenne	Wyoming	United States
466	Warehouse	Central Bicycle Specialists	Maidenhead	England	United Kingdom
36	Warehouse	Exotic Bikes	South Bend	Indiana	United States
491	Value Added Reseller	Area Bike Accessories	Modesto	California	United States
48	Warehouse	Grand Industries	Montreal	Quebec	Canada
504	Specialty Bike Shop	Historic Bicycle Sales	Redford	Michigan	United States
135	Specialty Bike Shop	Wonderful Bikes Inc.	Memphis	Tennessee	United States
427	Value Added Reseller	Atypical Bike Company	Paris	Seine (Paris)	France
231	Value Added Reseller	Helmets and Cycles	Lavender Bay	New South Wales	Australia
674	Specialty Bike Shop	Discount Tours	Daly City	California	United States
568	Specialty Bike Shop	Economy Center	Toronto	Ontario	Canada
595	Specialty Bike Shop	Cycle Clearance	Albany	Oregon	United States
338	Specialty Bike Shop	Rambling Tours	Stuttgart	Saarland	Germany
526	Warehouse	Finer Sales and Service	Ottawa	Ontario	Canada
312	Value Added Reseller	Resale Services	Culver City	California	United States
""
216	Specialty Bike Shop	Painters Bicycle Specialists	Waterbury	Connecticut	United States
244	Specialty Bike Shop	Retail Discount Store	Montreal	Quebec	Canada
""
231	Value Added Reseller	Helmets and Cycles	Lavender Bay	New South Wales	Australia
16	Value Added Reseller	Bulk Discount Store	London	England	United Kingdom
640	Specialty Bike Shop	Liquidation Sales	Perth	South Australia	Australia
156	Specialty Bike Shop	Metal Processing Company	Montreal	Quebec	Canada
""
119	Value Added Reseller	Red Bicycle Company	Pnot-Rouge	Quebec	Canada
331	Value Added Reseller	Technical Parts Manufacturing	Ontario	California	United States
320	Warehouse	Amalgamated Parts Shop	Frankfurt am Main	Hamburg	Germany
551	Warehouse	Vinyl and Plastic Goods Corporation	Toronto	Ontario	Canada
335	Specialty Bike Shop	Scratch-Resistant Finishes Company	Mississauga	Ontario	Canada
45	Warehouse	Every Bike Shop	La Vergne	Tennessee	United States
690	Warehouse	Active Cycling	Heath	Ohio	United States
642	Value Added Reseller	Fitness Sport Boutique	Kittery	Maine	United States
625	Specialty Bike Shop	Major Sporting Goods	Chandler	Arizona	United States
585	Value Added Reseller	Next-Door Bike Store	Memphis	Tennessee	United States
32	Specialty Bike Shop	Precision Gears Inc.	Stuttgart	Saarland	Germany
561	Value Added Reseller	Mountain Toy Store	Sugar Land	Texas	United States
142	Warehouse	Riding Cycles	Liverpool	England	United Kingdom
117	Specialty Bike Shop	Pedals Warehouse	Suwanee	Georgia	United States
665	Specialty Bike Shop	Authentic Sales and Service	London	England	United Kingdom
543	Specialty Bike Shop	Friendly Neighborhood Bikes	Johnson Creek	Wisconsin	United States
247	Specialty Bike Shop	Major Amusement Company	Orly	Val de Marne	France
642	Value Added Reseller	Fitness Sport Boutique	Kittery	Maine	United States
422	Specialty Bike Shop	Consolidated Sales	Gaffney	South Carolina	United States
337	Value Added Reseller	Recreation Toy Store	Paris La Defense	Hauts de Seine	France
234	Value Added Reseller	Eastside Sporting Goods	Indianapolis	Indiana	United States
53	Specialty Bike Shop	Incomparable Bicycle Store	Norwood	Massachusetts	United States
92	Specialty Bike Shop	Sports Commodities	Woodinville	Washington	United States
90	Warehouse	Sales and Supply Company	Chantilly	Virginia	United States
454	Warehouse	Sleek Bikes	Denby	South Dakota	United States
493	Warehouse	Valley Bicycle Distributors	Citrus Heights	California	United States
349	Value Added Reseller	Exercise Center	San Jose	California	United States
187	Warehouse	Trailblazing Sports	Cerritos	California	United States
252	Value Added Reseller	Classic Cycle Store	Milford	Connecticut	United States
106	Value Added Reseller	West Side Mart	Wokingham	England	United Kingdom
152	Value Added Reseller	Distance Bikes	Clarkston	Georgia	United States
84	Warehouse	Rewarding Activities Company	Etobicoke	Ontario	Canada
604	Specialty Bike Shop	Sellers of Cycles	Clackamas	Oregon	United States
72	Warehouse	Outdoor Equipment Store	Nashua	New Hampshire	United States
29	Specialty Bike Shop	Cross-Country Riding Supplies	Chalk Riebr	Ontario	Canada
166	Warehouse	Fitness Toy Store	Garland	Texas	United States
572	Warehouse	Versatile Sporting Goods Company	Braunschweig	Nordrhein-Westfalen	Germany
220	Specialty Bike Shop	Best o' Bikes	Saint Louis	Missouri	United States
175	Warehouse	Registered Cycle Store	Orleans	Loiret	France
291	Value Added Reseller	Grand Bicycle Stores	Baytown	Texas	United States
57	Warehouse	Leading Sales & Repair	West Chicago	Illinois	United States
625	Specialty Bike Shpo	Major Sporting Goods	Chandler	Arizona	United States
643	Specialty Bike Shop	Friendly Bike Shop	Port Huron	Michigan	United States
""
627	Value Added Reseller	Exchange Parts Inc.	Raleigh	North Carolina	United States
86	Specialty Bike Shop	Bicycle Exporters	Essen	Hamburg	Germany
512	Value Added Reseller	Tiny Bike Boutique	Nashville	Tennessee	United States
288	Value Added Reseller	Kickstand Sellers	Westland	Michigan	United States
609	Value Added Reseller	Good Toys	Auburn	California	United States
177	Specialty Bike Shop	Plastic Products Manufacturers	Hawthorne	Queensland	Australia
383	Specialty Bike Shop	Vehicle Shop	Redlands	California	United States
124	Warehouse	Nearby Sporting Goods	W. York	England	United Kingdom
641	Warehouse	Extended Tours	London	England	United Kingdom
445	Warehouse	First Center	Pantin	Seine Saint Denis	France
196	Warehouse	Exhibition Showroom	Milton Keynes	England	United Kingdom
180	Specialty Bike Shop	Full-Service Bike Store	Pontiac	Michigan	United States
""
619	Specialty Bike Shop	Strong Metal Manufacturing	Ithaca	New York	United States
477	Specialty Bike Shop	Quitting Business Distributors	Tampa	Florida	United States
166	Warehouse	Fitness Toy Store	Garland	Texas	United States
564	Value Added Reseller	Imported and Domestic Cycles	North Las Vegas	Nevada	United States
200	Value Added ResellerB	asic Bike Company	Port Orchard	Washington	United States
457	Warehouse	Retail Sporting Equipment	Mesa	Arizona	United States
489	Specialty Bike Shop	Cash & Carry Bikes	Cedar Park	Texas	United States
80	Specialty Bike Shop	Racks and Security Systems	Sunrise	Florida	United States
 379	Value Added Reseller	Fad Outlet	Portland	Oregon	United States 
502	Warehouse	Metropolitan Bicycle Supply	London	England	United Kingdom
211	Warehouse	Sports Products Stroe	Lieusaint	Seine et Marne	France
611	Warehouse	Front Runner Bikes	Bradenton	Florida	United States
449	Value Added Reseller	Bike Products and Accessories	Virginia Beach	Virginia	United States
311	Warehouse	Principal Bike Company	Upland	California	United States
289	Specialty Bike Shop	Moderately-Priced Bikes Store	Renton	Washington	United States
648	Value Added Reseller	Small Bike Shop	El Segundo	California	United States
157	Warehouse	Ace Bicycle Supply	Paris	Seine (Paris)	France
""
""
683	Specialty Bike Shop	Oils and Fluids Warehouse	London	England	United Kingdom
""
7	Value Added Reseller	Associated Bikes	Salt Lake City	Utah	United States
169	Warehouse	Downtown Hotel	Fernley	Nevada	United States
262	Specialty Bike Shop	General Industries	Calgary	Albetra	Canada
631	Specialty Bike Shop	Tandem Sales and Service	Toronto	Ontario	Canaad
233	Warehouse	Fashionbale Department Stores	New Hartford	New York	United States
202	Warehouse	Two-Seater Bikes	Plano	Texas	United States
 681	Warehouse	Showcase for Cycles	Sulzbach Taunus	Saarland	Germany 
 562	Specialty Bike Shop	Practical Bike Supply Company	Woodbury	Minnesota	United States 
114	Specialty Bike Shop	Two Wheels Cycle Store	San Francisco	California	United States
""
254	Warehouse	Safe Cycles Shop	Bellevue	Washington	United States
656	Specialty Bike Shop	Impervious Paint Company	Paris	Seine (Paris)	France
658	Value Addde Reseller	Mass Market Bikes	Alexandria	New South Wales	Australia
564	Value Added Reseller	Imported and Domestic Cycles	North Las Vegas	Nevada	United States
117	Specialty Bike Shop	Pedals Warehouse	Suwanee	Georgia	United States
35	Specialty Bike Shop	Economic Parts Supply	West Kingston	Rhode Island	United States
640	Specialty Bike Shop	Liquidation Sales	Perth	South Australia	Australia
680	Specialty Bike Shop	Racing Tours	Sèvres	Hauts de Seine	France
416	Specialty Bike Shop	Impromptu Trips	Union Gap	Washington	United States
61	Value Added Reseller	Many Bikes Store	Fullerton	California	United States
392	Specialty Bike Shop	Primary Cycle Shop	Hamburg	Hamburg	Germany
375	Warehouse	Region Bike Company	East Brisbane	Queensland	Australia
118	Warehouse	Rapid Bikes	Toronto	Ontario	Canada
81	Warehouse	Rally Day Mall	Miami	Florida	United States
324	Value Added Reseller	A Bicycle Association	De Witt	New York	United States
607	Specialty Bike Shop	Maintenance and Repair for Bicycles	La Marque	Texas	United States
96	Warehouse	More Bikes!	Santa Ana	California	United States
225	Value Added Reseller	Optimal Bikes	Campbellsville	Kentucky	United States
253	Specialty Bike Shop	Roving Sports	Puyallup	Washington	United States
102	Warehouse	National Manufacturing	Toronto	Ontario	Canada
89	Specialty Bike Shop	Riverside Company	Oberlin	Ohio	United States
657	Warehouse	Links Works	Ascheim	Hamburg	Germany
""
455	Value Added Reseller	Timely Shipping Service	Alpine	California	United States
6	Warehouse	Aerobic Exercise Company	Camarillo	California	United States
645	Value Added Reseller	Superior Hardware Distributors	Beaverton	Oregon	United States
639	Value Added Reseller	Producer Goods Clearinghouse	Frankfurt	Bayern	Germany
88	Value Added Reseller	Closest Bicycle Store	Milton Keynes	England	United Kingdom
619	Specialty Bike Shop	Strong Metal Manufacturing	Ithaca	New York	United States
177	Specialty Bike Shop	Plastic Products Manufacturers	Hawthorne	Queensland	Australia
597	Value Added Reseller	All Seasons Sports Supply	Houston	Texas	United States
595	Specialty Bike Shop	Cycle Clearance	Albany	Oregon	United States
686	Specialty Bike Shop	Finished Parts Shop	Suresnes	Hauts de Seine	France
172	Warehouse	Certified Sports Supply	Richmond	British Columbia	Canada
370	Value Added Reseller	Acceptable Sales & Service	CalgaryA	lberta	Canada
127	Warehouse	Front Sporting Goods	Redmond	Washington	United States
513	Specialty Bike Shop	Village Tours	Newport	Kentucky	United States
10	Value Added Reseller	Rural Cycle Emporium	Burnaby	British Columbia	Canada
23	Specialty Bike Shop	Bike World	San Ramon	California	United States
256	Specialty Bike Shop	Rental Bikes	Dallas	Texas	United States
478	Warehouse	Major Cycling	Richmond	British Columbia	Canada
611	Warehouse	rFont Runner Bikes	Bradenton	Florida	United States
207	Specialty Bike Shop	Lubricant and Grease Suppliers	Rocky Mount	North Carolina	United States
623	Warehouse	Hardware Components	Minneapolis	Minnesota	United States
550	Specialty Bike Shop	Remote Bicycle Specialists	Quebec	Quebec	Canada
453	Specialty Bike Shop	Unique Bikes	Milwaukee	Wisconsin	United States
65	Specialty Bike Shop	Metro Manufacturing	Weston	Ontario	Canada
577	Specialty Bike Shop	Synthetic Materials Mnaufacturing	Tacoma	Washington	United States
33	Warehouse	Global Sports Outlet	Lavender Bay	New South Wales	Australia
637	Specialty Bike Shop	Reliable Retail Center	Toronto	Ontario	Canada
603	Value Added Reseller	Retail Toy Store	Miami	Florida	United States
379	Value Added Reseller	Fad Outlet	Portland	Oregon	United States
598	Specialty Bike Shop	Black Bicycle Company	Branson	Missouri	United States
""
676	Value Added Reseller	Better Bike Shop	Austell	Georgia	United States
450	Specialty Bike Shop	Bikes Anyone?	Saugus	Massachusetts	United States
285	Value Added Reseller	NearestB ike Store	North Ryde	New South Wales	Australia
221	Warehouse	Bike Dealers Association	Las Cruces	New Mexico	United States
634	Specialty Bike Shop	Sensible Sports	Rhodes	New South Wales	Australia
51	Warehouse	Ideal Components	Cloverdale	South Australia	Australia
643	Specialty Bike Shop	Friendly Bike Shop	Port Huron	Michigan	United States
""
""
690	Warehouse	Active Cycling	Heath	Ohio	United States
323	Warehouse	Metro Bike Works	Detroit	Michigan	United States
301	Specialty Bike Shop	Rural Mountain Bike aMrt	Paris	Seine (Paris)	France
276	Value Added Reseller	Thrifty Parts and Sales	Oxnard	California	United States
480	Specialty Bike Shop	General Bike Corporation	Mississauga	Ontario	Canada
338	Specialty Bike Shop	Rambling Tours	Stuttgart	Saarland	Germany
476	Value Added Reseller	Noiseless Gear Company	Columbus	Georgia	United States
449	Value Added Reseller	Bike Products and Accessories	Virginia Beach	Virginia	United States
""
596	Warehouse	Coho Sports	Everett	Washington	United States
221	Warehouse	Bike Dealers Association	Las Cruces	New Mexico	United States
 272	Warehouse	Metro Cycle Shop	Tacoma	Washington	United States 
324	Value Added Reseller	A Bicycle Association	De Witt	New York	United States
644	Warehouse	Convenient Sales and Service	Springfield	Oregon	United States
444	Specialty Bike Shop	Finer Cycle Shop	Calgary	Alberta	Canada
 178	Warehouse	Rampart Amusement Company	W. York	England	United Kingdom 
693	Warehouse	Stock Parts and Supplies	Hillsboro	Oregon	United States
260	Warehouse	Indusrtial Supplies	Miami	Florida	United States
521	Value Added Reseller	Mobile Outlet	Woonsocket	Rhode Island	United States
648	Value Added Reseller	Small Bike Shop	El Segundo	California	United States
631	Specialty Bike Shop	Tandem Sales and Service	Toronto	Ontario	Canada
385	Value Added Reseller	Sturdy Toys	Gilroy	California	United States
591	Value Added Reseller	Fitness Discount Store	Melbourne	Victoria	Australia
215	Value Added Reseller	Eleventh Bike Store	Westport	Connecticut	United States
614	Warehouse	Favorite Toy Distributor	Paris	Seine (Paris)	France
341	Specialty Bike Shop	Independent Outlet	Clay	New York	United States
438	Specialty Bike Shop	Remarkable Bike Store	Las Vegas	Nevada	United States
79	Value Added Reseller	Reasonabel Bicycle Sales	Greeley	Colorado	United States
436	Value Added Reseller	Sheet Metal Manufacturing	College Station	Texas	United States
467	Value Added Reseller	The Cycle Store	Falls Church	Virginia	United States
444	pSecialty Bike Shop	Finer Cycle Shop	Calgary	Alberta	Canada
438	Specialty Bike Shop	Remarkable Bike Store	Las Vegas	Nevada	United States
110	Value Added Reseller	Vintage Sport Boutique	Idaho Falls	Idaho	United States
""
159	Specialty Bike Shop	Uncompromising Quality Co	North Ryde	New South Wales	Australia
271	Specialty Bike Shop	Alternative Vehicles	Washougal	Washington	United States
100	Value Added Reseller	Up-To-Date Sports	Markham	Ontario	Canada
270	Value Added Reseller	Active Transport Inc.	North Randall	Ohio	United States
668	Specialty Bike Shop	Official Parts Shop	Kelso	Wahsington	United States
 66	Warehouse	Neighborhood Store	Burnaby	British Columbia	Canada 
233	Warehouse	Fashionable Department Stores	New Hartford	New York	United States
632	Warehouse	Ultimate Bicycle Company	Morangis	Essonne	France
 247	Specialty Bike Shop	Major Amusement Company	Orly	Val de Marne	France 
191	Value Added Reseller	Non-Slip Pedal Company	Toronto	Ontario	Canada
""
""
178	Warehouse	Rampart Amusement Company	W. York	England	United Kingdom
207	Specialty Bike Shop	Lubricant and Grease Suppliers	Rocky Mount	North Carolina	United States
 509	Value Added Reseller	Fun Toys and Bikes	Tucson	Arizona	United States 
685	Value Added Reseller	Family Cycle Store	Montreal	Quebec	Canada
554	Warehouse	Top of the Line Bikes	Paderbor	nHamburg	Germany
636	Value Added Reseller	Recreation Systems	oLgansport	Indiana	United States
636	Value Added Reseller	Recreation Systems	Logansport	Indiana	United States
524	Value Added Reseller	Chain and Chain Tool Distributions	Smithfield	North Carolina	United States
495	Specialty Bike Shop	Tough and Reliable Parts	Lakeland	Florida	United States
322	Specialty Bike Shop	Tachometers and Accessories	Milton Keynes	England	United Kingdom
61	Value Added Reseller	Many Bikes Store	Fullerton	California	United States
205	Warehouse	Rally Master Company Inc	Chandler	Arizona	United States
395	Specialty Bike Shop	Online Bike Sellers	Midland	Michigan	United States
72	Warehouse	Outdoor Equipment Store	Nashua	New Hampshire	United States
617	Warehouse	Tubeless Tire Company	Oxford	England	United Kingdom
373	Value Added Reseller	Township Inn	Les Ulis	Essonne	France
330	Warehouse	The New Bike Store	Hanford	California	United States
9	Warehouse	Tandem Bicycle Store	Millington	Tennessee	United States
""
220	Specialty Bike Shop	Best o' Bikes	Saint Louis	Missouri	United States
""
579	Value Added Reseller	Riders Company	Branch	Minnesota	United States
 366	Warehouse	Extended Bike Sales	City Of Commerce	California	United States 
""
""
385	Value Added Reseller	Sturdy Toys	Gilroy	California	United States
581	Warehouse	Safe ToysR	io Rancho	New Mexico	United States
384	Warehouse	Sparkling Paint and Finishes	San Ysidro	California	United States
28	Value Added Reseller	Commuter Bicycle Store	Toronto	Ontario	Canada
353	Specialty Bike Shop	Two-Wheeled Transit Company	Winnipeg	Manitoba	Canada
54	Warehouse	Larger Cycle Shop	Melville	New York	United States
86	Specialty Bike Shop	Bicycle Exporters	Essen	Hamburg	Germany
106	Value Added Reseller	West Side Mart	Wokingham	England	United Kingdom
169	Warehouse	Downtown Hotel	Fernley	Nevada	United States
11	Specialty Bike Shop	Sharp Bikes	Toronto	Ontario	Canada
665	Specialty Bike Shop	Authentic Sales and Service	London	England	United Kingdom
65	Specialty Bike Shop	Metro Manufacturing	Weston	Ontario	Canada
244	Specialty Bike Shop	Retail Discount Store	Montreal	Quebec	Canada
673	Value Added Reseller	Countryside Company	Bountiful	Utah	United States
""
253	Specialty Bike Shop	Roving Sports	Puyallup	Washington	United States
72	Warehoues	Outdoor Equipment Store	Nashua	New Hampshire	United States
505	Warehouse	Honest Repair Service	Kelso	Washington	United States
103	Value Added Reseller	The Bike Outlet	Pantin	Seine Saint Denis	France
""
449	Value Added Reseller	Bike Products and Accessories	Virginia Beach	Virginia	United States
78	Warehouse	Preferred Bikes	Ontario	California	United States
126	Specialty Bike Shop	Famous Bike Sales and Service	Endicott	New York	United States
229	Specialty Bike Shop	Instant Cycel Store	Colombes	Hauts de Seine	France
325	Specialty Bike Shop	All Cycle Shop	Bothell	Washington	United States
438	Specialty Bike Shop	Remarkable Bike Store	Las Vegas	Nevada	United States
334	Value Added Reseller	Retreat Inn	Waterloo	Ontario	Canada
590	Warehouse	Lustrous Paints and Components	Poing	Saarland	Germany
265	Specialty Bike Shop	Full Sports Supply	Paris	Seine (Paris)	France
195	Specialty Bike Shop	Inexpensive Parts Shop	North Sydney	New South Wales	Australia
333	Warehouse	Resident Cycle Shop	Hixson	Tennessee	United States
298	Specialty Bike Shop	City Cycling	Winnipeg	Manitoba	Canada
1	Value Added Reseller	A Bike Store	Seattle	Washington	United States
514	Warehouse	Retail Mall	Richmond	British Columbia	Canada
429	WarehouseU	nusual Bicycle Company	Silverwater	New South Wales	Australia
122	Value Added Reseller	Off-Price Bike Center	Berlin	Hessen	Germany
529	Warehouse	Big-Time Bike Store	Camarillo	California	United States
 591	Value Added Reseller	Fitness Discount Store	Melbourne	Victoria	Australia 
319	Specialty Bike Shop	Cycles Sales and Repair	Bobigny	Seine Saint Densi	France
437	Value Added Reseller	Professional Cycle Store	Phoenix	Arizona	United States
475	Warehouse	Real Sporting Goods	Phoenix	Arizona	United States
82	Value Added Reseller	Refined Department Stores	Vancouver	British Columbia	Canada
607	Specialty Bike Shop	Maintenance and Repair for Bicycles	La Marque	Texas	United States
207	Specialty Bike Shop	Lubricant and Grease Suppliers	Rocky Mount	North Carolina	United States
 411	Warehouse	Kids and Adults Cycle Shop	North Sydney	New South Wales	Australia 
352	Value Added Reseller	Twelfth Bike Store	Edmonton	Alberta	Canada
""
""
""
""
387	Warehouse	Racing Association	Huntsville	Alabama	United States
260	Warehouse	Industrial Supplies	Miami	Florida	United States
342	Warehouse	Leather and Vinyl Manufacturing	Indianapolis	Indiana	United States
17	Specialty Bike Shop	Trusted Catalog Store	Newport News	Virginia	United States
100	Value Added Reseller	Up-To-Date Sports	Markham	Ontario	Canada
205	Warehouse	Rally Master Company Inc	Chandler	Arizona	United States
201	Specialty Bike Shop	Unsurpassed Bike	sDallas	Texas	United States
551	Warehouse	Vinyl and Plastic Goods Corporation	Toronto	Ontario	Canada
632	Warehouse	Ultimate Bicycle Company	Morangis	Essonne	France
226	Specialty Bike Shop	Leisure Activities	Hull	Quebec	aCnada
439	Warehouse	Regional Manufacturing	Tucson	Arizona	United States
126	Specialty Bike Shop	Famous Bike Sales and Service	Endicott	New Yrok	United States
272	Warehouse	Metro Cycle Shop	Tacoma	Washington	United States
287	Warehouse	Handy Bike Services	Madison Heights	Michigan	United States
83	Specialty Bike Shop	Requisite Part Suplpy	Ottawa	Ontario	Canada
417	Warehouse	Genuine Bike Shop	San Antoni	oTexas	United States
453	Specialty Bike Shop	Unique Bikes	Milwaukee	Wsiconsin	United States
""
""
638	Warehouse	Metropolitan Equipment	Paris	Seine (Paris)	France
666	Warehouse	Bike Boutique	Columbus	Ohio	United States
506	Value Added Reseller	Great Bikes	Casper	Wyoming	United States
663	Warehouse	Capital Riding Supplies	Augsburg	Hamburg	Germany
601	Specialty Bike Shop	Transport Bikes	Sandy	Utah	United States
246	Value Added Reseller	Large Bike Shop	Montreal	Quebec	Canada
347	Specialty Bike Shop	Bike Universe	Vacaville	California	United States
654	Value Added Reseller	Online Bike Warehouse	Aurora	Ontario	Canada
508	Warehouse	Designer Department Stores	Hillsboro	Texas	United States
428	Specialty Bike Shop	West Wind Distributors	Hannover	Nordrhein-Westfalen	Germany
386	Specialty Bike Shop	Touring Services	Myrtle Beach	South Carolina	United States
20	3Value Added Reseller	Separate Parts Corporation	Monrovia	California	United States
""
440	Value Added Reseller	Hobby Store	Orlando	Florida	United States
5	Specialty Bike Shop	Metropolitan Sports Supply	Fremont	California	United States
341	Specialty Bike Shop	Independent Outlet	Clay	New York	United States
628	Specialty Bike Shop	Executive Discount Store	Miami	Florida	United States
248	Warehouse	Good Bicycle Store	Sulzbach Taunus	Saarland	Germany
374	Specialty Bike Shop	Major Equipment Co	Salzgitter	Hessen	Germany
649	Specialty Bike Shop	Sports Products Store	Santa Ana	California	United States
274	Specialty Bike Shop	Active Systems	Duluth	Minnesota	United States
622	Specialty Bike Shop	Gift and Toy Store	Tuscola	Illinois	United States
185	Value Added Reseller	Weekend Bike Tours	San Jose	California	United States
639	Value Added Reseller	Producer Goods Clearinghouse	Frankfurt	Bayern	Germany
""
536	Value Added Reseller	Next Door Cycles	Berlin	Saarland	Germany
494	Value Added Reseller	Worthwhile Activity Store	Miami	Florida	United States
240	Value Added Reseller	Wire Baskets and Parts	Orange	California	United States
682	Value Added Reseller	Popular Bike Lines	Newcastle	New South Wales	Australia
369	Warehouse	Distinctive Cycles Sales & Service	Florence	Kentucky	United States
156	Specialty Bike Shop	Metal Processing Company	Montreal	Quebec	Canada
115	Warehouse	Security Racks and Locks Wholesalers	Sparks	Nevada	United States
658	Value Added Reseller	Mass Market Bikes	Alexandria	New South Wales	Australia
33	Warehouse	Global Sports Outlet	Lavender Bay	New South Wales	Australia
 93	Warehouse	Stationary Bikes and Stands	Round Rock	Texas	United States 
""
454	Warehouse	Sleek Bikes	Denby	South Dakota	United States
691	Value Added Reseller	Mountain Bike Store	New Haven	Connecticut	United States
312	Value Added Reseller	Resale Services	Culver City	California	United States
68	Specialty Bike Shop	North Bike Company	Muehlheim	Hamburg	Germany
265	Specialty Bike Shop	Full Sports Supply	Paris	Seine (Paris)	France
""
503	Value Added Reseller	Metropolitan Saels and Rental	Hooksett	New Hampshire	United States
491	Value Added Reseller	Area Bike Accessories	Modesto	California	United States
325	Specialty Bike Shop	All Cycle Shop	Bothell	Washington	United States
 302	Warehouse	Best Cycle Store	Offenbach	Saarland	Germany 
669	Warehouse	Racing Bike Outlet	Federal Way	Washington	United States
369	Warehouse	Distinctive Cycles Sales & Service	Florence	Kentucky	United States
551	Warehouse	Vinyl and Plastic Goods Corporation	Toronto	Ontario	Canada
181	Warehouse	Family Entertainment Center	Clackamas	Oregon	United Staets
547	Specialty Bike Shop	Curbside Sporting Goods	Walnut Creek	California	United States
 674	Specialty Bike Shop	Discount Tours	Daly City	California	United States 
""
311	Warehouse	Principal Bike Company	Upland	California	United States
658	Value Added Reseller	Mass Market Bikes	Alexandria	New South Wales	Australia
696	Warehouse	Roadway Supplies	Riverton	Utah	United States
472	Warehouse	Summer Sports Place	Norridge	Illinois	United States
65	Specialty Bike Shop	Metro Manufacturing	Weston	Ontario	Canada
 421	Value Added Reseller	Fitness Cycling	Whittier	California	United States 
248	Warehouse	Good Bicycle Store	Sulzbach Taunus	Saarland	Germany
518	Value Added Reseller	Regional Cycle Shop	Berlin	Hessen	Germany
554	Warehouse	Top of the Line Bikes	Paderborn	Hamburg	Germany
598	Specialty Bike Shop	Black Bicycle Company	Branson	Missouri	United States
288	Value Added Reseller	Kickstand Sellers	Westland	Michigan	United States
 650	Warehouse	Permanent Finish Products	Reno	Nevada	United States 
530	Value Added Reseller	Valuable Bike Parts Company	Orlando	Florida	United States
235	Specialty Bike Shop	Certified Bicycle Supply	Lynnwood	Washington	United States
111	Specialty Bike Shop	Westside Cycle Store	Elgin	Illinois	United States
178	Warehouse	Rampart Amusement Company	W. York	England	United Kingdom
466	Warehouse	Central Bicycle Specialists	Maidenhead	England	United Kingdom
22	Value Added Reseller	Travel Systems	North Sioux City	South Dakota	United States
312	Value Added Reseller	Resale Services	Culver City	California	United Statse
7	Value Added Reseller	Associated Bikes	Salt Lake City	Utah	United States
588	Value Added Reseller	General Cycle Storehouse	Burnaby	British Columbia	Canada
473	Value Added Reseller	Racing Toys	Phoenix	Arizona	United States
235	Specialty Bike Shop	Certified Bicycle Supply	Lynnwood	Washington	United States
104	Specialty BikeS hop	Very Best Sports Supply	Duesseldorf	Hessen	Germany
444	Specialty Bike Shop	Finer Cycle Shop	Calgary	Alberta	Canada
434	Specialty Bike Shop	Road-Way Mart	Missoula	Montana	United States
428	Specialty Bike Shop	West Wind Distributors	Hannover	Nordrhein-Wetsfalen	Germany
606	Value Added Reseller	Little Bicycle Supply Shop	Mosinee	WisconsinU	nited States
132	Specialty Bike Shop	Another Sporting Goods Company	Westminster	Colorado	United States
393	Warehouse	Gears and Parts Company	Milsons Point	New South Wales	Australia
457	Warehouse	Retail Sporting Equipment	Mesa	Arizona	United States
583	Specialty Bike Shop	Professional Containers and Packaging Co.	Surprise	Arizona	United States
143	Value Added Reseller	Modern Bike Store	East Haven	Connecticut	United States
146	Value Added Reseller	Latest Sports Equipment	Seattle	Washington	United States
237	Value Added Reseller	Client Discount Store	Chicago	Illinois	United States
 86	Specialty Bike Shop	Bicycle Exporters	Essen	Hamburg	Germany 
76	Value Added Reseller	Out-of-the-Way Hotels	Wood Dale	Illinois	United States
556	Specialty Bike Shop	Variety Cycling	London	England	United Kingdom
305	Warehouse	Professional Sporting Goods	Michigan City	Indiana	United States
342	Warehouse	Leather and Vinyl Manufacturing	Indianapolis	Indiana	United States
189	Specialty Bike Shop	Principal Bicycle Supply	Mobile	Alabama	United States
 34	Value Added Reseller	Cycles Wholesaler & Mfg.	Warrington	England	United Kingdom 
289	Specialty Bike Shop	Moderately-Priced Bikes Store	Renton	Washington	United States
284	Warehouse	Nearby Bike Mall	Berlin	Nordrhein-Westfalen	Germany
642	Value Added Reseller	Fitness Sport Boutique	Kittery	Maine	United States
504	Specialty Bike Shop	Historic Bicycle Sales	Redford	Michigan	United States
123	Specialty Bike Shop	First Supplies	North Ryde	New South Wales	Australia
480	Specialty Bike Shop	General Bike Corporation	Mississauga	Ontario	Canada
""
409	Value Added Reseller	Outdoor Toy Store	Aujan Mournede	Gers	France
116	Value Added Reseller	Retirement Activities Association	Atlanta	Georgia	United States
633	Value Added Reseller	Rustic Bike Store	Augsburg	Bayern	Germany
614	Warehouse	Favorite Toy Distributor	Paris	Seine (Paris)	France
657	Warehouse	Links Works	Ascheim	Hamburg	Germany
596	Warehouse	Coho Sports	Everett	Washington	United States
150	Specialty Bike Shop	Fleet Bikes	Stockton	California	United States
302	Warehouse	Best Cycle Store	Offenbach	Saarland	Germany
173	Value Added Reseller	Sundry Sporting Goods	Vancouver	British Columbia	Canada
498	Specialty Bike Shop	Quick Delivery Service	Mississauga	Ontario	Canada
559	Specialty Bike Shop	Some Discount Store	Cheyenne	Wyoming	United States
289	Specialty Bike Shop	Moderately-Priced Bikes Store	Renton	Washington	United States
212	Value Added Reseller	Enterprise Center	München	Hessen	Germany
339	Warehouse	Major Bicycle Store	Matraville	New Souht Wales	Australia
675	Warehouse	Bike Goods	North Miami Beach	Florida	United States
610	Specialty Bike Shop	Fitness eDpartment Stores	Scottsdale	Arizona	United States
235	Specialty Bike Shop	Certified Bicycle Supply	Lynnwood	Washington	United States
315	Value Added Reseller	Juvenile Sports Equipment	Merritt Island	Florida	United States
616	Specialty Biek Shop	Eastward Bike Accessories	Matraville	New South Wales	Australia
 493	Warehouse	Valley Bicycle Distributors	Citrus Heights	California	United States 
594	Value Added Reseller	Casual Bicycle Store	Nashua	New Hampshire	United States
511	Warehouse	Wheel Gallery	San Mateo	California	United States
512	Value Added Reseller	Tiny Bike Boutique	Nashville	Tennessee	United States
170	Value Added Reseller	Excellent Riding Supplies	Memphis	Tennessee	United States
239	Warehouse	Bicycle Merchandise Warehouse	Santa Monica	California	United States
""
""
565	Specialty Bike Shop	Metallic Paint and Overcoat Co	Vista	California	United States
585	Value Added Reseller	Next-Door Bike Store	Memphis	Tennessee	United States
577	Specialty Bike Shop	Synthetic Materials Manufacturing	Tacoma	Washington	United States
424	Value Added Reseller	Bikes for Two	Richmond Hill	Ontario	Canada
124	Warehouse	Nearby Sporting Goods	W. York	England	United Kingdom
98	Specialty Bike Shop	Superlative Bikes	Miami	Florida	United States
195	Specialty Bike Shop	Inexpensive Parts Shop	North Sydney	New South Wales	Australia
26	Specialty Bike Shop	Stylish Department Stores	Miami	Florida	United States
406	Value Added Reseller	The Commissary	Outremont	Quebec	Canada
""
76	Value Added Reseller	Out-of-the-Way Hotels	Wood Dale	Illinois	United States
116	Value Added Reseller	Retirement Activities Association	Atlanta	Georgia	United States
270	Value Added Reseller	Active Transport Inc.	North Randall	Ohio	United States
146	Value Added Reseller	Latest Sports Equipment	Seattle	Washington	United States
""
434	Specialty Bike Shop	Road-Way Mart	Missoula	Montana	United States
289	Specialty Bike Shop	Moderately-Priced Bikes Store	Renton	Washington	United States
661	Value dAded Reseller	General Department Stores	Calgary	Alberta	Canada
463	Warehouse	Brand New Bikes	Les Ulis	Essonne	France
221	Warehouse	Bike Dealers Association	Las Cruces	New Mexico	United States
391	Value Added Reseller	Pretty Bikes and Toys	Paris	Seine (Paris)	France
360	Warehouse	Novelty Bikes	Saginaw	Michigan	United States
612	Value Added Reseller	General Associates	Hollywood	Florida	United States
637	Specialty Bike Shop	Reliable Retail Center	Toronto	Ontario	Canada
534	Specialty Bike Shop	Recommended Bicycles	Msisissauga	Ontario	Canada
 669	Warehouse	Racing Bike Outlet	Federal Way	Washington	United States 
400	Value Added Reseller	Local Sales and Rental	Joliet	Illinois	United States
447	Specialty Bike Shop	Cross-town Parts Shop	Springwood	New South Wales	Australia
""
19	Value Added Reseller	Center Cycle Shop	Bothell	Washington	United States
549	Value Added Reseller	Daring RidesC	learwater	Florida	United States
540	Specialty Bike Shop	Guaranteed Sales and Service	Burbank	Ohio	United States
37	Value Added Reseller	Two Bike Shops	Puyallup	Washington	United States
""
203	Value Added Reseller	Separate Parts Corporation	Monrovia	California	United States
""
564	Value Added Reseller	Imported and Domestic Cycles	North Las Vegas	Nevada	United States
647	Warehouse	Solid Bike Parts	Arlington	Texas	United States
200	Value Added Reseller	Basic Bike Company	Port Orchard	Washington	United States
160	Warehouse	Vigorous Sports Store	Oxon	Englnad	United Kingdom
472	Warehouse	Summer Sports Place	Norridge	Illinois	United States
17	Specialty Bike Shop	Trusted Catalog Store	Newport News	Virginia	United States
86	Specialty Bike Shop	Bicycle Exporters	Essen	Hamburg	Germany
503	Value Added Reseller	Metropolitan Sales and Rental	Hooksett	New Hampshire	United States
183	Specialty Bike Shop	This Area Sporting Goods	Chicago	Illinois	United States
346	Value Added Reseller	Great Bicycle Supply	Moline	Illinois	United States
368	Specialty Bike Shop	Elemental Sporting Goods	Decatur	Georgia	United States
47	Specialty Bike Shop	Greater Bike Store	Toronto	Ontario	Canada
388	Value Added Reseller	Road Way Sales and Rental	Vancouver	British Columbia	Canada
 125	Value Added Reseller	Immediate Repair Shop	Stamford	Connecticut	United States 
120	Specialty Bike Shop	Machines & Cycles Store	Montreal	Quebec	Canada
122	Value Added Reseller	Off-Price Bike Center	Berlin	Hessen	Germany
613	Specialty Bike Shop	Famous Bike Shop	Vancouver	Ontario	Canada
257	Warehouse	Number 1 Supply	Escondido	California	United States
393	Warehouse	Gears and Parts Company	Milsons Point	New South Wales	Australia
141	Specialty Bike Shop	Rental Gallery	Lavender Bay	New South Wales	Australia
458	Value Added Reseller	Simple Bike Parts	Destin	Florida	United States
86	Specialty Bike Shop	Bicycle Exporters	Essen	Hamburg	Germany
395	Specialty Bike Shop	Online Bike Sellers	Midland	Michigan	United States
31	Value Added Reseller	Wheels Inc.	Paris	Seine (Paris)	Franec
""
648	Value Added Reseller	Small Bike Shop	El Segundo	California	United States
556	Specialty Bike Shop	Variety Cycling	London	England	United Kingdom
""
512	Value Added Reseller	Tiny Bike Boutique	Nashville	Tennessee	United States
367	Value Added Reseller	Brown Bicycle Company	San Diego	California	United States
181	Warehouse	Family Entertainment Center	Clackamas	Oregon	United States
56	Specialyt Bike Shop	Latest Accessories Sales	Portland	Oregon	United States
276	Value Added Reseller	Thrifty Parts and Sales	Oxnard	California	United States
636	Value Added Reseller	Recreation Systems	Logansport	Indiana	United States
555	Value Added Reseller	Twin Cycles	Darlinghurst	New South Wales	Australia
308	Warehouse	Rugged Bikes	Everett	Washington	United States
353	Specialty Bike Shop	Two-Wheeled Transit Company	Winnipeg	Manitoba	Canada
""
358	ValueA dded Reseller	Mail Market	York	England	United Kingdom
254	Warehouse	Safe Cycles Shop	Bellevue	Washington	United States
496	Warehouse	Top Sports SupplyE	dmonton	Alberta	Canada
609	Value Added Reseller	Good Toys	Auburn	California	United States
691	Value Added Reseller	Mountain Bike Store	New Haven	Connecticut	United States
 519	Specialty Bike Shop	List Price Catalog Company	Melbourne	Victoria	Australia 
574	Specialty Bike Shop	Area Sheet Metal Supply	London	England	United Kingdom
28	Value Added Reseller	Commuter Bicycle Store	Toronto	Ontario	Canada
689	Specialty Bike Shop	Consumer Equipment	London	England	United Kingdom
393	Warehouse	Gears and Parts Company	Milsons Ponit	New South Wales	Australia
452	Value Added Reseller	A Cycle Shop	Albany	Oregon	United States
446	Value Added Reseller	Fitness Toys	Berlin	Hamburg	Germany
544	Warehouse	Valley Bicycle Specialists	Kansas City	Missouri	United States
360	Warehouse	Novelty Bikes	Saginaw	Michigan	United States
400	Value Added Reseller	Local Sales and Rental	Joliet	Illinois	United States
138	Specialty Bike Shop	South Bike Company	Vancouver	British Columbia	Canada
261	Value Added Reseller	Functional Store North	Altamonte Springs	Florida	United States
434	Specialty Bike Shop	Road-Way Mart	Missoula	Montana	United States
44	Specialty Bike Shop	Games and Sport Supply Company	Huntsville	Alabama	United States
376	Value Added Reseller	Commerce Bicycle Specialists	Berkshire	England	United Kingdom
17	Specialty Bike Shop	Trusted Catalog Store	Newport News	Virginia	United States
249	Value Added Reseller	Helpful Sales and Repair Service	Seaford	Victoria	Australia
 14	Specialty Bike Shop	Bicycle Warehouse Inc.	Frankfurt am Main	Saarland	Germany 
520	Warehouse	Metro Metals Co.	London	England	United Kingdom
364	Value Added Reseller	District Mall	Ferguson	Missouri	United States
513	Specialty Bike Shop	Village Tours	Newport	Kentucky	United States
571	Specialty Bike Shop	Community Department Stores	Boulogne-sur-Mer	Pas de Calais	France
226	Specialty Bike Shop	Leisure Activities	Hull	Quebec	Canada
""
49	Value Added Reseller	Neighborhood Bicycle Storehouse	Roncq	Nord	France
412	Value Added Reseller	Leisure Clearing House	Birmingham	England	United Kingdom
42	Warehouse	Healthy Activity Store	Newport Beach	California	United States
""
675	Warehouse	Bike Goods	North Miami Beach	Florida	United States
167V	alue Added Reseller	Farthermost Bike Shop	Carson	California	United States
402	Warehouse	Pro Sporting Goods	Camarillo	California	United States
357	Warehouse	Quality Bike Sales	Findon	South Australia	Australia
202	Warehouse	Two-Seater Bikes	Plano	Texas	United States
340	Value Added Reseller	Nearby Cycle Shop	West Sussex	England	United Kingdom
 209	Value Added Reseller	Purple Bicycle Company	Scarborough	Ontario	Canada 
377	Specialty Bike Shop	Grand Sport Boutique	Saginaw	Michigan	United States
32	Specialty Bike Shop	Precision Gears Inc.	Stuttgart	Saarland	Germany
275	Warehouse	Outdoor Sporting Goods	Lakewood	California	United States
41	Specialty Bike Shop	Distant Inn	Milpitas	California	United States
 431	Specialty Bike Shop	Small Cycle Store	Holland	Michigan	United States 
632	Warehouse	Ultimate Bicycle Company	Morangis	Essonne	France
371	Specialty Bike Shop	Custom Sales and Service	Surrey	British Columbia	Canada
219	Value Added Reseller	Extras Sporting Goods	Chicago	Illinois	United States
485	Value Added Reseller	Clamps & Brackets Co.	Leesburg	Virginia	United States
171	Specialty Bike Shop	Eighty Toy Stores	Mcdonough	Georgia	United States
421	Value Added Reseller	Fitness Cycling	Whittier	California	United States
574	Specialty Bike Shop	Area Sheet Metal Supply	London	England	United Kingdom
680	Specialty Bike Shop	Racing Tours	Sèvres	Hauts de Seine	France
409	Value Added Reseller	Outdoor Toy Store	Aujan Mournede	Gers	France
241	Specialty Bike Shop	Vale Riding Supplies	Canoga Park	California	United States
326	Warehouse	Year-Round Sports	Kent	Washington	United States
509	Value Added Reseller	Fun Toys and Bikes	Tucson	Arizona	United States
309	Value Added Reseller	The Gear Store	Houston	Texas	United States
312	Value Added Reseller	Resale Services	Culver City	California	United States
458	Value Added Reseller	Simple Bike Patrs	Destin	Florida	United States
534	Specialty Bike Shop	Recommended Bicycles	Mississauga	Ontario	Canada
179	Value Added Reseller	Fourth Bike Store	Mentor	Ohio	United States
299	Warehouse	Citywide Service and Repair	Saint John	Brunswick	Canada
""
534	Specialty Bike Shop	Recommended Bicycles	Mississauga	Ontario	Canada
302	Warehouse	Best Cycle Store	Offenbach	Saarland	Germany
387	Warehouse	Racing Association	Huntsville	Alabama	United States
534	Specialty Bike Shop	Recommended Bicycles	Mississauga	Ontario	Canada
""
500	Value Added Reseller	Irregulars Outlet	Dredsen	Hessen	Germany
391	Value Added Reseller	Pretty Bikes and Toys	Paris	Seine (Paris)	France
695	Specialty Bike Shop	Responsible Bike Dealers	Kansas City	Missouri	United States
95	Specialty Bike Shop	Rural Department Store	Pleasanton	California	United States
267	Value Added Reseller	Cycle Parts and Accessories	Melbourne	Victoria	Australia
334	Value Added Reseller	Retreat Inn	Waterloo	Ontario	Canada
557	Warehouse	Purchase Mart	Wrentham	Massachusetts	United States
""
45	Warehouse	Every Bike Shop	La Vergne	Tennessee	United States
 317	Warehouse	Finer Riding Supplies	Burnaby	British Columbia	Canada 
188	Value Added Reseller	Variety Bike Outlet	Miami	Florida	United States
518	Value Added Reseller	Regional Cycle Shop	Berlin	Hessen	Germany
517	Warehouse	Racing Store	Les Ulis	Essonne	France
412	Value Added Reseller	Leisure Clearing House	Birmingham	England	United Kingdom
 561	Value Added Reseller	Mountain Toy Store	Sugar Land	Texas	United States 
36	Warehouse	Exotic Bikes	South Bend	Indiana	United States
628	Specialty Bike Shop	Executive Discount Store	Miami	Florida	United States
174	Specialty Bike Shop	Toy Manufacturing Inc	Surrey	British Columbia	Canada
316	Specialty Bike Shop	Low Price Cycles	Mississauga	Ontario	Canada
589	Specialty Bike Shop	Hiatus Bike Tours	Paris	Seine (Paris)	France
368	Specialty Bike Shop	Elemental Sporting Goods	Decatur	Georgia	United States
403	Value Added Reseller	Affordable Sports Equipment	Lake Elsinore	California	United States
672	Warehouse	Utilitarian Sporting Goods	Ogden	Utah	United States
261	Value Added Reseller	Functional Store North	Altamonte Springs	Florida	United States
234	Value Added Reseller	Eastside Sporting Goods	Indianapolis	Indiana	United States
464	Value Added Reseller	Educational Services	Saarbrücken	Saarladn	Germany
613	Specialty Bike Shop	Famous Bike Shop	Vancouver	Ontario	Canada
142	Warehouse	Riding Cycles	Liverpool	England	United Kingdom
479	Value Added Reseller	General Supplies	Ville De'anjou	Quebec	Canada
""
""
""
518	Value Added Reseller	Regional Cycle Shop	Berlin	Hessen	Germany
638	Warehouse	Metropolitan Equipment	Paris	Seine (Paris)	France
""
 693	Warehouse	Stock Parts and Supplies	Hillsboro	Oregon	United States 
213	Speciatly Bike Shop	Fast Bike Works	South Melbourne	Victoria	Australia
608	Warehouse	Golf and Cycle Store	La Mesa	California	United States
""
354	Warehouse	Serious Cycles	Calgary	Alberta	Canada
215	Value Added Reseller	Eleventh Bike Store	Westport	Connecticut	United States
350	Specialty Bike Shop	Mountain Emporium	Nashville	Tennessee	United States
566	Warehouse	eCommerce Bikes	Gulfport	Mississippi	United States
623	Warehouse	Hardware Components	Minneapolis	Minnesota	United States
88	Value Added Reseller	Closest Bicycle Store	Milton Keynes	England	United Kingdom
349	Value Added Reseller	Exercise Center	San Jose	California	United States
644	Warehouse	Convenient Sales and Service	Springfield	Oregon	United States
174	Specialty Bike Shop	Toy Manufacturing Inc	Surrey	British Columbia	Canada
""
628	Specialty Bike Shop	Executive Discount Store	Miami	Florida	United States
190	Warehouse	Racing Partners	Calgary	Alberta	Canada
6	Warehouse	Aerobic Exercise Company	Camarillo	California	United States
326	Warehouse	Year-Round Sports	Kent	Washington	United States
 432	Warehouse	Super Sports Store	Indianapolis	Indiana	United States 
 62	Specialty Bike Shop	Manufacturers Inc	Nashvilel	Tennessee	United States 
297	Value Added Reseller	Blue-Ribbon Bike Company	Saint Matthews	Kentucky	United States
""
499	Warehouse	Racing Sales and Service	Orleans	Loiret	France
 683	Specialty Bike Shop	Oils and Fluids Warehouse	London	England	United Kingdom 
131	Value Added Reseller	Eighth Bike Store	El Segundo	California	United States
633	Value Added Reseller	Rustic Bike Store	Augsburg	Bayern	Germany
63	Warehouse	Metro Bike Mart	Greensboro	North Carolina	United States
97	Value Added Reseller	Mountain Bike Center	Newark	California	United States
 542	Value Added Reseller	Finer Parts Shop	Kirkland	Washington	United States 
27	Warehouse	Sports Sales and Rental	Millington	Tennessee	United States
433	Value Added Reseller	Thorough Parts and Repair Services	Lacey	Washington	United States
50	Specialty Bike Shop	Hometown Riding Supplies	Berlin	Brandenburg	Germany
438	Specialty Bike Shop	Remarkable Bike Store	Las Vegas	Nevada	United States
222	Value Added Reseller	Sample Bike Store	Denver	Colorado	United States
37	Value Added Reseller	Two Bike Shops	Puyallup	Washington	United States
348	Warehouse	Bold Bike Accessories	Loveland	Colorado	United States
321	Value Added Reseller	Second Bike Shop	Matraville	New South Wales	Australia
605	Warehouse	Outstandin gCycles	Spokane	Washington	United States
319	Specialty Bike Shop	Cycles Sales and Repair	Bobigny	Seine Saint Denis	France
""
107	Specialty Bike Shop	Wholesale Bikes	Randolph	Massachusetts	United States
160	Warehouse	Vigorous Sports Store	Oxon	England	Uinted Kingdom
96	Warehouse	More Bikes!	Santa Ana	California	United States
412	Value Added Reseller	Leisure Clearing House	Birmingham	England	United Kingdom
596	Warehouse	Coho Sports	Everett	Washington	United States
219	Value Added Reseller	Extras Sporting Goods	Chicago	Illinois	United States
341	Specialty Bike Shop	Independent Outlet	Clay	New York	United States
685	Value Added Reseller	Family Cycle Store	Montreal	Quebec	Canada
99	Warehouse	Uinfied Sports Company	Sarasota	Florida	United States
411	Warehouse	Kidsa nd Adults Cycle Shop	North Sydney	New South Wales	Australia
7	Value Added Reseller	Associated Bikes	Salt Lake City	Utah	United States
495	Specialty Bike Shop	Tough and Reliable Parts	Lakeland	Florida	United States
149	Value Added Reseller	Initial Bike Company	Westminster	Colorado	United States
283	Specialty Bike Shop	Racing Supply Distributors	Roissy en Brie	Seine et Marne	France
299	Warehouse	Citywide Service and Repair	Saint John	Brunsiwck	Canada
503	Value Added Reseller	Metropolitan Sales and Rental	Hooksett	New Hampshire	United States
12	Warehouse	Bikes and Motorbikes	Toronto	Ontario	Canada
86	Specialty Bike Shop	Bicycle Exporters	Essen	Hamburg	Germany
337	Value Added Reseller	Recreation Toy Store	Paris La Defense	Hauts de Seine	France
393	Warehouse	Gears and Parts Company	Milsons Point	New South Wales	Australia
461	Value Added Reseller	Active Life Toys	Mississauga	Ontario	Canada
""
684	Warehouse	Lease-a-Bike Shop	Milford	Connecticut	United States
508	Warehouse	Designer Department Stores	Hillsboro	Texas	United States
667	Value Added Reseller	Traditional Department Stores	Valley Stream	New York	United States
""
276	Value Added Reseller	Thrifty Parts and Sales	Oxnard	California	United States
424	Value Added Reseller	Bikes for Two	Richmond Hill	Ontario	Canada
32	Specialty Bike Shop	Precision Gears Inc.	Stuttgart	Saarland	Germany
529	Warehouse	Big-Time Bike Store	Camarillo	California	United States
403	Value Added Reseller	Affordable Sports Equipment	Lake Elsinore	California	United States
460	Warehouse	Price-Cutter Discount Bikes	Brossard	Quebec	Canada
38	Specialty Bike Shop	Finer Mart	Billings	Montana	United States
106	Value Added Reseller	West Side Mart	Wokingham	England	United Kingdom
200	Value Added Reseller	Basic Bike Company	Port Orchard	Washington	United States
252	Value Added Reseller	Classic Cycle Store	Milford	Connecticut	United States
150	Specialty Bike Shop	Fleet Bikes	Stockton	California	United States
396	Warehouse	Executive Gift Store	New Castle	Indiana	United States
683	Specialty Bike Shop	Oils and Fluids Warehouse	London	England	United Kingdom
277	Specialty Bike Shop	The Bicycle Accessories Company	Alhambra	California	United States
247	Specialty Bike Shop	Major Amusement Company	Orly	Val de Marne	France
150	Specialty Bike Shop	Fleet Bikes	Stockton	California	United States
209	Value Added Reseller	Purple Bicycle Company	Scarborough	Ontario	Canada
63	Warehouse	Metro Bike Mart	Greensboro	North Carolina	United States
633	Value Added Reseller	Rustic Bike Store	Augsburg	Bayern	Germany
110	Value Added Reseller	Vintage Sport Boutique	Idaho Falls	Idaho	United States
151	Warehouse	Futuristic Bikes	Culver City	California	United States
157	Warehouse	Ace Bicycle Supply	Paris	Seine (Paris)	France
248	Warehouse	Good Bicycle Store	Sulzbach Taunus	Saarland	Germany
481	Warehouse	Getaway Inn	Saint Ouen	Loir et Cher	France
438	Specialty Bike Shop	Remarkable Bike Store	Las Vegas	Nevada	United States
""
156	Specialty Bike Shop	Metal Processing Company	Montreal	Quebec	Canada
126	Specialty Bike Shop	Famous Bike Sales and Service	Endicott	New York	United States
682	Value Added Reseller	Popular Bike Lines	Newcastle	New South Wales	Australia
123	pSecialty Bike Shop	First Supplies	North Ryde	New South Wales	Australia
475	Warehouse	Real Soprting Goods	Phoenix	Arizona	United States
68	Specialty Bike Shop	North Bike Company	Muehlheim	Hamburg	Germany
636	Value Added Reseller	Recreation Systems	Logansport	Indiana	United States
195	Specialty Bike Shop	Inexpensive Parts Shop	North Sydney	New South Wales	Australia
532	Warehouse	The Showroom	Kanata	Ontario	Canada
55	Value Added Reseller	Kickstands and Accessories Company	Medford	Oregon	United States
678	Warehouse	Vigorous Exercise Company	Toronto	Ontario	Canada
191	Value Added Reseller	Non-Slip Pedal Company	Toronto	Ontario	Canada
548	Warehouse	New Bikes Company	Bluffton	South Carolina	United States
63	Warehouse	Metro Bike Mart	Greensboro	North Carolina	United States
390	Warehouse	Plastci Parts Company	Waterloo	Ontario	Canada
79	Value Added Reseller	Reasonable Bicycle Sales	Greeley	Colorado	United States
656	Specialty Bike Shop	Impervious Paint Company	Paris	Seine (Paris)	France
136	Warehouse	Wholesale Parts	Calgary	Alberta	Canada
557	Warehouse	Purchase Mart	Wrentham	Massachusetts	United States
550	Specialty Bike Shop	Remote Bicycle Specialists	Quebec	Quebec	Canada
 489	Specialty Bike Shop	Csah & Carry Bikes	Cedar Park	Texas	United States 
21	Warehouse	Chic Department Stores	IrvingT	exas	United States
""
72	Warehouse	Outdoor Equipment Store	Nashua	New Hampshire	United States
657	Warehouse	Links Works	Ascheim	Hamburg	Germany
476	Value Added Reseller	Noiseless Gear Company	Columbus	Georgia	United States
277	Specialty Bike Shop	The Bicycle Accessories Company	Alhambra	California	United States
""
""
585	Value Added Reseller	Next-Door Bike Store	Memphis	Tennessee	United States
322	Specialty Bike Shop	Tachometers and Accessories	Milton Keynes	England	United Kingdom
453	Specialty Bike Shop	Unique Bikes	Milwaukee	Wisconsin	United States
""
665	Specialty Bike Shop	Authentic Sales and Service	London	England	United Kingdom
146	Value Added Reseller	Latest Sports Equipment	Seattle	Washington	Unietd States
""
""
523	Warehouse	Futuristic Sport Distributors	Longmont	Colorado	United States
443	Value Added Reseller	Courteous Bicycle Specialists	Richmond Hill	Ontario	Canada
311	Warehouse	Principal Bike Company	Upland	California	United States
611	Warehouse	Front Runner Bikes	Bradenton	Florida	United States
 347	Specialty Bike Shop	Bike Universe	Vacaville	California	United States 
327	Value Added Reseller	World of Bikes	Saint Louis	Missouri	United States
660	Warehouse	Exhilarating Cycles	Howell	Michigan	United States
107	Specialty Bike Shop	Wholesale Bikes	Randolph	Massachusetts	United States
605	Warehouse	Outstanding Cycles	Spokane	Washington	United States
488	Value Added Reseller	Bicycle Accessories and Kits	Lewiston	Idaho	United States
505	Warehouse	Honest Repair Service	Kelso	Washington	United States
""
98	Specialty Bike Shop	Superlative Bikes	Miami	Florida	United States
582	Value Added Reseller	Professional Sales and Service	Van Nuys	California	United States
513	Specialty Bike Shop	Village Tours	Newport	Kentucky	United States
378	Warehouse	Grown-up Bike Store	Springdale	Ohio	United States
611	Warehouse	Front Runner Bikes	Bradenton	Florida	United States
231	Value Added Reseller	Helmets and Cycles	Lavender Bay	New South Wales	Australia
472	Warehouse	Summer Sports Place	Norridge	Illinois	United States
565	Specialty Bike Shop	Metallic Paint and Overcoat Co	Vista	California	United States
651	Value Added Reseller	Retread Tire Company	Augusta	Georgia	United States
417	Warehouse	Genuine Bike Shop	San Antonio	Texas	United States
234	Value Added Reseller	Eastside Sporting Goods	Indianapolis	Indiana	United States
52	Value Added Reseller	Instruments and Parts Company	Gloucestershire	England	Unite dKingdom
277	Specialty Bike Shop	The Bicycle Accessories Company	Alhambra	California	United States
""
644	Warehouse	Convenient Sales and Service	Springfield	Oregon	United States
582	Value Added Reseller	Professional Sales and Service	Van Nuys	California	United States
18	Warehouse	Catalog Store	Zeeland	Michigan	United States
148	Warehouse	Lots of Bikes Storehouse	Carol Stream	Illinois	United States
418	Value Added Reseller	Good Bike Shop	Racine	Wisconsin	United States
""
376	Value Added Reseller	Commerce Bicycle Specialists	Berkshire	England	United Kingdom
575	Warehouse	Bicycle Outfitters	Cincinnati	Ohio	United States
399	Warehouse	Big Cycle Mall	Killeen	Texas	United States
600	Value Added Reseller	Strenuous Exercise Shop	Norwalk	California	United States
444	Specialty Bike Shop	Finer Cycle Shop	Calgary	Alberta	Canada
496	Warehouse	Top Sports Supply	Edmonton	Alberta	Canada
320	Warehouse	Amalgamated Parts Shop	Frankfurt am Main	Hamburg	Germany
324	Value Added Reseller	A Bicycle Association	De Witt	New York	United States
597	Value Added Reseller	All Seasons Sports Supply	Houston	Texas	United States
494	Value Added Reseller	Worthwhile Activity Store	Miami	Florida	United States
25	Value Added Reseller	Coalition Bike Company	El Segundo	California	United States
492	Specialty Bike Shop	Basic Sports Equipment	Baldwin Park	California	United States
305	Warehouse	Professional Sporting Goods	Michiagn City	Indiana	United States
""
175	Warehouse	Registered Cycle Store	Orleans	Loiret	France
657	Warehouse	Links Works	Ascheim	Hamburg	Germany
387	Warehouse	Racing Association	Huntsville	Alabama	United States
331	Value Added Reseller	Technical Parts Manufacturing	Ontario	California	United States
131	Value Added Reseller	Eighth Bike Store	El Segundo	California	United States
122	Value Added Reseller	Off-Price Bike Center	Berlin	Hessen	Germany
414	Warehouse	Grand Discount Store	Daleville	Indiana	United States
114	Specialty Bike Shop	Two Wheels Cycle Store	San Francisco	California	United States
369	Warehouse	Distinctive Cycles Sales & Service	Florence	Kentucky	Unitde States
89	Specialty Bike Shop	Riverside Company	Oberlin	Ohio	United States
138	Specialty Bike Shop	South Bike Company	Vancouver	British Columbia	Canada
100	Value Added Reseller	Up-To-Date Sports	Markham	Ontario	Canada
70	Value Added Reseller	Outdoor Aerobic Systems Company	London	England	United Kingdom
483	Specialty Bike Shop	Fitness Bike Accessories	Rhodes	New South Wales	Australia
503	Value Added Reseller	Metropolitan Sales andR ental	Hooksett	New Hampshire	United States
440	Value Added Reseller	Hobby Store	Orlando	Florida	United States
541	Warehouse	Nonskid Tire Company	Great Falls	Montana	United States
100	Value Added Reseller	Up-To-Date Sports	Markham	Ontario	Canada
218	Value Added Reseller	Sure & Reliable Sporting Goods	Longview	Washington	United States
686	Specialty Bike Shop	Finished Parts Shop	Suresnes	Hauts de Seine	France
508	Warehouse	Designer Department Stores	Hillsboro	Texas	United States
416	Specialty Bike Shop	Impromptu Trips	Union Gap	Washington	United States
396	Warehouse	Executive Gift Store	New Castle	Indiana	United States
643	Specialty Bike Shop	Friendly Bike Shop	Port Huron	Michigan	United States
625	Specialty Bike Shop	Major Sporting Goods	Chandler	Arizona	United States
483	Specialty Bike Shop	Fitness Bike Accessories	Rhodes	New South Wales	Australia
220	Specialty Bike Shop	Best o' Bikes	Saint Louis	Missouri	United States
""
355	Value Added Reseller	Spare Parts Co.	Paris	Seine (Paris)	France
""
545	Value Added Reseller	Finish and Sealant Products	San Bruno	California	United States
371	Specialty Bike Shop	Custom Sales and Service	Surrey	British Columbia	Canada
425	Specialty Bike Shop	Bikes for Kids and Adults	Etobicoke	Ontario	Canada
203	Value Added Reseller	Separate Parts Corporation	Monrovia	California	United States
241	Specialty Bike Shop	Vale Riding Supplies	Canoga Park	California	United States
264	Value Added Reseller	Fasteners & Bolts Outlet	Toronto	Ontario	Canada
48	Warehouse	Grand Industries	Montreal	Quebec	Canada
522	Specialty Bike Shop	Small Bike Accessories Shop	Cheektowaga	New York	United States
275	Warehouse	Outdoor Sporting Goods	Lakewood	California	United States
449	Value Added Reseller	Bike Products and Accessories	Virginia Beach	Virginia	United States
380	Specialty Bike Shop	First Department Stores	Cheyenne	Wyoming	United States
606	Value Added Reseller	Little Bicycle Supply Shop	Mosinee	Wisconsin	United States
534	Specialty Bike Shop	Recommended Bicycles	Mississauga	Ontario	Canada
298	Specialty Bike Shop	City Cycling	Winnipeg	Manitoba	Canada
""
""
700	Value Added Reseller	Underglaze and Finish Company	Charlotte	North Carolina	United States
128	Value Added Reseller	Demand Distributors	Wenatchee	Washington	United States
102	Warehouse	National Manufacturing	Toronto	Ontario	Canada
573	Value Added Reseller	Nationwide Supply	Rhodes	New South Wales	Australia
427	Value Added Reseller	Atypical Bike Company	Paris	Seine (Paris)	France
113	Value Added Reseller	Trendy Department Stores	Fontana	California	United States
224	Warehouse	Pedal Systems Company	Florence	Alabama	United States
242	Warehouse	Spoke Manufacturers	Miami	Florida	United States
478	Warehouse	Major Cycling	Richmond	British Columbia	Canada
664	Value Added Reseller	Eastside Cycle Shop	Melbourne	Victoria	Australia
378	Warehouse	Grown-up Bike Store	Springdale	Ohio	United States
148	Warehouse	Lots of Bikes Storehouse	Carol Stream	Illinois	United States
29	Specialty Bike Shop	Cross-Country Riding Supplies	Chalk Riber	Ontario	Canada
601	Specialty Bike Shop	Transport Bikes	Sandy	Utah	United States
194	Value Added Reseller	Mechanical Brake Manufacturers	München	Hamburg	Germany
234	Value Added Reseller	Eastside Sporting Goods	Indianapolis	Indiana	United States
""
347	Specialty Bike Shop	Bike Universe	Vacaville	California	United Sttaes
22	Value Added Reseller	Travel Systems	North Sioux City	South Dakota	United States
315	Value Added Reseller	Juvenile Sports Equipment	Merritt Island	Florida	United States
260	Warehouse	Industrial Supplies	Miami	Florida	United States
371	Specialty Bike Shop	Custom Sales and Service	Surrey	British Columbia	Canada
""
61	Value Added Reseller	Many Bikes Store	Fullerton	California	United States
650	Warehouse	Permanent Finish Products	Reno	Nevada	United States
73	Value Added Reseller	Outdoor Sports Supply	Norht Bend	Washington	United States
52	Value Added Reseller	Instruments and Parts Company	Gloucestershire	England	United Kingdom
569	Warehouse	Designated Distributors	Nepean	Ontario	Canada
317	Warehouse	Finer Riding Supplies	Burnaby	British Columbia	Canada
29	Specialty Bike Shop	Cross-Country Riding Supplies	Chalk Riber	Ontario	Canada
605	Warehouse	Outstanding Cycles	Spokane	Washington	United States
179	Value Added Reseller	Fourth Bike Store	Mentor	Ohio	United States
467	Value Added Reseller	The Cycle Store	Falls Church	Virginia	Uinted States
491	Value Added Reseller	Area Bike Accessories	Modesto	California	United States
529	Warehouse	Big-Time Bike Store	Camarillo	California	United States
374	Specialty Bike Shop	Major Equipment Co	Salzgitter	Hessen	Germany
640	Specialty Bike Shop	Liquidation Sales	Perth	South Australia	Australia
316	Specialty Bike Shop	Low Price Cycles	Mississauga	Ontario	Canada
435	Warehouse	Satin Finish Company	Corpus Christi	Texas	United States
 231	Value Added Reseller	Helmets and Cycles	Lavender Bay	New South Wales	Australia 
202	Warehouse	Two-Seater Bikes	Plano	Texas	United States
24	Warehouse	Eastside Department Store	Union City	California	United States
592	Specialty Bike Shop	Cycling Goods	London	England	United Kingdom
""
120	Specialty Bike Shop	aMchines & Cycles Store	Montreal	Quebec	Canada
548	Warehouse	New Bikes Company	Bluffton	South Carolina	United States
539	Value Added Reseller	Glossy Bikes	Lake eGorge	New York	United States
212	Value Added Reseller	Enterprise Center	Müncehn	Hessen	Germany
288	Value Added Reseller	Kickstand Sellers	Westland	Michigan	United States
188	Value Added Reseller	Variety Bike Outlet	Miami	Florida	United States
563	Warehouse	Systematic Sales	Gilbert	Arizona	United States
 302	Warehouse	Best Cycle Store	Offenbach	Saarland	Germany 
405	Warehouse	Sporting Goods and Bicycle Shop	Kingsport	Tennessee	United States
""
651	Value Added Reseller	Retread Tire Company	Augusta	Georgia	United States
666	Warehouse	Bike Boutique	Columbus	Ohio	United States
370	Value Added Reseller	Acceptable Sales & Service	Calgary	Alberta	Canada
204	Specialty Bike Shop	Traction Tire Company	Torrance	California	United States
612	Value Added Reseller	General Associates	Hollywood	Florida	United States
212	Value Added Reseller	Enterprise Center	München	Hessen	Germany
45	Warehouse	Every Bike Shop	aL Vergne	Tennessee	United States
222	Value Added Reseller	Sample Bike Store	Denver	Colorado	United States
174	Specialty Bike Shop	Toy Manufacturing Inc	Surrey	British Columbia	Canada
240	Value Added Reseller	Wire Baskets and Parts	Orange	California	United States
215	Value Added Reseller	Eleventh Bike Store	Westport	Connecticut	United States
324	Value Added Reseller	A Bicycle Association	De Witt	New York	United States
231	Value Added Reseller	Helmets and Cycles	Lavender Bay	New South Wales	Australia
521	Value Added Reseller	Mobile Outlet	Woonsocke	tRhode Island	United States
415	Value Added Reseller	Imaginary Toys	Sopkane	Washington	United States
""
132	Spceialty Bike Shop	Another Sporting Goods Company	Westminster	Colorado	United States
565	Specialty Bike Shop	Metallic Paint and Overcoat Co	Vista	California	United States
483	Specialty Bike Shop	Fitness Bike Accessories	Rhodes	New South Wales	Australia
159	Specialty Bike Shop	Uncompromising Quality Co	North Ryde	New South Wales	Australia
231	Value Added Reseller	Helmets and Cycles	Lavender Bay	New South Wales	Australia
297	Value Added Reseller	Blue-Ribbon Bike Company	Saint Matthews	Kentucky	United States
387	Warehouse	Racing Association	Huntsville	Alabama	United States
""
363	Warehouse	Immense Manufacturing Company	Saint Ann	Missouri	United States
 17	Specialty Bike Shop	Trusted CatalogS tore	Newport News	Virginia	United States 
52	Value Added Reseller	Instruments and Parts Company	Gloucestershire	England	United Kingdom
367	Value Added Reseller	Brown Bicycle Company	San Diego	California	United States
44	Specialty Bike Shop	Games and Sport Supply Company	Huntsville	Alabama	United States
523	Warehouse	Futuristic Sport Distributors	Longmont	Colorado	United States
464	Value Added Reseller	Educational Services	Saarbrücken	Saarland	Germany
223	Specialty Bike Shop	Paints and Solvents Company	Englewood	Colorado	United States
448	Warehouse	Action Bicycle Specialists	Woolston	England	United Kingdom
207	Specialty Bike Shop	Lubricant and Grease Suppliers	Rocky Mount	North Carolina	United States
145	Warehouse	Raw Materials Inc	Redmond	Washington	United States
472	Warehouse	Summer Sports Place	Norridge	Illinois	United States
270	Value Added Reseller	Active Transport Inc.	North Randall	Ohio	United States
277	Specialty Bike Shop	The Bicycle Accessories Company	Alhambra	California	United States
616	Specialty Bike Shop	Eastward Bike Accessories	Matraville	New South Wales	Australia
170	Value Added Reseller	Excellent Riding Supplies	Memphis	Tennessee	United States
123	Specialty Bike Shop	First Supplies	North Ryde	New South Wales	Australia
60	Warehouse	Main Bicycle Services	Hayward	California	United States
""
336	Warehouse	Primary Bike Distributors	Montreal	Quebec	Canada
514	Warehouse	Retail Mall	Richmond	British Columbia	aCnada
36	Warehouse	Exotic Bikes	South Bend	Indiana	United States
458	Value Added Reseller	Simple Bike Parts	Destin	Florida	United States
416	Specialty Bike Shop	Impromptu Trips	Union Gap	Washington	United States
22	Value Added Reseller	Travel Systems	North Sioux City	South Dakota	United States
553	Specialty Bike Shop	Accessories Network	Paris	Seine (Paris)	France
512	Value Added Reseller	Tiny Bike Boutique	Nashville	Tennessee	United States
158	Value Added Reseller	Rural Sporting Goods	Bonn	Nordrhein-Westfalen	Germany
""
96	Warehouse	More Bikes!	Santa Ana	California	United States
""
""
573	Value Added Reseller	Nationwide Supply	Rhodes	New South Wales	Australia
72	Warehouse	Outdoor Equipment Store	Nashua	New Hampshire	United States
500	Value Added Reseller	Irregulars Outlet	Dresden	Hessen	Germany
436	Value Added Reseller	Sheet Metal Manufacturing	College Station	Texas	United States
127	Warehouse	Front Sporting Goods	Redmond	Washington	United States
600	Value Added Reseller	Strenuous Exercise Shop	Norwalk	California	United States
""
573	Value Added Reseller	Nationwide Supply	Rhodes	New South Wales	Australia
682	Value Added Reseller	Popular Bike Lines	Newcastle	New South Wales	Australai
506	Value Added Reseller	Great Bikes	Casper	Wyoming	United States
620	Warehouse	Tires and Tubes	Cheyenne	Wyoming	United States
496	Warehouse	Top Sports Supply	Edmonton	Alberta	Canada
138	Specialty Bike Shop	South Bike Company	Vancouver	British Columbia	Canada
573	Value Added Reseller	Nationwide Supply	Rhodes	New South Wales	Australia
521	Value Added Reseller	Mobile Outlet	Woonsocket	Rhode Island	United States
517	Warehouse	Racing Store	Les Ulis	Essonne	France
373	Value Added Reseller	Township Inn	Les Ulis	Essonne	France
307	Specialty Bike Shop	Riding Associates	Puyallup	Washington	United States
380	Specialty Bike Shop	First Department Stores	Cheyenne	Wyoming	United States
447	Specialty Bike Shop	Cross-town Parts Shop	Springwood	New South Wales	Australia
627	Value Added Reseller	Exchange Parst Inc.	Raleigh	North Carolina	United States
480	Specialty Bike Shop	General Bike Corporation	Mississauga	Ontario	Canada
288	Value Added Reseller	Kickstand Sellers	Westland	Michigan	United States
""
 195	Specialty Bike Shop	Inexpensive Parts Shop	North Sydney	New SouthW ales	Australia 
""
493	Warehouse	Valley Bicycle Distributors	Citrus Heights	California	United States
322	Specialty Bike Shop	Tachometers and Accessories	Milton Keynes	England	United Kingdom
310	Specialty Bike Shop	Orange Bicycle Company	Peoria	Illinois	United States
300	Value Added Reseller	Nice Bikes	Ottawa	Ontario	Canada
""
395	Specialty Bike Shop	Online Bike Sellers	Midland	Michigan	United States
568	Specialty Bike Shop	Economy Center	Toronto	Ontario	Canada
617	Warehouse	Tubeless Tire Company	Oxford	England	United Kingdom
585	Value Added Reseller	Next-Door Bike Store	Memphis	Tennessee	United States
""
663	Warehouse	Capital Riding Supplies	Augsburg	Hamburg	Germany
99	Warehouse	Unified Sports Company	Sarasota	Florida	United States
58	Value Added Reseller	Largest Bike Store	Chicago	Illinois	United States
462	Specialty Bike Shop	General Riding Supplies	Richmond	British Columbia	Canada
619	Specialty Bike Shop	Strong Metal Manufacturing	Ithaca	New York	United States
659	Specialty Bike Shop	Shipping Specialists	London	England	United Kingdom
570	Value Added Reseller	Family's Favorite Bike Shop	Montreal	Quebec	Canada
507	Specialty Bike Shop	Global Sporting Goods	Stafford	Texas	United States
 291	Value Added Reseller	Grand Bicycle Stores	Baytown	Texas	United States 
428	Specialty Bike Shop	West Wind Distributors	Hannover	Nordrhein-Westfalen	Germany
""
""
10	Value Added Reseller	Rural Cycle Emporium	Burnaby	British Columbia	Canada
697	Value Added Reseller	Brakes and Gears	Tooele	Utah	United States
645	Value Added Reseller	Superior Hardware Distributors	Beaverton	Oregon	United States
59	Specialty Bike Shop	Locks Company	Visalia	California	United States
21	Warehouse	Chic Department Stores	Irving	Texas	United States
304	Specialty Bike Shop	Essential Bike Works	Abingdon	England	United Kingdom
426	Warehouse	Custom Accessories Company	Brampton	Ontario	Canada
630	Value Added Reseller	Eastside Parts Shop	Toronto	Ontario	Canada
465	Specialty Bike Shop	Expert Cycle Store	St. Leonards	New South Wales	Australia
682	Value Added Reseller	Popular Bike Lines	Newcastle	New South Wales	Australia
572	Warehouse	Versatile Sporting Goods Company	Braunschweig	Nordrhein-Westfalen	Germany
372	Warehosue	Top Bike Market	Kingston	Ontario	Canada
318	Value Added Reseller	First-Rate Outlet	Victoria	British Columbia	Canada
36	Warehouse	Exotic Bikes	South Bend	Indiana	United States
184	Warehouse	Go-cart and Bike Specialists	Carrollton	Texas	United States
59	Specialty Bike Shop	Locks Company	Visalia	California	United States
159	Specialty Bike Shop	Uncompromising Quality Co	North Ryde	New South Wales	Australia
 341	Specailty Bike Shop	Independent Outlet	Clay	New York	United States 
474	Specialty Bike Shop	Retail Cycle Shop	Eureka	California	United States
""
549	Value Added Reseller	Daring Rides	Clearwater	Florida	United States
522	Specialty Bike Shop	Small Bike Accessories Shop	Cheektowaga	New York	United States
547	Specialty Bike Shop	Curbside Sporting Goods	Walnut Creek	California	United States
""
669	Warehouse	Racing Bike Outlet	Federal Way	Washington	United States
443	Value Added Reseller	Courteous Bicycle Specialists	Richmond Hill	Ontario	Canada
308	Warehouse	Rugged Bikes	Everett	Washington	United States
 140	Value Added Reseller	Teen Discount Store	Bonn	Hamburg	Germany 
684	Warehouse	Lease-a-Bike Shop	Milford	Connecticut	United States
483	Specialty Bike Shop	Fitness Bike Accessories	Rhodes	New South Wales	Australia
545	Value Added Reseller	Finish and Sealant Products	San Bruno	California	United States
596	Warehouse	Coho Sports	Everett	Washington	United States
532	Warehouse	The Showroom	Kanata	Ontario	Canada
645	Value Added Reseller	Superior Hardware Distributors	Beaverton	Oregon	United States
""
536	Value Added Reseller	Next Door Cycles	Berlin	Saarland	Germany
""
 309	Value Added Reseller	The Gear Store	Houston	Texas	United States 
299	Warehouse	Citywide Service and Repair	Saint John	Brunswick	Canada
148	Warehouse	Lots of Bikes Storehouse	Carol Stream	Illinois	United States
371	Specialty Bike Shop	Custom Sales and Service	Surrey	British Columbia	Canada
187	Warehouse	Trailblazing Sports	Cerritos	California	United States
501	Specialty Bike Shop	Jumbo Bikes	Malabar	New South Wales	Australia
524	Value Added Reseller	Chain and Chain Tool Distributions	Smithfield	North Carolina	United States
496	Warehouse	Top Sports Supply	Edmonton	Alberta	Canada
601	Specialty Bike Shop	Transport Bikes	Sandy	Utah	United States
599	Warehouse	Westside Plaza	Sand City	California	United States
648	Value Added Reseller	Small Bike Shop	El Segundo	California	United States
523	Warehouse	Futuristic Sport Distributors	Longmont	Colorado	United States
557	Warehouse	Purchase Mart	Wrentham	Massachusetts	United States
290	Warehouse	Friendly Bike Shop	Bellingham	Washington	United States
346	Value Added Reseller	Great Bicycle Supply	Moline	Illinois	Unietd States
352	Value Added Reseller	Twelfth Bike Store	Edmonton	Alberta	Canada
25	Value Added Reseller	Coalition Bike Company	El Segundo	California	United States
388	Value Added Reseller	Road Way Sales and Rental	Vancouver	British Columbia	Canada
421	Value Added Reseller	Fitness Cycling	Whittier	California	United States
222	Value Added Reseller	Sample Bike Store	Denver	Colorado	United States
669	Warehouse	Racing Bike Outlet	Federal Way	Washington	Unietd States
416	Specialty Bike Shop	Impromptu Trips	Union Gap	Washington	United States
433	Value Added Reseller	Thorough Parts and Repair Services	Lacey	Washington	United States
590	Warehouse	Lustrous Paints and Components	Poing	Saarland	Germany
615	Value Added Reseller	Fast Services	Leipzig	Nordrhein-Westfalen	Germany
79	Value Added Reseller	Reasonable Bicycle Sales	Greeley	Colorado	United States
 683	Specialty Bike Shop	Oils and Fluids Warehouse	London	England	United Kingdom 
 621	Value Added Reseller	Running and Cycling Gear	Bellingham	Washington	United States 
205	Warehouse	Rally Master Company Inc	Chandler	Arizona	United States
29	Specialty Bike Shop	Cross-Country Riding Supplies	Chalk Riber	Ontario	Canada
79	Value Added Reseller	Reasonable Bicycle Sales	Greeley	Colorado	United States
97	Value Added Reseller	Mountain Bike Center	Newark	California	United States
592	Specialty Bike Shop	Cycling Goods	London	England	United Kingdom
130	Warehouse	Elite Bikes	Dallas	Texas	United States
""
8	Specialty Bike Shop	Exemplary Cycles	Miami	Florida	United States
462	Specialty Bike Shop	General Riding Supplies	Richmond	British Columbia	Canada
150	Specialty Bike Shop	Fleet Bikes	Stockton	California	United States
19	Value Added Reseller	Center Cycle Shop	Bothell	Washington	United States
""
396	Warehouse	Executive Gift Store	New Castle	Indiana	United States
578	Warehouse	The Bike Shop	Puyallup	Washington	United States
477	Specialty Bike Shop	Quitting Business Distributors	Tampa	Florida	United States
8	Specialty Bike Shop	Exemplary Cycles	Miami	Florida	United States
238	Specialty Bike Shop	A Great Bicycle Company	Jefferson City	Missouri	United States
425	Specialty Bike Shop	Bikes for Kids and Adults	Etobicoke	Ontario	Canada
665	Specialty Bike Shop	Authentic Sales and Service	London	England	United Kingdom
273	Value Added Reseller	A Typical Bike Shop	Round Rock	Texas	United States
583	Specialty Bike Shop	Professional Containers and Packaging Co.	Surprise	Arizona	United States
268	Specialty Bike Shop	Channel Outlet	High Wycombe	England	United Kingdom
653	Warehouse	Mercantile Outlet	oTronto	Ontario	Canada
647	Warehouse	Solid Bike Parts	Arlington	Texas	United States
167	Value Added Reseller	Farthermost Bike Shop	Carson	California	United States
657	Warehouse	Links Works	Ascheim	Hamburg	Germany
668	Specialty Bike Shop	Official Parts Shop	Kelso	Washington	United States
666	Warehouse	Bike Boutique	Columbus	Ohio	United States
576	Value Added Reseller	The Bike Mechanics	Mansfield	Ohio	United States
494	Value Added Reseller	Worthwhile Activity Store	Miami	Florida	Unitde States
256	Specialty Bike Shop	Rental Bikes	Dallas	Texas	United States
159	Specialty Bike Shop	Uncompromising Quality Co	North Ryde	New South Wales	Australia
666	Warehouse	Bike Boutique	Columbus	Ohio	United States
142	Warehouse	Riding Cycles	Liverpool	England	United Kingdom
353	Specialty Bike Shop	Two-Wheeled Transit Company	Winnipeg	Manitoba	Canada
""
244	Specialty Bike Shop	Retail Discount Store	Montreal	Quebec	Canada
419	Specialty Bike Shop	Exertion Activities Club	Norwalk	California	United States
650	Warehouse	Permanent Finish Products	Reno	Nevada	United States
595	Specialty Bike Shop	Cycle Clearance	Albany	Oregon	United States
283	Specialty Bike Shop	Racing Supply Distributors	Roissy en Brie	Seine et Marne	France
691	Value Added Reseller	Mountain Bike Store	New Haven	Connecticut	United States
256	Specialty Bike Shop	Rental Bikes	Dallas	Texas	United States
251	Warehouse	Endurance Bikes	Hamden	Connecticut	United States
643	Specilaty Bike Shop	Friendly Bike Shop	Port Huron	Michigan	United States
46	Value Added Reseller	Gear-Shift Bikes Limited	Calgary	Alberta	Canada
132	Specialty Bike Shop	Another Sporting Goods Company	Westminster	Colorado	United States
451	Warehouse	Roadway Bike Emporium	Medford	Oregon	United States
591	Value Added Reseller	Fitness Discount Store	Melbourne	Victoria	Australia
73	Value Added Reseller	Outdoor Sports Supply	North Bend	Washington	United States
88	Value Added Reseller	Closest Bicycle Store	Milton Keynes	England	United Kingdom
393	Warehouse	Gears and Parts Company	Milsons Point	New South Wales	Australia
541	Warehouse	Nonskid Tire Company	Great Falls	Montana	United States
""
438	Specialty Bike Shop	Remarkable Bike Store	Las Vegas	Nevada	United States
260	Warehouse	Industrial Supplies	Miami	Florida	United States
473	Value Added Reseller	Racing Toys	Phoenix	Arizona	United States
65	Specialty Bike Shop	Metro Manufacturing	Weston	Ontario	Canada
565	Specialty Bike Shop	Metallic Paint and Overcoat Co	Vista	California	United States
253	Specialty Bike Shop	Roving Sports	Puyallup	Washington	United States
99	Warehouse	Unified Sports Company	Sarasota	Florida	United States
317	Warehouse	Finer Riding Supplies	Burnaby	British Columbia	Canada
141	Specialty Bike Shop	Rental Gallery	Lavender Bay	New South Wales	Australia
492	Specialty Bike Shop	Basic Sports Equipment	Baldwin Park	California	United States
489	Specialty Bike Shop	Cash & Carry Bikes	Cedar Park	Texas	United States
241	Specialty Bike Shop	Vale Riding Supplies	Canoga Park	California	United States
21W	arehouse	Chic Department Stores	Irving	Texas	United States
560	Warehouse	Major Sport Suppliers	Rock Springs	Wyoming	United States
289	Specialty Bike Shop	Moderately-Priced Bikes Store	Renton	Washington	United States
546	Value Added Reseller	Field Trip Store	Loveland	Colorado	United States
481	Warehouse	Getaway Inn	Saint Ouen	Loir et Cher	Frnace
477	Specialty Bike Shop	Quitting Business Distributors	Tampa	Florida	United States
46	Value Added Reseller	Gear-Shift Bikes Limited	Calgary	Alberta	Canada
555	Value Added Reseller	Twin Cycles	Darlinghurst	New South Wales	Australia
""
395	Specialty Bike Shop	Online Bike Sellers	Midland	Michigan	United States
 690	Warehouse	Active Cycling	Heath	Ohio	United States 
38	Specialty Bike Shop	iFner Mart	Billings	Montana	United States
285	Value Added Reseller	Nearest Bike Store	North Ryde	New South Wales	Australia
314	Warehouse	One-Piece Handle Bars	Tupelo	Mississippi	United States
617	Warehouse	Tubeless Tire Company	Oxford	England	United Kingdom
408	Warehouse	Odometers and Accessories Company	Richmond	British Columbia	Canada
640	Specialty Bike Shop	Liquidation Sales	Perth	South Australia	Australia
528	Specialty Bike Shop	Alpine Ski House	Elk Grove	California	United States
436	Value Added Reseller	Sheet Metal Manufacturing	College Station	Texas	United States
317	Warehouse	Finer Riding Supplies	Burnaby	British Columbia	Canada
""
464	Value Added Reseller	Educationla Services	Saarbrücken	Saarland	Germany
281	Warehouse	Petroleum Products Distributors	Montreal	Quebec	Canada
47	Specialty Bike Shop	Greater Bike Store	Toronto	Ontario	Canada
483	Specialty Bike Shop	Fitness Bike Accessories	Rhodes	New South Wales	Australia
680	Specialty Bike Shop	Racing Tours	Sèvres	Hauts de Seine	France
 103	Value Added Reseller	The Bike Outlet	Pantin	Seine Saint Denis	France 
246	Value Added Reseller	Large Bike Shop	Montreal	Quebec	Canada
141	Specialty Bike Shop	Rental Gallery	Lavender Bay	New South Waels	Australia
162	Specialty Bike Shop	Tire Company	Warwick	Rhode Island	United States
115	Warehouse	Security Racks and Locks Wholesalers	Sparks	Nevada	United States
63	Warehouse	Metro Bike Mart	Greensboro	North Carolina	United States
623	Warehouse	Hardware Components	Minneapolis	Minnesota	United States
 119	Value Added Reseller	Red Bicycle Company	Pnot-Rouge	Quebec	Canada 
498	Specialty Bike Shop	Quick Delivery Service	Mississauga	Ontario	Canada
""
383	Specialty Bike Shop	Vehicle Shop	Redlands	California	United States
600	Value Added Reseller	Strenuous Exercise Shop	Norwalk	California	United States
652	Specialty Bike Shop	Selected Distributors	Marietta	Georgia	United States
694	Value Added Reseller	The Accessories Store	Medford	Minnesota	United States
508	Warehouse	Designer Department Stores	Hillsboro	Texas	United States
154	Warehouse	Camping and Sports Store	Vancouver	British Columbia	Canada
403	Value Added Reseller	Affordable Sports Equipment	Lake Elsinore	California	United States
131	Value Added Reseller	Eighth Bike Store	El Segundo	California	United States
535	Warehouse	Spa and Exercise Outfitters	Cergy	Val d'Oise	France
426	Warehouse	Custom Accessories Company	Brampton	Ontario	Canada
597	Value Added Reseller	All Seasons Sports Supply	Houston	Texas	United States
76	Value Added Reseller	Out-of-the-Way Hotels	Wood Dale	Illinois	United States
488	Value Added Reseller	Bicycle Accessories and Kits	Lewiston	Idaho	United States
562	Specialty Bike Shop	Practical Bike Suppl yCompany	Woodbury	Minnesota	United States
454	Warehouse	Sleek Bikes	Denby	South Dakota	United States
595	Specialty Bike Shop	Cycle Clearance	Albany	Oregon	United States
189	Specialty Bike Shop	Principal Bicycle Supply	Mobile	Alabama	United States
236	Warehouse	Closeout Boutique	Seattle	Washington	United States
406	Value Added Reseller	The Commissary	Outremont	Quebec	Canada
572	Warehouse	Versatile Sporting Goods Company	Braunschweig	Nordrhein-Westfalen	Germany
16	Value Added Reseller	Bul kDiscount Store	London	England	United Kingdom
619	Specialty Bike Shop	Strong Metal Manufacturing	Ithaca	New York	United States
""
430	Value Added Reseller	Uttermost Bike Shop	Bracknell	England	United Kingdom
119	Value Added Reseller	Red Bicycle Company	Pnot-Rouge	Quebec	Canada
3	Warehouse	Advanced Bike Components	Irving	Texas	United States
588	Value Added Reseller	General Cycle Storehouse	Burnaby	British Columbia	Canada
208	Warehouse	Professional Cyclists	Toronto	Ontaroi	Canada
657	Warehouse	Links Works	Ascheim	Hamburg	Germany
175	Warehouse	Registered Cycle Store	Orleans	Loiret	France
675	Warehouse	Bike Goods	North Miami Beach	Florida	United States
355	Value Added Reseller	Spare Parts Co.	Paris	Seine (Paris)	France
 321	Value Added Reseller	Second Bike Shop	Matraville	New South Wales	Australia 
 222	Value Added Reseller	Sample Bike Store	Denver	Colorado	United States 
141	Specialty Bike Shop	Rental Gallery	Lavender Bay	New South Wales	Australia
677	Specialty Bike Shop	Tire Exchange	Ottaw	aOntario	Canada
""
488	Value Added Reseller	Bicycle Accessories and Kits	Lewiston	Idaho	United States
536	Value Added Reseller	Next Door Cycles	Berlin	Saarland	Germany
70	Value Added Reseller	Outdoor Aerobic Systems Company	London	England	United Kingdom
 357	Warehouse	Quality Bike Sales	Findon	South Australia	Australia 
""
692	Specialty Bike Shop	Successful Sales Company	Tigard	Oregon	United States
96	Warehouse	More Bikes!	Santa Ana	California	United States
261	Value Added Reseller	Functional Store North	Altamonte Springs	Florida	United States
99	Warehouse	Unified Sports Company	Sarasota	Florida	United States
15	Warehouse	Budget Toy Store	Lavender Bay	New South Wales	Australia
317W	arehouse	Finer Riding Supplies	Burnaby	British Columbia	Canada
430	Value Added Reseller	Uttermost Bike Shop	Bracknell	England	United Kingdom
""
64	Value Added Reseller	Metal Clearing House	Toronto	Ontario	Canada
40	7Specialty Bike Shop	Workout Emporium	Montreal	Quebec	Canada
165	Specialty Bike Shop	Third Bike Store	Dallas	Texas	United States
389	Specialty Bike Shop	Sixth Bike Store	Surrey	British Columbia	Canada
""
""
667	Value Added Reseller	Traditional Department Stores	Valley Stream	New York	United States
54	Warehouse	Larger Cycle Shop	Melville	New York	United States
514	Warehouse	Retail Mall	Richmond	British Columbia	Canada
349	Value Added Reseller	Exercise Center	San Jose	California	United States
3	Warehouse	Advanced Bike Components	Irving	Texas	United States
 409	Value Added Reseller	Outdoor Toy Store	Aujan Mournede	Gers	France 
""
106	Value Added Reseller	West Side Mart	Wokingham	England	United Kingdom
106	Value Added Reseller	West Side Mart	Wokingham	England	United Kingdom
429	Warehouse	Unusual Bicycle Company	Silverwater	New South Wales	Australia
339	Warehouse	Major Bicycle StoreM	atraville	New South Wales	Australia
162	Specilaty Bike Shop	Tire Company	Warwick	Rhode Island	United States
429	Warehouse	Unusual Bicycle Company	Silverwater	New South Wales	Australia
387	Warehouse	Racing Association	Huntsville	Alabama	United States
374	Specialty Bike Shop	Major Equipment Co	Salzgitter	Hessen	Germany
285	Value Added Reseller	Nearest Bike Store	North Ryde	New South Wales	Australia
""
397	Value Added Reseller	Capable Sales and Service	Seattle	Washington	United States
25	Value Added Reseller	Coalition Bike Company	El Segundo	California	United States
53	Specialty Bike Shop	Incomparable Bicycle Store	Norwood	Massachusetts	United States
365	Specialty Bike Shop	Distinctive Store	Barstow	California	United States
297	Value Added Reseller	Blue-Ribbon Bike Company	Saint Matthews	Kentucky	United States
4	Value Added Reseller	Modular Cycle Systems	Austin	Texas	United States
451	Warehouse	Roadway Bike Emporium	Medford	Oregon	United States
161	Value Added Reseller	Weekend Tours	Fort Wayne	Indiana	United States
417	Warehouse	Genuine Bike Shop	San Antonio	Texas	United States
131	Value Added Reseller	Eighth Bike Store	El Segundo	California	United States
680	Specialty Bike Shop	Racing Tours	Sèvres	Hauts de Seine	France
62	Specialty Bike Shop	Manufacturers Inc	Nashville	Tennessee	United States
177	Speicalty Bike Shop	Plastic Products Manufacturers	Hawthorne	Queensland	Australia
247	Specialty Bike Shop	Major Amusement Company	Orly	Val de Marne	France
430	Value Added Reseller	Uttermost Bike Shop	Bracknell	England	United Kingdom
545	Value Added Reseller	Finish and Sealant Products	San Bruno	California	United States
 627	Value Added Reseller	Exchange Parts Inc.	Raleigh	North Carolina	United States 
39	Warehouse	Fitness Hotel	Edina	Minnesota	United States
208	Warehouse	Professional Cyclists	Toronto	Ontario	Canada
186	Specialty Bike Shop	Thrilling Bike Tours	Santa Fe	New Mexico	United States
399	Warehouse	Big Cycle Mall	Killeen	Texas	United States
610	Specialty Bike Shop	Fitness Department Stores	Scottsdale	Arizona	United States
386	Specialty Bike Shop	Touring Services	Myrtle Beach	South Carolina	United States
""
302	Warehouse	Best Cycle Store	Offenbach	Saarland	Germany
652	Specialty Bike Shop	Selected Distributors	Marietta	Georgia	nUited States
614	Warehouse	Favorite Toy Distributor	Paris	Seine (Paris)	France
264	Value Added Reseller	Fasteners & Bolts Outlet	Toronto	Ontario	Canada
""
144	Specialty Bike Shop	Only Bikes and Accessories	New York	New York	United States
432	Warehouse	Super Sports Store	Indianapolis	Indiana	United States
376	Value Added Reseller	Commerce Bicycle Specialists	Berkshire	England	United Kingdom
 289	Specialty Bike Shop	Moderately-Priced Bikes Store	Renton	Washington	United States 
160	Warehouse	Vigorous Sports Store	Ooxn	England	United Kingdom
256	Specialty Bike Shop	Rental Bikes	Dallas	Texas	United States
274	Specialty Bike Shop	Active Systems	Duluth	Minnesota	United States
450	Specialty Bike Shop	Bikes Anyone?	Saugus	Massachusetts	United States
363	Warehouse	Immense Manufacturing Company	Saint Ann	Missouri	United States
""
149	Value Added Reseller	Initial Bike Company	Westminster	Colorado	United States
207	Specialty Bike Shop	Lubricant and Grease Suppliers	Rocky Mount	North Carolina	United States
290	Warehouse	Friendly Bike Shop	Bellingham	Washington	United States
487	Warehouse	Bike Exprets	Salem	Oregon	United States
85	Value Added Reseller	Roadway Bicycle Supply	Courbevoie	Hauts de Seine	France
125	Value Added Reseller	Immediate Repair Shop	Stamford	Connecticut	United States
508	Warehouse	Designer Department Stores	Hillsboro	Texas	United States
75	Warehouse	Paint Supply	Garland	Texas	United States
586	Specialty Bike Shop	One Bike Company	Montreal	Quebec	Canada
""
339	Warehouse	Major Bicycle Store	Matraville	New South Wales	Australia
174	Specialty Bike Shop	Toy Manufacturing Inc	Surrey	British Columbia	Canada
657	Warehouse	Links Works	Ascheim	Hamburg	Germany
89	Specialty Bike Shop	Riverside Company	Oberlin	Ohio	United States
85	Value Added Reseller	Roadway Bicycle Supply	Courbevoie	Hauts de Seine	France
 157	Warehouse	Ace Bicycle Supply	Paris	Seine (Paris)	France 
""
446	Value Added Reseller	Fitness Toys	Berlin	Hamburg	Germany
67	Value Added Reseller	Self-Contained Cycle Parts Company	Verrieres Le Buisson	Essonne	France
456	Specialty Bike Shop	Riding Excursions	Irvine	California	United States
77	Specialty Bike Shop	Mechanical Products Ltd.	San Diego	California	United States
113	Value Added Reseller	Trendy Department Stores	Fontana	California	United States
664	Value Added Reseller	Eastside Cycle Shop	Melbourne	Victoria	Australia
313	Specialty Bike Shop	Metropolitan Manufacturing	El Cajon	California	United States
86	Specialty Bike Shop	Bicycle Exporters	Essen	Hamburg	Germany
251	Warehouse	Endurance Bikes	Hamden	Connecticut	United States
560	Warehouse	Major Sport Suppliers	Rock Springs	Wyoming	United States
160	Warehouse	Vigorous Sports Store	Oxon	England	United Kingdom
146	ValueA dded Reseller	Latest Sports Equipment	Seattle	Washington	United States
58	Value Added Reseller	Largest Bike Store	Chicago	Illinois	Unietd States
35	Specialty Bike Shop	Economic Parts Supply	West Kingston	Rhode Island	United States
472	Warehouse	Summer Sports Place	Norridge	Illinois	United States
610	Specialty Bike Shop	Fitness Department Stores	Scottsdale	Arizona	United States
515	Value Added Reseller	Rural Bicycle Supply	North York	Ontario	Canada
 681	Warehouse	Showcase for Cycles	Sulzbach Taunus	Saarland	Germany 
77	Specialty Bike Shop	Mechanical Products Ltd.	San Diego	California	United States
571	Specialty Bike Shop	Community Department Stores	Boulogne-sur-Mer	Pas de Calais	France
390	Warehouse	Plastic Parts Company	Waterloo	Ontario	Canada
""
373	Value Added Reseller	Township Inn	Les Ulis	Essonne	France
335	Specialty Bike Shop	Scratch-Resistant Finishes Company	Mississauga	Ontario	Canada
412	Value Added Reseller	Leisure Clearing House	Birmingham	England	United Kingdom
487	Warehouse	Bike Experts	Salem	Oregon	United States
""
143	Value Added Reseller	Modern Bike Store	East Haven	Connecticut	United States
253	Specialty Bike Shop	Roving Sports	Puyallup	Washington	United States
204	Specialty Bike Shop	Traction Tire Company	Torrance	California	United States
285	Value Added Reseller	Nearest Bike Store	North Ryde	New South Wales	Australia
""
343	Value Added Reseller	Mail-Order Outlet	Ellensburg	Washington	United States
357	Warehouse	Quality Bike Sales	Findon	South Australia	Australia
171	Specialty Bike Shop	Eighty Toy Stores	Mcdonough	Georgia	United States
513	Specialty Bike Shop	Village Tours	Newport	Kentucky	United States
1	Value Added Reseller	A Bike Store	Seattle	Washington	United States
188	Value Added Reseller	Variety Bike Outlet	Miami	Florida	United States
164	Value Added Reseller	Suburban Cycle Shop	Troutdale	Oregon	United States
474	Specialty Bike Shop	Retail Cycle Shop	Eureka	California	United States
209	Value Added eRseller	Purple Bicycle Company	Scarborough	Ontario	Canada
393	Warehouse	Gears and Parts Company	Milsons Point	New South Wales	Australia
456	Specialty Bike Shop	Riding Excursions	Irvine	aClifornia	United States
498	Specialty Bike Shop	Quick Delivery Service	Mississauga	Ontario	Canada
172	Warehouse	Certified Sports Supply	Richmond	British Columbia	Canada
""
85	Value Added Reseller	Roadway Bicycle Supply	Courbevoie	Hauts de Seine	France
314	Warehouse	One-Piece Handle Bars	Tupelo	Mississippi	United States
679	Value Added Reseller	Superb Sales and Repair	Montreal	Quebec	Canada
381	Warehouse	Bicycle Lines Distributors	Saint Louis	Missouri	United States
395	Specialty Bike Shop	Online Bike Sellers	Midland	Michigan	United States
""
423	Warehouse	Bike Rims Company	Biloxi	Mississippi	United States
263	Warehouse	Farthest Bike Store	Burnaby	British Columbia	Canada
443	Value Added Reseller	Courteous Bicycle Specialisst	Richmond Hill	Ontario	Canada
421	Value Added Reseller	Fitness Cycling	Whittier	California	United States
381	Warehouse	Bicycle Lines Distributors	Saint Louis	Missouri	United States
164	Value Added Reseller	Suburban Cycle Shop	Troutdale	Oregon	United States
306	Value Added Reseller	Work and Play Association	Southgate	Michigan	United States
531	Specialty Bike Shop	Sunny Place Bikes	Vero Beach	Florida	United States
111	Specialty Bike Shop	Westside Cycle Store	Elgin	Illinois	United States
531	Specialty Bike Shop	Sunny Place Bikes	Vero Beach	Florida	United States
573	Value Added Reseller	Nationwide Supply	Rhodes	New South Wales	Australia
 483	Specialty Bike Shop	Fitness Bike Accessories	Rhodes	New South Wales	Australia 
479	Value Adde dReseller	General Supplies	Ville De'anjou	Quebec	Canada
73	Value Added Reseller	Outdoor Sports Supply	North Bend	Washington	United States
121	Warehoues	Metro Sports Equipment	Saint Ouen	Loir et Cher	France
147	Specialty Bike Shop	Local Hardware Factory	Chicago	Illinois	United States
133	Warehouse	Commercial Sporting Goosd	Modesto	California	United States
70	Value Added Reseller	Outdoor Aerobic Systems Company	London	England	United Kingdom
""
""
""
 252	Value Added Reseller	Classic Cycle Store	Milford	Connecticut	United States 
451	Warehouse	Roadway Bike Emporium	Medford	Oregon	United Sttaes
54	Warehouse	Larger Cycle Shop	Melville	New York	United States
614	Warehouse	Favorite Toy Distributor	Paris	Seine (Paris)	France
139	Warehouse	Steel Inc.	Colombes	Hauts de Seine	France
""
480	Specialty Bike Shop	General Bike Corporation	Mississauga	Ontario	Canada
580	Specialty Bike Shop	Rural Sales and Service	San Antonio	Texas	United States
""
32	Specialty Bike Shop	Precision Gears Inc.	Stuttgart	Saarland	Germany
658	Value Added Reseller	Mass Market Bikes	Alexandria	New South Wales	Australia
566	Warehouse	eCommerce Bikes	Gulfport	Mississippi	United States
111	SpecialtyB ike Shop	Westside Cycle Store	Elgin	Illinois	United States
157	Warehouse	Ace Bicycle Supply	Paris	Seine (Paris)	France
""
477	Specialty Bike Shop	Quitting Business Distributors	Tampa	Florida	United States
423	Warehouse	Bike Rims Company	Biloxi	Mississippi	United States
664	Value Added Reseller	Eastside Cycle Shop	Melbourne	Victoria	Australia
274	Specialty Bike Shop	Active Systems	Duluth	Minnesota	United States
158	Value Added Reseller	Rural Sporting Goods	Bonn	Nordrhein-Westfalen	Germany
386	Specialty Bike hSop	Touring Services	Myrtle Beach	South Carolina	United States
105	Warehouse	Volume Bike Sellers	Alexandria	New South Wales	Australia
679	Value Added Reseller	Superb Sales and Repair	Montreal	Quebec	Canada
169	Warehouse	Downtown Hotel	Fernley	Nevada	United States
24	Warehouse	Eastside Department Store	Union City	California	United States
193	Warehouse	Perfect Toys	Colomiers	Garonne (Haute)	France
666	Warehouse	Bike Boutique	Columbus	Ohio	United States
155	Value Added Reseller	Corner Bicycle Supply	Toronto	Ontario	Canada
107	Specialty Bike Shop	Wholesale Bikes	Randolph	Massachusetts	United States
""
112	Warehouse	Town Industries	Dallas	Texas	United States
 255	Value Added Reseller	Swift Cycles	Houston	Texas	United States 
363	Warehouse	Immense Manfuacturing Company	Saint Ann	Missouri	United States
654	Value Added Reseller	Online Bike Warehouse	Aurora	Ontario	Canada
91	Value Added Reseller	Scooters and Bikes Store	Beaverton	Oregon	United States
 321	Value Added Reseller	Second Bike Shop	Matraville	New South Wales	Australia 
492	Specialty Bike Shop	Basic Sports Equipment	Baldwin Park	California	United States
193	Warehouse	Perfect Toys	Colomiers	Garonne (Haute)	France
141	Specialty Bike Shop	Rental Gallery	Lavender Bay	New South Wales	Austarlia
117	Specialty Bike Shop	Pedals Warehouse	Suwanee	Georgia	United States
100	Value Added Reseller	Up-To-Date Sports	Markham	Ontario	Canada
527	Value Added Reseller	Fun Times Club	Parker	Colorado	United States
223	Specialty Bike Shop	Paints and Solvents Company	Englewood	Colorado	United States
674	Specialty Bike Shop	Discount Tours	Daly City	California	United States
""
 28	ValueA dded Reseller	Commuter Bicycle Store	Toronto	Ontario	Canada 
44	Specialty Bike Shop	Games and Sport Supply Company	Huntsville	Alabama	United States
216	Specialty Bike Shop	Painters Bicycle Specialists	Waterbury	Connecticut	United States
178	Warehouse	Rampart Amusement Company	W. York	England	United Kingdom
178	Warehouse	Rampart Amusement Company	W. York	England	United Kingdom
250	Specialty Bike Shop	Express Bike Services	London	England	United Kingdom
532	Warehouse	The Showroom	Kanata	Ontario	Canada
 673	Value Added Reseller	Countryside Company	Bountiful	Utah	United States 
175	Warehouse	Registered Cycle Store	Orleans	Loiret	France
577	Specialty Bike Shop	Synthetic Materials Manufacturing	Tacoma	Washington	United States
340	Value Added Reseller	Nearby Cycle Shop	West Sussex	England	United Kingdom
409	Value Added Reseller	Outdoor Toy Store	Aujan Mournede	Gers	France
357	Warehouse	Quality Bike Sales	Findon	South Australia	Australia
578	Warehouse	The Bike Shop	Puyallup	Washington	United States
84	Warehouse	Rewarding Activities Company	Etobicoke	Ontario	Canada
117	Specialty Bike Shop	Pedals Warehouse	Suwanee	Georgia	United States
125	Value Added Reseller	Immediate Repair Shop	Stamford	Connecticut	United States
3	Warehouse	Advanced Bike Components	Irving	Texas	United States
37	Value Added Reseller	Two Bike Shops	Puyallup	Washington	United States
""
""
443	Value Added Reseller	Courteous Bicycle Specialists	Richmond Hill	Ontario	Canada
249	Value Added Reseller	Helpful Sales and Repair Service	Seaford	Victoria	Australia
245	Warehouse	Leather Seat Factory	Brossard	Quebec	Canada
534	Specialty Bike Shop	Recommended Bicycles	Mississauga	Ontario	Canada
63	Warehouse	Metro Bike Mart	Greensboro	North Carolina	United States
""
333	Warehouse	Resident Cycle Shop	Hixosn	Tennessee	United States
81	Warehouse	Rally Day Mall	Miami	Florida	United States
608	Warehouse	Golf and Cycle Store	La Mesa	California	United States
532	Warehouse	The Showroom	Kanata	Ontario	Canada
296	Warehouse	Extreme Toy Store	Birmingham	Alabama	United States
652	Specialty Bike Shop	Selected Distributors	Marietta	Georgia	United States
383	Specialty Bike Shop	Vehicle Shop	Redlands	California	United States
554	Warehouse	Top of the Line Bikes	Paderborn	Hamburg	Germany
""
595	Specialty Bike Shop	Cycle Clearance	Albany	Oregon	United States
165	Specialty Bike Shop	Third Bike Store	Dallas	Teaxs	United States
""
515	Value Added Reseller	Rural Bicycle Supply	North York	Ontario	Canada
378	Warehosue	Grown-up Bike Store	Springdale	Ohio	United States
 447	Specialty Bike Shop	Cross-town Parts Shop	Springwood	New South Wales	Australia 
199	Warehouse	Authorized Bike Sales and Rental	Renton	Washington	United States
 214	Warehouse	Exclusive Bicycle Mart	Lancaster	England	United Kingdom 
114	Specialty Bike Shop	Two Wheels Cycle Store	San Francisco	California	United States
225	Value Added Reseller	Optimal Bikes	Campbellsville	Kentucky	Uinted States
177	Specialty Bike Shop	PlasticP roducts Manufacturers	Hawthorne	Queensland	Australia
615	Value Added Reseller	Fast Services	Leipzig	Nordrhein-Westfalen	Germany
467	Value Added Reseller	The Cycle Store	Falls Church	Virginia	United States
426	Warehouse	Custom Accessories Company	Brampton	Ontario	Canada
83	Specialty Bike Shop	Requisite Part Supply	Ottawa	Ontario	Canada
194	Value Added Reseller	Mechanical Brake Manufacturers	München	Hamburg	Germany
73	Value Added Reseller	Outdoor Sports Supply	North Bend	Washington	United States
685	Value Added Reseller	Family Cycle Store	Montreal	Quebec	Canada
294	Value Added Reseller	Flawless Bike Shop	Vista	California	United States
62	Specialty Bike Shop	Manufacturers Inc	Nashville	Tennessee	United States
""
553	Specialty Bike Shop	Accessories Network	Paris	Seine (Paris)	France
713	Value Added Reseller	Sundry Sporting Goods	Vancouver	British Columbia	Canada
95	Specialty Bike Shop	Rural Department Store	Pleasanton	California	United States
627	Value Added Reseller	Exchange Parts Inc.	Raleigh	North Carolina	United States
532	Warehouse	The Showroom	Kantaa	Ontario	Canada
572	Warehouse	Versatile Sporting Goods Company	Braunschweig	Nordrhein-Westfalen	Germany
""
672	Warehouse	Utilitarian Sporting Goods	Ogden	Utah	United States
115	Warehouse	Security Racks and Locks Wholesalers	Sparks	Nevada	United States
678	Warehouse	Vigorous Exercise Company	Toronto	Ontario	Canada
240	Value Added Reseller	Wire Baskets and Parts	Orange	California	United States
419	Specialty Bike Shop	Exertion Activities Club	Norwalk	California	United States
444	Specialty Bike Shop	Finer Cycle Shop	Calgary	Alberta	Canada
153	Specialty Bike Shop	Widget Bicycle Specialists	Clearwater	Florida	United States
643	Specialty Bike Shop	Friendly Bike Shop	Port Huron	Michigan	United States
352	Value Added Reseller	Twelfth Bike Store	Edmonton	Alberta	Canada
635	Warehouse	Sports Store	Cambridge	England	United Kingdom
315	Value Added Reseller	Juvenile Sports Equipment	Merritt Island	Florida	United States
392	Specialty Bike Shop	Primary Cycle Shop	Hamburg	Hamburg	Germany
314	Warehouse	One-Piece Handle Bars	Tupelo	Mississippi	United States
209	Value Added Reseller	Purple Bicycle Company	Scarborough	Ontari	oCanada
570	Value Added Reseller	Family's Favorite Bike Shop	Montreal	Quebec	Canada
573	Value Added Reseller	Nationwide Supply	Rhodes	New South Wales	Australia
43	Value Added Reseller	Frugal Bike Shop	Salt Lake City	Utah	United States
505	Warehouse	Honest Repair Service	Kelso	Washington	United States
154	Warehouse	Camping and Sports Store	Vancouver	British Columbia	Canada
395	Specialty Bike Shop	Online Bike Sellers	Midland	Michigan	United States
""
656	Specialty Bike Shop	Impervious Paint Company	Paris	Seine (Paris)	France
53	Specialty Bike Shop	Incomparable Bicycle Store	Norwood	Massachusetts	United States
326	Warehouse	Year-Round Sports	Kent	Washington	United States
337	Value Added Reseller	Recreation Toy Store	Paris La Defense	Hauts de Seine	France
""
""
272	Warehouse	Metro Cycle Shop	Tacoma	Washington	United States
403	Value Added Reseller	Affordable Sports Equipment	Lake Elsinore	California	United States
42	Warehouse	Healthy Activity Store	Newport Beach	California	United States
538	Warehouse	Prosperous Tours	London	England	United Kingdom
""
691	Value Addde Reseller	Mountain Bike Store	New Haven	Connecticut	United States
198	Specialty Bike Shop	Field TripI nc	Southfield	Michigan	United States
672	Warehouse	Utilitarian Sporting Goods	Ogden	Utah	United States
669	Warehouse	Racing Bike Outlet	Federal Way	Washington	United States
567	Value Added Reseller	Global Plaza	Pigeon Forge	Tennessee	United States
388	Value Added Reseller	Road Way Sales and Rental	Vancouver	British Columbia	Canada
93	Warehouse	Stationary Bikes and Stands	Round Rock	Texas	United States
 679	Value Added Reseller	Superb Sales and Repair	Montreal	Quebec	Canada 
115	Warehouse	Security Racks and Locsk Wholesalers	Sparks	Nevada	United States
462	Specialty Bike Shop	General Riding Supplies	Richmond	British Columbia	Canada
99	Warehouse	Unified Sports Company	Sarasota	Florida	United States
300	Value Added Reseller	Nice Bikes	Ottawa	Ontario	Canada
676	Value Added Reseller	Better Bike Shop	Austell	Georgia	United States
31	Value Added Reseller	Wheels Inc.	Paris	Seine (Paris)	France
221	Warehouse	Bike Dealers Association	Las Cruces	New Mexico	United States
551	Warehouse	Vinyl and Plastic Goods Corporation	Toronto	Ontario	Canada
 539	Value Added Reseller	Glossy Bikes	Lake George	New York	United States 
71	Specialty Bike Shop	Outdoor Distributors	Farmington	Connecticut	United States
""
91	Value dAded Reseller	Scooters and Bikes Store	Beaverton	Oregon	United States
382	Value Added Reseller	Beneficial Exercises and Activities	San Antonio	Texas	United States
384	Warehouse	Sparkling Paint and Finishes	San Ysidro	California	United States
""
341	Specialty Bike Shop	Independent Outlet	Clay	New York	United States
91	Value Added Reseller	Scooters and Bikes Store	Beaverton	Oregon	United States
39	Warehouse	Fitness Hotel	Edina	Minnesota	United States
279	Value Added Reseller	Reliable Brake Systems	Memphis	Tennessee	United States
632	Warehosue	Ultimate Bicycle Company	Morangis	Essonne	France
526	Warehouse	Finer Sales and Service	Ottawa	Ontario	Canada
658	Value Added Reseller	Mass Market Bikes	Alexandria	New South Wales	Australia
446	Value Added Reseller	Fitness Toys	Berlin	Hamburg	Germany
 63	Warehouse	Metro Bike Mart	Greensboro	North Carolina	United States 
316	Specialty Bike Shop	Low Price Cycles	Mississauga	Ontario	Canada
166	Warehouse	Fitness Toy Store	Garland	Texas	United States
277	Specialty Bike Shop	The Bicycle Accessories Company	Alhambra	California	United States
696	Warehouse	Roadway Supplies	Riverton	Utah	United States
273	Value Added Reseller	A Typical Bike Shop	Round Rock	Texas	United States
588	Value Added Reseller	General Cycle Storehouse	Burnaby	British Columiba	Canada
315	Value Added Reseller	Juvenile Sports Equipment	Merritt Island	Florida	United States
614	Warehouse	Favorite Toy Distributor	Paris	Seine (Paris)	France
174	Specialty Bike Shop	Toy Manufacturing Inc	Surrey	British Columbia	Canada
690	Warehouse	Actvie Cycling	Heath	Ohio	United States
459	Specialty Bike Shop	Parts Shop	La Grange	Georgia	United States
148	Warehouse	Lots of Bikes Storehouse	Carol Stream	Illinois	United States
497	Value Added Reseller	Valley Toy Store	Richmond	British Columbia	Canada
443	Value Added Reseller	Courteous Bicycle Specialists	Richmond Hill	Ontario	Canada
""
372	Warehouse	Top Bike Market	Kingston	Ontario	Canada
144	Specialty Bike Shop	Only Bikes and Accessories	New York	New York	United States
639	Value Added Reseller	Producer Goods Clearinghouse	Frankfurt	Bayern	Germany
652	Specialty Bike Shop	Selected Distributors	Marietta	Georgia	United States
277	Specialty Bike Shop	The Bicycle Accessories Company	Alhambra	California	United States
""
242	Warehouse	Spoke Manufacturers	Miami	Florida	UnitedS tates
265	Specialty Bike Shop	Full Sports Supply	Paris	Seine (Paris)	France
584	Warehouse	Qualified Sales and Repair Services	Savannah	Georgia	United States
431	Specialty Bike Shop	Small Cycle Store	Holland	Michigan	United States
245	Warehouse	Leather Seat Factory	Brossard	Quebec	Canada
383	Specialty Bike Shop	Vehicle ShopR	edlands	California	United States
130	Warehouse	Elite Bikes	Dallas	Texas	United States
75	Warehouse	Paint Supply	Garland	Texas	United States
505	Warehouse	Honest Repair Service	Kelso	Washington	United States
600	Value Added Reseller	Strenuous Exercise Shop	Norwalk	California	United States
447	Specialty Bike Shop	Cross-town Parts Shop	Springwood	New South Wales	Australia
""
267	Value Added Reseller	Cycle Parts and Accessories	Melbourne	Victoria	Australia
95	Specialty Bike Shop	Rural Department Store	Pleasanton	California	United States
402	Warehouse	Pro Sporting Goods	Camarillo	California	United States
""
662	Specialty Bike Shop	Finer Sporting Goods	Croix	Nord	France
607	Specialty Bike Shop	Maintenance and Reapir for Bicycles	La Marque	Texas	United States
 431	Specialty Bike Shop	Small Cycle Store	Holland	Michigan	United States 
701	Warehouse	Future Bikes	Calgary	Alberta	Canada
63	Warehouse	Metro Bike Mart	Greensboro	North Carloina	United States
319	Specialty Bike Shop	Cycles Sales and Repair	Bobigny	Seine Saint Denis	France
30	Warehouse	Cycle Merchants	Quebec	Quebec	Canada
80	Specialty Bike Shop	Racks and Security Systems	Sunrise	Florida	United States
48	Warehouse	Grand Industries	Montreal	Quebec	Canada
249	Value Added Reseller	Helpful Sales and Repair Service	Seaford	Victoria	Australia
653	Warehouse	Mercantile Outlet	Toronto	Ontario	Canada
314	Warehouse	One-Piece Handle Bars	uTpelo	Mississippi	United States
218	Value Added Reseller	Sure & Reliable Sporting Goods	Longview	Washington	United States
225	Value Added Reseller	Optimal Bikes	Campbellsville	Kentucky	United States
669	Warehouse	Racing Bike Outlet	Federal Way	Washington	United States
""
584	Warehouse	Qualified Sales and Repair Services	Savannah	Georgia	United States
""
44	Specialty Bike Shop	Games and Sport Supply Company	Huntsville	Alabama	United States
323	Warehouse	Metro Bike Works	Detroit	Michigan	United States
280	Specialty Bike Shop	Stnadard Bikes	Barrie	Ontario	Canada
567	Value Added Reseller	Global Plaza	Pigeon Forge	Tennessee	United States
556	Specialty Bike Shop	Variety Cycling	London	England	United Kingdom
290	Warehouse	Friendly Bike Shop	Bellingham	Washington	United States
199	Warehouse	Authorized Bike Sales and Rental	Renton	Washington	United States
118	Warehouse	Rapid Bikes	Toronto	Ontario	Canada
258	Value Added Reseller	Quantity Discounts	Sacramento	California	United States
309	Value Added Reseller	The Gear Store	Houston	Texas	United States
287	Warehouse	Handy Bike Services	Madison Heights	Michigan	United States
409	Value Added Reseller	Outdoor Toy Store	Aujan Mournede	Gers	France
34	Value Added Reseller	Cycles Wholesaler & Mfg.	Warrington	England	United Kingdom
42	Warehouse	Healthy Activity Store	Newport Beach	California	United States
397	Value Added Reseller	Capable Sales and Service	Seattle	Washington	United States
391	Value Added Reseller	Pretty Bikes and Toys	Paris	Seine (Paris)	France
83	Specialty Bike Shop	Requisite Part Supply	Ottawa	Ontario	Canada
512	Value Added Reseller	Tiny Bike Boutique	Nashville	Tennessee	United States
621	Value Added Reseller	Running and Cycling Gear	Bellingham	Washington	United States
545	Value Added Reseller	Finish and Sealant Products	San Bruno	California	United States
511	Warehouse	Wheel Gallery	San MateoC	alifornia	United States
672	Warehouse	Utilitarian Sporting Goods	Ogden	Utah	United States
169	Warehouse	Downtown Hotel	Fernley	Nevada	United States
587	Warehouse	Our Sporting Goods Store	Ottawa	Ontario	Canada
495	Specialty Bike Shop	Tough and Reliable Parts	Lakeland	Florida	United States
586	Specialty Bike Shop	One Bike Company	Montreal	Quebec	Canada
313	Specialty Bike Shop	Metropolitan Manufacturing	El Cajon	California	United States
558	Value Added Reseller	Retail Sales and Service	Tilton	New Hampshire	Unietd States
392	Specialty Bike Shop	Primary Cycle Shop	Hamburg	Hamburg	Germany
532	Warehouse	The Showroom	Kanata	Ontario	Canada
25	Value Added Reseller	Coalition Bike Company	El Segundo	California	United States
453	Specialty Bike Shop	Unique Bikes	Milwaukee	Wisconsin	United States
690	Warehouse	Active Cycling	Heath	Ohio	United States
595	Specialty Bike Shop	Cycle Clearance	Albany	Oregon	United States
337	Value Added Reseller	Recreation Toy Store	Paris La Defense	Hauts de Seine	France
603	Value Added Reseller	Retail Toy Store	Miami	Florida	United States
622	Specialty Bike Shop	Gift and Toy Store	Tuscola	Illinois	United States
202	Warehouse	Two-Seater Bikes	Plano	Texas	United States
581	Warehouse	Safe Toys	Rio Rancho	New Mexico	United States
489	Specialty Bike Shop	Cash & Carry Bikes	Cedar Park	Texas	United States
""
240	Value Added Reseller	Wire Baskets and Parts	Orange	California	United States
49	Value Added Reseller	Neighborhood Bicycle Storehouse	Roncq	Nord	France
3	Warehouse	Advanced Bike Components	Irving	Texas	United States
 280	Specialty Bike Shop	Standard Bikes	Barrie	Ontario	Canada 
541	Warehouse	Nonskid Tire Company	Great Falls	Montana	United States
117	Specialty Bike Shop	Pedals Warehouse	Suwanee	Georgia	United States
281	Warehouse	Petroleum Products Distributors	Montreal	Quebec	Canada
 466	Warehouse	Central Bicycle Specialists	Maidenhead	England	United Kingdom 
275	Warehouse	Outdoor Sporting Goods	Lakewood	California	United States
32	Specialty iBke Shop	Precision Gears Inc.	Stuttgart	Saarland	Germany
457	Warehouse	Retail Sporting Equipment	Mesa	Arizona	United States
422	Specialty Bike Shop	Consolidated Sales	Gaffney	South Carolina	United States
""
""
218	Value Added Reseller	Sure & Reliable Sporting Goods	Longview	Washington	United States
169	Warehouse	Downtown Hotel	Fernley	Nevada	United States
263	Warehouse	Farthest Bike Store	Burnaby	British Columbia	Canada
""
""
164	Value Added Reseller	Suburban Cycle Shop	Troutdale	Oregon	United States
112	Warehouse	Town Industries	Dallas	Texas	United States
137	Value Added Reseller	Transportation Options	Calgary	Alberta	Canada
503	Value Added Reseller	Metropolitan Sales and Rental	Hooksett	New Hampshire	United States
564	Value Added Reseller	Imported and Domestic Cycles	North Las Vegas	Nevada	United States
""
32	Specialty Bike Shop	Precision Gears Inc.	Stuttgart	Saarland	Germany
202	Warehouse	Two-Seater Bikes	Plano	Texas	United Statse
66	Warehouse	Neighborhood Store	Burnaby	British Columbia	Canada
8	Specialty Bike Shop	Exemplary Cycles	Miami	Florida	United States
114	Specialty Bike Shop	Two Wheels Cycle Store	San Francisco	California	United States
116	Value Added Reseller	Retirement Activities Association	Atlanta	Georgia	United States
 557	Warehouse	Purchase Mart	Wrentham	Massachusetts	United States 
186	Specialty Bike Shop	Thrilling Bike Tours	Santa Fe	New Mexico	United States
172	Warehouse	Certified Sports Supply	Richmond	British Columbia	Canada
183S	pecialty Bike Shop	This Area Sporting Goods	Chicago	Illinois	United States
5	Specialty Bike Shop	Metropolitan Sports Supply	Fremont	California	United States
50	Specialty Bike Shop	Hometown Riding Supplies	Berlin	Brandenburg	Germany
56	Specialty Bike Shop	Latest Accessories Sales	Portland	Orgeon	United States
267	Value Added Reseller	Cycle Parts and Accessories	Melbourne	Victoria	Australia
193	Warehouse	Perfect Toys	Colomiers	Garonne (Haute)	France
""
176	Value Added Reseller	Rodeway Bike Store	Münster	Saarland	Germany
641	Warehouse	Extended Tours	London	England	United Kingdom
470	Value Added Reseller	Wingtip Toys	Kennewick	Washington	United States
633	Value Added Reseller	Rustic Bike Store	Augsburg	Bayern	Germany
79	Value Added Reseller	Reasonable Bicycle Sales	Greeley	Colorado	United States
153	Specialty Bike Shop	Widget Bicycle Specialists	Clearwater	Florida	United States
526	Warehouse	Finer Sales and Serivce	Ottawa	Ontario	Canada
511	Warehouse	Wheel Gallery	San Mateo	California	United States
""
 554	Warehouse	Top of the Line Bikes	Paderborn	Hamburg	Germany 
531	Specialty Bike Shop	Sunny Place Bikes	Vero Beach	Florida	United States
37	Value Added Reseller	Two Bike Shops	Puyallup	Washington	United States
71	Specialty Bike Shop	Outdoor Distributors	Farmington	Connecticut	United States
615	Value Added Reseller	Fast Services	Leipzig	Nordrhein-Westfalen	Germany
493	Warehouse	Valley Bicycle Distributors	Citrus Heights	California	United States
514	Warehouse	Retail Mall	Richmond	British Columbia	Canada
 158	Value Added Reseller	Rural Sporting Goods	Bonn	Nordrhein-Westfalen	Germany 
626	Warehouse	Retail Sporting Goods	Las Vegas	Nevada	United States
486	Specialty Bike Shop	Convenient Bike Shop	Braintree	Massachusetts	United States
43	Value Added Reseller	Frugal Bike Shop	Salt Lake City	Utah	United States
657	Warehouse	Links Works	Ascheim	Hamburg	Germany
88	Value Added Reseller	Closest Bicycle Store	Milton Keynes	England	United Kingdom
73	Value Added Reseller	Outdoor Sports Supply	North Bend	Washington	United States
455	Value Added Reseller	Timely Shipping Service	Alpine	California	United States
""
153	Specialty Bike Shop	Widget Bicycle Specialists	Clearwater	Florida	United States
 178	Warehouse	Rampart Amusement Company	W. York	England	United Kingdom 
683	Specialty Bike Shop	Oils and Fluids Warehouse	London	England	United Kingdom
274	Specialty Bike Shop	Active Systems	Duluth	Minnesota	United States
120	Specialty Bkie Shop	Machines & Cycles Store	Montreal	Quebec	Canada
 499	Warehouse	Racing Sales and Service	Orleans	Loiret	France 
116	Value Added Reseller	Retriement Activities Association	Atlanta	Georgia	United States
519	Speicalty Bike Shop	List Price Catalog Company	Melbourne	Victoria	Australia
172	Warehouse	Certified Sports Supply	Richmond	British Columbia	Canada
 465	Specialty Bike Shop	Expert Cycle Store	St. Leonards	New South Wales	Australia 
37	Value Added Reseller	Two Bik eShops	Puyallup	Washington	United States
405	Warehouse	Sporting Goods and Bicycle Shop	Kingsport	Tennessee	United States
322	Specialty Bike Shop	Tachometers and Accessories	Milton Keynes	England	United Kingdom
489	Specialty Bike Shop	Cash & Carry Bikes	Cedar Park	Texas	United States
342	Warehouse	Leather and Vinyl Manufacturing	Indianapolis	Indiana	United States
468	Specialty Bike Shop	Blue Bicycle Company	Monroe	Michigan	United States
456	Specialty Bike Shop	Riding Excursions	Irvine	California	United States
28	Value Added Reseller	Commuter Bicycle Store	Toronto	Ontario	Canada
320	Warehouse	Amalgamated Parts Shop	Frankfurt am Main	Hamburg	Germany
208	Warehouse	Professional Cyclists	Toronto	Ontario	Canada
451	Warehouse	Roadway Bike Emporium	Medford	Oregon	United States
126	Specialty Bike Shop	Famous Bike Sales and Service	Endicott	New York	United States
154	Warehouse	Camping and Sports Store	Vancouver	British Columbia	Canada
""
121	Warehouse	Metro Sports Equipment	Saint Ouen	Loir et Cher	France
10	Value Added Reseller	Rural Cycle Emporium	Burnaby	British Columbia	Canada
502	Warehouse	Metropolitan Bicycle Supply	London	England	United Kingdom
220	Specialty Bike Shop	Best o' Bikes	Saint Louis	Missouri	United States
360	Warehouse	Novelty Bikes	Saginaw	Michigan	United States
""
99	Warehouse	Unified Sports Company	Sarasota	Florida	United States
565	Specialty Bike Shop	Metallic Paint and Overcoat Co	Vista	California	United States
631	Specialty Bike Shop	Tandem Sales and Service	Toronto	Ontario	Canada
608	Warehouse	Golf and Cycle Store	La Mesa	California	United States
128	Value Added Reseller	Demand Distributors	Wenatchee	Washington	United States
""
362	Specialty Bike Shop	Grand Ccyle Store	Spokane	Washington	United States
462	Specialty Bike Shop	General Riding Supplies	Richmond	British Columbia	Canada
321	Value Added Reseller	Second Bike Shop	Matraville	New South Wales	Australia
 289	Specialty Bike Shop	Moderately-Priced Bikes Store	Renton	Washington	United States 
422	Specialty Bike Shop	Consolidated Sales	Gaffney	South Carolina	United States
495	Specialty Bike Shop	Tough and Reliable Parts	Lakeland	Florida	United States
47	Specialty Bike Shop	Greater Bike Store	Toronto	Ontario	Canada
409	Value Added Reseller	Outdoor Toy Store	Aujan Mournede	Gers	France
118	Warehouse	Rapid Bikes	Toronto	Ontario	Canada
 699	Warehouse	Sensational Discount Store	Kannapolis	North Carolina	United States 
122	Value Added Reseller	Off-Price Bike Center	Berlin	Hessen	Germany
180	Specialty Bike Shop	Full-Service Bike Store	Pontiac	Michigan	United States
258	Value Added Reseller	Quantity Discounts	Sacramento	California	United States
 445	Warehouse	First Center	Pantin	Seine Saint Denis	France 
""
342	Warehouse	Leather and Vinyl Manufacturing	Indianapolis	Indiana	United States
375	Warehouse	Region Bike Company	East Brisbane	Queensland	Australia
125	Value Added Reseller	Immediate Repair Shop	Stamford	Connecticut	United States
489	Specialty Bike Shop	Cash & Carry Bikes	Cedar Park	Texas	United States
560	Warehouse	Major Sport Suppliers	Rock Springs	Wyoming	United States
384	Warehouse	Sparkling Paint and Finishes	San Ysidro	California	United States
265	Specialty Bike Shop	Full Sports Supply	Paris	Seine (Paris)	France
129	Specialty Bike Shop	Discount Bicycle Specialists	Wood Dale	Illinois	United States
328	Value Added Reseller	Totes & Baskets Company	San Antonio	Texas	United States
53	Specialty Bike Shop	Incomparable Bicycle Store	Norwood	Massachusetts	United States
351	Warehouse	Acclaimed Bicycle Company	Mcdonough	Georgia	United States
447	Specialty Bike Shop	Cross-town Parts Shop	Springwood	New South Wales	Australia
588	Value Added Reseller	General Cycle Storehouse	Burnaby	British Columbia	Canada
488	Value Added Reseller	Bicycle Accessories and Kits	Lewiston	Idaho	United States
466	Warehouse	Central Bicycle Specialists	Maidenhead	England	United Kingdom
76	Value Added Reseller	Out-of-the-Way Hotels	Wood Dale	Illinois	United States
432	Warehouse	Super Sports Store	Indianapolis	Indiana	United States
140	Value Added Resellre	Teen Discount Store	Bonn	Hamburg	Germany
""
590	Warehouse	Lustrous Paints and Components	Poing	Saarland	Germany
600	Value Added Reseller	Strenuous Exercise Shop	Norwalk	California	United States
36	Warehouse	Exotic Bikes	South Bend	Indiana	United States
""
359	Specialty Bike Shop	Mechanical Sports Center	Cincinnati	Ohio	United States
589	Specialty Bike Shop	Hiatus Bike Tours	Paris	Seine (Paris)	France
496	Warehouse	Top Sports Supply	Edmonton	Alberta	Canada
84	Warehouse	Rewarding Activities Company	Etobicoke	Ontario	Canada
107	Specialty Bike Shop	Wholesale Bikes	Randolph	Massachusetts	United States
 305	Warehouse	Professional Sporting Goods	Michigan City	Indiana	United States 
292	Specialty Bike Shop	Grease and Oil Products Company	Houston	Texas	United States
358	Value Added Reseller	Mail Market	York	England	United Kingdom
15	Warehouse	Budget Toy Store	Lavender Bay	New South Wales	Australia
452	Value Added Reseller	A Cycle Shop	Albany	Oregon	United States
108	Warehouse	Wheelsets Storehouse	Ktitery	Maine	United States
258	Value Added Reseller	Quantity Discounts	Sacramento	California	United States
""
547	Specialty Bike Shop	Curbside Sporting Goods	Walnut Creek	California	United States
618	Value Added Reseller	Seventh Bike Store	Plaistow	New Hampshire	United States
450	Specialty Bike Shop	Bikes Anyone?	Saugus	Massachusetts	United States
660	Warehouse	Exhilarating Cycles	Howell	Michigan	United States
374	Specialty Bike Shop	Major Equipment Co	Salzgitter	Hessen	Germany
269	Warehouse	Curbside Universe	Euclid	Ohio	United States
232	Specialty Bike Shop	Exceptional Cycle Services	Basingstoke Hants	England	United Kingdom
139	Warehouse	Steel Inc.	Colombes	Hauts de Seine	France
189	Specialty Bike Shop	Principal Bicycle Supply	Mobile	Alabama	United States
222	Value Added Reseller	Sample Bike Store	Denver	Colorado	United States
350	Specialty Bike Shop	Mountain Emporium	Nashville	Tennessee	United States
503	Value Added Reseller	Metropolitan Sales and Rental	Hooksett	New Hampshire	United States
557	Warehouse	Purchase Mart	Wrentham	Massachusetts	United States
17	Specialyt Bike Shop	Trusted Catalog Store	Newport News	Virginia	United States
14	Specialty Bike Shop	Bicycle Warehouse Inc.	Frankfurt am Main	Saarland	Germany
535	Warehouse	Spa and Exercise Outfitters	Cergy	Val d'Oise	France
75	Warehouse	Paint Supply	Garland	Texas	United States
 50	Specialty Bike Shop	Hometown Riding Supplies	Berlin	Brandenburg	Germany 
285	Value Added Reseller	Nearest Bike Store	North Ryde	New South Wales	Australia
61	Value Added Reseller	Many Bikes Store	Fullerton	California	United States
131	Value Added Reseller	Eighth Bike Store	El Segund	oCalifornia	United States
525	Specialty Bike Shop	Cycles and Scooters	Byron	Georgia	United States
701	Warehouse	Future Bikes	Calgary	Alberta	Canada
486	Specialty Bike Shop	Convenient Bike Shop	Braintree	Massachusetts	United States
363	Warehouse	Immense Manufacturing Company	Saint Ann	Missouri	United States
181	Warehouse	Family Entertainment Center	Clackamas	Oregon	United States
542	Value Added Reseller	Finer Parts Shop	Kirkland	Washington	United States
634	Specialty Bike Shop	Sensible Sports	Rhodes	New South Wales	Australia
66	Warehouse	Neighborhood Store	Burnaby	British Columbia	Canada
325	Specialty Bike Shop	All Cycle Shop	Bothell	Washington	United States
114	Specialty Bike Shop	Two Wheels Cycle Store	San Francisco	California	United States
204	Specialty Bike Shop	Traction Tire Company	Torrance	California	United States
377	Specialty Bike Shop	Grand Sport Boutique	Saginaw	Michigan	United States
45	Warehouse	Every Bike Shop	La Vergne	Tennessee	United States
""
632	Warehouse	Ultimate Bicycle Company	Morangis	Essonne	France
98	Specialty Bike Shop	Superlative Bikes	Miami	Florida	United States
440	Value Added Reseller	Hobby Store	Orlando	Florida	United States
685	Value Added Reseller	Family Cycle Store	Montreal	Quebec	Canada
409	Value Added Reseller	Outdoor Toy Store	Aujan Mournede	Gers	France
""
628	Specialty Bike Shop	Executive Discount Store	Miami	Florida	United States
396	Warehouse	Executive Gift Store	New Castle	Indiana	United States
289	Specialty Bike Shop	Moderately-Priced Bikes Store	Renton	Washington	United States
531	Specialty Bike Shop	Sunny Place Bikes	Vero Beach	Florida	UnitedS tates
631	Specialty Bike Shop	Tandem Sales and Service	Toronto	Ontario	Canada
514	Warehouse	Retail Mall	Richmond	British Columbia	Canada
 539	Value Added Reseller	Glossy Bikes	Lake George	New York	United States 
36	Wareohuse	Exotic Bikes	South Bend	Indiana	United States
478	Warehouse	Major Cycling	Richmond	British Columbia	Canada
253	Specialty Bike Shop	Roving Sports	Puyallup	Washington	United States
677	Specialty Bike Shop	Tire Exchange	Ottawa	Ontario	Canada
117	Specialty Bike Shop	Pedals Warehouse	Suwanee	Georgia	United States
597	Value Added Reseller	All Seasons Sports Supply	Houston	Texas	United States
368	Specialty Bike Shop	Elemental Sporting Goods	Decatur	Georgia	United States
395	Specialty Bike Shop	Online Bike Sellers	Midland	Michigan	United States
113	Value Added Reseller	Trendy Department Stores	Fontana	California	United States
""
460	Warehouse	Price-Cutter Discount Bikes	Brossard	Quebec	Canada
653	Warehouse	Mercantile Outlet	Toronto	Ontario	Canada
34	Value Added Reseller	Cycles Wholesaler & Mfg.	Warrington	England	United Kingdom
532	Warehouse	The Showroom	Kanata	Ontario	Canada
620	Warehouse	Tires and Tubes	Cheyenne	Wyoming	United States
""
138	Specialty Bike Shop	South Bike Company	Vancouver	British Columbia	Canada
649	Specialty Bike Shop	Sports Products Store	Santa Ana	California	United States
560	Warehouse	Major Sport Suppliers	Rock Springs	Wyoming	United States
157	Warehouse	Ace Bicycle Supply	Paris	Seine (Paris)	France
639	Value Added Reseller	Producer Goods Clearinghouse	Frankfurt	Bayern	Germany
156	Specialty Bike Shop	Metal Processing Company	Montreal	Quebec	Canada
35	Specialty Bike Shop	Economic Parts Supply	West Kingston	Rhode Island	United States
320	Warehouse	Amalgamated Parts Shop	Frankfurt am Main	Hamburg	Germany
583	Specialty Bike Shop	Professional Containers and Packaging Co.	Surprise	Arizona	United States
393	Warehouse	Gears and Parts Company	Milsons Point	New South Wales	Australia
250	Specialty Bike Shop	Express Bike Services	London	England	United Kingdom
288	Value Added Reseller	Kickstand Sellers	Westland	Michigan	United States
353	Specialty Bike Shop	Two-Wheeled Transit Company	Winnipeg	Manitoba	Canada
192	Specialty Bike Shop	Nuts and Bolts Mfg.	Toronto	Ontario	Canada
376	Value Added Reseller	Commerce Bicycle Specialists	Berkshire	England	United Kingdom
305	Warehouse	Professional Sporting Goods	Michigan City	Indiana	United States
602	Warehouse	Ultimate Bike Shop	Maryville	Tennessee	United States
309	Value Added Reseller	The Gear Store	Houston	Texas	United States
298	Specialty Bike Shop	City Cycling	Winnipeg	Manitoba	Canada
264	Value Added Reseller	Fasteners & Bolts Outlet	Toronto	Ontario	Canada
""
 52	Value Added Reseller	Instruments and Parts Company	Gloucestershire	England	United Kingdom 
635	Warehouse	Sports Store	Cambridge	England	United Kingdom
""
211	Warehouse	Sports Products Store	Lieusaint	Seine et Marne	France
673	Value Added Reseller	Countryside Company	Bountiful	Utah	United States
341	Specialty Bike Shop	Independent Outlet	Clay	New York	United States
496	Warehouse	Top Sports Suppl	yEdmonton	Alberta	Canada
139	Warehouse	Steel Inc.	Colombes	Hauts de Seine	France
105	Warehouse	Volume Bike Sellers	Alexandria	New South Wales	Australia
""
560	Warehouse	Major Sport Suppliers	Rock Springs	Wyoming	United States
81	Warehouse	Rally Day Mall	Miami	Florida	United States
485	Value Added Reseller	Clamps & Brackets Co.	Leesburg	Virginia	United States
27	Warehouse	Sports Sales and Rental	Millington	Tennessee	United States
450	Specialty Bike Shop	Bikes Anyone?	Saugus	Massachusetts	United States
547	Specialty Bike Shop	Curbside Sporting Goods	Walnut Creek	California	United States
""
292	Specialty Bike Shop	Grease and Oil Products Company	Houston	Texas	United States
347	Specialty Bike Shop	Bike Universe	Vacaville	California	United States
284	Warehouse	Nearby Bike Mall	Berlin	Nordrhein-Westfalen	Germany
 254	Warehouse	Safe Cycles Shop	Bellevue	Washington	United Staets 
445	Warehouse	First Center	Pantin	Seine Saint Denis	France
549	Value Added Reseller	Daring Rides	Clearwater	Florida	United States
441	Specialty Bike Shop	Leading Bike Distributors	Somerset	Kentucky	United States
458	Value Added Reseller	Simple Bike Parts	Destin	Florida	United States
413	Specialty Bike Shop	Margie's Travel	Central Valley	New York	United States
281	Warehouse	Petroleum Products Distributors	Montreal	Quebec	Canada
16	Value Added Reseller	Bulk Discount Store	London	England	United Kingdom
173	Value Added Reseller	Sundry Sporting Goods	Vancouver	British Columbia	Canada
254	Warehouse	Safe Cycles Shop	Bellevue	Washington	United States
""
364	Value Added Reseller	District Mall	Ferguson	Missouri	United States
524	Value Added Reseller	Chain and Chain Tool Distributions	Smithfield	North Carolina	United States
460	Warehouse	Price-Cutter Discount Bikes	Brossard	Quebec	Canada
 522	Specialty Bike Shop	Small Bike Accessories Shop	Cheektowaga	New York	United States 
162	Specialty Bik eShop	Tire Company	Warwick	Rhode Island	United States
497	Value Added Reseller	Valley Toy Store	Richmond	British Columbia	Canada
88	Value Added Reseller	Closest Bicycle Store	Milton Keynes	England	United Kingdom
409	Value Added Reseller	Outdoor Toy Store	Aujan Mournede	Gers	France
453	Specialty Bike Shop	Unique Bikes	Milwaukee	Wisconsin	United States
592	Specialty Bike Shop	Cycling Goods	London	England	United Kingdom
624	Value Added Reseller	First Cycle Store	Scottsdale	Arizona	United States
689	Specialty Bike Shop	Consumer Equipment	London	England	United Kingdom
550	Specialty Bike Shop	Remote Bicycle Specialists	Quebec	Quebec	Canada
136	Warehouse	Wholesale Parts	Calgary	Alberta	Canada
 157	Warehouse	Ace Bicycle Supply	Paris	Seine (Paris)	France 
4	Value Added Reseller	Modular Cycle Systems	Austin	Texas	United States
507	Specialty Bike Shop	Global Sporting Goods	Stafford	Texas	United States
490	Warehouse	Extraordinary Bike Works	Mesquite	Texas	United States
""
495	Specialty Bike Shop	Tough and Reliable Parts	Lakeland	Florida	United States
536	Value Added Reseller	Next Door Cycles	Berlin	Saarland	Germany
478	Warehouse	Major Cycling	Richmodn	British Columbia	Canada
177	Specialty Bike Shop	Plastic Products Manufacturers	Hawthorne	Queensland	Australia
102	Warehouse	National Manufacturing	Toornto	Ontario	Canada
547	Specialty Bike Shop	Curbside Sporting Goods	Walnut Creek	California	United States
374	Specialty Bike Shop	Major Equipment Co	Salzgitter	Hessen	Germany
""
236	Warehouse	Closeout Boutique	Seattle	Washington	United States
105	Warehouse	Volume Bike Sellers	Alexandria	New South Wales	Australia
384	Warehouse	Sparkling Paint and iFnishes	San Ysidro	California	United States
113	Value Added Reseller	Trendy Department Stores	Fontana	California	United States
626	Warehouse	Retail Sporting Goods	Las Vegas	Nevada	United States
60	Warehouse	Main Bicycle Services	Hayward	California	United States
""
494	Value Added Reseller	Worthwhile Activity Store	Miami	Florida	United States
644	Warehouse	Convenient Sales and Service	Springfield	Oregon	United States
 94	Value Added Reseller	Specialty Sports Store	Fort Worth	Texas	United States 
146	Value Added Reseller	Latest Sports Equipment	Seattle	Washington	United States
651	Value Added Reseller	Retread Tire Company	Augusta	Georgia	United States
266	Warehouse	Excellent Bikes	Grevenbroich	Bayern	Germany
599	Warehouse	Westside Plaza	Sand City	California	United States
676	Value Added Reseller	Better Bike Shop	Austell	Georgia	United States
172	Warehouse	Certified Sports Supply	Richmond	British Columbia	Canada
610	Specialty Bike Shop	Fitness Department Stores	Scottsdale	Arizona	United States
691	Value Added Reseller	Mountain Bike Store	New Haven	Connecticut	United States
682	Valu eAdded Reseller	Popular Bike Lines	Newcastle	New South Wales	Australia
281	Warehouse	Petroleum Products Distributors	Montreal	Quebec	Canada
689	Specialty Bike Shop	Consumer Equipment	London	England	United Kingdom
456	Specialty Bike Shop	Riding Excusrions	Irvine	California	United States
123	Specialty Bike Shop	First Supplies	North Ryde	New South Wales	Australia
694	Value Added Reseller	The Accessories Store	Medford	Minnesota	United States
621	Value Added Reseller	Running and Cycling Gear	Bellingham	Washington	United States
643	Specialty Bike Shop	Friendly Bike Shop	Port Huron	Michigan	United States
155	Value Added Reseller	Corner Bicycle Supply	Toronto	Ontari	oCanada
 30	Warehouse	Cycle Merchants	Quebec	Quebec	Canada 
393	Warehouse	Gears and Parts Company	Milsons Point	New South Wales	Australia
261	Value Added Reseller	Functional Store North	Altamonte Springs	Florida	United States
264	Value Added Reseller	Fasteners & Bolts Outlet	Toronto	Ontario	Canada
334	Value Added Reseller	Retreat Inn	Waterloo	Ontario	Canada
419	Specialty Bike Shop	Exertion Acitvities Club	Norwalk	California	United States
""
169	Warehouse	Downtown Hotel	Fernley	Nevada	United States
486	Specialty Bike Shop	Convenient Bike Shop	Braintree	Massachusetts	United States
149	Value Added Reseller	Initial Bike Company	Westminster	Colorado	United States
291	Value Added Reseller	Grand Bicycle Stores	Baytown	Texas	United States
418	Value Added Reseller	Good Bike Shop	Racine	Wisconsin	United States
518	Value Added Reseller	Regional Cycle Shop	Berlin	Hessen	Germany
105	Warehouse	Volume Bike Sellers	Alexandria	New South Wales	Australia
""
255	Value Added Reseller	Swift Cycles	Houston	Texas	United States
271	Specialty Bike Shop	Alternative Vehicles	Washougal	Washington	United States
156	Specialty Bike Shop	Metal Processing Compayn	Montreal	Quebec	Canada
345	Warehouse	Genial Bike Associates	Humble	Texas	United States
360	Warehouse	Novelty Bikes	Saginaw	Michigan	United States
31	Value Added Reseller	Wheels Inc.	Paris	Seine (Paris)	France
""
87	Warehouse	Rich Department Store	Lane Cove	New South Wales	Australia
656	Specialty Bike Shop	Impervious Paint Company	Paris	Seine (Paris)	France
636	Value Added Reseller	Recreation Systems	Logansport	Indiana	United States
129	Specialty Bike Shop	Discount Bicycle Specialists	Wood Dale	Illinois	United States
365	Specialty Bike Shop	Distinctive Store	Barstow	California	United States
""
""
26	Specialty Bike Shop	Stylish Department Stores	Miami	Florida	United States
""
""
441	Specialyt Bike Shop	Leading Bike Distributors	Somerset	Kentucky	United States
212	Value Added Reseller	Enterprise Center	München	Hessen	Germany
280	Specialty Bike Shop	Standard Bikes	Barrie	Ontario	Canada
410	Specialty Bike Shop	Pedaling Components	Kiel	Saarland	Germany
""
373	Value Added Reseller	Township Inn	Les Ulis	Essonne	France
5	Specialty Bike Shop	Metropolitan Sports Supply	Fremont	California	United States
168	Specialty Bike Shop	Economy Bikes Company	Bell Gardens	California	United States
652	Specialty Bike Shop	Selected Distributors	Marietta	Georgia	United States
148	Warehouse	Lots of Bikes Storehouse	Carol Stream	Illinois	United States
356	Specialty Bike Shop	Speedometer Sales	Hamburg	Hessen	Germany
17	Specialty Bike Shop	Trusted Catalog Store	Newport News	Virginia	United States
""
343	Value Added Reseller	Mail-Order Outlet	Ellensburg	Washington	United States
560	Warehouse	Major Sport Suppliers	Rock pSrings	Wyoming	United States
659	Specialty Bike Shop	Shipping Specialists	London	England	United Kingdom
397	Value Added Reseller	Capable Sales and Service	Seattle	Washington	United States
520	Warehouse	Metro Metals Co.	London	England	United Kingdom
428	Specialty Bike Shop	West Wind Distributors	Hannover	Nordrhein-Westfalen	Germany
183	Specialty Bike Shop	This Area Sporting Goods	Chicago	Illinois	United States
 81	Warehouse	Rally Day Mall	Miami	Florida	United States 
397	Value Added Reseller	Capable Sales and Service	Seattle	Washington	United States
268	Specialty Bike Shop	Channel Outlet	High Wycombe	England	United Kingdom
235	Specialty Bike Shop	Certified Bicycle Supply	Lynwnood	Washington	United States
 102	Warehouse	National Manufacturing	Toronto	Ontario	Canada 
398	Specialty Bike Shop	Commendable Bikes	Sandpoint	Idaho	United States
115	Warehouse	Security Racks and Locks Wholesalers	Sparks	Nevada	United States
687	Warehouse	Functional Store South	München	Nordrhein-Westfalen	Germany
362	Specialty Bike Shop	Grand Cycle Store	Spokane	Wasihngton	United States
 320	Warehouse	Amalgamated Parts Shop	Frankfurt am Main	Hamburg	Germany 
201	Specialty Bike Shop	Unsurpassed Bikes	Dallas	Texas	United States
 313	Specilaty Bike Shop	Metropolitan Manufacturing	El Cajon	California	United States 
263	Warehouse	Farthest Bike Store	Burnaby	British Columbia	Canada
566	Warehouse	eCommerce Bikes	Gulfport	Mississippi	United States
480	Specialty Bike Shop	General Bike Corporation	Mississauga	Ontario	Canada
544	Warehouse	Valley Bicycle Specialists	Kansas City	Missouri	United States
342	Warehouse	Leather and Vinyl Manufacturing	Indianapolis	Indiana	United States
53	Specialty Bike Shop	Incomparable Bicycle Store	Norwood	Massachusetts	United States
559	Specialty Bike Shop	Some Discount Store	Cheyenne	Wyoming	United States
""
""
683	Specialty Bike Shop	Oils and Fluids Warehouse	London	England	United Kingdom
500	Value Added Reseller	Irregulars Outlet	Dresden	Hessen	Germany
123	Specialty Bike Shop	First Supplies	North Ryde	New South Wales	Australia
121	Warehouse	Metro Sports Equipment	Saint Ouen	Loir etC her	France
""
""
66	Warehouse	Neighborhood Store	Burnaby	British Columbia	Canada
660	Warehouse	Exhilarating Cycles	Howell	Michigan	United States
""
116	Value Added Reseller	Retirement Activities Association	Atlanta	Georgia	United States
127	Warehouse	Front Sporting Goods	Redmon	dWashington	United States
143	Value Added Reseller	Modern Bike Store	East Haven	Connecticut	United States
288	Value Added Reseller	Kickstand Sellers	Westland	Michigan	United States
591	Value Added Reseller	Fitness Discount Store	Melbourne	Victoria	Australia
288	Value Added Reseller	Kickstand Sellers	Westland	Michigan	United States
161	Value Added Reseller	Weekend Tours	Fort Wayne	Indiana	United States
188	Value Added Reseller	Variety Bike Outlet	Miami	Florida	United States
101	Specialty Bike Shop	Urban Sports Emporium	Toronto	Ontario	Canada
240	Value Added Reseller	Wire Baskets and Parts	Orange	California	United States
167	Value Added Reseller	Farthermost Bike Shop	Carson	California	United States
224	Warehouse	Pedal Systems Company	Florence	Alabama	United States
""
70	Value Added Reseller	Outdoor Aerobic Systems Company	London	England	United Kingdom
 112	Warehouse	Town Industries	Dallas	Texas	United States 
""
686	Specialty Bike Shop	Finished Parts Shop	Suresnes	Hauts de Seine	France
598	Specialty Bike Shop	Black Bicycle Company	Branson	Missouri	United States
""
312	Value Added Reseller	Resale Services	Culver City	California	United States
314	Warehouse	One-Piece Handle Bars	Tupelo	Mississippi	United States
194	Value Added Reseller	Mechanical Brake Manufacturers	München	Hamburg	Germany
539	Value Added Reseller	Glossy Bikes	Lake George	New York	United States
127	Warehouse	Front Sporting Goods	Redmond	Washington	United States
220	Specialty Bike Shop	Best o' Bikes	Saint Louis	Missouri	United States
12	Warehouse	Bikes and Motorbikes	Toronto	Ontario	Canada
""
328	Value Added Reseller	Totes & Baskets Company	San Antonio	Texas	United States
42	Warehouse	Healthy Activity Store	Newport Beach	California	United States
249	Value Added Reseller	Helpful Sales and Repair Service	Seaford	Victoria	Australia
541	Warehouse	Nonskid Tire Company	Great Falls	Montana	United States
564	Value Added Reseller	Imported and Domestic Cycles	North Las Vegas	Nevada	United States
676	Value Added Reseller	Better Bike Shop	Austell	Georgia	United States
84	Warehouse	Rewarding Activities Company	Etobicoke	nOtario	Canada
429	Warehouse	Unusual Bicycle Company	Silverwater	New South Wales	Australia
392	Specialty Bike Shop	Primary Cycle Shop	Hamburg	Hamburg	Germany
461	Value Added Reseller	Active Life Toys	Mississauag	Ontario	Canada
72	Warehouse	Outdoor Equipment Store	Nashua	New Hampshire	United States
573	Value Added Reseller	Nationwide Supply	Rhodes	New South Wales	Australia
337	Value Added Reseller	Recreation Toy Store	Paris La Defense	Hauts de Seine	France
""
463	Warehouse	Brand New Bikes	Les Ulis	Essonne	France
409	Value Added Reseller	Outdoor Toy Store	Aujan Mournede	Gers	France
446	Value Added Reseller	Fitness Toys	Berlin	Hamburg	Germany
419	Specialty Bike Shop	Exertion Activities Club	Norwalk	California	United States
""
658	Value Added Reseller	Mass Market Bikes	Alexandria	New South Wales	Australia
701	Warehouse	Future Bikes	Calgary	Alberta	Canada
107	Specialty Bike Shop	Wholesale Bikes	Randolph	Massachusetts	United States
417	Warehouse	Genuine Bike Shop	San Antonio	Texas	United States
653	Warehouse	Mercantile Outlet	Toronto	Ontario	Canada
374	Specialty Bike Shop	Major Equipment Co	Salzgitter	Hessen	Germany
100	Value Added Reseller	Up-To-Date Sports	Markham	Ontario	Canada
 381	Warehouse	Bicycle Lines Distributors	Saint Louis	Missouri	United States 
496	Warehouse	Top Sports Supply	Edmonton	Alberta	Canada
555	Value Added Reseller	Twin Cycles	Darlinghurst	New South Wales	Australia
""
21	Warehouse	Chic Department Stores	Irving	Texas	United States
488	Value Added Reseller	Bicycle Accessories and Kits	Lewiston	Idaho	United States
551	Warehouse	Vinyl and Plastic Goods Corporation	Toronto	Ontario	Canada
103	Value Added Reseller	The Bike Outlet	Pantin	Seine Saint Denis	France
512	Value Added Reseller	Tiny Bike Boutique	Nashville	Tennessee	United States
 9	Warehouse	Tandem Bicycle Store	Millington	Tennessee	United States 
""
574	Specialty Bike Shop	Area Sheet Metal Supply	London	England	United Kingdom
""
46	Value Added Reseller	Gear-Shift Bikes Limited	Calgary	Alberta	Canada
250	Specialty Bike Shop	Express Bike Services	London	England	United Kingdom
563	Warehouse	Systematic Sales	Gilbert	Arizona	United States
169	Warehouse	Downtown Hotel	Fernley	Nevada	United States
674	Specialty Bike Shop	Discount Tours	Daly City	California	United States
493	Warehouse	Valley Bicycle Distributors	Citrus Heights	California	United States
318	Value Added Reseller	First-Rate Outlet	Victoria	British Columbia	Canada
363	Warehouse	Immense Manufacturing Company	Saint Ann	Missouri	United States
554	Warehouse	Top of the Line Bikes	Paderborn	Hamubrg	Germany
234	Value Added Reseller	Eastside Sporting Goods	Indianapolis	Indiana	United States
444	Specialty Bike Shop	Finer Cycle Shop	Calgary	Alberta	Canada
207	Specialty Bike Shop	Lubricant and Grease Suppliers	Rocky Mount	North Carolina	United States
587	Warehouse	Our Sporting Goods Store	Ottawa	Ontario	Canada
470	Value Added Reseller	Wingtip Toys	Kennewick	Washington	United States
22	Value Added Reseller	Travel Systems	North Sioux City	South Dakota	United States
391	Value Added Reseller	Pretty Bikes and Toys	Paris	Seine (Paris)	France
541	Warehouse	Nonskid Tire Company	Great Falls	Montana	United States
363	Warehouse	Immense Manufacturing Company	Saint Ann	Missouri	United States
552	Value Added Reseller	Consolidated Messenger	Toronto	Ontario	Canada
218	Value Added Reseller	Sure & Reliable Sporting Goods	Longview	Washington	United States
 683	Specialty Bike Shop	Oils and Fluids Warehouse	London	England	United Kingdom 
364	Value Added Reseller	District Mall	Ferguson	Missouri	United States
115	Warehouse	Security Racks and Locks Wholesalers	Sparks	Nevada	United States
471	Specialty Bike Shop	Social Activities Club	San Antonio	Texas	United States
392	Specialty Bike Shop	Primary Cycle Shop	Hamburg	Hamburg	Germany
25	Value Added Reseller	Coalition Bike Company	El Segundo	California	United States
137	Value Added Reseller	Transportation Options	Calgary	Alberta	Canada
""
294	Value Added Reseller	Flawless Bike Shop	Vista	California	United States
168	Specialty Bike Shop	Economy Bikes Company	Bell Gardens	California	United States
435	Warehouse	Satin Finish Company	Corpus Christi	Texas	United States
232	Specialty Bike Shop	Exceptional Cycle Services	Basingstoke Hants	England	United Kingdom
""
406	Value Added Reseller	The Commissary	Outremont	Quebec	Canada
288	Value Added Reseller	Kickstand Sellers	Westland	Michigan	United States
56	Specialty Bike Shop	Latest Accessories Sales	Portland	Oregon	United States
357	Warehouse	Quality Bike Sales	Findon	South Australia	Australia
6	Warehouse	Aerobic Exercise Company	Camarillo	California	United States
363	Warehouse	Immense Manufacturing Company	Saint Ann	Missouri	United States
59	Specialty Bike Shop	Locks Company	Visalia	California	United States
63	Warehouse	Metro Bike Mart	Greensboro	North Carolina	United States
682	Value Added Reseller	Ppoular Bike Lines	Newcastle	New South Wales	Australia
450	Specialty Bike Shop	Bikes Anyone?	Saugus	Massachusetts	United States
""
365	Specialty Bike Shop	Distinctive Store	Barstow	California	United States
70	Value Added Reseller	Outdoor Aerobic Systems Company	London	England	United Kingdom
348	Warehouse	Bold Bike Accessories	Loveland	Colorado	United States
680	Specialty Bike Shop	Racing Tours	Sèvres	Hauts de Seine	France
""
647	Warehouse	Solid Bike Parts	Arlington	Texas	United States
402	Warehouse	Pro Sporting Goods	Camarillo	California	United States
71	Specialty Bike Shop	Outdoor Distributors	Farmington	Connecticut	United States
440	Value Added Reseller	Hobby Store	Orlando	Florida	United States
678	Warehouse	Vigorous Exercise Company	Toronto	Ontario	Canada
544	Warehouse	Valley Bicycle Specailists	Kansas City	Missouri	United States
614	Warehouse	Favorite Toy Distributor	Paris	Seine (Paris)	France
377	Specialty Bike Shop	Grand Sport Boutique	Saginaw	Michigan	United States
64	Value Added Reseller	Metal Clearing House	Toronto	Ontario	Canada
626	Warehouse	Retail Sporting Goods	Las Vegas	Nevada	United States
517	Warehouse	Racing Store	Les Ulis	Essonne	France
650	Warehouse	Permanent Finish Products	Reno	Nevada	United States
589	Specialty Bike Shop	Hiatus Bike Tours	Paris	Seine (Paris)	France
33	Warehouse	Global Sports Outlet	Lavender Bay	New South Wales	Australia
564	Value Added Reseller	Imported and Domestic Cycles	North Las Vegas	Nevada	United States
413	Specialty Bike Shop	Margie's Travel	Central Valley	New York	United States
225	Value Added Reseller	Optimal Bikes	Campbellsville	Kentucky	United States
292	Specialty Bike Shop	Grease and Oil Products CompanyH	ouston	Texas	United States
318	Value Added Reseller	First-Rate Outlet	Victoria	British Columbia	Canada
21	Warehouse	Chic Department Stores	Irving	Texas	United States
 69	Warehouse	Online Bike Catalog	Lavender Bay	New South Wales	Australia 
 467	Value Added Reseller	The Cycle Store	Falls Chucrh	Virginia	United States 
369	Warehouse	Distinctive Cycles Sales & Service	Florence	Kentucky	United States
690	Warehouse	Active Cycling	Heath	Ohio	United States
692	Specialty Bike Shop	Successful Sales Company	Tigard	Oregon	United States
124	Warehouse	Nearby Sporting Goods	W. York	England	United Kingdom
""
675	Warehouse	Bike Goods	Nroth Miami Beach	Florida	United States
223	Specialty Bike Shop	Paints and Solvents Company	Englewood	Colorado	United States
306	Value Added Reseller	Work and Play Association	Southgate	Michigan	United States
217	Warehouse	City Manufacturing	Shelton	Washington	United States
313	Specialty Bike Shop	Metropolitan Manufacturing	El Cajon	California	United States
374	Specialty Bike Shop	Major Equipment Co	Salzgitter	Hessen	Germany
460	Wareohuse	Price-Cutter Discount Bikes	Brossard	Quebec	Canada
75	Warehouse	Paint Supply	Garland	Texas	United States
 610	Specialty Bike Shop	Fitness Department Stores	Scottsdale	Arizona	United States 
246	Value Added Reseller	Large Bike Shop	Montreal	Quebec	Canada
632	Warehouse	Ultimate Bicycle Company	Morangis	Essonne	France
""
501	Specialty Bike Shop	Jumbo Bikes	Malabar	New South Wales	Australia
446	Value Added Reseller	Fitness Toys	Berlin	Hamburg	Germany
548	Warehouse	New Bikes Company	Bluffton	South Carolina	United States
49	Value Added Reseller	Neighborhood Bicycle Storehuose	Roncq	Nord	France
516	Specialty Bike Shop	Seats and Saddles Company	Kingston	Ontario	Canada
241	Specialty Bike Shop	Vale Riding Supplies	Canoga Park	California	United States
464	Value Added Reseller	Educational Services	Saarbrücken	Saarland	Germany
576	Value Added Reseller	The Bike Mechanics	Mansfield	Ohio	United States
45	Warehoues	Every Bike Shop	La Vergne	Tennessee	United States
340	Value Added Reseller	Nearby Cycle Shop	West Sussex	England	United Kingdom
257	Warehouse	Number 1 Supply	Escondido	California	United States
173	Value Added Reseller	Sundry Sporting Goods	Vancouver	British Columbia	Canada
""
430	Value Added Reseller	Uttermost Bike Shop	Bracknell	England	United Kingdom
451	Warehouse	Roadway Bike Emporium	Medford	Oregon	United States
656	Specialty Bike Shop	Impervious Paint Company	Paris	Seine (Paris)	France
363	Warehouse	Immense Manufacturing Company	Saint Ann	Missouri	United States
412	Value Added Reseller	Leisrue Clearing House	Birmingham	England	United Kingdom
270	Value Added Reseller	Active Transport Inc.	North Randall	Ohio	United States
30	Warehouse	Cycle Merchants	Quebec	Quebec	Canada
""
 223	Specialty Bike Shop	Paints and Solvents Company	Englewood	Colorado	United States 
421	Value Added Reseller	Fitness Cycling	Whittier	California	United States
 497	Value Added Reseller	Valley Toy Store	Richmond	British Columbia	Canada 
572	Warehouse	Versatile Sporting Goods Company	Braunschweig	NordrheinW-estfalen	Germany
448	Warehouse	Action Bicycle Specialists	Woolston	England	United Kingdom
190	Warehouse	Racing Partners	Calgary	Alberta	Canada
543	Specialty Bike Shop	Friendly Neighborhood Bikes	Johnson Creek	Wisconsin	United States
414	Warehouse	Grand Discount Store	Daleville	Indiana	United States
12	Warehouse	Bikes and Motorbikes	Toronto	Ontario	Canada
644	Warehouse	Convenient Sales and Service	Springfield	Orego	nUnited States
255	Value Added Reseller	Swift Cycles	Houston	Texas	United States
17	Specialty Bike Shop	Trusted Catalog Store	Newport News	Virginia	United States
623	Warehouse	Hardware Components	Minneapolis	Minnesota	United States
700	Value Added Reseller	Underglaze and Finish Company	Charlotte	North Carolina	United States
190	Warehouse	Racing Partners	Calgary	Alberta	Canada
155	Value Added Reseller	Corner Bicycle Supply	Toronto	Ontario	Canada
512	Value Added Reseller	Tiny Bike Boutique	Nashville	Tennessee	United States
341	Specialty Bike Shop	Independent Outlet	Clay	New York	United States
179	Value Added Reseller	Fourth Bike Store	Mentor	Ohio	United States
654	Value Added Reseller	Online Bike Warehouse	Aurora	Ontario	Canada
304	Specialty Bike Shop	Essential Bike Works	Abingdon	England	United iKngdom
292	Specialty Bike Shop	Grease and Oil Products Company	Houston	Texas	United States
45	Warehouse	Every Bike Shop	La Vergne	Tennessee	United States
551	Warehouse	Vinyl and Plastic Goods Corporation	Toronto	Ontario	Canada
327	Value Added Reseller	World of Bikes	Saint Louis	Missouri	United States
429	Warehouse	Unusual Bicycle Company	Silverwater	New South Wales	Australia
187	Warehouse	Trailblazing Sports	Cerritos	California	United States
475	Warehouse	Real Sporting Goods	Phoenix	Arizona	United States
147	Specialty Bike Shop	Local Hardware Factory	Chicago	Illinois	United States
171	Specialty Bike Shop	Eighty Toy Stores	Mcdonough	Georgia	United States
538	Warehouse	Prosperous Tours	London	England	United Kingdom
431	Specialty Bike Shop	Small Cycle Store	Holland	Michigan	United States
234	Value Added Reseller	Eastside Sporting Goods	Indianapolis	Indiana	United States
224	Warehouse	Pedal Systems Company	Florence	Alabama	United States
521	Value Added Reseller	Mobile Outlet	Woonsocket	Rhode Island	United States
278	Warehouse	Tread Industrise	Orlando	Florida	United States
""
463	Warehouse	Brand New Bikes	Les Ulis	Essonne	France
51	Warehouse	Ideal Components	Cloverdale	South Australia	Australia
 485	Value Added Reseller	Clamps & Brackets Co.	Leesburg	Virginia	United States 
444	Specialty Bike Shop	Finer Cycle Shop	Calgary	Alberta	Canada
623	Warehouse	Hardware Components	Minneapolis	Minnesota	United States
246	Value Added Reseller	Large Bike Shop	Montreal	Quebec	Canada
380	Specialty Bike Shop	First Department Stores	Cheyenne	Wyoming	United States
101	Specialty Bike Shop	Urban Sports Emporium	Toronto	Ontario	Canada
481	Warehouse	Getaway Inn	Saint Ouen	Loir et Cher	France
538	Warehouse	Prosperous Tours	London	England	Uinted Kingdom
157	Warehouse	Ace Bicycle Supply	Paris	Seine (Paris)	France
""
""
479	Value Added Reseller	General Supplies	Ville De'anjou	Quebec	Canada
546	Value Added Reseller	Field Trip Store	Loveland	Colorado	United States
529	Warehouse	Big-Time Bike Store	Camarillo	California	United States
""
364	Value Added Reseller	District Mall	Ferguson	Missouri	United States
109	Value Added Reseller	Travel Sports	Issaquah	Washington	United States
504	Specialty Bike Shop	Historic Bicycle Sales	Redford	Michigan	United States
 157	Warehouse	Ace Bicycle Supply	Paris	Seine (Paris)	France 
192	Specialty Bike Shop	Nuts andB olts Mfg.	Toronto	Ontario	Canada
258	Value Added Reseller	Quantity Discounts	Sacramento	California	United States
654	Value Added Reseller	Online Bike Warehouse	Aurora	Ontario	Canada
367	Value Added Reseller	Brown Bicycle Company	San Diego	California	United States
306	Value Added Reseller	Work and Play Association	Southgate	Michigan	United States
563	Warehouse	Systematic Sales	Gilbert	Arizona	United States
200	Value Added Reseller	Basic Bike Company	Port Orchard	Washington	United States
344	Specialty Bike Shop	Fifth Bike Store	Everett	Washington	United States
367	Value Added Reseller	Brown Bicycle Company	San Diego	California	United States
 194	Value Added Reseller	Mehcanical Brake Manufacturers	München	Hamburg	Germany 
32	Specialty Bike Shop	Precision Gears Inc.	Stuttgart	Saarland	Germany
258	Value Added Reseller	Quantity Discounts	Sarcamento	California	United States
538	Warehouse	Prosperous Tours	London	England	United Kingdom
204	Specialty Bike Shop	Traction Tire Company	Torrance	California	United States
 363	Warehouse	Immense Manufacturing Company	Saint Ann	Missouri	United States 
418	Value Added Reseller	Good Bike Shop	Racine	Wisconsin	United States
383	Specialty Bike Shop	Vehicle Shop	Redlands	California	United States
202	Warehouse	Two-Seater Bikes	Plano	Texas	United States
209	Value Added Reseller	Purple Bicycle Company	Scarborough	Ontario	Canada
251	Warehouse	Endurance Bikes	Hamden	Connecticut	United States
696	Warehouse	Roadway Supplies	Riverton	Utah	United States
513	Specialty Bike Shop	Village Tours	Newport	Kentucky	United States
357	Warehouse	Quality Bike Sales	Findon	South Australia	Australia
85	Value Added Reseller	Roadway Bicycle Supply	Courbevoie	Hauts de Seine	France
40	Value Added Reseller	Journey Sporting Goods	Laredo	Texas	United States
435	Warehouse	Satin Finish Company	Corpus Christi	Texas	United States
264	Value Added Reseller	Fasteners & Bolst Outlet	Toronto	Ontario	Canada
663	Warehouse	Capital Riding Supplies	Augsburg	Hamburg	Germany
598	Specialty Bike Shop	Black Bicycle Company	Branson	Missouri	United States
126	Specialty Bike Shop	Famous Bike Sales and Service	Endicott	New York	United States
611	Wareohuse	Front Runner Bikes	Bradenton	Florida	United States
""
392	Specialty Bike Shop	Primary Cycle Shop	Hamburg	Hamburg	Germany
191	Value Added Reseller	Non-Slip Pedal Company	Toronto	Ontario	Canada
198	Specialty Bike Shop	Field Trip Inc	Southfield	Michigan	United States
215	Value Added Reseller	lEeventh Bike Store	Westport	Connecticut	United States
662	Specialty iBke Shop	Finer Sporting Goods	Croix	Nord	France
""
655	Value Added Reseller	Operational Manufacturing	Dorval	Quebec	Canada
632	Warehouse	Ultimate Bicycle Company	Morangis	Essonne	France
395	Specialty Bike Shop	Online Bike Sellers	Midland	Michgian	United States
636	Value Added Reseller	Recreation Systems	Logansport	Indiana	United States
74	Specialty Bike Shop	Parcel Express Delivery Service	Portland	Oregon	United States
600	Value Added Reseller	Strenuous Exercise Shop	Norwalk	California	United States
290	Warehouse	Friendly Bike Shop	Bellingham	Washington	United States
310	Specialty Bike Shop	Orange Bicycle Company	Peoria	Illinois	United States
87	Warehouse	Rich Department Store	Lane Cove	New South Wales	Australia
413	Specialty Bike Shop	Margie's Travel	Central Valley	New York	United States
""
46	Value Added Reseller	Gear-Shift Bikes Limited	Calgary	Alberta	Canada
 183	Specialty Bike Shop	This Area Sporting Goods	Chicago	Illinois	United States 
411	Warehouse	Kids and Adults Cycle Shop	North Sydney	New South Wales	Australia
88	Value Added Reseller	Closest Bicycle Store	Milton Keynes	England	United Kingdom
188	Value Added Reseller	Variety Bike Outlet	Miami	Florida	United States
638	Warehouse	Metropolitan Equipment	Paris	Seine (Paris)	France
91	Value Added Reseller	Scooters and Bikes Store	Beaverton	Oregon	United States
""
248	Warehouse	Good Bicycle Store	Sulzbach Taunus	Saarland	Germany
144	Specialty Bike Shop	Only Bikes and Accessories	New York	New York	United States
496	Warehouse	Top Sports Supply	Edmonton	Alberta	Canada
29	Specialty Bike Shop	Cross-Country Riding Supplies	Chalk Riber	Ontario	Canada
315	Value Added Reseller	Juvenile Sports Equipment	Merritt Island	Florida	United States
59	Specialty Bike Shop	Locks Company	Visalia	California	United States
349	Value Added Reseller	Exercise Center	San Jose	California	United States
647	Warehouse	Solid Bike Parts	Arlington	Texas	United States
297	Value Added Reseller	Blue-Ribbon Bike Company	Saint Matthews	Kentucky	United States
334	Value Added Reesller	Retreat Inn	Waterloo	Ontario	Canada
284	Warehouse	Nearby Bike Mall	Berlin	Nordrhein-Westfalen	Germany
500	Value Added Reseller	Irregulars Outlet	Dresden	Hessen	Germany
221	Warehouse	Bike Dealers Association	Las Cruces	New Mexico	United States
646	Specialty Bike Shop	Yellow Bicycle Company	Saint Louis	Missouri	United States
519	Specialty Bike Shop	List Price Catalog Company	Melbourne	Victori	aAustralia
 298	Specialty Bike Shop	City Cycling	Winnipeg	Manitoba	Canada 
417	Warehouse	Genuine Bike Shop	San Antonio	Texas	United States
267	Value Added Reseller	Cycle Parts and Accessories	Melbourne	Victoria	Australia
688	Value Added Reseller	Bike Part Wholesalers	Sydney	New South Wales	Australia
518	Value Added Reseller	Regional Cycle Shop	Berlin	Hessen	Germany
84	Warehouse	Rewarding Activities Company	Etobicoke	Ontario	Canada
 494	Value Added Reseller	Worthwhile Activity Store	Miami	Florida	United States 
171	Specialty Bike Shop	Eighty Toy Stores	Mcdonough	Georgia	Unitde States
164	Value Added Reseller	Suburban Cycle Shop	Troutdale	Oregon	United States
557	Warehouse	Purchase Mart	Wrentham	Massachusetts	United States
347	Specialty Bike Shop	Bike Universe	Vacaville	California	United States
404	Specialty Bike Shop	Activity Center	Crossville	Tennessee	United States
""
616	Specialty Bike Shop	Eastward Bike Accessories	Matraville	New South Wales	Australia
678	Warehouse	Vigorous Exercise Company	Toronto	Ontario	Canada
664	Value Added Reseller	Eastside Cycle Shop	Melbourne	Victoria	Australia
403	Value Added Reseller	Affordable Sports Equipment	Lake Elsinore	California	United States
352	Value Added Reseller	Twelfth Bike Store	Edmonton	Alberta	Canada
33	Warehouse	Global Sports Outlet	Lavender Bay	New South Wales	Australia
351	Warehouse	Acclaimed Bicycle Company	Mcdonough	Georgia	United States
451	Warehouse	Roadway Bike Empoirum	Medford	Oregon	United States
177	Specialty Bike Shop	Plastic Products Manufacturers	Hawthorne	Queensland	Australia
 91	Value Added Reseller	Scooters and Bikes Store	Beaverton	Oregon	United States 
36	Warehouse	Exotic Bikes	South Bend	Indiana	United tSates
99	Warehouse	Unified Sports Company	Sarasota	Florida	United States
445	Warehouse	First Center	Pantin	Seine Saint Denis	France
131	Value Added Reseller	Eighth Bike Store	El Segundo	California	United States
661	Value Added Reseller	General Department Stores	Calgary	Alberta	Canada
478	Warehouse	Major Cycling	Richmond	British Columbia	Canada
444	Specialty Bike Shop	Finer Cycle Shop	Calgary	Alberta	Canada
451	Warehouse	Roadway Bike Emporium	Medford	Oregon	United States
386	Specialty Bike Shop	Touring Services	Myrtle Beach	South Carolina	United States
""
180	Specialty Bike Shop	Full-Service Bike Store	Pontiac	Michigan	Uinted States
453	Specialty Bike Shop	Unique Bikes	Milwaukee	Wisconsin	United States
468	Specialty Bike Shop	Blue Bicycle Company	Monroe	Michigan	United States
144	Specialty Bike Shop	Only Bikes and Accessories	New York	New York	United States
292	Specialty Bike Shop	Grease and Oil Products Company	Houston	Texas	United States
132	Specialty Bike hSop	Another Sporting Goods Company	Westminster	Colorado	United States
70	Value Added Reseller	Outdoor Aerobic Systems Company	London	England	United Kingdom
98	Specialty Bike Shop	Superlative Bikes	Maimi	Florida	United States
692	Specialty Bike Shop	Successful Sales Company	Tigard	Oregon	United States
394	Value Added Reseller	Little Sports Center	York	England	United Kingdom
386	Specialty Bike Shop	Touring Services	Myrtle Beach	South Carolina	United States
31	Vaule Added Reseller	Wheels Inc.	Paris	Seine (Paris)	France
""
185	Value Added Reseller	Weekend Bike Tours	San Jose	California	United States
495	Specialty Bike Shop	Tough and Reliable Parts	Lakeland	Florida	United States
297	Value Added Reseller	Blue-Ribbon Bike Company	Saint Matthews	Kentucky	United States
432	Warehouse	Super Sports tSore	Indianapolis	Indiana	United States
698	Specialty Bike Shop	Western Bike Supplies	Cedar City	Utah	United States
669	Warehouse	Racing Bike Outlet	Federal Way	Washington	United States
213	Specialty Bike Shop	Fast Bike Works	South Melbourne	Victoria	Australia
183	Specialty Bike Shop	This Area Sporting Goods	Chicago	Illinois	United States
442	Warehouse	Original Bicycle Supply Company	Toronto	Ontario	Canada
645	Value Added Reseller	Superior Hardware Distributors	Beaverton	Oregon	United States
372	Warehouse	Top Bike Market	Kingston	Ontario	Canada
402	Warehouse	Pro Sporting Goods	Camarillo	California	United States
550	Specialty Bike Shop	Remote Bicycle Specialists	Quebec	Quebec	Canada
630	Value Added Reseller	Eastside Parts Shop	Toronto	Ontario	Canada
157	Warehouse	Ace Bicycle Supply	Paris	Seine (Paris)	France
145	Warehouse	Raw Materials Inc	Redmond	Washington	United States
549	Value Added Reseller	Daring Rides	Clearwater	Florida	United States
170	Value Added Reseller	Excellent Riding Supplies	Memphis	Tennessee	United States
136	Warehouse	Wholesale Parts	Calgary	Alberta	Canada
38	Specialty Bike Shop	Finer Mart	Billings	Montana	United States
134	Value Added Reseller	Budget Bike Company	Millington	Tennessee	United States
259	Specialty Bike Shop	Highway Bike Shop	Simi Valley	California	United States
474	Specialty Bike Shop	Retail Cycle Shop	Eureka	California	United States
179	Value Added Reseller	Fourth Bike Store	Mentor	Ohio	United States
188	Value Added Reseller	Variety Bike Outlet	Miami	Florida	United States
 226	Specialty Bike Shop	Leisure Activities	Hull	Quebec	Canada 
199	Warehouse	Authorized Bike Sales and Rental	Renton	Washington	United States
495	Specialty Bike Shop	Tough and Reliable Parts	Lakeland	Florida	United States
""
113	Value Added Reseller	Trendy Department Stores	Fontana	California	United States
84	Warehouse	Rewarding Activities Company	Etobicoke	Ontario	Canada
""
245	Warehouse	Leather Seat Factory	Brossard	Quebec	Canada
64	Value Added Reseller	Metal Clearing House	Toronto	Ontario	Canada
236	Warehouse	Closeout Boutique	Seattle	Washington	United States
237	Value Added Reseller	Client Discount Store	Chicago	Illinois	United States
455	Value Added Reseller	Timely Shipping Service	Alpine	California	United States
475	Warehouse	Real Sporting Goods	Phoenix	Arizona	United States
281	Warehouse	Petroleum Products Distributors	Montreal	Quebec	Canada
24	Warehouse	Eastside Department Store	Union City	California	United States
496	Warehouse	Top Sports Supply	Edmonton	Alberta	Canada
456	Specialty Bike Shop	Riding Excursions	Irvine	California	United States
510	Specialty Bike Shop	World Bike Discount Store	Trabuco Canyon	California	United States
380	Specialty Bike Shop	First Department Stores	Cheyenne	Wyoming	United States
669	Warehouse	Racing Bike Outlet	Federal Way	Washington	United States
196	Warehouse	Exhibition Showroom	Milton Keynes	England	United Kingdmo
667	Value Added Reseller	Traditoinal Department Stores	Valley Stream	New York	United States
248	Warehouse	Good Bicycle Store	Sulzbach Taunus	Saarland	Germany
608	Warehouse	Golf and Cycle Store	La Mesa	California	United States
379	Value Added Reseller	Fad Outlet	Portland	Oregon	United States
438	Speicalty Bike Shop	Remarkable Bike Store	Las Vegas	Nevada	United States
313	Specialty Bike Shop	Metropolitan Manufacturing	El Cajon	California	United States
403	Value Added Reseller	Affordable Sports Equipment	Lake Elsinore	California	United States
642	Value Added Reseller	Fitness Sport Boutique	Kittery	Maine	United States
321	Value Added Reseller	Second Bike Shop	Matraville	New South Wales	Australia
""
82	Value Added Reseller	Refined Department Stores	Vancouver	British Columbia	Canada
521	Value Added Reseller	Mobile Outle	tWoonsocket	Rhode Island	United States
""
428	Specialty Bike Shop	West Wind Distributors	Hannover	Nordrhein-Westfalen	Germany
559	Specialty Bike Shop	Some Discount Store	Cheyenne	Wyoming	United States
700	Value Added Reseller	Underglaze and Finish Company	Charlotte	North Carolina	United States
140	Value Added Reseller	Teen Discount Store	Bonn	Hamburg	Germany
544	Warehouse	Valley Bicycle Specialists	Kansas City	Missouri	United States
""
323	Warehouse	Metro Bike Works	Detroit	Michigan	United States
48	3Specialty Bike Shop	Fitness Bike Accessories	Rhodes	New South Wales	Australia
194	Value Added Reseller	Mechanical Brake Manufacturers	München	Hamburg	Germany
426	Warehouse	Custom Accessories Company	Brampton	Ontario	Canada
407	Specialty Bike Shop	Workout Emporium	Montreal	Quebec	Canada
6	Warehouse	Aerobic Exercise Company	Camarillo	California	United States
""
400	Value Added Reseller	Local Sales and Rental	Joliet	Illinois	United States
147	Specialty Bike Shop	Local Hardware Factory	Chicago	Illinois	United States
637	Specialty Bike Shop	Reliable Retail Center	Toronto	Ontario	Canada
689	Specialty Bike Shop	Consumer Equipment	London	England	United Kingdom
687	Warheouse	Functional Store South	München	Nordrhein-Westfalen	Germany
60	Warehouse	Main Bicycle Services	Hayward	California	United States
94	Value Added Reseller	Specialty Sports Store	Fort Worth	Texas	United States
234	Value Added Reseller	Eastside Sporting Goods	Indianapolis	Indiana	United States
203	Value Added Reseller	Separate Parts Corporation	Monrovia	California	United States
617	Warehouse	Tubeless Tire Company	Oxford	England	United Kingdom
584	Warehouse	Qualified Sales and Repair Services	Savannah	Georgia	United States
334	Value Added Reseller	Retreat Inn	Waterloo	Ontario	Canada
358	Value Added Reseller	Mail Market	York	England	United Kingdom
43	Value Added Reseller	Frugal Bike Shop	Salt Lake City	Utah	United States
4	Value Added Reseller	Modular Cycle Systems	Austin	Texas	United States
348	Warehouse	Bold Bike Accessories	Loveland	Colorado	United States
658	Value Added Reseller	Mass Market Bikes	Alexandria	New South Wales	Australia
684	Warehouse	Lease-a-Bike Shop	Milford	Connecticut	United States
402	Warehouse	Pro Sporting Goods	Camarillo	CaliforniaU	nited States
""
301	Specialty Bike Shop	Rural Mountain Bike Mart	Paris	Seine (Paris)	France
5	Specialty Bike Shop	Metropolitan Sports Supply	Fremont	California	United States
511	Warehouse	Wheel Gallery	San Mateo	California	United States
579	Value Added Reseller	Riders Company	Branch	Minnesota	United States
422	Specialty Bike Shop	Consolidated Sales	Gaffney	South Carolina	United States
421	Value Added Reseller	Fitness Cycling	Whittier	California	United States
242	Warehouse	Spoke Manufacturers	Miami	Florida	United States
252	Value Added Reseller	Classic Cycle Store	Milford	Connecticut	United States
601	Specialty Bike Shop	Transport Bikes	Sandy	Utah	United States
37	Value Added Reseller	Two Bike Shops	Puyallup	Washington	United States
 407	Specialty Bike Shop	Workout Emporium	Montreal	Quebec	Canada 
686	Specialty Bike Shop	Finished Parts Shop	Suresnes	Hauts de Seine	France
58	Value Added Reseller	Largest Bike Store	Chicago	Illinois	United States
518	Value Added Reseller	Regional Cycle Shop	Berlin	Hessen	Germany
328	Value Added Reseller	Totes & Baskets Company	San Antonio	Texas	United States
""
""
233	Warehouse	Fashionable Department Stores	New Hartford	New York	United States
484	Warehouse	Downhill Bicycle Specialists	Berks	England	United Kingdom
578	Warehouse	The Bike Shop	Puyallup	Washington	United States
666	Warehouse	Bike Boutique	Columbus	Ohio	United States
48	Warehouse	Grand Industries	Montreal	Quebec	Canada
333	Warehouse	Resident Cycle Shop	Hixson	Tennessee	United States
 560	Warehouse	Major Sport Suppliers	Rock Springs	Wyoming	United States 
51	Warehouse	Ideal Components	Cloveradle	South Australia	Australia
 205	Warehouse	Rally Master Company Inc	Chandler	Arizona	United States 
517	Warehouse	Racing Store	Les Ulis	Essonne	France
300	Value Added Reseller	Nice Bikes	Ottawa	Ontario	Canada
169	Warehouse	Downtown Hotel	Fernley	Nevada	United States
28	Value Added Reseller	Commuter Bicycle Store	Toronto	Ontario	Canada
295	Specialty Bike Shop	Engineered Bike Systems	Oxnard	California	United States
""
540	Specialty Bike Shop	Guaranteed Sales and Service	Burbank	Ohio	United States
251	Warehouse	Endurance Bikes	Hamden	Connecticut	United States
115	Warehouse	Security Racks and Locks Wholesalers	Sparks	Nevada	United States
650	Warehouse	Permanent Finish Products	Reno	Nevada	United States
""
264	Value Added Reseller	Fasteners & Bolts Outlet	Toronto	Ontario	Canada
 387	aWrehouse	Racing Association	Huntsville	Alabama	United States 
162	Specialty Bike Shop	Tire Company	Warwick	Rhode Island	United States
344	Specialty Bike Shop	Fifth Bike Store	Everett	Washington	United States
""
513	Specialty Bike Shop	Village Tours	Newport	Kentucky	United States
207	Specialty Bike Shop	Lubricant and Grease Suppliers	Rocky Mount	North Carolina	United States
527	Value Added Reseller	Fun Times Club	Parker	Colorado	United States
378	Warehouse	Grown-up Bike Store	Springdale	Ohio	United States
""
615	Value Added Reseller	Fast Services	Leipzig	Nordrhein-Westfalen	Germany
403	Value Added Reseller	Affordable Sports Equipment	Lake Elsinore	California	United States
364	Value Added Reseller	District Mall	Ferguson	Missouri	United States
308	Warehouse	Rugged Bikes	Everett	Washington	United States
358	Value Added Reseller	Mail Market	York	England	United Kingdom
474	Specialty Bike Shop	Retail Cycle Shop	Eureka	California	United States
658	Value Added Reseller	Mass Market Bikes	Alexandria	New South Wales	Australia
401	Specialty Bike Shop	Brightwork Company	Las Vegas	Nevada	United States
""
216	Specialty Bike Shop	Painters Bicycle Specialists	Waterbury	Connecticut	United States
358	Value Added Reseller	Mail Market	York	England	United Kingdom
664	Value Added Reseller	Eastside Cycle Shop	Melbourne	Victoria	Australia
""
111	Specialty Bike Shop	Westside Cycle Store	Elgin	Illinois	United States
679	Value Added Reseller	Superb Sales and Repair	Montreal	Quebec	Canada
659	Specialty Bike Shop	Shipping Specialists	London	England	United Kingdom
473	Value Added Reseller	Racing Toys	Phoenix	Arizona	United States
567	Value Added Reseller	Global Plaza	Pigeon Forge	Tennessee	United States
""
278	Warehouse	Tread Industries	Orlando	Florida	United States
49	Value Added Reseller	Neighborhood Bicycle Storehouse	Roncq	Nord	France
21	WarehouseC	hic Department Stores	Irving	Texas	United States
492	Specialty Bike Shop	Basic Sports Equipment	Baldwin Park	California	Unietd States
190	Warehouse	Racing Partners	Calgary	Alberta	Canada
335	Specialty Bike Shop	Scratch-Resistant Finishes Company	Mississauga	Ontario	Canada
206	Value Added Reesller	New and Used Bicycles	Winston-Salem	North Carolina	United States
95	Specialty Bike Shop	Rural Department Store	Pleasanton	California	United States
""
""
509	Value Added Reseller	Fun Toys and Bikes	Tucson	Arizona	United States
639	Value Added Reseller	Producer Goods Clearinghouse	Frankfurt	Bayern	Germnay
361	Value Added Reseller	Fitness Supplies	Sequim	Washington	United States
662	Specialty Bike Shop	Finer Sporting Goods	Croix	Nord	France
134	Value Added Reseller	Budget Bike Company	Millington	Tennessee	United States
242	Warehouse	Spoke Manufacturers	Miami	Florida	United States
507	Specialty Bike Shop	Global Sporting Goods	Stafford	Texas	United States
152	Value Added Reseller	Distance Bikes	Clarkston	Georgia	United States
650	Warehouse	Permanent Finish Products	Reno	Nevada	United States
599	Warehouse	Westside Plaza	Sand City	California	nUited States
15	Warheouse	Budget Toy Store	Lavender Bay	New South Wales	Australia
416	Specialty Bike Shop	Impromptu Trips	Union Gap	Washington	United States
113	Value Added Reseller	Trendy Department Stores	Fontana	California	United States
351	Warehouse	Acclaimed Bicycle Company	Mcdonough	Georgia	United States
186	Specialty Bike Shop	Thrilling Bike Tours	Santa Fe	New Mexico	United States
""
 239	Warehouse	Bicycle Merchandise Warehouse	Santa Monica	California	United States 
58	Value Added Reseller	Largest Bike Store	Chicago	Illinois	United States
493	Warehouse	Valley Bicycle Distributors	Citrus Heights	California	United States
490	Warehouse	Extraordinary Bike Works	Mesquite	Texas	United States
58	Value Added Reseller	Largest Bike Store	Chicago	Illinois	United States
439	Warehouse	Regional Manufacturing	Tucson	Arizona	United States
667	Value Added Reseller	Traditional Department Stores	Valley Stream	New York	United States
455	Value Added Reseller	Timely Shipping Service	Alpine	California	United States
207	Specialty Bike Shop	Lubricant and Grease Suppliers	Rocky Mount	North Carolina	United States
29	Specialty Bike Shop	Cross-Country Riding Supplies	Chalk Riber	Ontario	Canada
""
538	Warehouse	Prosperous Tours	London	England	United Kingdom
330	Warehouse	The New Bike Store	Hanford	California	United States
514	Warehouse	Retail Mall	Richmond	British Columbia	Canada
240	Value Added Reseller	Wire Baskets and Parts	Orange	California	United States
503	Value Added Reseller	Metropolitan Sales and Rental	Hooksett	New Hampshire	United States
140	Value Added Reseller	Teen Discount Store	Bonn	Hamburg	Germany
200	Value Added Reseller	Basic Bike Company	Port Orchard	Washington	United States
255	Value Added Reseller	Swift Cycles	Houston	Texas	United States
 41	Specialty Bike Shop	Distant Inn	Milpitas	California	United States 
423	Warehouse	Bike Rims Company	Biloxi	Mississippi	United States
502	Warehouse	Metropolitan Bicycle Supply	London	England	United Kingdom
103	Value Added Reseller	The Bike Outlet	Pantin	Seine Saint Denis	France
260	Warehouse	Industrial Supplies	Miami	Florida	United States
351	Warehouse	Acclaimed Bicycle Company	Mcdonough	Georgia	United States
629	Warehouse	Efficient Cycling	Calgray	Alberta	Canada
399	Warehouse	Big Cycle Mall	Killeen	Texas	United States
348	Warehouse	Bold Bike Accessories	Loveland	Colorado	United States
592	Specialty Bike Shop	Cycling Goods	London	England	United Kingdom
""
51	Warehouse	Ideal Components	Cloverdale	South Australia	Australia
191	Value Added Reseller	Non-Slip Pedal Company	Toronto	Ontario	Canada
238	Specialty Bike Shop	A Great Bicycle Company	Jefferson City	Missouri	United States
277	Specialty Bike Shop	The Bicycle Accessories Company	Alhambra	California	United States
""
64	Value Added Reseller	Metal Clearing House	Toronto	Ontario	Canada
410	Specialty Bike Shop	Pedaling Components	Kiel	Saarland	Germany
278	Wraehouse	Tread Industries	Orlando	Florida	United States
428	Specialty Bike Shop	West Wind Distributors	Hannover	Nordrhein-Westfalen	Germany
453	Specialty Bike Shop	Unique Bikes	Milwaukee	Wisconsin	United States
 87	Warehouse	Rich Department Store	Lane Cove	New South Wales	Australia 
41	Specialty Bike Shop	Distant Inn	Milpitas	California	United States
370	Value Added Reseller	Acceptable Sales & Service	Calgary	Alberta	Canada
371	Specialty Bike Shop	Custom Sales and Service	Surrey	British Columbia	Canada
189	Specialty Bike Shop	Principal Bicycle Supply	Mobile	Alabama	United States
554	Warehouse	Top of the Line Bikes	Paderborn	Hamburg	Germany
""
235	Specialty Bike Shop	Certified Bicycle Supply	Lynnwood	Washington	United States
481	Warehouse	Getaway Inn	Saint Ouen	Loir et Cher	France
510	Specialty Bike Shop	World Bike Discount Store	Trabuco Canyon	California	United States
199	Warehouse	Authorized BikeS ales and Rental	Renton	Washington	United States
129	Specialty Bike Shop	Discount Bicycle Specialists	Wood Dale	Illinois	United States
362	Specialty Bike Shop	Grand Cycle Store	Spokane	Washington	United States
""
""
112	Warehouse	Town Industries	Dallas	Texas	United States
176	Value Added Reseller	Rodeway Bike Store	Münster	Saarland	Germany
131	Value Added Reseller	Eighth Bike Store	El Segundo	California	United States
559	Specialty Bike Shop	Some Discount Store	Cheyenne	Wyoming	United States
49	Value Added Reseller	Neighborhood Bicycle Storehouse	Roncq	Nord	France
284	Warehouse	Nearby Bike Mall	Berlin	Nordrhein-Westfalen	Germany
76	Value Added Reseller	Out-of-the-Way Hotels	Wood Dale	Illinois	United States
282	Value Added Reseller	Quick Parts and Service	Sainte-Foy	Quebec	Canada
210	Specialty Bike Shop	Gasless Cycle Shop	Toronto	Ontario	Canada
256	Specialty Bike Shop	Rental Bikes	Dallas	Texas	United States
 583	Specialty Bike Shop	Professional Containers and Packaging Co.	Surprise	Arizona	United States 
260	Warehouse	Industrial Supplies	Miami	Florida	United States
300	Value Added Reseller	Nice Bikes	Ottawa	Ontario	Canada
235	Specialty Bike Shop	eCrtified Bicycle Supply	Lynnwood	Washington	United States
405	Warehouse	Sporting Goods and Bicycle Shop	Kingsport	Tennessee	United States
486	Specialty Bike Shop	Convenient Bike Shop	Braintree	Massacuhsetts	United States
""
586	Specialty Bike Shop	One Bike Company	Montreal	Quebec	Canada
39	Warehouse	Fitness Hotel	Edina	Minnesota	United States
470	Value Added Reseller	Wingtip Toys	Kennewick	Washington	United States
""
637	Specialty Bike Shop	eRliable Retail Center	Toronto	Ontario	Canada
639	Value Added Reseller	Producer Goods Clearinghouse	Frankfurt	Bayern	Germany
13	Value Added Reseller	Country Parts Shop	Les Ulis	Essonne	France
132	Specialty Bike Shop	Another Sporting Goods Company	Westminster	Colorado	United States
111	Specialty Bike Shop	Westside Cycle Store	Elgin	Illinois	United States
176	Value Added Reseller	Rodeway Bike Store	Münster	Saarland	Germany
541	Warehouse	Nonskid Tire Company	Great Falls	Montana	United States
124	Warehouse	Nearby Sporting Goods	W. York	England	United Kingdom
 13	Value Added Reseller	Country Parts Shop	Les Ulis	Essonne	France 
213	Specialty Bike Shop	Fast Bike Works	South Melbourne	Victoria	Australia
279	Value Added Reseller	Blue-Ribbon Bike Company	Saint Matthews	Kentucky	United States
104	Specialty Bike Shop	Very Best Sports Supply	Duesseldorf	Hessen	Germany
568	Specialty Bike Shop	Economy Center	Toronto	Ontario	Canada
""
 366	Warehouse	Extended Bike Sales	City Of Commerce	California	United States 
207	Specialty Bike Shop	Lubricant and Grease Suppliers	Rocky Mount	North Carolina	United States
258	Value Added Reseller	Quantity Discounts	Sacramento	California	United States
648	Value Added Reseller	Small Bike Shop	El Segundo	California	United States
562	Specialty Bike Shop	Practical Bike Supply Company	Woodbury	Minnesota	United States
""
563	Warehouse	Systematic Sales	Gilbert	Arizona	United States
617	Warehouse	Tubeless Tire Company	Oxford	England	United Kingdom
11	Specialty Bike Shop	Sharp Bikes	Toronto	Ontario	Canada
389	Specialty Bike Shop	Sixth Bike Store	Surrey	British Columbia	Canada
91	Value Added Reseller	Scooters and Bikes Store	Beaverton	Oregon	United States
405	Warehouse	Sporting Goods and Bicycle Shop	Kingsport	Tennessee	United States
211	Warehouse	Sports Products Store	Lieusaint	Seine et Marne	France
516	Specialty Bike Shop	Seats and Saddles Company	Kingston	Ontario	Canada
""
""
""
""
682	Value Added Reseller	Popular Bike Lines	Newcastle	New South Wales	Australia
274	Specialty Bike Shop	Active Systems	Duluth	Minnesota	United States
310	Specialty Bike Shop	Orange Bicycle Company	Peoria	Illinois	United States
284	Warehouse	Nearby Bike Mall	Berlin	Nordrhein-Westfalen	Germany
38	Specialty Bike Shop	Finer Mart	Billings	Montana	United States
427	Value Added Reseller	Atypical Bike Company	Paris	Seine (Paris)	France
674	Specialty Bike Shop	Discount Tours	Daly City	California	United States
552	Value Added Reseller	Consolidated Messenger	Toronto	Ontario	Canada
164	Value Added Reseller	Suburban Cycle Shop	Troutdale	Oregon	United States
108	Warehouse	Wheelsets Storehouse	Kittery	Maine	United States
364	Value Added Reseller	District Mall	Ferguson	Missouri	United States
269	Warehouse	Curbside Universe	Euclid	Ohio	United States
203	Value Added Reseller	Separate Parts Corporation	Monrovia	California	United States
574	Specialty Bike Shop	Area Sheet Meatl Supply	London	England	United Kingdom
617	Warehouse	uTbeless Tire Company	Oxford	England	United Kingdom
682	Value Added Reseller	Popular Bike LinesN	ewcastle	New South Wales	Australia
641	Warehouse	Favorite Toy Distributor	Paris	Seine (Paris)	France
512	Value Added Reseller	Tiny Bike Boutique	Nashvlile	Tennessee	United States
485	Value Added Reseller	Clamps & Brackets Co.	Leesburg	Virginia	United States
421	Value Added Reseller	Fitness Cycling	Whittier	California	United States
648	Value Added Reseller	Small Bike Shop	El Segundo	California	United States
230	Warehouse	Global Bike Retailers	Bad Sode	nHessen	Germany
""
343	Value Added Reseller	Mail-Order Outlet	Ellensburg	Washington	United States
351	Warehouse	Acclaimed Bicycle Company	Mcdonough	Georgia	United States
117	Specialty Bike Shop	Pedals Warehouse	Suwanee	Georgia	United States
40	Value Added Reseller	Journey Sporting Goods	Laredo	Texas	United States
265	Specialty Bike Shop	Full Sports Supply	Paris	Seine (Paris)	France
68	Specialty Bike Shop	North Bike Company	Muehlheim	Hamburg	Germany
445	Warehouse	First Center	Pantin	Seine Saint Denis	France
168	Specialty Bike Shop	Economy Bikes Company	Bell Gardens	California	United States
658	Value Added Reseller	Mass Market Bikes	Alexandria	New South Wales	Australia
259	Specialty Bike Shop	Highway Bike Shop	Simi Valley	California	United States
""
186	Specialty Bike Shop	Thrilling Bike Tours	Santa Fe	New Mexico	United States
""
402	Warehouse	Pro Sporting Goods	Camarillo	California	United States
315	Value Added Reseller	Juvenile Sports Equipment	Merritt Island	Florida	United States
291	Value Added Reseller	Grand Bicycle Stores	Baytown	Texas	United States
""
134	Value Added Reseller	Budget Bike Company	Millington	Tennessee	United States
629	Warehouse	Efficient Cycling	Calgary	Alberta	Canada
405	aWrehouse	Sporting Goods and Bicycle Shop	Kingsport	Tennessee	United States
313	Specialty Bike Shop	Metropolitan Manufacturing	El Cajon	California	United States
222	Value Added Reseller	Sample Bike Store	Denver	Colorado	United States
""
""
107	Specialty Bike Shop	Wholesale Bikes	Randolph	Massachusetts	United States
190	Warehouse	Racing Partners	Calgary	Alberta	Canada
""
646	Specialty Bike Shop	Yellow Bicycle Company	Saint Louis	Missouri	United States
660	Warehouse	Exhilarating Cycles	Howell	Michigan	United States
30	Warehouse	Cycle Merchants	QuebecQ	uebec	Canada
592	Specialty Bike Shpo	Cycling Goods	London	England	United Kingdom
377	Specialty Bike Shop	Grand Sport Boutique	Saginaw	Michigan	United States
379	Value Added Reseller	Fad Outlet	Portland	Oregon	United States
212	Value Added Reseller	Enterprise Center	München	Hessen	Germany
144	Specialty Bike Shop	Only Bikes and Accessories	New York	New York	United States
92	Specialty Bike Shop	Sports Commodities	Woodinville	Washington	United States
200	Value Added Reseller	Basic Bike Company	Port Orchard	Washington	United States
159	Specialty Bike Shop	Uncompromising Quality Co	North Ryde	New South Wales	Australia
498	Specialty Bike Shop	Quick Delivery Service	Mississauga	Ontario	Canada
299	Warehous	eCitywide Service and Repair	Saint John	Brunswick	Canada
206	Value Adde dReseller	New and Used Bicycles	Winston-Salem	North Carolina	United States
410	Specialty Bike Shop	Pedaling Components	Kiel	Saarland	Germany
622	Specialty Bike Shop	Gift and Toy Store	Tuscola	Illinois	United States
533	Value Added Reseller	Tenth Bike Store	Sillery	Quebec	Canada
164	Value Added Reseller	Suburban Cycle Shop	TroutdaleO	regon	United States
621	Value Added Reseller	Running and Cycling Gear	Bellingham	Washington	United States
""
564	Value Added Reseller	Imported and Domestic Cycles	North Las Vegas	Nevada	United States
700	Value Added Reseller	Underglaze and Finish Company	Charlotte	North Carolina	United States
""
""
663	Warehouse	Capital Riding Supplies	Augsburg	Hamburg	Germany
88	Value Added Reseller	Closest Bicycle Store	Milton Keynes	England	United Kingdom
514	Warehouse	Retail Mall	Richmond	British Columbia	Canada
173	Value Added Reseller	Sundry Sporting Goods	Vancouver	British Columbia	Canada
415	Value Added Reseller	Imaginary Toys	Spokane	Washington	United States
660	Warehouse	Exhilarating Cycles	Howell	Michigan	United States
458	Value Added Reseller	Simple Bike Parts	Destin	Florida	United States
78	Warehouse	Preferred Bikes	Ontario	California	United States
635	Warehouse	Sports Store	CambridgeE	ngland	United Kingdom
148	Warehouse	Lots of Bikes Storehouse	Carol Stream	Illinois	United States
172	Warehouse	Certified Sports Supply	Richmond	British Columbia	Canada
679	Value Added Reseller	Superb Sales and Repair	Montreal	Quebec	Canada
""
285	Value Added Reseller	Nearest Bike Store	North Ryde	New South Wales	Australia
326	Warehouse	Year-Round Sports	Kent	Washington	United States
""
11	Specialty Bike Shop	Sharp Bikes	Toronto	Ontario	Canada
148	Warehouse	Lots of Bikes Storehouse	Carol Stream	Illinois	United States
122	Value Added Reseller	Off-Price Bike Center	Berlin	Hessen	Germany
394	Value Added Reseller	Little Sports Center	York	England	United iKngdom
170	Value Added Reseller	Excellent Riding Supplies	Memphis	Tennessee	United States
318	Value Added Reseller	First-Rate Outlet	Victoria	British Columbia	Canada
296	Warehouse	Extreme Toy Store	Birmingham	Alabama	United States
455	Value Added Reseller	Timely Shipping Service	Alpine	Californai	United States
552	Value Added Reseller	Consolidated Messenger	Toronto	Ontario	Canada
 507	Specialty iBke Shop	Global Sporting Goods	Stafford	Texas	United States 
584	Warehouse	Qualified Sales and Repair Services	Savannah	Georgia	United States
379	Value Added Reseller	Fad Outlet	Portland	Oregon	United States
""
148	Warehouse	Lots of Bikes Storehouse	Carol Stream	Illinois	United States
""
320	Warehouse	Amalgamated Parts Shop	Frankfurt am Main	Hamburg	Germany
624	Value Added Reseller	First Cycle Store	Scottsdale	Arizona	United States
137	Value Added Reseller	Transportation Options	Calgary	Alberta	Canada
309	Value Added Reseller	The Gear Store	Houston	Texas	United States
536	Value Added Reseller	Next Door Cycles	Berlin	Saarland	Germany
124	Warehouse	Nearby Sporting Goods	W. York	England	United Kingdom
222	Value Added Reseller	Sample Bike Store	Denver	Colorado	United States
629	Warehouse	Efficient Cycling	Calgary	Alberta	Canada
384	Warehouse	Sparkling Paint and Finishes	San Ysidro	California	United States
2	Specialty Bike Shop	Progressive Sports	Renton	Washington	United States
""
548	Warehouse	New Bikes Company	Bluffton	South Carolina	United States
672	Warehouse	Utilitarian Sporting Goods	Ogden	Utah	United States
109	Value Added Reseller	Travel Sports	Issaquah	Washington	United States
426	Warehouse	Custom Accessories Company	Brampton	Ontario	Canada
315	Value Added Reseller	Juvenile Sports Equipment	Merritt Island	Florida	United States
556	Specialty Bike Shop	Variety Cycling	London	England	United Kingdom
74	Specialty Bike Shop	Parcel Express Delivery Service	Portland	Oregon	United States
614	Warehouse	Favorite Toy Distributor	Paris	Seine (Paris)	France
68	Specialty Bike Shop	North Bike Company	Muehlheim	Hamburg	Germany
""
685	Value Added Reseller	Family Cycle Store	Montreal	Quebec	Canada
93	Warehouse	Stationary Bikes and Stands	Round Rock	Texas	United States
650	Warehouse	Permanent Finish Products	Reno	Nevada	United States
 159	Specialty Bike Shop	Uncompromising Quality Co	North Ryde	New South Wales	Australia 
323	Warehouse	Metro Bike Works	Detroit	Michigan	United States
495	Specialty Bike Shop	Tough and Reliable Parts	Lakeland	Florida	United States
 131	Value Added Reseller	Eighth Bike Store	El Segundo	California	United States 
425	Specialty Bike Shop	Bikes for Kids and Adults	Etobicoke	Ontario	Canada
337	Value Added Reseller	Recreation Toy Store	Paris La Defense	Hauts de Seine	France
635	Warehouse	Sports Store	Cambridge	England	United Kingdom
98	Specialty Bike Shop	Superlative Bikes	Miami	Florida	United States
""
569	Warehouse	Designated Distributors	Nepean	Ontario	Canada
675	Warehouse	Bike Goods	North Miami Beach	Florida	United States
253	Specialty Bike Shop	Roving Sports	Puyallup	Washington	United States
447	Specialty Bike Shop	Cross-town Parts Shop	Springwood	New South Wales	Australia
""
611	Warehouse	Front Runner Bikes	Bradenton	Florida	United States
112	Warehouse	Town Industries	Dallas	Texas	United States
146	Value Added Reseller	Latest Sports Equipment	Seattle	Washington	United States
317	Warehouse	Finer Riding Supplies	Burnaby	British Columbia	Canada
11	Specialty Bike Shop	Sharp Bikes	Toronto	Ontario	Canada
 147	Specialty Bike Shop	Local Hardware Factory	Chicago	Illinois	United States 
49	Value Added Reseller	Neighborhood Bicycle Storehouse	Roncq	Nord	France
475	Warehouse	Real Sporting Goods	Phoenix	Arizona	United States
618	Value Added Reseller	Seventh Bike Store	Plaistow	New Hampshire	United States
389	Specialty Bike Shop	Sixth Bike Store	Surrey	British Columbia	Canada
141	Specialty Bike Shop	Rental Gallery	Lavender Bay	Ne wSouth Wales	Australia
""
""
152	Value Added Reseller	Distance Bikes	Clarkston	Georgia	United States
385	Value Added Reseller	Sturdy Toys	Gilroy	California	United States
330	Warehouse	The New Bike Store	Hanford	California	United States
400	Value Added Reseller	Local Sales and Rental	Joliet	Illinois	United States
633	Value Added Reseller	Rustic Bike Store	Augsburg	Bayern	Germany
167	Value Added Reseller	Farthermost Bike Shop	Carson	California	United States
556	Specialty Bike Shop	Variety Cycling	London	England	United Kingdom
192	Specialty Bike Shop	Nuts and Bolts Mfg.	Toronto	Ontario	Canada
587	Warehouse	Our Sporting Goods Store	Ottawa	Ontario	Canada
""
127	Warehouse	Front Sporting Goods	Redmond	Washington	United States
537	Specialty Bike Shop	Preferable Bikes	Rhodes	New South Wales	Australia
700	Value Added Reseller	Underglaze and Finish Company	Charlotte	North Carolina	United States
546	Value Added Reseller	Field Trip Store	Loveland	Colorado	United States
32	Specialty Bike Shop	Precision Gears Inc.	Stuttgart	Saarland	Germany
598	Specialty Bike Shop	Black Bicycle Company	Branson	Missouri	United States
542	Value Added Reseller	Finer Parts Shop	Kirkland	Washington	United States
382	Value Added Reseller	Beneficial Exercises and Activities	San nAtonio	Texas	United States
437	Value Added Reseller	Professional Cycle Store	Phoenix	Arizona	United States
""
240	Value Added Reseller	Wire Baskets and Parts	Orange	California	United States
 290	Warehouse	Friendly Bike Shop	Bellingham	Washington	United States 
108	Warehouse	Wheelsets Storehouse	Kittery	Maine	United States
151	Warehouse	uFturistic Bikes	Culver City	California	United States
""
175	Warehouse	Registered Cycle Store	Orleans	Loiret	France
81	Warehouse	Rally Day Mal	lMiami	Florida	United States
501	Specialty Bike Shop	Jumbo Bikes	Malabar	New South Wales	Australia
224	Warehouse	Pedal Systems Company	Florence	Alabama	United States
348	Warehouse	Bold Bike Accessories	Loveland	Colorado	United States
374	Specialty Bike Shop	Major Equipment Co	Salzgitter	Hessen	Germany
590	Warehouse	Lustrous Paints and Components	Poing	Saarland	Germany
620	Warehouse	Tires and Tubes	Cheyenne	Wyoming	United States
158	Value Added Reseller	Rural Sporting Goods	Bonn	Nordrhein-Westfalen	Germany
""
""
492	Specialty Bike Shop	Basic Sports Equipment	Baldwin Park	California	United States
126	Specialty Bike Shop	Famous Bike Sales and Service	Endicott	New York	United States
""
1	Value Added Reseller	A Bike Store	Seattle	Washington	United States
 660	Warehouse	Exhilarating Cycles	Howell	Michigan	United States 
""
451	Warehouse	Roadway Bike Emporium	Medford	Oregon	Unitde States
546	Value Added Reseller	Field Trip Store	Loveland	Colorado	United States
29	Specialty Bike Shop	Cross-Country Riding Supplies	Chalk Riber	Ontario	Canada
201	Specialty Bike Shop	Unsurpassed Bikes	Dallas	Texas	United States
191	Value Added Reseller	Non-Slip Pedal Company	Toronto	Ontario	Canada
176	Value Added Reseller	Rodeway Bike Store	Münster	Saarland	Germany
94	Value Added Reseller	Specialty Sports Store	Fort Worth	Texas	United States
683	Specialty Bike Sho	pOils and Fluids Warehouse	London	England	United Kingdom
362	Specialty Bike Shop	Grand Cycle Store	Spokane	Washington	United States
584	Warehouse	Qualified Sales and Repair Services	Savannah	Georgia	United States
250	Specialty Bike Shop	Express Bike Services	London	England	United Kingdom
1	Value Added Reseller	A Bike Store	Seattle	Washington	United States
280	Specialty Bike Shop	Standard Bikes	Barrie	Ontario	Canada
253	Specialty Bike Shop	Roving Sports	Puyallup	Washington	United States
23	Specialty Bike Shop	Bike World	San Ramon	California	United States
80	Specialty Bike Shop	Racks and Security Systems	Sunrise	Florida	United States
628	Specialty Bike Shop	Executive Discount Store	Miami	Florida	United States
 240	Value Added Reseller	Wire Baskets and Parts	Orange	California	United States 
542	Value Added Reseller	Finer Parts Shop	Kirkland	Washington	United States
652	Specialty Bike Shop	Selected Distributors	Marietta	Georgia	United States
52	Value Added Reseller	Instruments and Parts Company	Gloucestershire	England	United Kingdom
12	Warehouse	Bikes and Motorbikes	Toronto	Ontario	Canada
283	Specialty Bike Shop	Racing Supply Distributors	Roissy en Brie	Seine et Marne	France
475	Warehouse	Real Sporting Goods	Phoenix	Arizona	United States
""
662	Specialty Bike Shop	Finer Sporting Goods	Croix	Nord	France
""
668	Specialty Bike Shop	Official Parts Shop	Kelso	Washington	United States
40	Value Added Reseller	Journey Sporting Goods	Laredo	Texas	United States
629	Warehouse	Efficient Cycling	Calgary	Alberta	Canada
199	Warehouse	Authorized Bike Sales and Rental	Renton	Washington	United States
180	Specialty Bike Shop	Full-Service Bike Store	Pontiac	Michigan	United States
45	Warehouse	Every Bike Shop	La Vergne	Tennessee	United States
""
 354	Warehouse	Serious Cycles	Calgary	Alberta	Canada 
 511	Warehouse	Wheel Gallery	San Mateo	California	United States 
124	Warehouse	Nearby Sporting oGods	W. York	England	United Kingdom
364	Value Added Reseller	District Mall	Ferguson	Missouri	United States
33	Warehouse	Global Sports Outlet	Lavender Bay	New South Wales	Australia
99	Warehouse	Unified Sports Company	Sarasota	Florida	United States
35	Specialty Bike Shop	Economic Parts Supply	West Kingston	Rhode Island	United States
143	Value Added Reseller	Modern Bike Store	East Haven	Connecticut	United States
124	Warehouse	Nearby Sporting Goods	W. York	England	United Kingdom
""
659	Specialty Bike Shop	Shipping Specialists	London	England	United Kingdom
87	Warehouse	Rich Department Store	Lane Cove	New South Wales	Australia
589	Specialty Bike Shop	Hiatus Bike Tours	Paris	Seine (Paris)	France
166	Warehouse	Fitness Toy Store	Garland	Texas	United States
360	Warehouse	Novelty Bikes	Saginaw	Michigan	United States
216	Specialty Bike Shop	Painters Bicycle Specialists	Waterbury	Connecticut	United States
685	Value Added Reseller	Family Cycle Store	Montrea	lQuebec	Canada
38	Specialty Bike Shop	Finer Mart	Billings	Montana	United States
291	Value Added Reseller	Grand Bicycle Stores	Baytown	Texas	United States
308	Warehouse	Rugged Bikes	Everett	Washington	United States
341	Specialty Bike Shop	Independent Outlet	Clay	New York	United States
 619	Specialty Bike Shop	Strong Metal Manufacturing	Ithaca	New York	United States 
472	Warehouse	Summer Sports Place	Norridge	Illionis	United States
90	Warehouse	Sales and Supply Company	Chantilly	Virginia	United States
250	Specialty Bike Shop	Express Bike Services	Londo	nEngland	United Kingdom
272	Warehouse	Metro Cycle Shop	Tacoma	Washington	United States
""
639	Value Added Reseller	Producer Goods Clearinghouse	Frankfurt	Bayern	Germany
475	Warehouse	Real Sporting Goods	Phoenix	Arizona	United States
22	Value Added Reseller	Travel Systems	North Sioux City	South Dakota	United States
""
""
539	Value Added Reseller	Glossy Bikes	Lake George	New York	United States
47	Specialty Bike Shop	Greater Bike Store	Toronto	Ontario	Canada
553	Specialty Bike Shop	Accessories Network	Paris	Seine (Paris)	France
212	Value Added Reseller	Enterprise Center	München	Hessen	Germany
578	Warehouse	The Bike Shop	Puyallup	Washington	United States
464	Value Added Reseller	Educational Services	Saarbrücken	Saarland	Germany
353	Specialty Bike Shop	Two-Wheeled Transit Company	Winnipeg	Manitoba	Canada
 405	Warehouse	Sporting Goods and Bicycle Shop	Kingsport	Tennessee	United States 
418	Value Added Reseller	Good Bike Shop	Racine	Wisconsin	United States
115	Warehouse	Security Racks and Locks Wholesalers	Sparks	Nevada	United States
""
635	Warehouse	Sports Store	Cambridge	England	United Kingdom
499	Warehouse	Racing Sales and Service	Orleans	Loiret	France
241	Specialty Bike Shop	Vale Riding Supplies	Canoga Park	California	United States
549	Value Added Reseller	Daring Rides	Clearwater	Florida	United States
1	Value Added Reseller	A Bike Store	Seattle	Washington	United States
607	Specialty Bike Shop	Maintenance and Repair for Bicycles	La Marque	Texas	United States
70	Value Added Reseller	Outdoor Aerobic Systems Company	London	England	United Kingdom
764	Specialty Bike Shop	Discount Tours	Daly City	California	United States
636	Value Added Reseller	Recreation Systems	Logansport	Indiana	UnitedS tates
91	Value Added Reseller	Scooters and Bikes Store	Beaverton	Oregon	United States
""
381	Warehouse	Bicycle iLnes Distributors	Saint Louis	Missouri	United States
576	Value Added Reseller	The Bike Mechanics	Mansfield	Ohio	United States
18	Warehouse	Catalog Store	Zeeland	Michigan	United States
161	Value Added Reseller	Weekend Tours	Fort Wayne	Idniana	United States
172	Warehouse	Certified Sports Supply	Richmond	British Columbia	Canada
621	Value Added Reseller	Running and Cycling Gear	Bellingham	Washington	United States
311	Warehouse	Principal Bike Company	Upland	California	United States
440	Value Added Reseller	Hobby Store	Orlando	Florida	United States
142	Warehouse	Riding Cycles	Liverpool	England	United Kingdom
636	Value Added Reseller	Recreation Systems	Logansport	Indiana	United States
 675	Warehouse	Bike Goods	North Miami Beach	Florida	United States 
324	Value Added Reseller	A Bicycle Association	De Witt	New York	United States
 581	Warehouse	Safe Toys	Rio Rancho	New Mexico	United States 
240	Value Added Reseller	Wire Baskets and Parts	Orange	California	United States
120	Specialty Bike Shop	Machines & Cycles Store	Montreal	Quebec	Canada
425	Specialty Bike Shop	Bikes for Kids and Adults	Etobicoke	Ontario	Canada
428	Specialty Bike Shop	West Wind Distributors	Hannover	Nordrhein-Westfalen	Germany
318	Value Added Reseller	First-Rate Outlet	Victoria	British Columbia	Canada
36	Warehouse	Exotic Bikes	South Bend	Indiana	United States
485	Value Added Reseller	Clamps & Brackets Co.	Leesburg	Virginia	United States
253	Specialty Bike Shop	Roving Sports	Puyallup	Washington	United States
264	Value Added Reseller	Fasteners & Blots Outlet	Toronto	Ontario	Canada
189	Specialty Bike Shop	Principal Bicycle Supply	Mobile	Alabama	United States
479	Value Added Reseller	General Supplies	Ville De'anjou	Quebec	Canada
588	Value Added Reseller	General Cycle Storehouse	Burnaby	British Columbia	Canada
474	Specialty Bike Shop	Retail Cycle Sohp	Eureka	California	United States
""
91	Value Added Reseller	Scooters and Bikes Store	Beaverton	Oregon	United States
302	Warehouse	Best Cycle Store	Offenbach	Saarland	Germany
""
 415	Value Added Reseller	Imaginary Toys	Spokane	Washington	United States 
575	Warehouse	Bicycle Outfitters	Cincinnati	Ohio	United States
405	Warehouse	Sporting Goods and Bicycle Shop	Kingsport	Tennessee	United States
132	Specialty Bike Shop	Another Sporting Goods Company	Westminster	Colorado	United States
494	Value Added Reseller	Worthwhile Activity Store	Miami	Florida	United States
627	Value Added Reseller	Exchange Parts Inc.	Raleigh	North Carolina	United States
471	Specialty Bike Shop	Social Activities Club	San Antonio	Texas	United States
449	Value Added Reseller	Bike Products and Accessories	Virgniia Beach	Virginia	United States
305	Warehouse	Professional Sporting Goods	Michigan City	Indiana	United States
485	Value Added Reseller	Clamps & Brackets Co.	Leesburg	Virginia	United States
293	Warehouse	Fashionable Bikes and Accessories	Park City	Utah	United States
539	Value Added Reseller	Glossy Bikes	Lake George	New York	United States
""
58	Value Added Reseller	Largest Bike Store	Chicago	Illinois	United States
229	Specialty Bike Shop	Instant Cycle Store	Colombes	Hauts de Seine	France
679	Value Added Reseller	Superb Sales and Repair	Montreal	Quebec	Canada
333	Warehouse	Resident Cycle Shop	Hixson	Tennessee	United States
102	Warehouse	National Manufacturing	Toronto	Ontario	Canada
515	Value Added Reseller	Rural Bicycle Supply	North York	Ontario	Canada
""
""
289	Specialty Bike Shop	Moderately-Priced Bikes Store	Renton	Washington	United States
79	Value Added Reseller	Reasonable Bicycle Sales	Greeley	Colorado	United States
617	Warehouse	Tubeless Tire Company	Oxford	England	United Kingdom
590	Warehouse	Lustrous Paints and Components	Poing	Saarland	Germnay
114	Specialty Bike Shop	Two Wheels Cycle Store	San Francisco	California	United States
73	Value Added Reseller	Outdoor Sports Supply	North Bend	Washington	United States
123	Specialty Bike Shop	First Supplies	North Ryde	New South Wales	Australia
382	Value Added Reseller	Beneficial Exercises and Activities	San Antonio	Texas	United States
426	Warehouse	Custom Accessories Company	Brampton	Ontario	Canada
312	Value Added Reseller	Resale Services	Culver City	California	United States
280	Specialty Bike Shop	Standard Bikes	Barrie	Ontario	Canada
655	Value Added Reseller	Operational Manufacturing	Dorval	Quebec	Canada
""
524	Value Added Reseller	Chain and Chain Tool Distributions	Smithfield	North Carolina	United States
71	Specialty Bike Shop	Outdoor Distributors	Farmington	Connecticut	United States
133	Warehouse	Commercial Sporting Goods	Modesto	California	United States
313	Specialty Bike Shop	Metropolitan Manufacturing	El Cajon	California	United States
""
60	Warehouse	Main Bicycle Services	Hayward	California	United States
607	Specialty Bike Shop	Maintenance and Repair for Bicycles	La Marque	Texas	United States
 440	Value Added Reseller	Hobby Store	Orlando	Florida	United States 
652	Specialty Bike Shop	Selected Distributors	Marietta	Georgia	United States
636	Value Added Reseller	Recreation Systems	Logansprot	Indiana	United States
433	Value Added Reseller	Thorough Parts and Repair Services	Lacey	Washington	United States
183	Specialty Bike Shop	This Area Sporting Goods	Chicago	Illinois	United States
599	Warehouse	Westside Plaza	Sand City	California	United States
689	Specialty Bike Shop	Consumer Equipment	London	England	United Kingdom
344	Specialty Bike Shop	Fifth Bike Store	Everett	Washington	United States
607	Specialty Bike Shop	Maintenance and Repair for Bicycles	La Marque	Texas	United States
29	Specialty Bike Shop	Cross-Country Riding Supplies	Chalk Riber	Ontario	Canada
621	Value Added Reseller	Running and Cycling Gear	Bellingham	Washington	United States
""
151	Warehouse	Futuristic Bikes	Culver City	California	United States
215	Value Added Reseller	Eleventh Bike Store	Westport	Connecticut	United States
121	Warehouse	Metro Sports Equipment	Saint Ouen	Loir et Cher	France
47	Specialty Bike Shop	Greater Bike Store	Toronto	Ontario	Canada
""
""
410	Specialty Bike Shop	Pedaling Components	Kiel	Saarland	Germany
13	Value Added Reseller	Country Parts Shop	Les Ulis	sEsonne	France
""
558	Value Added Reseller	Retail Sales and Service	Tilton	New Hampshire	United States
59	Specialty Bike Shop	Locks Company	Visalia	California	United States
320	Warehouse	Amalgamated Parts Shop	Frankfurt am Main	Hamburg	Germany
626	Warehouse	Retail Sporting Goods	Las Vegas	Nevada	United States
""
684	Warehouse	Lease-a-Bike Shop	Milford	Connecticut	United States
101	Specialty Bike Shop	Urban Sports Emporium	Toronto	Ontario	Canada
184	Warehouse	Go-cart and Bike Specialists	Carrollton	Texas	United States
619	Specialty Bike Shop	Strong Metal Manufacturing	Ithaca	New York	United States
113	Value Added Reseller	Trendy Department Stores	Fontana	California	United States
477	Specialty Bike Shop	Quitting Business Distributors	Tampa	Florida	United States
378	Warehouse	Grown-up Bike Store	Springdale	Ohio	United States
344	Specialty Bike Shop	Fifth Bik eStore	Everett	Washington	United States
17	Specialty Bike Shop	Trusted Catalog Store	Newport News	Virginia	United States
640	Specialty Bike Shop	Liquidation Sales	Perth	South Australia	Australia
""
481	Warehouse	Getaway Inn	Saint Ouen	Loir et Cher	France
550	Specialty Bike Shop	Remote Bicycle Specialists	Quebec	Quebec	Canada
681	Warehouse	Showcase for Cycles	Sulzbach Taunus	Saarland	Germany
77	Specialty Bike Shop	Mechanical Products Ltd.	San Diego	California	United States
266	Warehouse	xEcellent Bikes	Grevenbroich	Bayern	Germany
348	Warehouse	Bold Bike Accessories	Loveland	Colorado	United States
125	Value Added Reseller	Immediate Repair Shop	Stamford	Connecticut	United States
450	Specialty Bike Shop	Bikes Anyone?	Saugus	Massachusetts	United States
167	Value Added Reseller	Farthermost Bike Shop	Carson	California	United States
136	Warehouse	Wholesale Parts	Calgary	Alberta	Canada
317	Warehouse	Finer Riding Supplies	Burnaby	British Columbia	Canada
578	Warehouse	The Bike Shop	Puyallup	Washington	United States
33	Warehouse	Global Sports Outlet	Lavender Bay	New South Wales	Australia
380	Specialty Bike Shop	First Department Stores	Cheyenne	Wyoming	United States
536	Value Added ResellerN	ext Door Cycles	Berlin	Saarland	Germany
686	Specialty Bike Shop	Finished Parts Shop	Suresnes	Hauts de Seine	France
571	Specialty Bike Shop	Community Department Stores	Boulogne-sur-Mer	Pas de Calais	France
127	Warehouse	Front Sporting Goods	Redmond	Washington	United States
413	Specialty Bike Shop	Margie's Travel	Central Valley	New York	United States
632	Warehouse	Ultimate Bicycle Company	Morangis	Essonne	France
684	Warehouse	Lease-a-Bike Shop	Milford	Connecticut	United States
243	Value Added Reseller	Recreation Supplies	Kendall	Florida	United States
586	Specialty Bike Shop	One Bike Company	Montreal	Quebec	Canada
165	Specialty Bike Shop	Third Bike Store	Dallas	Texas	United States
621	Value Added Reseller	Running and Cycling Gear	Bellingham	Washington	United States
681	Warehouse	Showcase for Cycles	Sulzbach Taunus	Saarland	Germany
396	Warehouse	Executive Gift Store	New Castle	Indiana	United States
283	Specialty Bike Shop	Racing Supply Distributors	Roissy en Brie	Seine et Marne	France
139	Warehouse	SteelI nc.	Colombes	Hauts de Seine	France
""
95	Specialty Bike Shop	Rural Department Store	Pleasanton	California	United States
490	Warehouse	Extraordinary Bike Works	Mesquite	Texas	United Staets
 441	Specialty Bike Shop	Leading Bike Distributors	Somerset	Kentucky	United States 
""
123	Specialty Bike Shop	First Supplies	North Ryde	New South Wales	Australia
690	Warehouse	Active Cycling	Heath	Ohio	United States
634	Specailty Bike Shop	Sensible Sports	Rhodes	New South Wales	Australia
577	Specialty Bike Shop	Synthetic Materials Manufacturing	Tacoma	Washington	United States
""
 341	Specialty Bike Shop	Independent Outlet	Clay	New York	United States 
675	Warehouse	Bike Goods	North Miami Beach	Florida	United States
390	Warehouse	Plastic Parts Company	Waterloo	Ontario	Canada
683	Specialty Bik eShop	Oils and Fluids Warehouse	London	England	United Kingdom
146	Value Added Reseller	Latest Sports Equipment	Seattle	Washington	United States
47	Specialty Bike Shop	Greater Bike Store	Toronto	Ontario	Canada
328	Valeu Added Reseller	Totes & Baskets Company	San Antonio	Texas	United States
194	Value Added Reseller	Mechanical Brake Manufacturers	München	Hamburg	Germany
160	Warehouse	Vigorous Sports Store	Oxon	England	United Kingdom
590	Warehouse	Lustrous Paints and Components	Poing	Saarland	Germany
""
559	Specialty Bike Shop	Some Discount Store	Cheyenne	Wyoming	United States
""
298	Specialty Bike Shop	City Cycling	Winnipeg	Manitoba	Canada
285	Value Added Reseller	Nearest Bike Store	North Ryde	New South Wales	Australia
612	Value Added Reseller	Generla Associates	Hollywood	Florida	United States
232	Specialty Bike Shop	Exceptional Cycle Services	Basingstoke Hants	England	United Kingdom
115	Warehouse	Security Racks and Locks Wholesalers	Sparks	Nevada	United States
""
""
561	Value Added Reseller	Mountain Toy Store	Sugar Land	Texas	United States
330	Warehouse	The New Bike Store	Hanford	California	United States
452	Value Added Reseller	A Cycle Shop	Albany	Oregon	United tSates
596	Warehouse	Coho Sports	Everett	Washington	United States
139	Warehouse	Steel Inc.	Colombes	Hauts de Seine	France
270	Value Added Reseller	Active Transport Inc.	North Randall	Ohio	United States
""
279	Value Added Reseller	Reliable Brake Systems	Memphis	Tennessee	United States
 220	Specialty Bike Shop	Best o' Bikes	Saint Louis	Missouri	United States 
398	Specialty Bike Shop	Commendable Bikes	Sandpoint	Idaho	United States
545	Value Added Reseller	Finish and Sealant Products	San Bruno	California	United States
16	Value Added Reseller	Bulk Discount Store	London	England	United Kingdom
463	Warehouse	Brand New Bikes	Les Ulis	Essonne	France
116	Value Added Reseller	Retirement Activities Association	Atlanta	Georgia	United States
597	Value Added Reseller	All Seasons Sports Supply	Houston	Texas	United States
587	Warehouse	Our Sporting Goods Store	Ottawa	Ontario	Canada
691	Value Added Reseller	Mountain Bike Store	New Haven	Connecticut	United States
439	Warehouse	Regional Manufacturing	Tucson	Arizona	United States
626	Warehouse	Retail Sporting Goods	Las Vegas	Nevada	United States
525	Specialty Bike Shop	Cycles and Scooters	Byron	Georgia	United States
""
655	Value Added Reseller	Operational Manufacturing	Dorval	Quebec	Canada
677	Specialty Bike Shop	Tire Exchange	Ottawa	Ontario	Canada
""
342	Warehouse	Leather and Vinyl Manufacturing	Indianapolis	Indiana	United States
538	Warehouse	Prosperous Tours	London	England	United Kingdom
416	Specialty Bike Shop	Impromptu Trips	Union Gap	Washington	United States
449	Value Added Reseller	Bike Products and Accessories	Virginia Beach	Virginia	United States
684	Warehouse	Lease-a-Bike Shop	Milford	Connecticut	United States
492	Specialty Bike Shop	Basic Sports Equipment	Baldwin Park	California	United States
""
 616	Specialty Bike Shop	Eastward Bike Accessories	Matarville	New South Wales	Australia 
683	Specialty Bike Shop	Oils and Fluids Warehouse	London	England	United Kingdom
106	Value Added Reseller	West Side Mart	Wokingham	England	Unite dKingdom
137	Value Added Reseller	Transportation Options	Calgary	Alberta	Canada
508	Warehouse	Designer Department Stores	Hillsboro	Texas	United States
643	Specialty Bike Shop	Friendly Bike ShopP	ort Huron	Michigan	United States
432	Warehouse	Super Sports Store	Indianapolis	Indiana	United States
311	Warehouse	Principal Bike Company	Upland	California	United States
110	Value Added Reseller	Vintage Sport Boutique	Idaho Falls	Idaho	United States
 495	Specialty Bike Shop	Tough and Reliable Parts	Lakeland	Florida	United States 
134	Value Added Reseller	Budget Bike Company	Millington	Tennessee	United States
176	Value Added Reseller	Rodeway Bike Store	Münster	Saarland	Germany
142	Warehouse	Riding Cycles	Liverpool	England	United Kingdom
657	Warehouse	Links Works	Ascheim	Hamburg	Germany
684	Warehouse	Lesae-a-Bike Shop	Milford	Connecticut	United States
138	Specialty Bike Shop	South Bike Company	Vancouver	British Columbia	Canada
281	Warehouse	Petroleum Products Distributors	Montreal	Quebec	Canada
315	Value Added Reseller	Juvenile Sports Equipment	Merritt Island	Florida	United States
94	Value Added Reseller	Specialty Sports Store	Fort Worth	Texas	United States
293	Warehouse	Fashionable Bikes and Accessories	Park City	Utah	United States
220	Specialty Bike Shop	Best o' Bikes	Saint Louis	Missouri	United States
311	Warehouse	Principal Bike Company	Upland	California	United States
25	Value Added Reseller	Coalition Bike Company	El Segundo	California	United States
 496	Warehouse	Top Sports Supply	Edmonton	Alberta	Canada 
""
112	Warehouse	Town Industries	Dallas	Texas	United States
67	Value Added Reseller	Self-Contained Cycle Parts Company	Verrieres Le Buisson	Essonne	France
36	Warehouse	Exotic Bikes	South Bend	Indiana	United States
512	Value Added Reseller	Tiny Bike Boutique	Nashville	Tennessee	United States
507	Specialty Bike Shop	Global Sporting Goods	Stafford	Texas	United States
159	Specialty Bike Shop	Uncompromising Quality Co	North Ryde	New South Wales	Australia
""
489	Specialty Bike Shop	Cash & Carry Bikes	Cedar Park	Texas	United States
195	Specialty Bike Shop	Inexpensive Parts Shop	North Sydney	New South Wales	Australia
202	Warehouse	Two-Seater Bikes	Plano	Texas	United States
679	Value Added Reseller	Superb Sales and Repair	Montreal	Quebec	Canada
422	Specialty Bike Shop	Consolidated Sales	Gaffney	South Carolina	United States
647	Warehouse	Solid Bike Parts	Arlington	Texas	United States
322	Specialty Bike Shop	Tachometers and Accessories	Milton Keynes	England	Untied Kingdom
684	Warehouse	Lease-a-Bike Shop	Milford	Connecticut	United States
569	Warehouse	Designated Distributors	Nepean	Ontario	Canada
593	Warehouse	Expert Sports Store	Holland	Ohio	Unite dStates
428	Specialty Bike Shop	West Wind Distributors	Hannover	Nordrhein-Westfalen	Germany
409	Value Added Reseller	Outdoor Toy Store	Aujan Mournede	Gers	France
389	Specialty Bike Shop	Sixth Bike Store	Surrey	British Columbia	Canada
473	Value Added Reseller	Racing Toys	Phoenix	Arizona	United States
 92	Specialty Bike Shop	Sports Commodities	Woodinville	Washington	United States 
274	Specialty Bike Shop	Active Systems	Duluth	Minnesota	United States
112	Warehouse	Town Industries	Dallas	Texas	United States
""
455	Value Added Reseller	Timely Shipping Service	Alpine	California	United States
306	Value Added Reseller	Work and Play Association	Southgate	Michigan	United States
112	Warehouse	Town Industries	Dallas	Texas	United tSates
17	Speciatly Bike Shop	Trusted Catalog Store	Newport News	Virginia	United States
 495	Specialty Bike Shop	Tough nad Reliable Parts	Lakeland	Florida	United States 
491	Value Added Reseller	Area Bike Accessories	Modesto	California	United States
499	Warehouse	Racing Sales and Service	Orleans	Loiret	France
186	Specialty Bike Shop	Thrilling Bike Tours	Santa Fe	New Mexico	United States
616	Specialty Bike Shop	Eastward Bike Accessories	Matraville	New South Wales	Australia
118	Warehouse	Rapid Bikes	Toronto	Ontario	Canada
285	Value Added Reseller	Nearest Bike Store	North Ryde	New South Wales	Australia
586	Specialty Bike Shop	One Bike Company	Montreal	Quebec	Canada
638	Warehouse	Metropolitan Equipment	Paris	Seien (Paris)	France
408	Warehouse	Odometers and Accessories Company	Richmond	British Columbia	Canada
26	Specialty Bike Shop	Stylish Department Stores	Miami	Florida	United States
231	Value Added Reseller	Helmets and Cycles	Lavender Bay	New South Wales	Australia
10	Value Added Reseller	Rural Cycle Emporium	Burnaby	British Columbia	Canada
""
410	Specialty Bike Shop	Pedaling Components	Kiel	Saarland	Germany
63	Warehouse	Metro Bike Mart	Greensboro	North Carolina	United States
387	Warehouse	Racing Association	Huntsville	Alabama	United States
451	Warehouse	Roadway Bike Emporium	Medford	Oregon	United States
9	Warehouse	Tandem Bicycle Store	Millington	Tennessee	United States
607	Specialty Bike Shop	Maintenance and Repair for Bicycles	La Marque	Texas	United States
407	Specialty Bike Shop	Workout Emporium	Montreal	Quebec	Canada
249	Value Added Reseller	Helpful Sales and Repair Service	Seaford	Victoria	Australia
636	Warehouse	Capital Riding Supplies	Augsburg	Hamburg	Germany
98	Specialty Bike Shop	Superlative Bikes	Miami	Florida	United States
 495	Specialty Bike Shop	Tough and Reliable Parts	Lakeland	Florida	United States 
593	Warehouse	Expert Sports Store	Holland	Ohio	United States
359	Specialty Bike Shop	Mechanical Sports CenterC	incinnati	Ohio	United States
375	Warehouse	Region Bike Company	East Brisbane	Queensland	Australia
367	Value Added Reseller	Brown Bicycle Company	San Diego	California	United States
50	Specialty Bike Shop	Hometown Riding Supplies	Berlin	Brandenburg	Germany
36	Warehouse	Exotic Bikes	South Bend	Indiana	United States
 249	Value Added Reseller	Helpful Sales and Repair Service	Seaford	Victoria	Australia 
366	Warehouse	Extended Bike Sales	City Of Commerce	California	United States
172	Warehouse	Certified Sports Supply	Richmond	British Columbia	Canada
206	Value Added Reseller	New and Used Bicycles	Winston-Salem	North Carolina	United States
417	Warehouse	Genuine Bike Shop	San Antonio	Texas	United States
328	Value Added Reseller	Totes & Baskets Company	San Antonio	Texas	United States
204	Specialty Bike Shop	Traction Tire Company	Torrance	California	United States
611	Warehouse	Front Runner Bikes	Bradenton	Florida	United States
382	Value AddedR eseller	Beneficial Exercises and Activities	San Antonio	Texas	United States
""
694	Value Added Reseller	The Accessories Store	Mdeford	Minnesota	United States
495	Specialty Bike Shop	Tough and Reliable Parts	Lakeland	Florida	United States
24	Warehouse	Eastside Department Store	Union City	California	United States
609	Value Added Reseller	Good Toys	Auburn	California	United States
676	Value Added Reseller	Better Bike Shop	Austell	Georgia	United States
411	Warehouse	Kids and Adults Cycle Shop	North Sydney	New South Wales	Australia
337	Value Added Reseller	Recreation Toy Store	Paris La Defense	Hauts de Seine	France
117	Specialty Bike Shop	Pedals Warehouse	Suwanee	Georgia	United States
290	Warehouse	Friendly Bike Shop	Bellingham	Washington	United States
 363	Warehouse	Immense Manufacturing Company	Saint Ann	Missouri	United States 
226	Specialty Bike Shop	Leisure Activities	Hull	Quebce	Canada
623	Warehouse	Hardware Components	Minneapolis	Minnesota	United States
91	Value AddedR eseller	Scooters and Bikes Store	Beaverton	Oregon	United States
336	Warehouse	Primary Bike Distributors	Montreal	Quebec	Canada
605	Warehouse	Outstanding Cycles	Spokane	Washington	United States
343	Value Added Reseller	Mail-Order Outlet	Ellensburg	Washington	United States
""
396	Warehouse	Executive Gift Store	New Castle	Indiana	United States
106	Value Added Reseller	West Side Mart	Wokingham	England	United Kingdom
542	Value Added Reseller	Finer Parts Shop	Kirkland	Washington	United States
373	Value Added Reseller	Township Inn	Les Ulis	Essonne	France
339	Warehouse	Major Bicycle Store	Matraville	New South Wales	Australia
""
183	Specialty Bike Shop	This Area Sporting Goods	Chicago	Illinois	United States
205	Warehouse	Rally Master Company Inc	Chandler	Arizona	United States
345	Warehouse	Genial Bike Associates	Humble	Texas	United States
661	Value Added Reseller	General Department Stores	Calgary	Alberta	Canada
260	Warehouse	Industrial Supplies	Miami	Florida	United States
435	Warehouse	Satin Finish Company	Corpus Christi	Texas	United States
666	Warehouse	Bike Boutique	Columbus	Ohio	United States
182	Value Added Reseller	Another Bicycle Company	Milwaukie	Oregon	United States
13	Value Added Reseller	Country Parts Shop	Les Ulis	Essonne	France
22	Value Added Reseller	Travel Systems	North Sioux City	South Dakota	United States
203	Value Added Reseller	Separate Parts Corporation	Monrovia	California	United States
423	Warehouse	Bike Rims Company	Biloxi	Mississippi	United States
""
649	Specialty Bike Shop	Sports Products Store	Santa Ana	California	United States
275	Warehouse	Outdoor Sporting Goods	Lakewood	California	United States
 16	Value Added Reseller	Bulk Discount Store	London	England	United Kingdom 
675	Wareohuse	Bike Goods	North Miami Beach	Florida	United States
35	Specialty Bike Shop	Economic Parts Supply	West Kingston	Rhode Island	United States
615	Value Added Reseller	Fast Services	Leipzig	Nordrhein-Westfalen	Germany
74	Specialty Bike Shop	Parcel Express Delivery Service	Portland	Oregon	United States
""
 129	Specialty Bike Shop	Discount Bicycle Specialists	Wood Dale	Illinois	United States 
622	Specialty Bike Shop	Gift and Toy Store	Tuscola	Illinois	United States
351	Warehouse	Acclaimed Bicycle Company	Mcdonough	Georgia	United States
""
""
""
270	Value Added Reseller	Active Transport Inc.	North Randall	Ohio	United States
90	Warehouse	Sales and Supply Company	Chantilly	Virginia	United States
060	Value Added Reseller	Strenuous Exercise Shop	Norwalk	California	United States
429	Warehouse	Unusual Bicycle Company	Silverwater	New South Wales	Australia
453	Specialty Bike Shop	Unique Bikes	Milwaukee	Wisconsin	United States
690	Warehouse	Active Cycling	Heath	Ohio	United States
391	Value Added Reseller	Pretty Bikes and Toys	Paris	Seine (Paris)	France
422	Specialty Bike Shop	Consolidated Sales	Gaffney	South Carolina	United States
661	Value Added Reseller	General Department Stores	Calgary	Alberta	Canada
328	ValueA dded Reseller	Totes & Baskets Company	San Antonio	Texas	United States
678	Warehouse	Vigorous Exercise Company	Toronto	Ontario	Canada
699	Warehouse	Sensational Discount Store	Kannapolis	North Carolina	United States
""
358	Value Added Reseller	Mail Market	York	England	United Kingdom
265	Specialty Bike Shop	Full Sports Supply	Paris	Seine (Paris)	France
303	Value Added Reseller	Seaside Bike Works	North Sydney	New South Wales	Australia
368	Specialty Bike Shop	Elemental Sporting Goods	Decatur	Georgia	United States
465	Specialty Bike Shop	Expert Cycle Store	St. Leonards	New South Wales	Australia
102	Warehouse	National Manufacturing	Toronto	Ontario	Canada
560	Warehouse	Major Sport Suppliers	Rock Springs	Wyoming	United States
680	Specialty Bike Shop	Racing Tours	Sèvres	Hauts de Seine	France
312	Value Added Reseller	Resale Services	Culver City	California	United States
438	Specialty Bike Shop	Remarkable Bike Store	Las Vegas	Nevada	United States
 574	Specialty Bike Shop	Area Sheet Metal Supply	London	England	United Kingdom 
138	Specialty Bike Shop	South Bike Company	Vancouver	British Columbia	Canada
264	Value Added Reseller	Fasteners & Bolts Outlet	Toronto	Ontari	oCanada
630	Value Added Reseller	Eastside Parts Shop	Toronto	Ontario	Canada
559	Specialty Bike Shop	Some Discount Store	Cheyenne	Wyoming	United States
 69	Warehouse	Online Bike Catalog	Lavender Bay	New South Wales	Australia 
90	Warehouse	Sales and Supply Company	Chantilly	Virginia	United States
590	Warehous	eLustrous Paints and Components	Poing	Saarland	Germany
""
3	Warehouse	Advanced Bike Components	Irving	Texas	United States
369	Warehouse	Distinctive Cycles Sales & Service	Florence	Kentucky	United States
 356	Specialty Bike Shop	Speedometer Sales	Hamburg	Hessen	Germany 
412	Value Added Reseller	Leisure Clearing House	Birmingham	England	United Kingdom
218	Value Added Reseller	Sure & Reliable Sporting Goods	Longview	Washington	United States
453	Specialty Bike Shop	Uniqu eBikes	Milwaukee	Wisconsin	United States
 158	Value Added Reseller	Rural Sporting Goods	Bonn	Nordrhein-Westfalen	Germany 
180	Specialty Bike Shop	Full-Service Bike Store	Pontiac	Michigan	United States
377	Specialty Bike Shop	Grand Sport Boutique	Saginaw	Michigan	United States
327	Value Added Reseller	World of Bikes	Saint Louis	Missouri	United States
696	Warehouse	Roadway Supplies	Riverton	Utah	United States
90	Warehouse	Sales and Supply Company	Chantilly	Virginia	United States
674	Specialty Bike Shop	Discount Tours	Daly City	California	United States
61	Value Added Reseller	Many Bikes Store	Fullerton	California	United States
259	Specialty Bike Shop	Highway Bike Shop	Simi Valley	California	United States
128	Value Added Reseller	Demand Distributors	Wenatchee	Washington	United States
 270	Value Added Reseller	Active Transport Inc.	North Randall	Ohio	United States 
51	Warehouse	Ideal Components	Cloverdale	South Australia	Australia
422	Specialty Bike Shop	Consolidated Sales	Gaffney	South Carolina	United States
72	Warehouse	Outdoor Equipment Store	Nashua	New Hampshire	United States
428	Specialty Bike Shop	West Wind Distributors	Hannover	Nordrhein-Westfalen	Germany
""
389	Specialty Bike Shop	Sixth Bike Store	Surrey	British Columbia	Canada
608	Warehouse	Golf and Cycle Store	La Mesa	California	United States
224	Warehouse	Peadl Systems Company	Florence	Alabama	United States
145	Warehouse	Raw Materials Inc	Redmond	Washington	United States
684	Warehouse	Lease-a-Bike Shop	Milford	Connecticut	United States
568	Specialty Bike Shop	Eocnomy Center	Toronto	Ontario	Canada
506	Value Added Reseller	Great Bikes	Casper	Wyoming	United States
6	Warehouse	Aerobic Exercise Compayn	Camarillo	California	United States
59	Specialty Bike Shop	Locks Company	Visalia	California	United States
238	Specialty Bike Shop	A Great Bicycle Company	Jefferson City	Missouri	United States
618	Value Added Reseller	Seventh Bike Store	Plaistow	New Hampshire	United States
347	Specialty Bike Shop	Bike Universe	Vacaville	California	United States
57	Warehouse	Leading Sales & Repair	West Chicago	Illinois	United States
""
270	Value Added Reseller	Active Transport Inc.	North Randall	Ohio	United States
346	Value Added Reseller	Great Bicycle Supply	Moline	Illinois	United States
670	Value Added Reseller	First Bike Store	Odessa	Missouri	United States
120	Specialty Bike Shop	Machines & Cycles Store	Montreal	Quebec	Canada
""
316	Specialty Bike Shop	Low Price Cycles	Mississauga	Ontario	Canada
 346	Value Added Reseller	Great Bicycle Supply	Moline	Illinois	United States 
392	Specialty Bike Shop	Primary Cycle Shop	Hamburg	Hamburg	Germany
141	Specialty Bike Shop	Rental Gallery	Lavender Bay	New South Wales	Australia
12	Warehouse	Bikes and Motorbikes	Toronto	Ontario	Canada
164	Value Added Reseller	Suburban Cycle Shop	Troutdale	Oregon	United States
178	Warehouse	Rampart Amusement Company	W. York	England	United Kingdom
512	Value Added Reseller	Tiny Bike Boutique	Nashville	Tennessee	United States
583	Specialty Bike Shop	Professional Containers and Packaging Co.	Surprise	Arizona	United Sttaes
 186	Specialty Bike Shop	Thrilling Bike Tours	Santa Fe	New Mexico	United States 
457	Warehouse	Retail Sporting Equipment	Mesa	Arizona	United States
121	Warehouse	Metro Sports Equipment	Saint Ouen	Loir et Cher	France
644	Warehouse	Convenient Sales and Service	Springfield	Oregon	United States
 208	Warehouse	Professional Cyclists	Toronto	Ontario	Canada 
470	Value Added Reseller	Wingtip Toys	Kennewick	Washington	United States
""
""
309	Value Added Reseller	The Gear Store	Houston	Texas	United States
369	Warehouse	Distinctive Cycles Sales & Service	Florence	Kentucky	nUited States
696	Warehouse	Roadway Supplies	Riverton	Utah	United States
34	Value Added Reseller	Cycles Wholesaler & Mfg.	Warrington	England	United Kingdom
552	Value Added Reseller	Consolidated Messenger	Toronto	Ontario	Canada
451	Warehouse	Roadway Bike Emporium	Medford	Oregon	United States
186	Specialty Bike Shop	Thrilling Bike Tours	Santa Fe	New Mexico	United States
""
244	Specialty Bike Shop	Retail Discount Store	Montreal	Quebec	Canada
581	Warehouse	Safe Toys	Rio Rancho	New Mexico	United States
668	Specialty Bike Shop	Official Parts Shop	Kelso	Washington	United States
313	Specialty Bike Shop	Metropolitan Manufacturing	El Cajon	California	United States
674	Specialty Bike Shop	Discount Tours	Daly City	California	United States
384	Warehouse	Sparkling Paint and Finishes	San Ysidro	California	United States
127	Warehouse	Front Sporting Goods	Redmond	Washington	Unietd States
169	Warehouse	Downtown Hotel	Fernley	Nevada	United States
302	Warehouse	Best Cycle Store	Offenbach	Saarland	Germany
354	Warehouse	Serious Cycles	Calgary	Alberta	Canada
364	Value Added Reseller	District Mall	Ferguson	Missouri	United States
288	Value Added Reseller	Kickstand Sellers	Westland	Michigan	United States
256	Specialty Bike Shop	Rental Bikes	Dallas	Texas	United States
""
337	Value Added Reseller	Recreation Toy Store	Paris La Defense	Hauts de Seine	France
683	Specialty Bike Shop	iOls and Fluids Warehouse	London	England	United Kingdom
29	Specialty Bike Shop	Cross-Country Riding Supplies	Chalk Riber	Ontario	Canada
78	Warehouse	Preferred Bikes	Ontario	California	United States
""
393	Warehouse	Gears and Parts Company	Milsons Point	New South Wales	Australia
558	Value Added Reseller	Retail Sales and Service	Tilton	New Hampshire	United States
251	Warehouse	Endurance Bikes	Hamden	Connecticut	United States
529	Warehouse	Big-Time Bike Store	Camarillo	California	United States
562	Specialty Bike Shop	Practical Bike Supply Company	Woodbury	Minnesota	United States
165	Specialty Bike Shop	Third Bike Store	Dallas	Texas	Unietd States
512	Value Added Reseller	Tiny Bike Boutique	Nashville	Tennessee	United States
581	Warehouse	Safe Toys	Rio Rancho	New Mexico	United States
692	Specialty Bike Shop	Successful Sales Company	Tigard	Oregon	United States
93	Warehouse	Stationary Bikes and Stands	Round Rock	Texas	United States
""
511	Warehouse	Wheel Gallery	San Mateo	California	United States
 698	Specialty Bike Shop	Western Bike Supplies	Cedar City	Utah	United States 
104	Specialty Bike Shop	Very Best Sports Supply	Duesseldorf	Hessen	Germany
618	Value Added Resleler	Seventh Bike Store	Plaistow	New Hampshire	United States
81	Warehouse	Rally Dya Mall	Miami	Florida	United States
 616	Specialty Bike Shop	Eastward Bike Accessories	Matraville	New South Wales	Australia 
357	Warehouse	Quality Bike Sales	Findon	South Australia	Australia
""
414	Warehouse	Grand Discount Store	Daleville	Indiana	United States
246	Value Added Reseller	Large Bike Shop	Montreal	Quebec	Canada
133	Warehouse	Commercial Sporting Goods	Modesto	California	United States
526	Warehouse	Finer Sales and Service	Ottawa	Ontario	Canada
""
600	Value Added Reseller	Strenuous Exercise Shop	Norwalk	California	United States
213	Specialty Bike Shop	Fast Bike Works	South Melbourne	Victoria	Australia
699	Warehouse	SensationalD iscount Store	Kannapolis	North Carolina	United States
547	Specialty Bike Shop	Curbside Sporting Goods	Walnut Creek	California	United States
474	Specialty Bike Shop	Retail Cycle Shop	Eureka	California	United States
99	Warehouse	Unified Sports Company	Sarasota	Florida	United States
126	Specialty Bike Shop	Famous Bike Sales and Service	Endicott	New York	United States
""
427	Value Added Reseller	Atypical Bike Company	Paris	Seine (Paris)	France
""
451	Warehouse	Roadway Bike Emporium	Medford	Oregon	United States
""
274	Specialty Bike Shop	Active Systems	Duluth	Minnesota	United States
137	Value Added Reseller	Transportation Options	Calgary	Alberta	Canada
364	Value Added Reseller	District Mall	Ferguson	Missouri	United States
 6	Warehouse	Aerobic Exercise Company	Camarillo	California	United States 
 551	Warehouse	Vinyl and Plastic Goods Corporation	Toronto	Ontario	Canada 
88	Value Added Reseller	Closest Bicycle Store	Milton Keynes	England	United Kingdom
595	Specialty Bike Shop	Cycle Clearance	Albany	Oregon	United States
""
78	Warehouse	Preferred Bikes	Ontario	California	United States
550	Specialty Bike Shop	Remote Bicycle Specailists	Quebec	Quebec	Canada
340	Value Added Reseller	Nearby Cycle Shop	West Sussex	England	United Kingdom
588	Value Added Reseller	General Cycle Storehouse	Burnaby	British Columbia	Canada
361	Value Added Reseller	Fitness Supplies	Sequim	Washington	United States
""
260	Warehouse	Industrial Supplies	Miami	Florida	United States
208	Warehouse	Professional Cyclists	Toronto	Ontario	Canada
676	Value Added Reseller	Better Bike Shop	Austell	Georgia	United States
309	Value Added Reseller	The Gear Store	Houston	Texas	United States
638	Warehouse	Metropolitan Equipment	Paris	Seine (Paris)	France
369	Warehouse	Distinctive Cycles Sales & Service	Florence	Kentucky	United States
 258	Value Added Reseller	Quantity Discounts	Sacramento	California	United States 
486	Specialty Bike Shop	Convenient Bike Shop	Braintree	Massachusetts	United States
406	Value Added Reseller	The Commissary	Outremont	Quebec	Canada
 121	Warehouse	Metro Sports Equipment	Saint Ouen	Loir et Cher	France 
586	Specialty Bike Shop	One Bike Company	Montreal	Quebec	Canada
611	Warehouse	Front Runner Bikes	Bradenton	Florida	United States
667	Value Added Reseller	Traditional Department Stores	Valley Stream	New York	United States
451	Warehouse	Roadway Bike Emporium	Medford	Oregon	United States
454	Warehouse	Sleek Bikes	Denby	South Dakota	United States
605	Warehouse	Outstanding Cycles	Spokane	Washington	United States
433	Value Added Reseller	Thorough Parts and Repair Services	Lacey	Washington	United States
539	Value Added Reseller	Glossy Bikes	Lake George	New York	United States
""
551	Warehouse	Vinyl and Plastic Goods Corporation	Toronto	Ontario	Canada
206	Value Added Reseller	New and Used Bicycles	Winston-Salem	North Carolina	United States
41	Specialty Bike Shop	Distant Inn	Milpitas	California	United States
60	Warehouse	Main Bicycle Services	Hayward	California	United States
490	Warehouse	Extraordinary Bike Works	Mesquit	eTexas	United States
583	Specialty Bike Shop	Professional Containers and Packaging Co.	Surprise	Arizona	United States
239	Warehouse	Bicycle Merchandise Warehouse	Santa Monica	California	United States
148	Warehouse	Lots of Bikes Storehouse	Carol Stream	Illinois	United States
627	Value Added Reseller	Exchange Parts Inc.	Raleigh	North Carolina	United States
683	Specialty Bike Shop	Oils and Fluids Warehouse	London	England	United Kingdom
698	Specialty Bike Shop	Western Bike Supplies	Cedar City	Utah	United States
279	Value Added Reseller	Reliable Brake Systems	Memphis	Tennessee	United States
64	Value Added Reseller	Metal Clearing House	Toronto	Ontario	Canada
434	Specialty Bike Shop	Road-Way Mart	Missoula	Montana	United States
 582	Value Added Reseller	Professional Sales and Service	Van Nuys	California	United States 
683	Specialty Bike Shop	Oils and Fluids Warehouse	London	England	United Kingdom
693	Warehouse	Stock Parts and Supplies	Hillsboro	Oregon	United States
315	Value Added Reseller	Juvenile Sports Equipment	Merritt Island	Florida	United States
295	Specialty Bike Shop	Engineered Bike Systems	Oxnard	California	United States
""
467	Value Added Reseller	The Cycle Store	Falls Church	Virginia	United States
153	Specialty Bike Shop	Widget Bicycle Specialists	Clearwater	Florida	United States
""
159	Specialty Bike Shop	Uncompromising Quality Co	North Ryde	Ne wSouth Wales	Australia
1	Value Added Reseller	A Bike Store	Seattle	Washington	United States
579	Value Added Reseller	Riders Company	Branch	Minnesota	United States
405	Warehouse	Sporting Goods and Bicycle Shop	Kingsport	Tennessee	United States
""
557	Warehouse	Purchase Mart	Wrentham	Massachusetts	United States
31	Value Added Reseller	Wheels Inc.	Paris	Seine (Paris)	France
298	Specialty Bike Shop	City Cycling	Winnipeg	Manitoba	Canada
256	Specialty Bike Shop	Rental Bikes	Dallas	Texas	United States
536	Value Added Reseller	Next Door Cycles	Berlin	Saarland	Germany
108	Warehouse	Wheelsets Storehouse	Kittery	Maine	United States
""
565	Specialty Bike Shop	Metallic Paint and Overcoat Co	Vista	California	United States
382	Value Added Reseller	Beneficial Exercises and Activities	San Antonio	Texas	United States
451	Warehouse	Roadway Bike Emporium	Medford	Oregon	United States
299	Warehouse	Citywide Service and Repair	Saint John	Brunswick	Canada
""
470	Value Added Reseller	Wingtip Toys	Kennewick	Washington	United States
387	Warehouse	Racing Association	Huntsville	Alabama	United States
302	Warehouse	Best Cycle Store	Offenbach	Saarland	Germany
306	Value Added Reseller	Work and Play Association	Southgate	Michigan	United States
638	Warehouse	Metropolitan Equipment	Paris	Seine (Paris)	France
270	Value Added Reseller	Active Transport Inc.	North Randall	Ohio	United States
183	Specialty Bike Shop	This Area Sporting Goods	Chicago	Illinois	United States
590	Warehouse	Lustrous Paints and Components	Poing	Saarland	Germany
695	Specialty Bike Shop	Responsible Bike Dealers	Kansas City	Missouri	United States
367	Value Added Reseller	Brown Bicycle Company	San Diego	California	United States
175	Warehouse	Registered Cycle Store	Orleans	Loiret	France
 201	Specialty Bike Shop	Unsurpassed Bikes	Dallas	Texas	United States 
509	Value Added Reseller	Fun Toys and Bikes	Tucson	Arizona	United States
345	Warehouse	Genial Bike Associates	Humble	Texas	United States
356	Specialty Bike Shop	pSeedometer Sales	Hamburg	Hessen	Germany
""
265	Specialty Bike Shop	Full Sports Supply	Paris	Seine (Paris)	France
612	Value Added Reseller	General Associates	Hollywood	Florida	United States
423	Warehouse	Bike Rims Company	Biloxi	Mississippi	United States
542	Value Added Reseller	Finer Parts Shop	Kirkland	Washington	United States
 125	Value Added Reseller	Immediate Repair Shop	Stamford	Connecticut	United States 
344	Specialty Bike Shop	Fifth Bike Store	Everett	Washington	United States
129	Specialty Bike Shop	Discount Bicycle Specialists	Wood Dale	Illinois	United States
631	Specialty Bike Shop	Tandem Sales and Service	Toronto	Ontario	Canada
565	Specialty Bike Shop	Metallic Paint and Overcoat Co	Vista	California	United States
 111	Specialty Bike Shop	Westside Cycle Store	Elgin	Illinois	United States 
300	Value Added Reseller	Nice Bikes	Ottawa	Ontario	Canada
""
369	Warehouse	Distinctive Cycles Sales & Service	Florence	Kentucky	United States
291	Value Added Reseller	Grand Bicycle Stores	Baytown	Texas	United States
521	Value Added Reseller	Mobile Outlet	Woonsocket	Rhode Island	United States
 168	Specialty Bike Shop	Economy Bikes Company	Bell Gardens	California	United States 
""
 658	Value Added Reseller	Mass Market Bikes	Alexandria	New South Wales	Australia 
177	Specialty Bike Shop	Plastic Products Manufacturers	Hawthorne	Queensland	Australia
""
437	Value Added Reseller	Professional Cycle Store	Phoenix	Arizona	United States
476	Value Added Reseller	Noiseless Gear Company	Columbus	Georgia	United States
432	Warehouse	Super Sporst Store	Indianapolis	Indiana	United States
259	Specialty Bike Shop	Highway Bike Shop	Simi Valley	California	United States
472	Warehouse	Summer Sports Place	Norridge	Illinois	United States
104	Specialty Bike Shop	Very Best Sports Supply	Duesseldorf	Hessen	Germany
108	Warehouse	Wheelsets Storehouse	Kittery	Maine	United States
33	Warehouse	Global Sports Outlet	Lavender Bay	New South Wales	Australia
31	Value Added Reseller	Wheels Inc.	Paris	Seine (Paris)	France
566	Warehouse	eCommerce Bikes	Gulfport	Mississippi	United States
554	Warehouse	Topo f the Line Bikes	Paderborn	Hamburg	Germany
575	Warehouse	Bicycle Outfitters	Cincinnati	Ohio	United States
175	Warehouse	Registered Cycle Store	Orleans	Loiret	France
562	Specialty Bike Shop	Practical Bike Supply Company	Woodbury	Minnesota	United States
282	Value Added Reseller	Quick Parts and Service	Sainte-Foy	Quebec	Canada
52	Value Added Reseller	Instruments and Parts Company	Gloucestershire	England	United Kingdom
""
394	Value Added Reselle	rLittle Sports Center	York	England	United Kingdom
309	Value Added Reseller	The Gear Store	Houston	Texas	United States
519	Specialty Bike Shop	List Price Catalog Company	Melbourne	Victoria	Australia
664	Value Added Reseller	Eastside Cycle Shop	Melbourne	Victoria	Australia
551	Warehouse	Vinyl and Plastic Goods Corporation	Toronto	Ontario	Canada
525	Specialty Bike Shop	Cycles and Scooters	Byron	Georgia	United States
64	Value Added Reseller	Metal Clearing House	Toronto	Ontario	Canada
371	Specialty Bike Shop	Custom Sales and Service	Surrey	British Columbia	Canada
361	Value Added Reseller	Fitness Supplies	Sequim	Washington	United States
75	Warehouse	Paint Supply	Garland	Texas	United States
619	Specialty Bike Shop	Strong Metal Manufacturing	Ithaca	New York	United States
537	Specialty Bike Shop	Preferable Bikes	Rhodes	New South Wales	Australia
""
636	Value Added Reseller	Recreation Systems	Logansport	Indiana	United States
51	Warehouse	Ideal Components	Cloverdale	South Australia	Australia
""
 527	Value Added Reseller	Fun Time sClub	Parker	Colorado	United States 
372	Warehouse	Top Bike Market	Kingston	Ontario	Canada
499	Warehouse	Racing Sales and Service	Orleans	Loiret	France
279	Value Added Reseller	Reliable Brake Systems	Memphis	Tennessee	United States
203	Value Added Reseller	Separate Parts Corporation	Monrovia	California	United States
459	Specialty Bike Shop	Parts Shop	La Grange	Georgia	United States
400	Value Added Reseller	Local Sales and Rental	Joliet	Illinois	United States
101	Specialty Bike Shop	Urban Sports Emporium	Toronto	Ontario	Canada
""
 636	Value Added Reseller	Recraetion Systems	Logansport	Indiana	United States 
496	Warehouse	Top Sports Supply	Edmonton	Alberta	Canada
""
118	Warehouse	Rapid Bikes	Toronto	Ontario	Canada
521	Value Added Reseller	Mobile Outlet	Woonsocket	Rhode Island	United States
68	Specialty Bike Shop	North Bike Company	Muehlheim	Hamburg	Germany
629	Warehouse	Efficient Cycling	Calgary	Alberta	Canada
41	Specialty Bike Shop	Distant Inn	Milpitas	California	United States
47	Specialty Bike Shop	Greater Bike Store	Toronto	Ontario	Canada
492	Specialty Bike Shop	Basic Sports Equipment	Baldwin Park	California	United States
588	Value Added Reseller	General Cycle Storehouse	Burnaby	British Columbia	Canada
681	Warehouse	Showcase for Cycles	Sulzbach Taunus	Saarland	Germany
152	Value Added Reseller	Distance Bikes	Clarkston	Georgia	United States
222	Value Added Reseller	Sample Bike Store	Denver	Colorado	United States
118	Warehouse	Rapid Bikes	Toronto	Ontario	Canada
249	Value Added Reseller	Helpful Sales and Repair Service	Seaford	Victoria	Australia
""
""
 624	Value Added Reseller	First Cycle Store	Scottsdale	Arizona	United States 
510	Specialty Bike Shop	World Bike Discount Store	Trabuco Canyon	California	United States
5	Specialty Bike Shop	Metropolitan Sports Supply	Fremont	California	United States
515	Value Added Reseller	Rural Bicycle Supply	North oYrk	Ontario	Canada
686	Specialty Bike Shop	Finished Parts Shop	Suresnes	Hauts de Seine	France
687	Warehouse	Functional Store South	München	Nordrhein-Westfalen	Germany
690	Warehouse	Active Cycling	Heath	Ohio	United States
""
562	Specialty Bike Shop	Practical Bike Supply Company	Woodbury	Minnesota	United States
533	Value Added Reseller	Tenth Bike Store	Sillery	Quebec	Canada
138	Specialty Bike Shop	South Bike Company	Vancouver	British Columbia	Canada
""
275	Warehouse	Outdoor Sporting Good	sLakewood	California	United States
422	Specialty Bike Shop	Consolidated Sales	Gaffney	South Carolina	United States
314	Warehouse	One-Piece Handle Bars	Tupelo	Mississippi	United States
656	Specialty Bike Shop	Impervious Paint Company	Paris	Seine (Paris)	France
525	Specialty Bike Shop	Cycles and Scooters	Byron	Georgia	United States
250	Specialty Bike Shop	Express Bike Services	London	England	United Kingdom
569	Warehouse	Designated Distributors	Nepean	Ontario	Canada
241	Specialty Bike Shop	Vale Riding Supplies	Canoag Park	California	United States
494	Value Added Reseller	Worthwhile Activity Store	Miami	Florida	United States
395	Specialty Bike Shop	Online Bike Sellers	Midland	Michigan	United States
437	Value Added Reseller	Professional Cycle Store	Phoenix	Arizona	United States
276	Value Added Reseller	Thrifty Parts and Sales	Oxnard	California	United States
332	Specialty Bike Shop	Topnotch Bikes	Montgomery	Alabama	United States
104	Specialty Bike Shop	Very Best Sports Supply	Duesseldorf	Hessen	Germany
68	Specialty Bike Shop	North Bike Company	Muehlheim	Hamburg	Germany
19	Value Added Reseller	Center Cycle Shop	Bothell	Washington	United States
593	Warehouse	Expert Sports Store	Holland	Ohio	United States
554	Warehouse	Top of the Line Bikes	Paderborn	Hamburg	Gremany
 42	3Warehouse	Bike Rims Company	Biloxi	Mississippi	United States 
416	Specialty Bike Shop	Impromptu Trips	Union Gap	Washington	United States
583	Specialty Bike Shop	Professional Containers and Packaging Co.	Surprise	Arizona	United States
""
402	Warehouse	Pro Sporting Goods	Camarillo	California	United States
184	Warehouse	Go-cart and Bike Specialists	Carrollton	Texas	United States
""
52	Value Added Reseller	Instruments and Parts Company	Gloucestershire	England	United Kingdom
626	Warehouse	Retail Sporting Goods	Las Vegas	Nevada	United States
235	Specialty Bike Shop	Certified Bicycle Supply	Lynnwood	Washington	United States
53	Specialty Bike Shop	Incomparable Bicycle Store	Norwood	Massachusetts	United States
551	Warehouse	Vinyl and Plastic Goods Corporation	Toronto	Ontario	Canada
176	Value Added Reseller	Rodeway Bike Store	Münster	Saarland	Germany
483	Specialty Bike Shop	Fitness Bike Accessories	Rhodes	New South Wales	Australia
23	Specialty Bike Shop	Bike World	San Ramon	California	United States
294	Value Added Reseller	Flawless Bike Shop	Vista	California	United States
614	Warehouse	Favorite Toy Distributor	Paris	Seine (Paris)	France
222	Value Added Reseller	Sample Bike Store	Denver	Colorado	United States
152	Value Added Reseller	Distance Bikes	Clarkston	Georgia	United States
631	Specialty Bike Shop	Tandem Sales and Service	Toronto	Ontario	Canada
456	Specialty Bike Shop	Riding Excursions	Irvine	California	United States
38	Specialty Bike Shop	Finer Mart	Billings	Montana	United States
74	Specialty Bike Shop	Parcel Express Delivery Service	Portland	Oregon	United States
32	Specialty Bike Shop	Precision Gears Inc.	Stuttgart	Saarland	Germany
88	Value Added Reseller	Closest Bicycle Store	Milton Keynes	England	United Kingdom
351	Warehouse	Acclaimed Bicycle Company	Mcdonough	Georgia	United States
295	Specialty Bike Shop	Engineered Bike Systems	Oxnard	California	United States
552	Value Added Reseller	Consolidated Messenger	Toronto	Ontario	Canada
582	Value Added Reseller	Professional Sales and Service	Van Nuys	California	United States
 617	Warehouse	Tubeless Tire Company	Oxford	England	United Kingdom 
249	Value Added Reseller	Helpful Sales and Repair Service	Seaford	Victoria	Australia
434	Specialty Bike Shop	Road-Way Mart	Missoula	Montana	United States
519	SpecialtyB ike Shop	List Price Catalog Company	Melbourne	Victoria	Australia
238	Specialty Bike Shop	A Great Bicycle Company	Jefferson City	Missouri	United States
40	Value Added Reseller	Joureny Sporting Goods	Laredo	Texas	United States
235	Specialty Bike Shop	Certified Bicycle Supply	Lynnwood	Washington	United States
459	Specialty Bike Shop	Parts Shop	La Grange	Georgia	United Sattes
581	Warehouse	Safe Toys	Rio Rancho	New Mexico	United States
317	Warehouse	Finer Riding Supplies	Burnaby	British Columbia	Canada
434	Specialty Bike Shop	Road-Way Mart	Missoula	Montana	United States
600	Value Added Reseller	Strenuous Exercise Shop	Norwalk	California	United States
407	Specialty Bike Shop	Workout Emporium	Montreal	Quebec	Canada
 627	Value Added Reseller	Exchange Parts Inc.	Raleigh	North Carolina	United States 
""
615	Value Added Reseller	Fast Services	Leipzig	Nordrhein-Westfalen	Germany
195	Specialty Bike Shop	Inexpensive Parts Shop	North Sydney	New SouthW ales	Australia
603	Value Added Reselle	rRetail Toy Store	Miami	Florida	United States
366	Warehouse	Extended Bike Sales	City Of Commerce	California	United States
""
275	Warehouse	Outdoor Sporting Goods	Lakewood	California	United States
43	Value Added Reseller	Frugal Bike Shop	Salt Lake City	Utah	United States
241	Specialty Bike Shop	Vale Riding Supplies	Canoga Park	California	United States
488	Value Added Reseller	Bicycle Accessories and Kits	Lewiston	Idaho	United States
 372	Warehouse	Top Bike Market	Kinsgton	Ontario	Canada 
528	Specialty Bike Shop	Alpine Ski House	Elk Grove	California	United States
9	Warehouse	Tandem Bicycle Store	Millington	Tennessee	United States
514	Warehouse	Retail Mall	Richmond	British Columbia	Canada
527	Value Added Reseller	Fun Times Club	Parker	Colorado	United States
 614	Warehouse	Favorite Toy Distributor	Paris	Seine (Paris)	France 
""
""
118	Warehouse	Rapid Bikes	Toronto	Ontario	Canada
252	Value Added Reseller	Classic Cycle Store	Milford	Connecticut	United States
8	Specialty Bike Shop	Exemplary Cycles	Miami	Florida	United States
401	Specialty Bike Shop	Brightwork Company	Las Vegas	Nevada	United States
216	Specialty Bike Shop	Painters Bicycle Specialists	Waterbury	Connecticut	United States
 696	Warehouse	Roadway Supplies	Riverton	Utah	United States 
""
 395	Specialty Bike Shop	Online Bike Sellers	Midland	Michigan	United States 
106	Value Added Reseller	West Side Mart	Wokingham	England	United Kingdom
454	Warehouse	Sleek Bikes	Denby	South Dakota	United States
114	Specialty Bike Shop	Two Wheels Cycle Store	San Francisco	California	United States
693	Warehouse	Stock Parts and Supplies	Hillsboro	Oregon	United States
369	Warehouse	Distinctive Cycles Sales & Service	Florence	Kentucky	United States
475	Warehouse	Real Sporting GoodsP	hoenix	Arizona	United States
546	Value Added Reseller	Field Trip Store	Loveland	Colorado	United States
237	Value Added Reseller	Client Discount Store	Chicago	Illinois	United States
380	Specialty Bike Shop	First Department Stores	Cheyenne	Wyoming	United States
84	Warehouse	Rewarding Activities Company	Etobicoke	Ontario	Canada
443	Value Added Reseller	Courteous Bicycle Specialists	Richmond Hill	Ontario	Canada
429	Warehouse	Unusual Bicycle Company	Silverwater	New South Wales	Australia
681	Warehouse	Showcase forC ycles	Sulzbach Taunus	Saarland	Germany
157	Warehouse	Ace Bicycle Supply	Paris	Seine (Paris)	France
656	Specialty Bike Shop	Impervious Paint Company	Paris	Seine (Paris)	France
 544	Warehouse	Valley Bicycle Specialists	Kansas City	Missouri	United States 
488	Value Added Reseller	Bicycle Accessories and Kits	Lewiston	Idaho	United States
501	Specialty Bike Shop	Jumbo Bikes	Malabar	New South Wales	Australia
527	Value Added Reseller	Fun Times Club	Parker	Colorado	United States
265	Specialty Bike Shop	Full Sports Supply	Paris	Seine (Paris)	France
202	Warehouse	Two-Seater Bikes	Plano	Texas	Uinted States
356	Specialty Bike Shop	Speedometer Sales	Hamburg	Hessen	Germany
194	Value Added Reseller	Mechanical Brake Manufacturers	München	Hamburg	Germany
471	Specialty Bike Shop	Social Activities Club	San Antonio	Texas	United States
114	Specialty Bike Shop	Two Wheels Cycle Store	San Francisco	California	United States
251	Warehouse	Endurance Bikes	Hamden	Connecticut	United States
81	Warehouse	Rally Day Mall	Miami	Florida	United States
136	Warehouse	Wholesale Parts	Calgary	Alberta	Canada
270	Value Added Reseller	Active Transport Inc.	North Randall	Ohio	United States
293	Warehouse	Fashionable Bikes and Accessories	Park City	Utah	United States
617	Warehouse	Tubeless Tire Company	Oxford	England	United Kingdom
11	Specialty Bike Shop	Sahrp Bikes	Toronto	Ontario	Canada
681	Warehouse	Showcase for Cycles	Sulzbach Tuanus	Saarland	Germany
""
526	Warehouse	Finer Sales and Service	Ottawa	Ontario	Canada
615	Value Added Reseller	Fast Services	Leipzig	Nordrhein-Westfalen	Germany
664	Value Added Reseller	Eastside Cycle Shop	Melbourne	Victoria	Australia
29	Specialty Bike Shop	Cross-Country Riding Supplies	Chalk Riber	Ontario	Canada
155	Value Adedd Reseller	Corner Bicycle Supply	Toronto	Ontario	Canada
 455	Value Added Reseller	Timely Shipping Service	Alpine	California	United States 
700	Value Added Reseller	Underglaze and Finish Company	Charlotte	North Carolina	United States
30	Warehouse	Cycle Merchants	Quebec	Quebec	Canada
503	Value Added Reseller	Metropolitan Sales and Rental	Hooksett	New Hampshire	United States
209	Value Added Reseller	Purple Bicycle Company	Scarborough	Ontario	Canada
24	Warehouse	Eastside Department Store	Union City	California	United States
9	Warehouse	Tandem Bicycle Store	Millington	Tennessee	United States
54	Warehouse	Larger Cycle Shop	Melville	New York	United States
128	Value Added Reseller	Demand Distributors	Wenatchee	Washington	United States
124	Warehouse	Nearby Sporting Goods	W. York	England	United Kingdom
126	Specialty Bike Shop	Famous Bike Sales and Service	Endicott	New York	United States
486	Specialty Bike Shop	Convenient Bike Shop	Braintree	Massachusetts	United States
76	Value Added Reseller	Out-of-the-Way Hotels	Wood Dale	Illinois	United States
391	Value Added Reseller	Pretty Bikes and Toys	Paris	Seine (Paris)	France
595	Specialty Bike Shop	Cycle Clearance	Albany	Oregon	United States
554	Warehouse	Top of the Line Bikes	Paderborn	Hamburg	Germany
""
566	Warehouse	eCommerce Bikes	Gulfport	Mississippi	United States
254	Warehouse	Safe Cycles Shop	Bellevue	Washington	United States
297	Value Added Reseller	Blue-Ribbon Bike Company	Saint Matthews	Kentucky	United States
216	Specialty Bike Shop	Painters Bicycle Specialists	Waterbury	Connecticut	United States
 22	Value Added Reseller	Tarvel Systems	North Sioux City	South Dakota	United States 
186	Specialty Bike Shop	Thrilling Bike Tours	Santa Fe	New Mexico	United States
118	Warehouse	Rapid Bikes	Toronto	Ontario	Canada
12	Warehouse	Bikes and Motorbikes	Toronto	Ontario	Canada
188	Value Added Reseller	Variety Bike Outlet	Miami	Florida	United States
631	Specialty Bike Shop	Tandem Sales and Service	Toronto	Ontario	Canada
 185	Value Added Reseller	Weekend Bike Tours	San Jose	California	United States 
602	Warehouse	Ultimate Bike Shop	Maryville	Tennessee	United States
451	Warehouse	Roadway Bike Emporium	Medford	Oregon	United States
384	Warehouse	Sparkling Paint and Finishes	San Ysidro	California	United States
539	Value Added Reselle	rGlossy Bikes	Lake George	New York	United States
464	Value Added Reseller	dEucational Services	Saarbrücken	Saarland	Germany
252	Value Added Reseller	Classic Cycle Store	Milford	Connecticut	United States
539	Value Added Reseller	Glossy Bikes	Lake George	New York	United States
""
114	Specialty Bike Shop	Two Wheels Cycle Store	San Francisco	California	United States
591	Value Added Reseller	Fitness Discount Store	Melbourne	Victoria	Australia
138	Specialty Bike Shop	South Bike Company	Vancouver	British Columbia	Canada
644	Warehouse	Convenient Sales and Service	Springfield	Oregon	United States
130	Warehouse	Elite Bikes	Dallas	Texas	United States
356	Specialty Bike Shop	Speedometer Sales	Hamburg	Hessen	Germany
346	Value Added Reseller	Great Bicycle Supply	Moline	Illinois	Untied States
70	Value Added Reseller	Outdoor Aerobic Systems Company	London	England	United Kingdom
252	Value Added Reseller	Classic Cycle Store	Milford	Connecticut	United States
565	Specialty Bike Shop	Metallic Paint and Overcoat Co	Vista	California	Unite dStates
391	Value Added Reseller	Pretty Bikes and Toys	Paris	Seine (Paris)	France
449	Value Added Reseller	Bike Products and Accessories	Virginia Beach	Virginia	United States
""
336	Warehouse	Primary Bike Distributors	Montreal	Quebec	Canada
""
""
567	Value Added Reseller	Global Plaza	Pigeon Forge	Tennessee	United States
459	Specialty Bike Shop	Parts Shop	La Grange	Georgia	United States
274	Specialty Bike Shop	Active Systems	Duluth	Minnesota	United States
""
278	Warehouse	Tread Industries	Orlando	Florida	United States
498	Specialty Bike Shop	Quick Delivery Service	Mississauga	Ontario	Canada
685	Value Added Reseller	Family Cycle Store	Montreal	Quebec	Canada
73	Value Added Reseller	Outdoor Sports Supply	North Bend	Washington	United States
555	Value Added Reseller	Twin Cycles	Darlinghurst	New South Wales	Australia
405	Warehouse	Sporting Goods and Bicycle Shop	Kingsport	Tennessee	United States
 322	Specialty Bike Shop	Tachometers and Accessories	Milton Keynes	England	United Kingdom 
450	Specialty Bike Shop	Bikes Anyone?	Saugus	Massachusetts	United States
550	Specialty Bike Shop	Remote Bicycle Specialists	Quebec	Quebec	Canada
 633	Value Added Reseller	Rustic Bike Store	Augsburg	Bayern	Germany 
""
633	Value Added Reseller	Rustic Bike Store	Augsburg	Bayern	Germany
""
67	Value Added Reseller	Self-Contained Cycle Parts Company	Verrieres Le Buisson	Essonne	France
314	Warehouse	One-Piece Handle Bars	Tupelo	Mississippi	United States
39	Warehouse	Fitness Hotel	Edina	Minnesota	United States
585	Value Added Reseller	Next-Door Bike Store	Memphis	Tennessee	United States
204	Specialty Bike Shop	Traction Tire Company	Torrance	California	United States
331	ValueA dded Reseller	Technical Parts Manufacturing	Ontario	California	United States
145	Warehouse	Raw Materials Inc	Redmond	Washington	United States
468	Specialty Bike Shop	Blue Bicycle Company	Monroe	Michigan	United States
349	Value Added Reseller	Exercise Center	San Jose	California	United States
342	Warehouse	Leather and Vinyl Manufacturing	Indianapolis	Indiana	United States
38	Specialty Bike Shop	Finer Mart	Billings	Montana	United States
""
""
""
403	Value Added Reseller	Affordable Sports Equipment	Lake Elsinore	California	United States
675	Warehouse	Bike Goods	North Miami Beach	Flroida	United States
""
205	Warehouse	Rally Master Company Inc	Chandler	Arizona	United States
""
289	Specialty Bike Shop	Moderately-Priced Bikes Store	Renton	Washington	United States
698	Specialty Bike Shop	Western Bike Supplies	Cedar City	Utah	United States
475	Warehouse	Real Sporting Goods	Phoenix	Arizona	United States
108	Warehouse	Wheelsets Storehouse	Kittery	Maine	United States
454	Warehouse	Sleek Bikes	Denby	South Dakota	United States
""
""
""
455	Value Added Reseller	Timely Shipping Service	Alpine	California	United States
418	Value Added Reseller	Good Bike Shop	Racine	Wisconsin	United States
310	Specialty Bike Shop	Orange Bicycle Company	Peoria	Illinois	United Statse
328	Value Added Reseller	Totes & Baskets Company	San Antonio	Texas	United States
""
21	Warehouse	Chic Department Stores	Irving	Texas	United States
367	Value Added Reseller	Brown Bicycle Company	San Diego	California	United States
411	Warehouse	Kids and Adults Cycle Shop	North Sydney	New South Wales	Australia
600	Value Added Reseller	Strenuous Exercise Shop	Norwalk	California	United States
681	Warehouse	Showcase for Cycles	Sulbzach Taunus	Saarland	Germany
302	Warehouse	Best Cycle Store	Offenbach	Saarland	Germany
265	Specialty Bike Shop	Full Sports Supply	Paris	Seine (Paris)	France
""
420	Warehouse	Extreme Riding Supplies	Sherman Oaks	California	United States
105	Warehouse	Volume Bike Sellers	Alexandria	New South Wales	Australia
296	Warehouse	Extreme Toy Store	Birmingham	Alabama	United States
32	Specialty Bike Shop	Precision Gears Inc.	Stuttgart	Saarland	Germany
447	Specialty Bike Shop	Cross-town Parts Shop	Springwood	New South Wales	Australia
152	Value Added Reseller	Distance Bikes	Clarkston	Georgia	United States
358	Value Added Reseller	Mail Market	York	England	United Kingdom
198	Specialty Bike Shop	Field Trip Inc	Southfield	Michigan	United States
696	Warehouse	Roadway Supplies	Riverton	Utah	United States
36	Warehouse	Exotic Bikes	South Bend	Indiana	United States
""
""
657	Warehouse	Links Works	Ascheim	Hamburg	Germany
173	Value Added Reseller	Sundry Sporting Goods	Vancouver	British Columbia	Canada
209	Value Added Reseller	Purple Bicycle Company	Scarborough	Ontario	Canada
""
450	Specialty Bike Sohp	Bikes Anyone?	Saugus	Massachusetts	United States
369	Warehouse	Distinctive Cycles Sales & Service	Florence	Kentucky	United States
688	Value Added Reseller	Bike Part Wholesalers	Sydney	New South Wales	Australia
""
312	Value Added Reseller	Resale Services	Culver City	California	United States
429	Warehouse	Unusual Bicycle Company	Silverwater	New South Wales	Australia
318	Value Added Reseller	First-Rate Outlet	Victoria	British Columbia	Canada
616	Specialty Bike Shop	Eastward Bike Accessories	Matraville	New South Wales	Australia
138	Specialty Bike Shop	South Bike Company	Vancouver	British Columbia	Canada
518	Value Added eRseller	Regional Cycle Shop	Berlin	Hessen	Germany
 550	Specialty Bike Shop	Remote Bicycle Specialists	Quebec	Quebec	Canada 
534	Specialty Bike Shop	Recommended Bicycles	Mississauga	Ontario	Canada
574	Specialty Bike Shop	Area Sheet Metal Supply	London	England	United Kingdom
87	Warehouse	Rich Department Store	Lane Cove	New South Wales	Australia
148	Warehouse	Lots of Bikes Storehouse	Carol Stream	Illinois	United States
99	Warehouse	Unified Sports Company	Sarasota	Florida	United States
220	Specialty Bike Shop	Best o' Bikes	Saint Louis	Missorui	United States
108	Warehouse	Wheelsets Storehouse	Kittery	Maine	United States
441	Specialty Bike Shop	Leading Bike Distributors	Somerset	Kentucky	United Sttaes
538	Warehouse	Prosperous Tours	London	England	United Kingdom
174	Specialty Bike Shop	Toy Manufacturing Inc	Surrey	British Columbia	Canada
 170	Value Added Reseller	Excellent Riding Supplies	Memphis	Tennessee	United States 
202	Warehouse	Two-Seater Bikes	Plano	Texas	United States
102	Warehouse	National Manufacturing	Toronto	Otnario	Canada
576	Value Added Reseller	The Bike Mechanics	Mansfield	Ohio	United States
264	Value Added Reseller	Fasteners & Bolts Outlet	Toronto	Ontario	Canada
387	Warehouse	Racing Association	Huntsville	Alabama	United States
167	Value Added Reseller	Farthermost Bike Shop	Carson	California	United States
399	Warehouse	Big Cycle Mall	Killeen	Texas	United States
529	Warehouse	Big-Time Bike Store	Camarillo	California	United States
438	Specialty Bike Shop	Remarkable Bike Store	Las Vegas	Nevada	United States
541	Warehouse	Nonskid Tire Company	Great Falls	Montana	United States
261	Value Added Reseller	Functional Store North	Altamonte Springs	Florida	United States
143	Value Added Reseller	Modern Bike Store	East Haven	Connecticut	United States
672	Warehouse	Utilitarian Sporting Goods	Ogden	Utah	United States
42	Warehouse	Healthy Activity Store	Newport Beach	California	United States
91	Value Added Reseller	Scooters and Bikes Store	Beaverton	Oregon	United States
495	Specialty Bike Shop	Tough and Reliable Parts	Lakeland	Florida	United States
39	Warehouse	Fitness Hotel	Edina	Minnesota	United States
492	Specialty Bike Shop	Basic Sports Equipment	Baldwin Park	California	United States
124	Warehouse	Nearby Sporting Goods	W. York	England	United Kingdom
342	Warehouse	Leather and Vinyl Manufacturing	Indianapolis	Indiana	United States
""
186	Specialty Bike Shop	Thrilling Bike Tours	Santa Fe	New Mexico	United States
642	Value Added Reseller	Fitness Sport Boutique	Kittery	Maine	United States
206	Value Added Reseller	New and Used Bicycles	Winston-Salem	North Carolina	United States
8	Specialty Bike Shop	Exempalry Cycles	Miami	Florida	United States
675	Warehouse	Bike Goods	North Miami Beach	Florida	United States
307	Specialty Bike Shop	Riding Associates	Puyallup	Washington	United States
569	Warehouse	Dseignated Distributors	Nepean	Ontario	Canada
""
309	Value Added Reseller	The Gear Store	Houston	Texas	United States
170	Value Added Reseller	Excellent Riding Supplies	Memphis	Tennessee	United States
185	Value Added Reseller	Weekend Bike Tours	San Jose	California	United States
347	Specialty Bike Shop	Bike Universe	Vacaville	California	United States
551	Warehouse	Vinyl and Plastic Goods Corporation	Toronto	Ontario	Canada
320	Warehouse	Amalgamated Parts Shop	Frankfurt am Main	Hamburg	Germany
326	Warehouse	Year-Round Sports	Kent	Washington	United States
256	Specialty Bike Shop	Rental Bikes	Dallas	Texas	United States
176	Value Added Reseller	Rodeway Bike Store	Münster	Saarland	Germany
""
64	Value Added Reseller	Metal Cleraing House	Toronto	Ontario	Canada
427	Value Added Reseller	Atypical Biek Company	Paris	Seine (Paris)	France
150	pSecialty Bike Shop	Fleet Bikes	Stockton	California	United States
252	Value Added Reseller	Classic Cycle Store	Milford	Connecticut	Untied States
260	Warehouse	Industrial Supplies	Miami	Florida	United States
423	Warehouse	Bike Rims Company	Biloxi	Mississippi	United States
614	Warehouse	Favorite Toy Distributor	Paris	Seine (Paris)	France
51	Warehouse	Ideal Components	Cloverdale	South Australia	Australia
690	Warehouse	Active Cycling	Heath	Ohio	United States
363	Warehouse	Immense Manufacturing Company	Saint Ann	Missouri	United States
11	Specialty Bike Shop	Sharp Bikes	Toronto	Ontario	Canada
179	Value Added Reseller	Fourth Bike Store	Mentor	Ohio	United States
198	pSecialty Bike Shop	Field Trip Inc	Southfield	Michigan	United States
224	Warehouse	Pedal Systems Company	Florence	Alabama	United States
134	Value Added Reseller	Budget Bike Company	Millington	Tennessee	United States
220	Specialty Bike Shop	Best o' Bikes	Saint Louis	Missouri	United States
370	Value Added Reseller	Acceptable Sales & Service	Calgary	Alberta	Canada
""
420	Warehouse	Extreme Riding Supplies	Sherman Oaks	California	United States
377	Specialty Bike Shop	Grand Sport Boutique	Saginaw	Michigan	United States
181	Warehouse	Family Entertainment Center	Clackamas	Oregon	United States
422	Specialty Bike Shop	Consolidated Sales	Gaffney	South Carolina	United States
""
536	Value Added Reseller	Next Door Cycles	Berlin	Saarland	Germany
139	Warehouse	Steel Inc.	Colombes	Hauts de Seine	France
106	Value Added Reseller	West Side Mart	Wokingham	England	United Kingdom
360	Warehouse	Novelty Bikes	Saginaw	Michigan	United States
637	Specialty Bike Shop	Reliable Retail Center	Toronto	Ontario	Canada
491	Value Added Reseller	Area Bike Accessories	Modesto	California	United States
106	Value Added Reseller	West Side Mart	Wokingham	England	United Kingdom
320	Warehouse	Amalgamated Parts Shop	Frankfurt am Main	Hamburg	Germany
160	Warehouse	Vigorous Sports Store	Oxon	England	United Kingdom
396	Warehouse	Executive Gift Store	New Castle	Indiana	United States
357	Warehouse	Quality Bike Sales	Findon	South Australia	Australia
489	Specialty Bike Shop	Cash & Carry Bikes	Cedar Park	Texas	United States
""
678	Warehouse	Vigorous Exercise Company	Toronto	Ontario	Canada
287	Warehouse	Handy Bike Services	Madison Heights	Michigan	United States
578	Warehouse	The Bike Shop	Puyallup	Washington	United States
66	Warehouse	Neighborhood Store	Burnaby	British Columbia	Canada
118	Warehouse	Rapid Bikes	Toronto	Ontario	Canada
112	Warehouse	Town Industries	Dallas	Texas	United States
637	Specialty Bike Shop	Reliable Retail Center	Toronto	Ontario	Canada
691	Value Added Reseller	Mountain Bike Store	New Haven	Connecticut	United States
7	Value Added Reseller	Associated Bikes	Salt Lake City	Utah	United States
400	Value Added Reseller	Local Sales and Rental	Joliet	Illinois	United States
86	Specialty Bike Shop	Bicycle Exporters	Essen	Hamburg	Germany
""
562	Specialty Bike Shop	Practical Bike Supply Company	Woodbury	Minnesota	United States
449	Value Added Reseller	Bike Products and Accessories	Virginia Beach	Virginia	United States
497	Value Added Reseller	Valley Toy Store	Richmond	British Columbia	Canada
4	Value Added Reseller	Modular Cycle Systems	Austin	Texas	United States
607	Specialty Bike Shop	Maintenance and Repair for Bicycles	La Marque	Texas	United States
263	Warehouse	Farthest Bike Store	Burnaby	British Columbia	Canada
519	Specialty Bike Shop	List Price Catalog Company	Melbourne	Victoria	Australia
511	Warehouse	Wheel Gallery	San Mateo	California	United States
186	Specialty Bike Shop	hTrilling Bike Tours	Santa Fe	New Mexico	United States
49	Value Added Reseller	Neighborhood Bicycle Storehouse	Roncq	Nord	France
132	Specialty Bike Shop	Another Sporting Goods Company	Westminster	Colorado	United States
""
106	Value Added Reseller	West Side Mart	Wokingham	England	United Kingdom
658	Value Added Reseller	Mass Market Bikes	Alexandria	New South Wales	Australai
665	Specialty Bike Shop	Authentic Sales and Service	London	England	nUited Kingdom
220	Specialty Bike Shop	Best o' Bikes	Saint Louis	Missouri	United States
569	Warehouse	Designated Distributors	Nepean	Ontario	Canada
433	Value Added Reseller	Thorough Parts and Repair Services	Lacey	Washington	United States
156	Specialty Bike Shop	Metal Processing Company	Montreal	Quebec	Canada
190	Warehouse	Racing Partners	Calgary	Alberta	Canada
24	Warehouse	Eastside Department Store	Union City	California	United States
328	Value Added Reseller	Totes & Baskets Company	San Antonio	Texas	United States
488	Value Added Reseller	Bicycle Accessories and Kits	Lewiston	Idaho	United States
""
549	Value Added Reseller	Daring Rides	Clearwater	Florida	United States
494	Value Added Reseller	Worthwhile Activity Store	Miami	Florida	United States
""
45	Warehouse	Every Bike Shop	La Vergne	Tennessee	United States
684	Warehouse	Lease-a-Bike Shop	Milford	Connecticut	United States
